ticker,source,url,published_at,score,label,scorer
ATRL,mettis,https://mettisglobal.news/atrl-to-produce-euro-v-compliant-mogas-plans-three-new-projects,2021-09-30T13:28:41Z,0.2218,neutral,finbert
ATRL,mettis,https://mettisglobal.news/attock-refinery-swings-to-profit,2022-02-04T17:54:37Z,0.4404,positive,vader
ATRL,mettis,https://mettisglobal.news/atrl-turns-to-profit,2022-04-22T09:36:12Z,0.0356,neutral,finbert
ATRL,mettis,https://mettisglobal.news/atrl-projected-to-recover-from-losses-incurred-previously,2022-05-30T11:38:41Z,0.9185,positive,finbert
ATRL,mettis,https://mettisglobal.news/Attock-Refinery-reports-12x-increase-in-net-profits-during-FY22,2022-08-16T21:14:49Z,0.9350,positive,finbert
ATRL,mettis,https://mettisglobal.news/Attock-Refinery-warns-of-complete-shutdown-by-coming-weekend,2022-08-18T23:03:33Z,-0.9026,negative,finbert
ATRL,mettis,https://mettisglobal.news/atrl-posts-outstanding-profits-worth-rs7-5bn-eps-rs70-51-in-1qfy23,2022-10-25T14:48:35Z,0.5045,positive,finbert
ATRL,mettis,https://mettisglobal.news/attock-refinery-shutting-down-distillation-unit-for-eight-days,2022-12-13T12:55:06Z,-0.8941,negative,finbert
ATRL,mettis,https://mettisglobal.news/atrl-resumes-main-distillation-unit,2022-12-26T12:04:24Z,0.0490,neutral,finbert
ATRL,profit,https://profit.pakistantoday.com.pk/2023/05/04/stung-by-smuggling-attock-refinery-reducing-capacity-to-25-for-five-days,2023-05-04T16:15:05Z,-0.9434,negative,finbert
ATRL,mettis,https://mettisglobal.news/pacra-updates-entity-ratings-of-attock-refinery-limited,2023-05-30T13:43:19Z,0.0352,neutral,finbert
ATRL,mettis,https://mettisglobal.news/brownfield-refinery-policy-2023-enables-flexible-dividend-payouts-atrl,2023-10-09T12:29:26Z,0.1516,neutral,finbert
ATRL,profit,https://profit.pakistantoday.com.pk/2023/12/09/attock-refinery-warns-of-shutdown-due-to-low-product-lifting-by-omcs,2023-12-09T08:12:11Z,-0.9465,negative,finbert
ATRL,profit,https://profit.pakistantoday.com.pk/2023/12/12/attock-refinery-shuts-down-two-units-due-to-low-product-lifting-by-omcs-higher-stocks,2023-12-12T07:12:05Z,-0.9581,negative,finbert
ATRL,mettis,https://mettisglobal.news/attock-refinery-shuts-down-two-units-amid-fuel-stockpile,2023-12-12T09:50:18Z,-0.9392,negative,finbert
ATRL,mettis,https://mettisglobal.news/attock-refinery-resumes-normal-operations-amid-improved-fuel-stocks,2023-12-21T12:29:29Z,0.5813,positive,finbert
ATRL,mettis,https://mettisglobal.news/atrl-initiates-refinery-turnaround-anticipates-40-throughput-reduction,2024-01-26T15:09:31Z,0.9117,positive,finbert
ATRL,mettis,https://mettisglobal.news/attock-refinery-postpones-annual-turnaround-to-february-18,2024-02-12T10:05:43Z,-0.7970,negative,finbert
ATRL,mettis,https://mettisglobal.news/attock-refinery-resumes-operations,2024-03-21T11:19:23Z,0.0229,neutral,finbert
ATRL,mettis,https://mettisglobal.news/attock-refinery-shuts-crude-distillation-unit-amid-diesel-surplus,2024-04-22T15:24:26Z,-0.9210,negative,finbert
ATRL,mettis,https://mettisglobal.news/attock-refinery-q1-2024-profit-drops-by-half,2024-04-25T12:39:59Z,-0.9646,negative,finbert
ATRL,mettis,https://mettisglobal.news/atrl-resumes-main-unit-operations-amidst-uplift-in-hsd,2024-05-08T10:02:50Z,0.7908,positive,finbert
ATRL,profit,https://profit.pakistantoday.com.pk/2024/09/06/attock-refinery-to-shut-down-main-crude-distillation-unit-for-upgrades,2024-09-06T10:37:00Z,-0.8373,negative,finbert
ATRL,mettis,https://mettisglobal.news/attock-refinery-halts-main-unit-for-upgrade-amid-high-hsd-stockpile,2024-09-06T14:51:42Z,-0.9271,negative,finbert
ATRL,mettis,https://mettisglobal.news/attock-refinery-profit-plunges-71,2024-10-18T15:44:55Z,-0.9575,negative,finbert
ATRL,profit,https://profit.pakistantoday.com.pk/2024/11/10/attock-refinery-delays-upgrade-project-due-to-tax-dispute,2024-11-10T16:51:02Z,-0.9479,negative,finbert
ATRL,profit,https://profit.pakistantoday.com.pk/2024/11/11/attock-refinery-denies-sale-rumors-stock-drops-5-24,2024-11-11T12:25:54Z,-0.9214,negative,finbert
ATRL,mettis,https://mettisglobal.news/attock-refinery-denies-sale-claims-stock-down-over-5,2024-11-11T14:51:53Z,-0.9585,negative,finbert
ATRL,mettis,https://mettisglobal.news/attock-refinery-clarifies-unit-shutdown,2025-04-16T12:48:38Z,-0.3534,neutral,finbert
ATRL,profit,https://profit.pakistantoday.com.pk/2025/04/16/attock-refinery-confirms-temporary-shutdown-of-5000-bpd-unit,2025-04-16T17:23:26Z,-0.8868,negative,finbert
ATRL,profit,https://profit.pakistantoday.com.pk/2025/04/26/attock-refinery-seeks-approval-for-5000-bpd-crude-allocation-to-meet-military-fuel-demands,2025-04-26T08:55:50Z,0.9043,positive,finbert
ATRL,mettis,https://mettisglobal.news/pacra-maintains-entity-ratings-of-attock-refinery-ltd,2025-05-26T13:54:31Z,0.0441,neutral,finbert
ATRL,profit,https://profit.pakistantoday.com.pk/2025/05/27/attock-refinery-shuts-down-main-distillation-unit-over-crude-shortage,2025-05-27T06:51:27Z,-0.9117,negative,finbert
ATRL,mettis,https://mettisglobal.news/atrl-suspends-main-crude-processing-unit-until-june-1,2025-05-27T09:52:01Z,-0.8547,negative,finbert
ATRL,profit,https://profit.pakistantoday.com.pk/2025/06/11/attock-refinery-announces-reduction-in-throughput-due-to-low-crude-stock-levels,2025-06-11T06:54:57Z,-0.9608,negative,finbert
ATRL,profit,https://profit.pakistantoday.com.pk/2025/06/18/attock-refinery-signs-agreement-with-italian-firm-stp-for-600-million-upgradation-project,2025-06-18T17:56:13Z,0.9269,positive,finbert
ATRL,mettis,https://mettisglobal.news/ATRL-to-reach-Rs1136share-by-Jun-2026-53783,2025-07-15T12:17:46Z,0.1875,neutral,finbert
ATRL,profit,https://profit.pakistantoday.com.pk/2025/07/21/attock-refinery-cash-rich-policy-ready-and-poised-for-a-once-in-a-generation-upgrade,2025-07-21T03:43:44Z,0.7784,positive,finbert
ATRL,profit,https://profit.pakistantoday.com.pk/2025/08/11/attock-refinery-posts-64-28-decline-in-fy25-profit-declares-rs10-dividend,2025-08-11T11:19:02Z,-0.9632,negative,finbert
ATRL,mettis,https://mettisglobal.news/Attock-Refinery-profit-falls-sharply-in-FY25-54407,2025-08-11T12:55:27Z,-0.9624,negative,finbert
ATRL,mettis,https://mettisglobal.news/ATRL-sees-profit-cut-by-more-than-half-in-Q1FY26-56246,2025-10-28T13:05:27Z,-0.9486,negative,finbert
ATRL,mettis,https://mettisglobal.news/Attock-Refinery-weighs-exit-from-hospital-business-57442,2025-12-23T15:23:19Z,-0.4231,negative,finbert
ATRL,profit,https://profit.pakistantoday.com.pk/2026/01/02/attock-refinery-temporarily-shuts-down-crude-distillation-unit-for-maintenance,2026-01-02T15:01:43Z,-0.9083,negative,finbert
ATRL,mettis,https://mettisglobal.news/ATRL-schedules-short-maintenance-shutdown-57617,2026-01-02T17:02:36Z,-0.5834,negative,finbert
ATRL,mettis,https://mettisglobal.news/Attock-Refinery-eyes-recovery-on-improving-outlook-57666,2026-01-06T17:16:00Z,0.9083,positive,finbert
ATRL,profit,https://profit.pakistantoday.com.pk/2026/02/06/attock-refinery-shuts-down-crude-distillation-unit-to-manage-high-pmg-inventory,2026-02-06T05:41:04Z,-0.9326,negative,finbert
ATRL,mettis,https://mettisglobal.news/Attock-Refinery-halts-heavy-crude-unit-58234,2026-02-06T09:25:30Z,-0.6717,negative,finbert
ATRL,mettis,https://mettisglobal.news/PSX-adds-OGDC-Attock-Refinery-in-JS-Momentum-Index-58269,2026-02-09T09:03:43Z,0.0290,neutral,finbert
ATRL,mettis,https://mettisglobal.news/ATRL-posts-Rs64bn-H1-profit-58637,2026-02-24T10:01:53Z,0.0288,neutral,finbert
ATRL,profit,https://profit.pakistantoday.com.pk/2026/04/22/attock-refinery-shuts-main-distillation-unit-amid-road-closures-disrupting-crude-supply,2026-04-22T05:01:34Z,-0.9352,negative,finbert
ATRL,mettis,https://mettisglobal.news/Attock-Refinery-shuts-key-unit-59894,2026-04-22T09:43:32Z,-0.8760,negative,finbert
ATRL,profit,https://profit.pakistantoday.com.pk/2026/04/23/attock-refinery-says-crude-receipts-dispatches-normalise-after-authorities-intervention,2026-04-23T06:51:17Z,0.7437,positive,finbert
ATRL,mettis,https://mettisglobal.news/ATRL-reports-normalization-of-crude-oil-receipts-product-dispatches-59924,2026-04-23T11:39:55Z,-0.0272,neutral,finbert
ATRL,mettis,https://mettisglobal.news/Attock-Refinery-doubles-profit-to-Rs16bn-in-9MFY26-60148,2026-04-29T16:35:00Z,0.8660,positive,finbert
ATRL,mettis,https://mettisglobal.news/ATRL-restarts-key-refining-unit-60203,2026-05-04T15:12:09Z,0.1575,neutral,finbert
ATRL,profit,https://profit.pakistantoday.com.pk/2026/05/04/attock-refinery-restarts-main-crude-processing-unit-after-logistics-disruptions-ease,2026-05-04T17:06:59Z,-0.9393,negative,finbert
ATRL,mettis,https://mettisglobal.news/ATRL-receives-offer-for-70-stake-sale-in-Attock-Hospital-61179,2026-06-17T09:28:05Z,0.3806,neutral,finbert
ATRL,mettis,https://mettisglobal.news/ATRL-divests-70-stake-in-hospital-subsidiary-61285,2026-06-19T15:53:48Z,-0.0601,neutral,finbert
ATRL,profit,https://profit.pakistantoday.com.pk/2026/06/22/attock-refinery-to-sell-its-hospital-subsidiary-to-its-own-chairman,2026-06-22T02:57:54Z,0.0185,neutral,finbert
ATRL,mettis,https://mettisglobal.news/Attock-Refinery-pumps-out-Rs15-dividend-62977,2026-08-27T10:17:11Z,0.0636,neutral,finbert
ATRL,mettis,https://mettisglobal.news/ATRL-eyes-profit-expansion-as-capacity-utilization-product-yields-recover-63605,2026-09-21T16:55:00Z,0.1615,neutral,finbert
ATRL,profit,https://profit.pakistantoday.com.pk/2026/09/28/attock-refinery-plans-new-50000-bpd-deep-conversion-refinery-alongside-dollar600-million-upgrade,2026-09-28T10:45:43Z,0.0000,neutral,vader
DGKC,mettis,https://mettisglobal.news/dgkc-swings-to-profit-in-1qfy22,2021-10-25T17:31:33Z,-0.8450,negative,finbert
DGKC,mettis,https://mettisglobal.news/unstable-coal-prices-to-squeeze-cement-margins-cfo-dgkc,2022-01-21T14:52:14Z,-0.9316,negative,finbert
DGKC,mettis,https://mettisglobal.news/dgkc-on-a-roll,2022-02-18T17:49:22Z,0.0649,neutral,finbert
DGKC,mettis,https://mettisglobal.news/dgkc-earns-45-higher-profits-amid-strong-revenue-growth,2022-04-25T14:12:58Z,0.9397,positive,finbert
DGKC,mettis,https://mettisglobal.news/dgkc-in-process-to-export-cement-to-us,2022-06-14T23:00:41Z,0.1827,neutral,finbert
DGKC,mettis,https://mettisglobal.news/dgkc-succeeds-to-enter-usa-cement-market-50000-tons-ready-to-ship,2022-06-20T23:20:02Z,0.7979,positive,finbert
DGKC,mettis,https://mettisglobal.news/dgkc-establishes-lc-for-6-952mw-solar-power-plant,2022-06-21T11:59:57Z,0.1675,neutral,finbert
DGKC,mettis,https://mettisglobal.news/DGKC-to-invest-further-Rs900-million-Hyundai-Nishat-Motors,2022-09-14T10:24:47Z,0.4577,neutral,finbert
DGKC,profit,https://profit.pakistantoday.com.pk/2022/09/14/dg-khan-cement-to-invest-rs900m-in-hyundai,2022-09-14T10:26:19Z,0.0763,neutral,finbert
DGKC,mettis,https://mettisglobal.news/DGKC-reports-17-decline-in-net-profits-to-Rs34bn-for-FY22,2022-09-14T11:19:26Z,-0.9668,negative,finbert
DGKC,mettis,https://mettisglobal.news/dgkc-reports-59-yoy-decline-in-profit-during-1qfy23,2022-10-25T16:43:03Z,-0.9659,negative,finbert
DGKC,mettis,https://mettisglobal.news/dgkc-on-a-roll-shipped-second-cement-consignment-to-usa,2023-01-19T10:55:51Z,0.0023,neutral,finbert
DGKC,mettis,https://mettisglobal.news/dgkc-completes-construction-of-6-95-mw-on-grid-solar-power-plant-in-chakwal,2023-03-27T13:28:09Z,0.8191,positive,finbert
DGKC,mettis,https://mettisglobal.news/dgkc-sees-38-yoy-in-profit-during-9mfy23,2023-04-19T13:30:42Z,0.8647,positive,finbert
DGKC,mettis,https://mettisglobal.news/dgkc-hit-by-double-whammy-of-higher-taxation-finance-cost-in-fy23,2023-08-31T15:35:50Z,-0.9371,negative,finbert
DGKC,mettis,https://mettisglobal.news/meezan-pakistan-index-undergoes-re-composition-efert-joins-dgkc-exits,2024-01-08T10:45:05Z,0.0120,neutral,finbert
DGKC,mettis,https://mettisglobal.news/DGKC-boosts-solar-capacity-to-99-MW-at-Khairpur-site,2024-02-26T14:57:18Z,0.9310,positive,finbert
DGKC,mettis,https://mettisglobal.news/dgkc-delivers-rs1-05bn-profit-in-1hfy24,2024-02-26T15:27:07Z,0.7519,positive,finbert
DGKC,mettis,https://mettisglobal.news/pacra-maintains-entity-ratings-of-dgkc-at-aa,2024-03-04T15:08:30Z,0.3033,neutral,finbert
DGKC,mettis,https://mettisglobal.news/dgkc-3qfy24-profit-remains-steady-despite-sales-drop,2024-04-19T15:12:06Z,0.7977,positive,finbert
DGKC,mettis,https://mettisglobal.news/re-composition-hcar-airlink-ffbl-dgkc-avn-fabl-added-to-jsmfi,2024-05-08T10:39:00Z,0.0259,neutral,finbert
DGKC,mettis,https://mettisglobal.news/re-composition-dgkc-searl-airlink-added-to-meezan-pakistan-index,2024-07-03T10:33:03Z,0.0428,neutral,finbert
DGKC,profit,https://profit.pakistantoday.com.pk/2024/07/19/dg-khan-cement-to-establish-wholly-owned-subsidiary-in-the-usa,2024-07-19T13:54:11Z,0.0918,neutral,finbert
DGKC,mettis,https://mettisglobal.news/dgkc-plans-to-establish-subsidiary-in-houston,2024-07-19T15:47:27Z,0.0750,neutral,finbert
DGKC,mettis,https://mettisglobal.news/d-g-khan-cement-earnings-miss-estimates,2024-09-16T15:09:56Z,-0.8949,negative,finbert
DGKC,mettis,https://mettisglobal.news/dgkc-quarterly-earnings-beat-expectations,2024-10-17T15:21:21Z,0.9230,positive,finbert
DGKC,mettis,https://mettisglobal.news/dgkc-posts-211-profit-surge-to-rs3-8bn-in-1hfy25,2025-02-19T16:15:52Z,0.9126,positive,finbert
DGKC,mettis,https://mettisglobal.news/dgkc-profit-more-than-doubles-year-on-year,2025-04-29T09:24:32Z,0.8382,positive,finbert
DGKC,mettis,https://mettisglobal.news/Recomposition-LUCK-DGKC-MLCF-SNGP-GAL-added-to-Meezan-Pakistan-Index-53124,2025-06-17T14:08:40Z,0.0518,neutral,finbert
DGKC,profit,https://profit.pakistantoday.com.pk/2025/08/28/d-g-khan-cement-profit-soars-to-rs-9-76-billion-marking-11x-growth-yoy,2025-08-28T13:20:35Z,0.9276,positive,finbert
DGKC,mettis,https://mettisglobal.news/DGKC-transforms-into-profit-powerhouse-54838,2025-08-28T16:07:59Z,0.0377,neutral,finbert
DGKC,mettis,https://mettisglobal.news/DG-Khan-Cement-profit-skyrockets-158-in-1QFY26-56306,2025-10-29T15:51:41Z,0.0550,positive,finbert
DGKC,profit,https://profit.pakistantoday.com.pk/2025/12/31/dg-khan-cement-to-set-up-pakistans-largest-single-clinker-line-with-11000-tonnes-per-day-capacity,2025-12-31T08:00:21Z,0.6650,positive,finbert
DGKC,mettis,https://mettisglobal.news/DGKC-Sets-LC-for-11000-TPD-clinker-line-57560,2025-12-31T12:55:05Z,0.0347,neutral,finbert
DGKC,mettis,https://mettisglobal.news/DG-Khan-Cement-profit-surges-66-in-1HFY26-58622,2026-02-23T14:21:44Z,0.9022,positive,finbert
DGKC,mettis,https://mettisglobal.news/DG-Khan-Cement-AA-ratings-stable-58799,2026-03-03T12:46:47Z,0.1271,neutral,finbert
DGKC,mettis,https://mettisglobal.news/DGKC-9MFY26-profit-surges-48-60139,2026-04-29T16:13:00Z,0.8726,positive,finbert
DGKC,mettis,https://mettisglobal.news/DGKC-FY26-profit-jumps-25-62995,2026-08-27T16:08:21Z,0.8846,positive,finbert
DGKC,mettis,https://mettisglobal.news/DGKC-signs-deal-for-25MW-solar-plant-10MWh-battery-storage-63669,2026-09-23T15:57:34Z,0.7636,positive,finbert
DGKC,profit,https://profit.pakistantoday.com.pk/2026/09/24/nishat-mills-dg-khan-cement-sign-solar-battery-storage-deals,2026-09-24T05:20:41Z,0.4029,neutral,finbert
DGKC,mettis,https://mettisglobal.news/DGKC-bets-on-domestic-cement-demand-recovery-in-FY27-63961,2026-10-05T12:45:49Z,0.9331,positive,finbert
EFERT,mettis,https://mettisglobal.news/efert-lower-finance-cost-higher-other-income-lift-profitability,2021-10-13T17:05:53Z,0.9349,positive,finbert
EFERT,mettis,https://mettisglobal.news/efert-likely-to-avail-extension-of-concessionary-gas-flow,2021-10-15T12:39:54Z,0.8212,positive,finbert
EFERT,mettis,https://mettisglobal.news/urea-prices-do-not-have-any-impact-on-food-inflation-says-efert-cfo,2021-11-03T15:47:17Z,-0.0154,neutral,finbert
EFERT,profit,https://profit.pakistantoday.com.pk/2021/11/12/engro-fertilisers-partners-with-punjab-govt-for-grow-more-wheat-campaign,2021-11-11T19:07:13Z,0.7611,positive,finbert
EFERT,profit,https://profit.pakistantoday.com.pk/2021/12/02/engro-fertilisers-inaugurates-first-engro-learning-centre-to-strengthen-academia-industry-linkage-boost-agricultural-productivity,2021-12-02T10:09:13Z,0.8980,positive,finbert
EFERT,mettis,https://mettisglobal.news/urea-sale-increases-11-in-2021-ceo-efert,2022-01-05T16:30:50Z,0.1111,neutral,finbert
EFERT,mettis,https://mettisglobal.news/efert-profitability-moves-up-by-16-3-yoy-in-cy21,2022-02-10T14:41:46Z,0.9356,positive,finbert
EFERT,mettis,https://mettisglobal.news/efert-to-continue-maximum-payout-to-shareholders,2022-02-11T11:06:08Z,0.4022,neutral,finbert
EFERT,profit,https://profit.pakistantoday.com.pk/2022/02/22/engro-fertilizer-highlights-pakistans-role-in-promoting-regional-food-security-at-dubai-expo,2022-02-22T12:20:02Z,0.8346,positive,finbert
EFERT,mettis,https://mettisglobal.news/efert-profitability-clocks-in-at-rs5-51bn-down-by-4-yoy-in-1qcy22,2022-04-19T15:07:42Z,-0.9684,negative,finbert
EFERT,mettis,https://mettisglobal.news/efert-increases-urea-prices-by-rs100-bag,2022-04-21T09:43:25Z,0.8924,positive,finbert
EFERT,mettis,https://mettisglobal.news/engro-fertilizers-releases-first-ever-sustainability-report,2022-07-01T12:39:00Z,0.1532,neutral,finbert
EFERT,mettis,https://mettisglobal.news/efert-increases-fertilizer-prices-by-rs350,2022-07-01T12:57:49Z,0.8514,positive,finbert
EFERT,profit,https://profit.pakistantoday.com.pk/2022/07/02/engro-fertilizers-releases-first-ever-sustainability-report,2022-07-02T09:47:13Z,0.1437,neutral,finbert
EFERT,mettis,https://mettisglobal.news/efert-resolves-unscheduled-breakdown-faced-by-enven-plant,2022-07-28T10:39:21Z,-0.7965,negative,finbert
EFERT,mettis,https://mettisglobal.news/efert-on-monday-reported-a-loss-of-approximately-0-4-of-the-annual-production-due-to-a-technical-issue-in-the-enven-plant,2022-11-14T15:33:35Z,-0.9631,negative,finbert
EFERT,mettis,https://mettisglobal.news/engro-fertilizers-limited-psx-efert-has-temporarily-shut-down-the-fertilizer-plant-at-port-qasim-from-november-24-2022-to-january-18-2023,2022-11-23T15:24:41Z,-0.8565,negative,finbert
EFERT,mettis,https://mettisglobal.news/the-enven-plant-of-engro-fertilizers-limited-efert-tripped-today-and-has-temporarily-been-shut-down,2022-11-23T15:43:56Z,-0.7381,negative,finbert
EFERT,mettis,https://mettisglobal.news/efert-resumed-commercial-operations-of-the-base-plant-plant-1-on-27th-nov-after-the-successful-completion-of-the-maintenance-activity,2022-11-28T11:16:01Z,0.0092,neutral,finbert
EFERT,mettis,https://mettisglobal.news/enven-plant-at-engro-fertilizer-limited-psx-efert-is-expected-to-resume-its-operations-from-december-06-2022,2022-11-29T15:21:02Z,0.0537,neutral,finbert
EFERT,mettis,https://mettisglobal.news/enven-plant-resumes-commercial-operation-efert,2022-12-07T09:59:46Z,0.0559,neutral,finbert
EFERT,mettis,https://mettisglobal.news/ffc-efert-fatima-sign-an-agreement-with-mpcl,2022-12-09T09:55:31Z,0.8668,positive,finbert
EFERT,profit,https://profit.pakistantoday.com.pk/2022/12/15/engro-fertilizers-organizes-grow-more-wheat-campaign-with-punjab-government-to-boost-wheat-productivity,2022-12-15T09:38:36Z,0.8381,positive,finbert
EFERT,mettis,https://mettisglobal.news/efert-can-produce-urea-up-to-950000-tons-per-annum,2022-12-29T09:20:44Z,0.1437,neutral,finbert
EFERT,profit,https://profit.pakistantoday.com.pk/2022/12/29/engro-fertilizers-increases-base-plant-urea-capacity-to-950000-tons,2022-12-29T17:48:07Z,0.9335,positive,finbert
EFERT,mettis,https://mettisglobal.news/efert-earnings-plummet-by-24-13-yoy-in-cy22,2023-02-09T15:15:40Z,-0.9660,negative,finbert
EFERT,mettis,https://mettisglobal.news/efert-to-resume-fertilizer-plant-from-march-1,2023-02-28T15:22:03Z,0.0918,neutral,finbert
EFERT,mettis,https://mettisglobal.news/efert-resumes-commercial-operations-of-base-plant,2023-03-13T09:39:56Z,0.0493,neutral,finbert
EFERT,mettis,https://mettisglobal.news/efert-profit-drops-by-20-yoy-in-1qcy23,2023-04-17T10:58:53Z,-0.9671,negative,finbert
EFERT,mettis,https://mettisglobal.news/engro-fertilizer-shuts-down-plant-at-port-qasim,2023-06-02T15:50:36Z,-0.9379,negative,finbert
EFERT,mettis,https://mettisglobal.news/engro-fertilizers-posts-rs5-46bn-profit-in-1hcy23-announces-30-dividend,2023-07-27T09:56:00Z,0.5965,positive,finbert
EFERT,mettis,https://mettisglobal.news/pacra-maintains-entity-ratings-of-engro-fertilizers,2023-07-27T13:31:21Z,0.0711,neutral,finbert
EFERT,mettis,https://mettisglobal.news/efert-announces-rs6-dps-as-profit-soars-by-57-yoy-in-9mcy23,2023-10-12T15:10:35Z,0.8810,positive,finbert
EFERT,mettis,https://mettisglobal.news/meezan-pakistan-index-undergoes-re-composition-efert-joins-dgkc-exits,2024-01-08T10:45:05Z,0.0120,neutral,finbert
EFERT,mettis,https://mettisglobal.news/re-composition-ogdc-sazew-efert-psmc-engro-hcar-indu-bipl-added-to-jsmfi,2024-02-09T11:07:20Z,0.0521,neutral,finbert
EFERT,mettis,https://mettisglobal.news/engro-fertilizers-posts-rs26-2bn-profit-in-2023-declares-additional-rs8-dividend,2024-02-16T09:21:31Z,0.1575,neutral,finbert
EFERT,profit,https://profit.pakistantoday.com.pk/2024/02/20/engro-fertilizers-welcomes-gas-tariff-revision-as-a-step-in-the-right-direction,2024-02-20T07:26:04Z,0.9006,positive,finbert
EFERT,mettis,https://mettisglobal.news/engro-fertilizers-urges-govt-to-remove-all-subsidies-from-fertilizer-sector,2024-02-20T16:00:38Z,-0.2025,neutral,finbert
EFERT,mettis,https://mettisglobal.news/engro-fertilizers-achieves-record-urea-production-in-2023-to-ensure-food-security-for-pakistan,2024-02-20T16:06:07Z,0.9101,positive,finbert
EFERT,mettis,https://mettisglobal.news/engro-fertilizers-raises-urea-price-by-rs740-amid-gas-hike,2024-03-01T11:20:32Z,0.8577,positive,finbert
EFERT,profit,https://profit.pakistantoday.com.pk/2024/03/15/engro-fertilizers-engages-dealers-for-urea-price-enforcement,2024-03-15T09:19:56Z,0.0425,neutral,finbert
EFERT,mettis,https://mettisglobal.news/engro-fertilizers-engages-dealers-for-urea-price-enforcement,2024-03-15T14:30:50Z,0.0425,neutral,finbert
EFERT,mettis,https://mettisglobal.news/engro-fertilizers-enven-plant-maintenance-scheduled-from-april-21-to-june-14-2024,2024-03-22T12:09:11Z,-0.0058,neutral,finbert
EFERT,profit,https://profit.pakistantoday.com.pk/2024/03/28/engro-fertilizers-extends-rs5bn-loan-to-epcl-for-one-year,2024-03-28T06:41:00Z,0.8567,positive,finbert
EFERT,profit,https://profit.pakistantoday.com.pk/2024/04/17/ali-rathore-appointed-as-ceo-of-engro-fertilizers,2024-04-17T09:13:53Z,0.0156,neutral,finbert
EFERT,mettis,https://mettisglobal.news/engro-fertilizers-profits-soar-by-59-in-1q2024,2024-04-18T15:44:35Z,0.8839,positive,finbert
EFERT,profit,https://profit.pakistantoday.com.pk/2024/05/23/engro-fertilizers-recognized-internationally-with-ifa-green-leaf-award-2024-for-safety-and-sustainability,2024-05-23T11:43:20Z,0.8906,positive,finbert
EFERT,profit,https://profit.pakistantoday.com.pk/2024/06/05/ubl-extends-pkr-20-billion-finance-facility-to-engro-fertilizers-limited,2024-06-05T14:25:48Z,0.8936,positive,finbert
EFERT,mettis,https://mettisglobal.news/ubl-announces-record-breaking-rs20bn-financing-to-engro-fertilizers,2024-06-06T11:41:21Z,0.9008,positive,finbert
EFERT,mettis,https://mettisglobal.news/engro-fertilizers-completes-maintenance-resumes-enven-plant-operations,2024-06-20T09:45:41Z,0.0102,neutral,finbert
EFERT,profit,https://profit.pakistantoday.com.pk/2024/06/21/engro-fertilizers-completes-largest-ever-enven-plant-turnaround-with-investment-of-around-50-million,2024-06-21T11:46:07Z,0.9214,positive,finbert
EFERT,mettis,https://mettisglobal.news/engro-fertilizers-earns-rs6-1bn-profit-in-three-months,2024-07-31T09:56:33Z,0.5135,positive,finbert
EFERT,profit,https://profit.pakistantoday.com.pk/2024/08/06/engro-fertilizers-shuts-down-its-base-plant-for-unscheduled-maintenance,2024-08-06T07:44:02Z,-0.9556,negative,finbert
EFERT,mettis,https://mettisglobal.news/engro-fertilizers-temporarily-shuts-base-plant-for-urgent-repairs,2024-08-06T10:00:29Z,-0.9290,negative,finbert
EFERT,profit,https://profit.pakistantoday.com.pk/2024/08/12/engro-fertilizers-base-plant-resumes-operations-after-maintenance,2024-08-12T06:28:30Z,-0.0636,neutral,finbert
EFERT,mettis,https://mettisglobal.news/efert-resumes-base-plant-after-scheduled-maintenance,2024-08-12T09:43:54Z,-0.0428,neutral,finbert
EFERT,profit,https://profit.pakistantoday.com.pk/2024/09/27/engro-fertilizers-strengthens-dealer-and-farmer-partnerships-for-agricultural-progress,2024-09-27T16:13:14Z,0.9120,positive,finbert
EFERT,mettis,https://mettisglobal.news/engro-fertilizers-showcases-mobile-lab-at-depalpur-meeting-for-farmers,2024-09-27T16:44:00Z,0.0423,neutral,finbert
EFERT,profit,https://profit.pakistantoday.com.pk/2024/10/08/engro-fertilizers-launches-ugai-app-to-benefit-farmers-with-direct-purchasing-advanced-technologies,2024-10-08T13:40:02Z,0.7819,positive,finbert
EFERT,mettis,https://mettisglobal.news/efert-launches-ugai-app-to-benefit-farmers-with-direct-purchasing,2024-10-08T15:33:34Z,0.3578,neutral,finbert
EFERT,mettis,https://mettisglobal.news/engro-fertilizers-earnings-top-expectations,2024-10-14T15:33:30Z,0.7363,positive,finbert
EFERT,profit,https://profit.pakistantoday.com.pk/2024/10/14/engro-fertilizers-reports-strong-3q2024-earnings-despite-yearly-decline,2024-10-14T16:08:44Z,0.9191,positive,finbert
EFERT,mettis,https://mettisglobal.news/engro-fertilizers-urea-sales-plunge-43,2024-11-02T16:27:38Z,-0.9147,negative,finbert
EFERT,profit,https://profit.pakistantoday.com.pk/2024/12/24/engro-fertilizers-resumes-operations-at-enven-plant,2024-12-24T07:33:06Z,-0.0489,neutral,finbert
EFERT,mettis,https://mettisglobal.news/engro-fertilizers-opens-markaz-centre-in-muridke,2025-01-26T15:59:18Z,0.2145,neutral,finbert
EFERT,profit,https://profit.pakistantoday.com.pk/2025/01/27/engro-fertilizers-establishes-markaz-centre-in-muridke-to-provide-quality-fertilizers-to-farmers,2025-01-27T08:34:26Z,0.5202,positive,finbert
EFERT,mettis,https://mettisglobal.news/engro-fertilizers-reports-rs28-26bn-profit-for-2024-up-8-yoy,2025-02-10T10:01:27Z,0.9311,positive,finbert
EFERT,profit,https://profit.pakistantoday.com.pk/2025/02/10/engro-fertilizers-reports-rs28-3-billion-profit-in-2024,2025-02-10T15:48:37Z,0.0478,neutral,finbert
EFERT,profit,https://profit.pakistantoday.com.pk/2025/04/22/engro-fertilizers-q1-profit-plunges-63-amid-revenue-decline,2025-04-22T08:54:09Z,-0.9651,negative,finbert
EFERT,profit,https://profit.pakistantoday.com.pk/2025/06/05/engro-fertilizers-shuts-down-enven-plant-for-unscheduled-maintenance,2025-06-05T08:22:27Z,-0.9385,negative,finbert
EFERT,mettis,https://mettisglobal.news/EFERT-halts-EnVen-plant-for-unscheduled-maintenance-52877,2025-06-05T11:44:07Z,-0.7160,negative,finbert
EFERT,profit,https://profit.pakistantoday.com.pk/2025/06/10/engro-fertilizers-resumes-operations-at-enven-plant-after-maintenance,2025-06-10T04:06:21Z,-0.0441,neutral,finbert
EFERT,mettis,https://mettisglobal.news/Engro-Fertilizers-Resumes-Operations-at-EnVen-Plant-52911,2025-06-10T10:13:04Z,-0.0489,neutral,finbert
EFERT,mettis,https://mettisglobal.news/Fertilizer-profits-set-to-bloom-17-YoY-EFERT-FFC-likely-to-announce-Rs4-Rs115-dividends-53683,2025-07-09T12:21:18Z,0.0917,neutral,finbert
EFERT,mettis,https://mettisglobal.news/EFERT-maintains-AA-rating-with-stable-outlook-54062,2025-07-28T14:30:54Z,0.3977,neutral,finbert
EFERT,mettis,https://mettisglobal.news/EFERT-lifts-halfyear-dividend-to-Rs65-per-share-despite-profit-dip-54109,2025-07-30T09:51:07Z,0.7073,positive,finbert
EFERT,mettis,https://mettisglobal.news/EFERT-on-track-to-finish-Phase-1-of-gas-facility-by-endAugust-54245,2025-08-05T10:26:37Z,0.6968,positive,finbert
EFERT,profit,https://profit.pakistantoday.com.pk/2025/09/15/engro-fertilizers-announces-base-plant-maintenance,2025-09-15T04:03:18Z,0.0006,neutral,finbert
EFERT,mettis,https://mettisglobal.news/Engro-Fertilizers-to-undergo-planned-maintenance-of-base-plant-55208,2025-09-15T09:58:59Z,0.1099,neutral,finbert
EFERT,mettis,https://mettisglobal.news/Engro-Fertilizers-resumes-operations-at-Base-Plant-after-maintenance-55685,2025-10-03T10:56:30Z,-0.0585,neutral,finbert
EFERT,mettis,https://mettisglobal.news/Engro-Fertilizers-9MFY25-profit-drops-21-55936,2025-10-15T10:26:43Z,-0.9609,negative,finbert
EFERT,mettis,https://mettisglobal.news/EFERT-targets-end2025-for-Phase-1-of-gas-pressure-project-56071,2025-10-21T10:21:38Z,0.0768,neutral,finbert
EFERT,profit,https://profit.pakistantoday.com.pk/2025/12/23/ifc-signs-rs-33-6bn-guarantee-to-boost-engro-fertilizers-and-pakistans-agri-finance-landscape,2025-12-23T13:18:05Z,0.9184,positive,finbert
EFERT,profit,https://profit.pakistantoday.com.pk/2026/01/08/engro-fertilizers-secures-enhanced-gas-allocation-for-base-plant,2026-01-08T15:18:12Z,0.9017,positive,finbert
EFERT,mettis,https://mettisglobal.news/EFERT-secures-increased-gas-allocation-from-Habib-Rahi-Limestone-reservoir-57705,2026-01-08T15:46:13Z,0.9396,positive,finbert
EFERT,mettis,https://mettisglobal.news/Engro-Fertilizers-posts-Rs226bn-PAT-in-FY25-58361,2026-02-12T10:39:40Z,0.0892,neutral,finbert
EFERT,profit,https://profit.pakistantoday.com.pk/2026/02/16/engro-fertilizers-hit-by-double-whammy-of-low-prices-and-high-taxes,2026-02-16T02:30:58Z,-0.9093,negative,finbert
EFERT,profit,https://profit.pakistantoday.com.pk/2026/03/02/engro-fertilizers-ceo-ali-rathore-resigns,2026-03-02T06:00:58Z,-0.6719,negative,finbert
EFERT,mettis,https://mettisglobal.news/EFERT-CEO-Ali-Rathore-resigns-58773,2026-03-02T11:24:26Z,-0.6447,negative,finbert
EFERT,mettis,https://mettisglobal.news/EFERT-Q1CY26-profit-climbs-14-59853,2026-04-20T15:35:25Z,0.8940,positive,finbert
EFERT,profit,https://profit.pakistantoday.com.pk/2026/05/06/engro-fertilizers-appoints-imran-ahmed-as-ceo-effective-may-11,2026-05-06T16:29:02Z,-0.0401,neutral,finbert
EFERT,profit,https://profit.pakistantoday.com.pk/2026/05/30/ubl-arranges-pakistans-largest-short-term-rated-unsecured-sukuk-of-pkr-25-billion-for-engro-fertilizers,2026-05-29T19:16:41Z,0.0980,neutral,finbert
EFERT,mettis,https://mettisglobal.news/Engro-Fertilizers-shuts-down-Base-Plant-for-unscheduled-maintenance-61572,2026-07-03T16:39:43Z,-0.9419,negative,finbert
EFERT,profit,https://profit.pakistantoday.com.pk/2026/07/04/engro-fertilizers-shuts-base-plant-for-four-day-unscheduled-maintenance,2026-07-04T04:10:00Z,-0.9285,negative,finbert
EFERT,profit,https://profit.pakistantoday.com.pk/2026/07/10/engro-fertilizers-restarts-base-plant-after-completing-maintenance,2026-07-10T07:20:00Z,-0.3941,neutral,finbert
EFERT,mettis,https://mettisglobal.news/Engro-Fertilizers-resumes-Base-Plant-operations-61752,2026-07-10T11:08:53Z,-0.1366,neutral,finbert
EFERT,mettis,https://mettisglobal.news/PACRA-reaffirms-Engro-Fertilizers-AA-rating-with-stable-outlook-62158,2026-07-27T12:34:21Z,0.8140,positive,finbert
EFERT,mettis,https://mettisglobal.news/Engro-Fertilizers-profit-falls-16-declares-Rs175-dividend-62255,2026-07-30T09:55:47Z,-0.9576,negative,finbert
EFERT,mettis,https://mettisglobal.news/EFERT-sees-urea-share-rebound-ahead-62428,2026-08-06T09:41:38Z,0.9149,positive,finbert
EFERT,mettis,https://mettisglobal.news/EFERT-schedules-EnVen-plant-maintenance-from-Sept-8-63259,2026-09-07T15:01:19Z,-0.0154,neutral,finbert
EFERT,profit,https://profit.pakistantoday.com.pk/2026/09/21/engro-fertilizers-enven-plant-resumes-operations-after-maintenance,2026-09-21T09:19:27Z,0.0099,neutral,finbert
EFERT,mettis,https://mettisglobal.news/Engro-Fertilizers-resumes-EnVen-Plant-operations-after-maintenance-63595,2026-09-21T14:18:41Z,-0.0020,neutral,finbert
FFC,mettis,https://mettisglobal.news/ffbl-completes-sale-and-transfer-of-its-entire-shareholding-in-fwel-i-and-fwel-ii-to-ffc,2021-09-30T10:22:21Z,0.0452,neutral,finbert
FFC,mettis,https://mettisglobal.news/ffc-collaborates-on-dubai-expo-2020,2021-10-04T14:44:41Z,0.2376,neutral,finbert
FFC,mettis,https://mettisglobal.news/ffc-awarded-largest-tax-payer-for-manufacturing-sector,2021-10-15T17:18:23Z,0.8623,positive,finbert
FFC,mettis,https://mettisglobal.news/bargain-purchase-a-key-to-ffc-profitability,2021-10-27T15:17:04Z,0.1706,neutral,finbert
FFC,mettis,https://mettisglobal.news/ffc-announces-third-quarterly-results-for-year-2021,2021-10-27T17:33:31Z,-0.3271,neutral,finbert
FFC,mettis,https://mettisglobal.news/ffc-holds-second-corporate-briefing-for-the-year-2021,2021-11-19T16:10:00Z,-0.0238,neutral,finbert
FFC,mettis,https://mettisglobal.news/ffc-takes-lead-in-earliest-dividend-disbursement-to-shareholders,2021-12-13T10:27:17Z,0.1452,neutral,finbert
FFC,mettis,https://mettisglobal.news/ffc-working-on-compression-project-with-mari-to-tackle-depleting-gas-reserves,2022-02-02T14:28:34Z,0.5351,positive,finbert
FFC,mettis,https://mettisglobal.news/ffc-hydrochina-dawood-power-sign-end-of-warranty-inspection-services-agreement,2022-03-01T09:42:27Z,0.2208,neutral,finbert
FFC,mettis,https://mettisglobal.news/ffc-increases-urea-prices-by-rs80-per-bag,2022-03-14T12:47:21Z,0.8761,positive,finbert
FFC,mettis,https://mettisglobal.news/ffc-secures-first-position-among-top-25-listed-companies,2022-03-28T17:10:04Z,0.9068,positive,finbert
FFC,mettis,https://mettisglobal.news/ffc-further-increases-urea-prices-by-rs70-per-bag,2022-03-29T13:20:33Z,0.8885,positive,finbert
FFC,mettis,https://mettisglobal.news/ffc-holds-its-44th-annual-general-meeting,2022-03-29T14:33:13Z,-0.0373,neutral,finbert
FFC,mettis,https://mettisglobal.news/FFC’s-profitability-jumps-on-higher-offtakes,2022-04-27T13:21:47Z,0.9158,positive,finbert
FFC,mettis,https://mettisglobal.news/FFC-announces-first-quarterly-results-for-year-2022,2022-04-27T21:02:50Z,-0.0505,neutral,finbert
FFC,mettis,https://mettisglobal.news/trg-mtl-pol-ffc-ogdcl-added-to-jsmfi-psx,2022-06-06T22:27:53Z,0.0464,neutral,finbert
FFC,mettis,https://mettisglobal.news/ffc-successfully-culminates-csr-endeavors-worth-rs5-5-million,2022-06-07T16:34:37Z,0.8810,positive,finbert
FFC,mettis,https://mettisglobal.news/ffc-increases-dap-prices-by-rs700-per-bag,2022-06-10T13:29:48Z,0.8488,positive,finbert
FFC,mettis,https://mettisglobal.news/ffc-shuts-down-mirpur-mathelo-plant-iii-due-to-technical-fault,2022-07-04T10:43:41Z,-0.9463,negative,finbert
FFC,profit,https://profit.pakistantoday.com.pk/2022/07/05/ffc-mm-plant-shuts-down-due-to-eruption-of-fire,2022-07-05T07:26:36Z,-0.9265,negative,finbert
FFC,mettis,https://mettisglobal.news/ffc-resumes-its-plant-iii-mirpur-mathelo-operations,2022-07-20T12:16:33Z,-0.0426,neutral,finbert
FFC,mettis,https://mettisglobal.news/ffc-announces-financial-results-for-the-period-ended-on-june-30-2022,2022-07-28T17:56:44Z,-0.0196,neutral,finbert
FFC,mettis,https://mettisglobal.news/FFC-increases-DAP-price-by-Rs1000-per-bag-,2022-08-03T12:30:01Z,0.6775,positive,finbert
FFC,mettis,https://mettisglobal.news/FFC-holds-second-corporate-briefing-for-the-year-2022,2022-08-25T11:45:53Z,-0.0067,neutral,finbert
FFC,mettis,"https://mettisglobal.news/FFC-undertakes-flood-relief-assistance-in-Ghotki,-Sindh",2022-08-26T12:29:44Z,0.1070,neutral,finbert
FFC,mettis,https://mettisglobal.news/FFC-initiates-relief-campaign-for-flood-affectees,2022-09-03T00:14:45Z,0.1280,neutral,finbert
FFC,mettis,https://mettisglobal.news/FFC-ranked-first-among-PSX’s-top-25-companies,2022-09-14T13:21:58Z,0.8920,positive,finbert
FFC,mettis,https://mettisglobal.news/ffc-wins-best-corporate-and-sustainability-report-award-for-year-2021,2022-09-28T12:13:48Z,0.8965,positive,finbert
FFC,mettis,https://mettisglobal.news/FFC-Plant-I-maintenance-has-begun-for-safe-operation,2022-10-10T15:49:43Z,-0.9238,negative,finbert
FFC,mettis,https://mettisglobal.news/ffc-profit-slumps-to-rs25-28bn-in-pmcy22,2022-10-26T14:28:19Z,-0.9651,negative,finbert
FFC,mettis,https://mettisglobal.news/ffc-resumes-production-of-plant-i,2022-10-31T10:00:51Z,-0.0151,neutral,finbert
FFC,mettis,https://mettisglobal.news/fauji-fertilizer-company-psx-ffc-has-decreased-the-price-of-di-ammonium-phosphate-dap-by-rs1100-per-bag-to-rs10400-per-bag,2022-11-10T10:08:52Z,-0.7591,negative,finbert
FFC,mettis,https://mettisglobal.news/the-fauji-fertilizer-company-limited-ffc-plant-i-goth-machhi-has-temporarily-been-shut-down-due-to-a-technical-fault-on-12-nov-2022,2022-11-14T10:22:37Z,-0.9441,negative,finbert
FFC,mettis,https://mettisglobal.news/ffc-holds-third-corporate-briefing-for-the-year-2022,2022-11-16T16:59:18Z,-0.0013,neutral,finbert
FFC,mettis,https://mettisglobal.news/pakistan-stock-exchange-psx-conducted-an-investor-awareness-session-at-fauji-fertilizer-company-limited-ffc-head-office-in-rawalpindi-for-its-employees,2022-11-20T17:47:48Z,0.0172,neutral,finbert
FFC,mettis,https://mettisglobal.news/ffc-efert-fatima-sign-an-agreement-with-mpcl,2022-12-09T09:55:31Z,0.8668,positive,finbert
FFC,mettis,https://mettisglobal.news/ffc-awarded-largest-tax-payer-for-manufacturing-sector-2,2022-12-15T16:17:06Z,0.8623,positive,finbert
FFC,mettis,https://mettisglobal.news/ffc-won-four-awards-in-bpa-by-safa,2022-12-23T09:56:28Z,0.8748,positive,finbert
FFC,mettis,https://mettisglobal.news/ffc-sngpl-to-lay-backup-line-to-mirpur-mathelo-site,2023-01-18T09:38:03Z,0.1319,neutral,finbert
FFC,mettis,https://mettisglobal.news/ffc-announces-final-results-for-cy22,2023-01-30T19:00:51Z,-0.0069,neutral,finbert
FFC,mettis,https://mettisglobal.news/ffc-holds-first-corporate-briefing-for-the-year-2023,2023-02-07T17:45:37Z,0.0055,neutral,finbert
FFC,mettis,https://mettisglobal.news/ffc-holds-45th-annual-general-meeting,2023-03-28T23:48:43Z,-0.0175,neutral,finbert
FFC,mettis,https://mettisglobal.news/ffc-beats-macroeconomic-challenges-records-rs7-73bn-profit-in-1qcy23,2023-04-27T17:02:09Z,0.9077,positive,finbert
FFC,mettis,https://mettisglobal.news/ffc-announces-financial-results-for-the-period-ended-march-31-2023,2023-04-28T01:27:35Z,-0.0177,neutral,finbert
FFC,mettis,https://mettisglobal.news/ffc-energy-wind-power-plant-celebrates-decade-of-excellence,2023-05-17T21:06:46Z,0.6677,positive,finbert
FFC,mettis,https://mettisglobal.news/ffc-records-highest-ever-profit-in-6mfy23-despite-inflation-devaluation,2023-07-25T14:31:59Z,0.8826,positive,finbert
FFC,mettis,https://mettisglobal.news/ffc-wins-best-esg-reporting-award,2023-10-10T11:08:11Z,0.9145,positive,finbert
FFC,mettis,https://mettisglobal.news/ffc-ranks-first-amongst-the-top-25-listed-companies-of-psx-consecutively-for-13th-time,2023-10-11T14:53:40Z,0.8463,positive,finbert
FFC,mettis,https://mettisglobal.news/ffc-registers-rs22bn-profit-in-9mcy23-distributes-rs3-98-cash-dividend,2023-10-25T15:06:34Z,0.0283,neutral,finbert
FFC,mettis,https://mettisglobal.news/ffc-eyes-zincated-urea-market-after-engros-zabardast-urea-success,2023-10-26T12:03:35Z,0.0022,neutral,finbert
FFC,mettis,https://mettisglobal.news/ffc-secures-shareholders-nod-for-3-5m-pari-passu-charge-on-fixed-assets,2023-11-27T12:47:52Z,0.8409,positive,finbert
FFC,mettis,https://mettisglobal.news/psx-awards-top-25-companies-for-2022-ffc-engro-systems-lead,2023-12-08T11:57:04Z,0.2265,neutral,finbert
FFC,mettis,https://mettisglobal.news/ffc-secures-top-spot-for-13th-consecutive-time-in-annual-top-25-companies-awards,2023-12-15T12:10:20Z,0.9230,positive,finbert
FFC,mettis,https://mettisglobal.news/ffc-ffbl-increase-urea-prices-by-rs187-bag,2024-01-03T22:36:34Z,0.8742,positive,finbert
FFC,mettis,https://mettisglobal.news/ffc-ffbl-increase-dap-prices-by-rs307-bag,2024-01-11T09:34:02Z,0.8740,positive,finbert
FFC,mettis,https://mettisglobal.news/FFC-records-38-YoY-surge-in-profit-in-2023-declares-41-DPS-,2024-01-26T12:54:31Z,0.9160,positive,finbert
FFC,profit,https://profit.pakistantoday.com.pk/2024/03/09/jahangir-piracha-appointed-as-ceo-of-ffc,2024-03-09T17:47:58Z,-0.0058,neutral,finbert
FFC,mettis,https://mettisglobal.news/re-composition-ptc-nrl-ghni-nbp-agl-engro-ffc-added-to-jsmfi,2024-04-05T09:47:03Z,0.0179,neutral,finbert
FFC,mettis,https://mettisglobal.news/govt-demands-explanation-from-ffc-over-urea-price-hike,2024-04-21T15:07:58Z,-0.5456,negative,finbert
FFC,mettis,https://mettisglobal.news/ffc-q1-2024-profit-surges-36-yoy-to-rs10-5bn,2024-04-29T13:29:57Z,0.9073,positive,finbert
FFC,mettis,https://mettisglobal.news/ffc-announces-first-quarterly-results-for-year-2024,2024-04-29T19:28:45Z,-0.0460,neutral,finbert
FFC,mettis,https://mettisglobal.news/ffbl-ffc-drop-dap-prices-by-rs1805-bag,2024-06-06T09:52:27Z,-0.9196,negative,finbert
FFC,profit,https://profit.pakistantoday.com.pk/2024/06/07/waseem-ajmal-chaudhary-resigns-as-director-of-ffc,2024-06-07T09:55:29Z,-0.5365,negative,finbert
FFC,mettis,https://mettisglobal.news/waseem-ajmal-chaudhary-steps-down-as-director-of-ffc,2024-06-07T10:44:11Z,-0.5187,negative,finbert
FFC,mettis,https://mettisglobal.news/ffc-partners-with-agrilift-to-scale-agtech-in-pakistan,2024-07-04T20:47:54Z,0.6978,positive,finbert
FFC,mettis,https://mettisglobal.news/ffc-board-approves-merger-evaluation,2024-07-19T15:13:30Z,0.0220,neutral,finbert
FFC,mettis,https://mettisglobal.news/ffbl-shareholders-may-get-ffc-shares-at-0-32-ratio,2024-07-23T11:18:17Z,0.0113,neutral,finbert
FFC,mettis,https://mettisglobal.news/ffc-akbl-sign-mou-to-empower-farmers-through-financing-solutions,2024-07-24T19:20:18Z,0.8549,positive,finbert
FFC,mettis,https://mettisglobal.news/ffc-ffbl-raise-dap-prices-by-rs450-per-bag,2024-07-29T12:14:59Z,0.3823,neutral,finbert
FFC,profit,https://profit.pakistantoday.com.pk/2024/07/30/fauji-fertilizer-company-reports-record-rs25bn-profit-in-three-months,2024-07-30T15:45:14Z,0.8290,positive,finbert
FFC,mettis,https://mettisglobal.news/ffc-announces-results-for-first-half-of-2024,2024-07-30T18:25:33Z,-0.0270,neutral,finbert
FFC,mettis,https://mettisglobal.news/re-composition-ffbl-ffc-sazew-pioc-pael-added-to-kse-30-index,2024-08-01T10:56:21Z,0.0230,neutral,finbert
FFC,profit,https://profit.pakistantoday.com.pk/2024/08/05/fauji-fertilizer-wants-to-be-the-only-fauji-fertilizer-company-how-will-the-chips-fall-going-forward,2024-08-05T04:59:01Z,-0.0060,neutral,finbert
FFC,mettis,https://mettisglobal.news/nrsp-microfinance-bank-signs-mou-with-ffc-to-boost-agricultural-financing,2024-08-22T11:47:48Z,0.9251,positive,finbert
FFC,mettis,https://mettisglobal.news/ffc-appoints-saif-anjum-as-new-board-director,2024-08-22T12:15:41Z,0.0058,neutral,finbert
FFC,mettis,https://mettisglobal.news/ffc-farmdar-partner-to-reduce-yield-gap-with-ai-space-technology,2024-09-02T20:06:25Z,0.8393,positive,finbert
FFC,mettis,https://mettisglobal.news/ffc-moves-to-acquire-agritech,2024-09-10T14:40:48Z,0.0182,neutral,finbert
FFC,mettis,https://mettisglobal.news/ffc-plans-to-acquire-agritech-beyond-threshold,2024-09-11T11:04:31Z,0.0756,neutral,finbert
FFC,profit,https://profit.pakistantoday.com.pk/2024/09/20/ffbl-board-approves-merger-with-fauji-fertilizer-company,2024-09-20T12:25:33Z,0.1095,neutral,finbert
FFC,mettis,https://mettisglobal.news/ffc-tops-kse-100-with-largest-market-capitalization,2024-09-24T16:31:14Z,0.9105,positive,finbert
FFC,mettis,https://mettisglobal.news/ffc-initiates-pai-to-acquire-over-151m-shares-of-agritech-limited,2024-10-23T14:03:38Z,0.1468,neutral,finbert
FFC,profit,https://profit.pakistantoday.com.pk/2024/10/28/ffc-reports-record-rs22-6-billion-profit-in-3qcy24-suspends-dividend-amid-merger-plans,2024-10-28T15:10:42Z,-0.9366,negative,finbert
FFC,mettis,https://mettisglobal.news/ffc-honored-with-gold-awards-at-safa-best-presented-annual-report-awards-2023,2024-11-12T18:00:36Z,0.8455,positive,finbert
FFC,mettis,https://mettisglobal.news/ffc-increases-offer-price-for-agritech-shares-to-rs39-05,2024-11-18T15:16:19Z,0.8266,positive,finbert
FFC,profit,https://profit.pakistantoday.com.pk/2024/11/19/agritech-receives-revised-offer-from-ffc-amid-competing-bid-from-maple-leaf-cement,2024-11-19T06:53:56Z,-0.1046,negative,finbert
FFC,mettis,https://mettisglobal.news/ffc-revises-public-offer-price-for-agritech-shares,2024-11-19T11:54:27Z,0.0236,neutral,finbert
FFC,profit,https://profit.pakistantoday.com.pk/2024/12/05/court-approves-merger-of-fauji-fertilizer-bin-qasim-with-fauji-fertilizer-company,2024-12-05T05:01:40Z,0.0839,neutral,finbert
FFC,mettis,https://mettisglobal.news/lhc-approves-merger-of-ffbl-ffc,2024-12-05T10:47:35Z,0.1069,neutral,finbert
FFC,profit,https://profit.pakistantoday.com.pk/2024/12/09/ffc-initiates-acceptance-period-for-its-revised-offer-to-acquire-35-6-of-agritech,2024-12-09T09:26:53Z,0.1156,neutral,finbert
FFC,mettis,https://mettisglobal.news/psx-suspends-trading-in-ffbl-shares-for-ffc-amalgamation,2024-12-09T18:29:21Z,-0.7570,negative,finbert
FFC,profit,https://profit.pakistantoday.com.pk/2024/12/11/agritechs-public-offer-garners-competitive-bids-from-ffc-and-maple-leaf-cement,2024-12-11T11:07:52Z,0.9341,positive,finbert
FFC,mettis,https://mettisglobal.news/ffc-to-issue-150-87mn-shares-to-ffbl-shareholders,2024-12-24T15:08:20Z,0.0312,neutral,finbert
FFC,profit,https://profit.pakistantoday.com.pk/2024/12/31/fauji-fertilizer-bin-qasim-delisted-from-psx-following-merger-with-ffc,2024-12-31T06:10:22Z,-0.2456,neutral,finbert
FFC,profit,https://profit.pakistantoday.com.pk/2025/01/13/ffc-completes-public-offer-for-agritech-limited-shares,2025-01-13T12:46:08Z,0.2219,neutral,finbert
FFC,mettis,https://mettisglobal.news/ffc-public-offer-for-agl-concludes-with-7-8mn-shares,2025-01-13T16:38:57Z,0.0696,neutral,finbert
FFC,mettis,https://mettisglobal.news/ffc-earnings-more-than-double-in-dec-2024,2025-01-29T16:13:59Z,0.8884,positive,finbert
FFC,mettis,https://mettisglobal.news/ffc-announces-annual-financial-results-for-the-year-2024,2025-01-29T22:23:38Z,-0.0126,neutral,finbert
FFC,profit,https://profit.pakistantoday.com.pk/2025/01/30/ffc-reports-rs-85-5-billion-annual-profit-following-merger-with-ffbl,2025-01-30T11:53:55Z,0.2896,neutral,finbert
FFC,profit,https://profit.pakistantoday.com.pk/2025/03/19/ffc-partners-with-four-banks-to-offer-rs-1-billion-in-clean-farmer-financing,2025-03-19T07:16:16Z,0.8262,positive,finbert
FFC,mettis,https://mettisglobal.news/ffc-signs-mous-to-boost-financial-inclusion-for-farmers,2025-03-19T12:10:40Z,0.9175,positive,finbert
FFC,profit,https://profit.pakistantoday.com.pk/2025/04/28/ffc-posts-39-increase-in-consolidated-profit-for-first-quarter-2025,2025-04-28T15:16:27Z,0.9311,positive,finbert
FFC,mettis,https://mettisglobal.news/ffc-announces-results-of-first-quarter-for-the-year-2025,2025-04-28T21:38:04Z,-0.0223,neutral,finbert
FFC,profit,https://profit.pakistantoday.com.pk/2025/05/08/ffc-converts-preference-shares-in-agritech-lifts-stake-to-37-36,2025-05-08T10:36:40Z,0.6758,positive,finbert
FFC,mettis,https://mettisglobal.news/ffc-acquires-37-36-stake-in-agritech-limited,2025-05-08T15:51:30Z,0.0627,neutral,finbert
FFC,mettis,https://mettisglobal.news/FFC-submits-EOI-to-join-PIA-privatization-bid-53067,2025-06-16T09:23:23Z,0.0760,neutral,finbert
FFC,mettis,https://mettisglobal.news/Fertilizer-profits-set-to-bloom-17-YoY-EFERT-FFC-likely-to-announce-Rs4-Rs115-dividends-53683,2025-07-09T12:21:18Z,0.0917,neutral,finbert
FFC,mettis,https://mettisglobal.news/FFC-posts-slight-rise-in-halfyear-profit-54090,2025-07-29T13:16:28Z,0.1588,neutral,finbert
FFC,mettis,https://mettisglobal.news/FFC-announces-HalfYearly-Financial-Results-for-the-year-2025-54131,2025-07-30T17:03:38Z,-0.0439,neutral,finbert
FFC,profit,https://profit.pakistantoday.com.pk/2025/07/30/ffc-posts-rs-38-5bn-half-year-profit-declares-rs-19-dividend-per-share,2025-07-30T18:04:11Z,0.0371,neutral,finbert
FFC,mettis,https://mettisglobal.news/FFC-sustains-profitability-at-Rs63bn-declares-Rs950-dividend-56135,2025-10-23T12:43:59Z,0.8250,positive,finbert
FFC,profit,https://profit.pakistantoday.com.pk/2025/10/23/ffc-reports-near-flat-rs63bn-profit-as-higher-revenue-offsets-rising-costs,2025-10-23T14:48:39Z,-0.0768,negative,finbert
FFC,mettis,https://mettisglobal.news/FFC-Announces-Financial-Results-for-Q3-2025-56156,2025-10-24T07:58:32Z,-0.0148,neutral,finbert
FFC,profit,https://profit.pakistantoday.com.pk/2025/10/29/ffc-explores-coal-gasification-project-transitions-to-full-shariah-compliance,2025-10-29T10:13:01Z,0.2629,neutral,finbert
FFC,profit,https://profit.pakistantoday.com.pk/2025/11/03/hubco-ffc-thal-announce-completion-of-thar-energy-thalnova-power-projects-under-cpec,2025-11-03T05:52:50Z,0.1875,neutral,finbert
FFC,mettis,https://mettisglobal.news/FFC-Receives-Best-Corporate-Sustainability-Report-Awards-56595,2025-11-10T21:21:01Z,0.8405,positive,finbert
FFC,mettis,https://mettisglobal.news/FFC-to-acquire-remaining-25-stake-in-FPCL-to-gain-ownership-streamline-group-operations-56596,2025-11-11T09:30:30Z,0.1014,neutral,finbert
FFC,mettis,https://mettisglobal.news/FFC-Wins-the-Prestigious-Company-of-the-Year-Award-56647,2025-11-12T16:10:59Z,0.8486,positive,finbert
FFC,mettis,https://mettisglobal.news/FFC-harvests-success-with-KMI30-entry-56711,2025-11-15T00:45:25Z,0.9360,positive,finbert
FFC,mettis,https://mettisglobal.news/FFC-secures-consecutive-Overall-Winner-Title-at-SAFA-Best-Presented-Annual-Report-Awards-56999,2025-11-28T19:50:55Z,0.9181,positive,finbert
FFC,mettis,https://mettisglobal.news/FFC-wins-best-MAP-corporate-excellence-award-in-fertilizer-sector-57112,2025-12-05T10:58:33Z,0.9282,positive,finbert
FFC,mettis,https://mettisglobal.news/FFC-PAEL-enter-the-MZNPI-fold-in-latest-review-57130,2025-12-07T09:40:44Z,0.0661,neutral,finbert
FFC,mettis,https://mettisglobal.news/Engro-FFC-Lucky-lead-PSXs-top-25-companies-list-for-2024-57206,2025-12-10T16:40:23Z,0.1820,neutral,finbert
FFC,profit,https://profit.pakistantoday.com.pk/2025/12/11/psx-announces-top-25-companies-engro-ffc-and-hbl-among-top-performers,2025-12-11T08:44:49Z,0.7153,positive,finbert
FFC,mettis,https://mettisglobal.news/FFC-joins-Arif-Habib-led-consortium-57465,2025-12-24T14:26:40Z,0.0439,neutral,finbert
FFC,mettis,https://mettisglobal.news/Pakistan-to-convert-UAE-loan-into-FFC-Stake-57509,2025-12-29T11:54:07Z,0.1056,neutral,finbert
FFC,mettis,https://mettisglobal.news/FFC-completes-share-issuance-to-Fauji-Foundation-58075,2026-01-28T16:06:28Z,0.1042,neutral,finbert
FFC,mettis,https://mettisglobal.news/FFC-delivers-strong-profit-yet-sends-PSX-sliding-58096,2026-01-29T15:25:04Z,0.8647,positive,finbert
FFC,profit,https://profit.pakistantoday.com.pk/2026/03/03/privatisation-panel-clears-way-for-ffc-to-join-arif-habib-led-pia-consortium,2026-03-03T18:00:42Z,0.5630,positive,finbert
FFC,mettis,https://mettisglobal.news/FFC-set-to-join-AHCL-led-PIA-consortium-58819,2026-03-04T10:48:26Z,0.1304,neutral,finbert
FFC,mettis,https://mettisglobal.news/FFC-stays-resilient-against-supply-challenges-59107,2026-03-18T09:23:12Z,0.1138,neutral,finbert
FFC,mettis,https://mettisglobal.news/FFC-hikes-Sona-Urea-price-by-Rs125-amid-rising-fuel-costs-59812,2026-04-17T16:49:45Z,-0.4185,negative,finbert
FFC,mettis,https://mettisglobal.news/FFC-posts-32-profit-growth-Rs850-dividend-declared-60091,2026-04-29T13:24:03Z,0.7673,positive,finbert
FFC,mettis,https://mettisglobal.news/FFC-Announces-financial-results-of-First-Quarter-2026-60158,2026-04-30T20:31:21Z,-0.0184,neutral,finbert
FFC,mettis,https://mettisglobal.news/FFC-raises-Sona-DAP-price-by-Rs400-60378,2026-05-12T14:06:45Z,0.6976,positive,finbert
FFC,profit,https://profit.pakistantoday.com.pk/2026/05/26/pakistans-first-coal-to-urea-project-planned-as-ffc-signs-1-12bn-feed-agreement-with-chinese-firm,2026-05-26T15:21:15Z,0.8883,positive,finbert
FFC,mettis,https://mettisglobal.news/FFC-inks-coaltourea-FEED-agreement-under-CPEC-20-60720,2026-05-28T19:44:17Z,0.7768,positive,finbert
FFC,mettis,https://mettisglobal.news/FFC-profit-climbs-12-declares-Rs145share-dividend-62230,2026-07-29T12:36:45Z,-0.2290,neutral,finbert
FFC,mettis,https://mettisglobal.news/PSX-rebalances-UPP9-index-UBL-and-FFC-secure-top-weightings-62350,2026-08-03T17:21:10Z,0.6345,positive,finbert
FFC,mettis,https://mettisglobal.news/FFC-expects-positive-urea-market-sees-higher-DAP-prices-ahead-62409,2026-08-05T11:57:25Z,0.9353,positive,finbert
FFC,mettis,https://mettisglobal.news/FFC-Engro-drive-urea-sales-past-last-Septembers-total-63818,2026-09-29T14:10:58Z,0.9266,positive,finbert
HBL,profit,https://profit.pakistantoday.com.pk/2021/09/15/hbl-and-indus-motor-company-enter-strategic-alliance,2021-09-15T15:09:42Z,0.7846,positive,finbert
HBL,profit,https://profit.pakistantoday.com.pk/2021/09/23/hbl-is-proud-to-be-associated-with-the-pakistan-pavilion-at-dubai-expo-2020,2021-09-23T07:21:02Z,0.5905,positive,finbert
HBL,profit,https://profit.pakistantoday.com.pk/2021/09/23/hbl-extends-its-atm-network-free-of-cost-to-finja-debit-card-customers,2021-09-23T16:14:16Z,0.8970,positive,finbert
HBL,profit,https://profit.pakistantoday.com.pk/2021/09/29/hbl-prestige-lounge-inaugurated-in-lahore,2021-09-29T15:11:06Z,0.1149,neutral,finbert
HBL,profit,https://profit.pakistantoday.com.pk/2021/10/01/hbl-dibpl-join-hands-to-become-lead-advisors-arrangers-for-eighteen,2021-10-01T09:28:13Z,0.1235,neutral,finbert
HBL,profit,https://profit.pakistantoday.com.pk/2021/10/15/hbl-continues-strong-business-momentum-in-q3fy21-profit-rises-to-rs46-4bn-with-focus-on-expanding-digital-footprint,2021-10-15T11:01:47Z,0.9321,positive,finbert
HBL,profit,https://profit.pakistantoday.com.pk/2021/11/01/hbl-wins-pakistans-best-bank-award-for-2021,2021-11-01T06:28:47Z,0.8814,positive,finbert
HBL,profit,https://profit.pakistantoday.com.pk/2021/11/17/hbl-prestige-lounge-inaugurated-in-sialkot,2021-11-17T14:42:10Z,0.1509,neutral,finbert
HBL,profit,https://profit.pakistantoday.com.pk/2021/11/29/hbl-pakistan-fintech-summit-2021-set-to-unlock-pakistans-multi-billion-dollar-digital-finance-potential,2021-11-29T08:26:01Z,0.5390,positive,finbert
HBL,profit,https://profit.pakistantoday.com.pk/2021/12/01/hbl-diamond-trust-bank-partner-to-launch-china-coverage-dept-to-serve-chinese-enterprises-in-east-africa,2021-12-01T16:49:47Z,0.6025,positive,finbert
HBL,profit,https://profit.pakistantoday.com.pk/2021/12/15/hbl-collaborates-on-agritech-with-bakhabar-kissan,2021-12-15T11:49:12Z,0.2030,neutral,finbert
HBL,profit,https://profit.pakistantoday.com.pk/2021/12/29/hbl-to-deploy-pos-terminals-at-nadra-centers-nationwide,2021-12-29T17:33:07Z,0.3085,neutral,finbert
HBL,profit,https://profit.pakistantoday.com.pk/2022/01/24/hbl-to-facilitate-smes-through-govts-sme-asaan-finance-scheme,2022-01-24T04:41:40Z,0.1424,neutral,finbert
HBL,profit,https://profit.pakistantoday.com.pk/2022/02/01/hbl-enables-e-commerce-transactions-on-daraz-for-unionpay-cardholders,2022-02-01T05:42:52Z,0.0826,neutral,finbert
HBL,profit,https://profit.pakistantoday.com.pk/2022/02/10/hbl-disburses-rs3bn-under-kamyab-jawan-program-in-2021,2022-02-10T14:21:07Z,0.0137,neutral,finbert
HBL,mettis,https://mettisglobal.news/psx-approves-listing-of-hbl-financial-sector-income-fund,2022-02-15T14:10:05Z,0.1187,neutral,finbert
HBL,mettis,https://mettisglobal.news/hbl-tpl-group-sign-accord-to-invest-rs2-25bn-in-tpl-reit-fund,2022-02-17T15:21:12Z,0.8822,positive,finbert
HBL,profit,https://profit.pakistantoday.com.pk/2022/02/18/pakistans-largest-bank-hbl-selects-temenos-to-transform-its-banking-services,2022-02-18T15:20:33Z,0.4059,neutral,finbert
HBL,profit,https://profit.pakistantoday.com.pk/2022/02/24/hbl-posts-record-profit-of-rs62bn-for-2021,2022-02-24T12:24:53Z,0.7188,positive,finbert
HBL,mettis,https://mettisglobal.news/hbl-posts-15-higher-profits-owing-to-suppressed-provisioning,2022-02-24T16:53:35Z,0.9382,positive,finbert
HBL,profit,https://profit.pakistantoday.com.pk/2022/03/07/hbl-islamic-banking-continues-to-expand-its-footprint-in-pakistan,2022-03-06T19:01:16Z,0.9089,positive,finbert
HBL,profit,https://profit.pakistantoday.com.pk/2022/03/10/engro-signs-rs4-billion-financing-facility-with-hbl-for-the-expansion-of-telecom-tower-business,2022-03-10T16:33:22Z,0.9140,positive,finbert
HBL,profit,https://profit.pakistantoday.com.pk/2022/03/11/engro-signs-rs4-billion-financing-facility-with-hbl-for-expansion-of-telecom-tower-business,2022-03-11T05:03:28Z,0.9097,positive,finbert
HBL,profit,https://profit.pakistantoday.com.pk/2022/03/15/hbl-hosts-lt-general-nigar-johar-him-in-celebration-of-international-womens-day,2022-03-15T14:54:48Z,0.0660,neutral,finbert
HBL,profit,https://profit.pakistantoday.com.pk/2022/03/18/hbl-prestige-lounges-inaugurated-in-multan-faisalabad,2022-03-18T10:05:55Z,0.1566,neutral,finbert
HBL,profit,https://profit.pakistantoday.com.pk/2022/03/29/hbl-in-collaboration-with-sbp-hosts-first-racc-meeting-as-a-champion-bank-for-baluchistan,2022-03-29T15:18:24Z,0.7718,positive,finbert
HBL,mettis,https://mettisglobal.news/hbl-to-purchase-9-5-shares-of-habib-allied-holding-from-allied-bank,2022-03-30T14:52:00Z,0.0685,neutral,finbert
HBL,profit,https://profit.pakistantoday.com.pk/2022/04/11/hbl-inaugurates-all-women-branch-in-hyderabad,2022-04-11T11:59:38Z,0.0137,neutral,finbert
HBL,profit,https://profit.pakistantoday.com.pk/2022/04/20/hbl-q1-2022-profit-rises-to-rs14-6-billion-driven-by-strong-business-volumes,2022-04-20T10:52:49Z,0.9228,positive,finbert
HBL,mettis,https://mettisglobal.news/hbl-q1-profit-rises-to-rs14-6bn-driven-by-strong-business-volumes,2022-04-20T14:42:54Z,0.9232,positive,finbert
HBL,profit,https://profit.pakistantoday.com.pk/2022/04/28/hbl-finja-partner-to-launch-next-generation-digital-financial-services,2022-04-28T12:12:11Z,0.2804,neutral,finbert
HBL,mettis,https://mettisglobal.news/msci-ogdc-added-hbl-removed-from-fm-index,2022-05-13T10:13:02Z,-0.5661,negative,finbert
HBL,profit,https://profit.pakistantoday.com.pk/2022/05/27/hbl-partners-with-pafla-to-enable-pakistans-freelance-industry,2022-05-27T16:34:17Z,0.8293,positive,finbert
HBL,profit,https://profit.pakistantoday.com.pk/2022/06/06/hbl-launches-its-first-impact-and-sustainability-report,2022-06-06T08:50:49Z,0.0395,neutral,finbert
HBL,profit,https://profit.pakistantoday.com.pk/2022/06/07/hbl-prestige-lounge-inaugurated-in-karachi,2022-06-07T11:11:01Z,0.1244,neutral,finbert
HBL,profit,https://profit.pakistantoday.com.pk/2022/06/15/frieslandcampina-hbl-sedf-partner-for-subsidized-financing-to-empower-dairy-farmers,2022-06-15T14:23:03Z,0.7980,positive,finbert
HBL,profit,https://profit.pakistantoday.com.pk/2022/06/20/hbl-becomes-the-first-pakistani-bank-to-provide-payment-services-on-whatsapp,2022-06-20T11:27:49Z,0.5942,positive,finbert
HBL,profit,https://profit.pakistantoday.com.pk/2022/07/19/hbl-wins-best-bank-in-pakistan-2022-award-by-euromoney,2022-07-19T05:29:13Z,0.9114,positive,finbert
HBL,profit,https://profit.pakistantoday.com.pk/2022/07/22/hbl-steps-up-for-balochistan,2022-07-22T06:30:01Z,0.3393,neutral,finbert
HBL,profit,https://profit.pakistantoday.com.pk/2022/08/05/hbl-alfalah-announce-temporary-financial-assistance-for-employees,2022-08-05T11:54:26Z,0.1790,positive,finbert
HBL,profit,https://profit.pakistantoday.com.pk/2022/08/16/hbl-islamic-banking-continues-to-scale-up-its-footprint-in-pakistan,2022-08-16T04:40:29Z,0.8846,positive,finbert
HBL,profit,https://profit.pakistantoday.com.pk/2022/08/22/hbl-to-represent-pakistan-at-sco-iba-annual-council-meeting-22,2022-08-22T04:00:29Z,0.1146,neutral,finbert
HBL,profit,https://profit.pakistantoday.com.pk/2022/08/22/infrazamin-hbl-facilitate-multinet-for-greater-digital-reach-transmission-across-pakistan,2022-08-22T16:42:50Z,0.5167,positive,finbert
HBL,profit,https://profit.pakistantoday.com.pk/2022/08/27/hbl-bop-ranked-highest-in-agriculture-credit-performance-fy22,2022-08-27T08:07:05Z,0.9313,positive,finbert
HBL,profit,https://profit.pakistantoday.com.pk/2022/08/31/hbl-launches-konnect-islamic-account,2022-08-31T14:38:07Z,0.0225,neutral,finbert
HBL,profit,https://profit.pakistantoday.com.pk/2022/09/01/hbl-and-adamjee-insurance-partner-to-provide-dairy-livestock-loan-insurance,2022-09-01T14:11:57Z,0.0586,neutral,finbert
HBL,profit,https://profit.pakistantoday.com.pk/2022/09/05/hbl-offers-the-industrys-first-peer-to-peer-qr-based-funds-transfer-facility,2022-09-05T14:33:07Z,0.3164,neutral,finbert
HBL,profit,https://profit.pakistantoday.com.pk/2022/09/15/hbl-raises-staff-service-age-to-65-years,2022-09-15T11:57:50Z,0.1035,neutral,finbert
HBL,mettis,https://mettisglobal.news/hbl-faces-liability-for-terrorist-attacks,2022-09-29T10:03:03Z,-0.5583,negative,finbert
HBL,mettis,https://mettisglobal.news/fighting-allegations-vigorously-says-hbl-on-liability-claims,2022-09-29T16:50:27Z,0.0987,neutral,finbert
HBL,profit,https://profit.pakistantoday.com.pk/2022/09/29/hbl-to-contest-allegations-in-terror-financing-case-in-us,2022-09-29T17:10:55Z,0.0373,neutral,finbert
HBL,mettis,https://mettisglobal.news/kse-100-loses-421-27-points-on-hbl-news,2022-09-29T17:41:08Z,-0.9538,negative,finbert
HBL,profit,https://profit.pakistantoday.com.pk/2022/10/03/hbl-inaugurates-prestige-lounge-in-rahim-yar-khan,2022-10-03T14:56:49Z,0.1130,neutral,finbert
HBL,profit,https://profit.pakistantoday.com.pk/2022/10/05/sco-and-hbl-sign-interoperable-mobile-financial-services-agreement,2022-10-05T17:37:19Z,0.7733,positive,finbert
HBL,profit,https://profit.pakistantoday.com.pk/2022/10/10/hbl-prestige-goes-international,2022-10-10T13:43:37Z,0.0393,neutral,finbert
HBL,profit,https://profit.pakistantoday.com.pk/2022/10/19/hbl-observes-breast-cancer-awareness-month,2022-10-19T17:10:30Z,0.2124,neutral,finbert
HBL,profit,https://profit.pakistantoday.com.pk/2022/10/26/hbl-and-arif-habib-limited-sign-a-mandate-with-ghani-ceramics-limited-for-advisory-on-ipo-and-listing-of-the-company-on-psx,2022-10-26T06:03:02Z,0.5342,positive,finbert
HBL,mettis,https://mettisglobal.news/hbl-profits-fall-by-12-44-yoy-in-9mcy22,2022-10-27T10:00:32Z,-0.9619,negative,finbert
HBL,profit,https://profit.pakistantoday.com.pk/2022/10/27/hbl-partners-with-nift-epay-to-accelerate-digital-payments-in-pakistan,2022-10-27T15:10:42Z,0.8690,positive,finbert
HBL,profit,https://profit.pakistantoday.com.pk/2022/11/02/hbl-hosts-roshan-digital-account-event-in-london-uk,2022-11-02T17:51:44Z,0.0392,neutral,finbert
HBL,profit,https://profit.pakistantoday.com.pk/2022/11/13/investors-including-hbl-participate-in-finjas-series-a2-funding-round,2022-11-13T16:13:16Z,0.0591,neutral,finbert
HBL,profit,https://profit.pakistantoday.com.pk/2022/12/08/hbl-offers-the-industrys-first-digital-car-financing-facility,2022-12-08T16:40:10Z,0.4159,neutral,finbert
HBL,profit,https://profit.pakistantoday.com.pk/2022/12/09/hbl-wins-pakistans-best-bank-award-2022,2022-12-09T18:41:19Z,0.8585,positive,finbert
HBL,mettis,https://mettisglobal.news/habib-bank-limited-transfers-2-72-million-in-deferred-compensation-to-employees,2023-02-07T10:12:32Z,-0.0054,neutral,finbert
HBL,mettis,https://mettisglobal.news/psx-introduces-an-innovative-hbl-total-treasury-etf-for-investors,2023-02-07T16:36:34Z,0.3747,neutral,finbert
HBL,profit,https://profit.pakistantoday.com.pk/2023/02/07/hbl-partners-with-pmex-to-promote-electronic-warehouse-receipt-ewr-trading,2023-02-07T17:50:18Z,0.6724,positive,finbert
HBL,profit,https://profit.pakistantoday.com.pk/2023/02/08/konnect-by-hbl-launches-konnect-islamic-debit-card,2023-02-08T14:33:30Z,0.0541,neutral,finbert
HBL,profit,https://profit.pakistantoday.com.pk/2023/02/21/hbl-ace-money-transfer-collaborate-to-promote-regulated-home-remittance-inflows,2023-02-21T18:57:30Z,0.2739,neutral,finbert
HBL,profit,https://profit.pakistantoday.com.pk/2023/02/24/hbl-delivers-profit-of-rs-77bn-in-2022-up-24-yoy-with-enhanced-focus-and-commitment-to-its-clients,2023-02-24T12:10:54Z,0.9397,positive,finbert
HBL,profit,https://profit.pakistantoday.com.pk/2023/02/24/habib-bank-registers-27-increase-in-income-slight-decline-in-profits,2023-02-24T18:25:29Z,-0.8284,negative,finbert
HBL,profit,https://profit.pakistantoday.com.pk/2023/04/17/hbl-signs-agreement-for-pms-youth-business-and-agriculture-loan-scheme,2023-04-17T16:56:31Z,0.9172,positive,finbert
HBL,mettis,https://mettisglobal.news/akfed-intends-to-increase-stake-in-habib-bank,2023-05-02T10:13:36Z,0.2116,neutral,finbert
HBL,profit,https://profit.pakistantoday.com.pk/2023/05/02/agha-khan-fund-for-economic-development-eyes-more-stakes-in-hbl,2023-05-02T12:27:18Z,0.0812,neutral,finbert
HBL,profit,https://profit.pakistantoday.com.pk/2023/05/03/hbl-launches-digital-invoicing-an-innovative-online-payment-solution-to-support-entrepreneurs-and-freelancers,2023-05-03T13:18:28Z,0.3563,neutral,finbert
HBL,profit,https://profit.pakistantoday.com.pk/2023/05/31/hbl-and-akhuwat-islamic-microfinance-sign-an-agreement-to-provide-interest-free-financing-under-the-prime-minister-youth-business-and-agriculture-loan-scheme,2023-05-31T15:52:00Z,0.8908,positive,finbert
HBL,profit,https://profit.pakistantoday.com.pk/2023/06/02/hbl-inaugurates-islamic-prestige-lounge-in-dolmen-mall-karachi,2023-06-02T15:00:56Z,0.0394,neutral,finbert
HBL,profit,https://profit.pakistantoday.com.pk/2023/06/06/hbl-becomes-the-first-bank-in-pakistan-to-launch-a-dedicated-customer-care-twitter-handle,2023-06-06T03:24:14Z,0.3645,neutral,finbert
HBL,mettis,https://mettisglobal.news/vis-reaffirms-entity-ratings-of-hbl,2023-06-29T14:19:34Z,0.0686,neutral,finbert
HBL,profit,https://profit.pakistantoday.com.pk/2023/07/10/hbl-wins-pakistans-best-digital-bank-2023-award,2023-07-10T13:37:19Z,0.9075,positive,finbert
HBL,mettis,https://mettisglobal.news/hbl-plans-to-launch-subsidiary-for-agriculture-sector-development,2023-07-19T10:20:36Z,0.1506,neutral,finbert
HBL,profit,https://profit.pakistantoday.com.pk/2023/07/20/sbp-designates-ubl-hbl-and-nbp-as-d-sibs-for-2023,2023-07-20T17:48:53Z,0.0217,neutral,finbert
HBL,mettis,https://mettisglobal.news/hbl-posts-highest-ever-pat-of-rs26-34bn-in-1hcy23,2023-07-26T13:46:59Z,0.7364,positive,finbert
HBL,mettis,https://mettisglobal.news/hbl-to-launch-wholly-owned-subsidiary-named-hbl-zarai-services-ltd,2023-07-27T09:31:46Z,0.0666,neutral,finbert
HBL,mettis,https://mettisglobal.news/akfed-to-increase-stake-in-hbl-with-rs3-47bn-investment,2023-08-02T15:10:39Z,0.8725,positive,finbert
HBL,mettis,https://mettisglobal.news/sponsors-akfed-to-buy-12m-hbl-shares-again-why-cant-we-see-value,2023-08-02T23:44:32Z,0.1122,neutral,finbert
HBL,profit,https://profit.pakistantoday.com.pk/2023/10/02/empowering-women-led-tech-innovations-she-loves-tech-pakistan-2023-wraps-up-in-collaboration-with-hbl,2023-10-02T13:20:29Z,0.4629,neutral,finbert
HBL,profit,https://profit.pakistantoday.com.pk/2023/10/05/hbl-j-p-morgan-enter-into-an-agreement-for-secure-and-cost-effective-cross-border-payments-to-pakistan-via-xpedite-remit,2023-10-05T13:16:59Z,0.9280,positive,finbert
HBL,profit,https://profit.pakistantoday.com.pk/2023/10/11/on-world-sight-day-hbl-mobile-becomes-pakistans-first-mobile-banking-app-for-visually-impaired-individuals,2023-10-11T15:25:43Z,0.6699,positive,finbert
HBL,profit,https://profit.pakistantoday.com.pk/2023/10/12/hbl-takes-center-stage-at-iamtn-summit-in-dubai,2023-10-12T14:05:10Z,0.1556,neutral,finbert
HBL,profit,https://profit.pakistantoday.com.pk/2023/10/16/hbl-joins-the-un-principles-for-responsible-banking-and-un-convened-net-zero-banking-alliance,2023-10-16T14:16:02Z,0.1451,neutral,finbert
HBL,profit,https://profit.pakistantoday.com.pk/2023/10/23/hbl-sets-industry-benchmark-with-rs-1-billion-disbursement-in-ewr-financing,2023-10-23T13:58:45Z,0.2021,neutral,finbert
HBL,mettis,https://mettisglobal.news/hbl-rewards-22-5-dps-after-profit-jumps-to-rs42-82bn-in-9mcy23,2023-10-25T15:59:47Z,0.9104,positive,finbert
HBL,profit,https://profit.pakistantoday.com.pk/2023/10/26/hbl-and-psha-join-forces-to-position-pakistan-as-a-tech-destination,2023-10-26T13:00:38Z,0.8623,positive,finbert
HBL,profit,https://profit.pakistantoday.com.pk/2023/11/01/visa-in-partnership-with-hbl-launches-global-shes-next-program-to-empower-women-entrepreneurs,2023-11-01T14:08:34Z,0.3021,neutral,finbert
HBL,profit,https://profit.pakistantoday.com.pk/2023/11/06/hbl-a-tiktok-global-success-story,2023-11-06T08:08:50Z,0.5533,positive,finbert
HBL,profit,https://profit.pakistantoday.com.pk/2023/11/13/hbl-inaugurated-islamic-prestige-lounge-in-gpo-haider-chowk-rawalpind,2023-11-13T15:19:06Z,0.2006,neutral,finbert
HBL,profit,https://profit.pakistantoday.com.pk/2023/11/15/hbl-bank-of-china-sign-mou-on-strategic-cooperation-to-enhance-regional-trade,2023-11-15T08:58:11Z,0.9124,positive,finbert
HBL,mettis,https://mettisglobal.news/hbl-bank-of-china-sign-landmark-mou-on-strategic-cooperation,2023-11-15T16:48:40Z,0.7631,positive,finbert
HBL,profit,https://profit.pakistantoday.com.pk/2023/11/20/hbl-finances-rs-1bn-for-solar-tube-wells-to-boost-renewable-energy-in-pakistans-agriculture-sector,2023-11-20T13:37:14Z,0.8183,positive,finbert
HBL,mettis,https://mettisglobal.news/hbl-powers-up-agriculture-with-rs1bn-solar-tube-well-financing,2023-11-22T17:27:06Z,0.1725,neutral,finbert
HBL,profit,https://profit.pakistantoday.com.pk/2023/11/23/hbl-becomes-signatory-to-united-nations-women-empowerment-principles,2023-11-23T13:54:07Z,0.8091,positive,finbert
HBL,profit,https://profit.pakistantoday.com.pk/2023/12/05/hbl-becomes-the-first-capacity-building-alliance-of-sustainable-investment-casi-member-in-pakistan,2023-12-05T13:01:02Z,0.7242,positive,finbert
HBL,profit,https://profit.pakistantoday.com.pk/2023/12/08/sbp-approves-hbls-incorporation-of-hbl-zarai-services-limited,2023-12-08T08:24:31Z,0.3206,neutral,finbert
HBL,mettis,https://mettisglobal.news/sbp-grants-approval-to-hbl-for-hbl-zarai-services-limited,2023-12-08T12:00:25Z,0.7413,positive,finbert
HBL,profit,https://profit.pakistantoday.com.pk/2023/12/11/hbl-recognized-as-leading-remittance-mobilizing-bank-of-pakistan,2023-12-11T14:05:54Z,0.8621,positive,finbert
HBL,profit,https://profit.pakistantoday.com.pk/2023/12/28/hbfc-signs-a-term-finance-facility-agreement-with-hbl-to-strengthen-its-home-financing-portfolio,2023-12-28T12:44:30Z,0.9332,positive,finbert
HBL,profit,https://profit.pakistantoday.com.pk/2024/01/09/hbl-inaugurates-prestige-lounge-at-university-road-peshawar,2024-01-09T14:50:37Z,0.0562,neutral,finbert
HBL,profit,https://profit.pakistantoday.com.pk/2024/01/18/hbl-and-visa-announce-winners-of-first-edition-of-shes-next-program-in-pakistan,2024-01-18T14:01:13Z,0.0753,neutral,finbert
HBL,profit,https://profit.pakistantoday.com.pk/2024/01/31/hbl-sets-industry-benchmark-with-over-rs-2bn-worth-of-financing-for-solar-powered-tubewells,2024-01-31T14:22:12Z,0.8139,positive,finbert
HBL,mettis,https://mettisglobal.news/hbl-zarai-services-uaf-ink-agreement-to-boost-agriculture-sector,2024-02-13T17:22:25Z,0.9249,positive,finbert
HBL,profit,https://profit.pakistantoday.com.pk/2024/02/14/hbl-ventures-into-esports,2024-02-14T14:54:42Z,0.0612,neutral,finbert
HBL,profit,https://profit.pakistantoday.com.pk/2024/02/15/hbl-eafc-gaming-tournament-crowns-champions,2024-02-15T16:33:42Z,0.1152,neutral,finbert
HBL,mettis,https://mettisglobal.news/hbl-achieves-record-profit-of-rs57-76bn-in-2023-increases-dividend-payouts,2024-02-23T12:50:50Z,0.9265,positive,finbert
HBL,profit,https://profit.pakistantoday.com.pk/2024/02/23/hbl-2023-profit-rises-to-a-record-rs114bn-up-47-with-a-focus-on-agriculture-digitally-led-financial-inclusion-sustainability,2024-02-23T13:26:15Z,0.9322,positive,finbert
HBL,profit,https://profit.pakistantoday.com.pk/2024/02/26/hbl-zarai-services-pioneering-sustainable-agriculture-for-national-development,2024-02-26T13:11:39Z,0.2754,neutral,finbert
HBL,mettis,https://mettisglobal.news/hbl-ventures-into-agriculture-with-launch-of-hbl-zarai-services,2024-02-27T10:01:00Z,0.2303,neutral,finbert
HBL,profit,https://profit.pakistantoday.com.pk/2024/03/03/with-an-eye-on-profits-and-a-focus-on-sustainability-hbl-launches-agricultural-subsidiary,2024-03-03T18:17:40Z,0.1205,neutral,finbert
HBL,profit,https://profit.pakistantoday.com.pk/2024/03/06/hbl-ceo-likely-to-head-pm-sharifs-finance-team,2024-03-06T05:47:02Z,0.0290,neutral,finbert
HBL,profit,https://profit.pakistantoday.com.pk/2024/03/11/hbl-leadership-transition-muhammad-nassir-salim-appointed-as-new-ceo,2024-03-11T11:37:49Z,0.0198,neutral,finbert
HBL,profit,https://profit.pakistantoday.com.pk/2024/03/11/in-a-remarkable-act-of-national-service-muhammad-aurangzeb-steps-down-as-president-ceo-hbl,2024-03-11T12:20:21Z,-0.0152,neutral,finbert
HBL,mettis,https://mettisglobal.news/hbl-sees-leadership-change,2024-03-11T15:46:48Z,0.0282,neutral,finbert
HBL,mettis,https://mettisglobal.news/sbp-clears-muhammad-nassir-salim-as-president-ceo-of-hbl,2024-03-29T11:24:47Z,0.0782,neutral,finbert
HBL,profit,https://profit.pakistantoday.com.pk/2024/03/29/sbp-clears-muhammad-nassir-salim-as-president-ceo-of-hbl,2024-03-29T16:43:27Z,0.0782,neutral,finbert
HBL,profit,https://profit.pakistantoday.com.pk/2024/04/16/hbl-launches-its-podcast-series-hbl-inspire,2024-04-16T08:34:23Z,0.0829,neutral,finbert
HBL,profit,https://profit.pakistantoday.com.pk/2024/04/18/hbl-brings-tekken-tournament-for-women-in-lahore,2024-04-18T15:59:33Z,0.1173,neutral,finbert
HBL,profit,https://profit.pakistantoday.com.pk/2024/04/21/hbl-tekken-8-womens-gaming-tournament-crowns-champions,2024-04-21T14:19:23Z,0.2240,neutral,finbert
HBL,mettis,https://mettisglobal.news/hbl-declares-rs4-dps-despite-profit-drop-in-3qfy24,2024-04-23T14:31:03Z,-0.8934,negative,finbert
HBL,profit,https://profit.pakistantoday.com.pk/2024/04/30/hbl-approves-equity-investment-of-rs6bn-in-its-microfinance-subsidiary,2024-04-30T09:06:50Z,0.7591,positive,finbert
HBL,profit,https://profit.pakistantoday.com.pk/2024/05/08/hbl-and-agrilift-join-forces-to-accelerate-digitization-efforts-in-pakistans-agriculture-sector,2024-05-08T14:39:08Z,0.8864,positive,finbert
HBL,profit,https://profit.pakistantoday.com.pk/2024/05/23/hbl-holds-global-markets-outlook-2024-seminars-across-pakistan-to-provide-stakeholders-insights-into-global-and-domestic-economies,2024-05-23T18:08:46Z,0.1382,neutral,finbert
HBL,profit,https://profit.pakistantoday.com.pk/2024/06/03/hbl-islamic-banking-continues-to-scale-up-its-footprint-in-pakistan-2,2024-06-03T17:32:22Z,0.8846,positive,finbert
HBL,profit,https://profit.pakistantoday.com.pk/2024/06/05/hbl-and-exim-partner-to-boost-sme-exports,2024-06-05T06:17:45Z,0.9313,positive,finbert
HBL,mettis,https://mettisglobal.news/hbl-exim-bank-ink-mou-to-enhance-export-financing,2024-06-05T10:10:36Z,0.9002,positive,finbert
HBL,profit,https://profit.pakistantoday.com.pk/2024/07/12/hbl-inspire-i-global-markets-outlook-and-local-impact-i-risha-a-mohyeddin-global-treasurer-habib-bank-limited,2024-07-12T12:27:06Z,0.0992,neutral,finbert
HBL,profit,https://profit.pakistantoday.com.pk/2024/07/15/hbl-invests-in-aft-to-revolutionize-pakistans-agri-and-sme-sectors,2024-07-15T05:06:47Z,0.2780,neutral,finbert
HBL,profit,https://profit.pakistantoday.com.pk/2024/07/22/hbl-wins-best-bank-in-pakistan-2024-award-by-euromoney,2024-07-22T05:59:20Z,0.9089,positive,finbert
HBL,mettis,https://mettisglobal.news/hbl-wins-best-bank-in-pakistan-2024-award-by-euromoney,2024-07-22T10:30:11Z,0.9167,positive,finbert
HBL,profit,https://profit.pakistantoday.com.pk/2024/07/25/hbl-leads-cybersecurity-efforts-in-pakistan,2024-07-25T14:56:59Z,0.0763,neutral,finbert
HBL,profit,https://profit.pakistantoday.com.pk/2024/08/12/konnect-by-hbl-leads-esports-in-pakistan,2024-08-12T15:12:39Z,0.0881,neutral,finbert
HBL,profit,https://profit.pakistantoday.com.pk/2024/08/18/konnect-by-hbl-crowns-valorant-champions,2024-08-18T17:03:24Z,0.0367,neutral,finbert
HBL,profit,https://profit.pakistantoday.com.pk/2024/08/26/hbl-h124-profit-rises-to-rs-57-8-billion-an-increase-of-12-driven-by-strong-business-fundamentals-and-client-focus,2024-08-26T15:38:12Z,0.9327,positive,finbert
HBL,mettis,https://mettisglobal.news/hbl-lse-branch-to-exit-as-settling-bank-by-sep-24,2024-09-10T10:26:12Z,-0.0872,neutral,finbert
HBL,profit,https://profit.pakistantoday.com.pk/2024/09/12/hbl-hosts-hbl-china-story-session,2024-09-12T12:38:02Z,0.0002,neutral,finbert
HBL,mettis,https://mettisglobal.news/hbl-wins-best-board-of-the-year-award,2024-09-13T10:36:03Z,0.8893,positive,finbert
HBL,profit,https://profit.pakistantoday.com.pk/2024/09/15/hbl-honored-with-the-best-board-of-the-year-award,2024-09-15T15:01:18Z,0.9072,positive,finbert
HBL,mettis,https://mettisglobal.news/hbl-invests-in-pakistans-first-shariah-compliant-green-energy-fund,2024-09-20T17:15:46Z,0.2459,neutral,finbert
HBL,mettis,https://mettisglobal.news/hbl-lse-branch-closure-extended-by-nccpl-to-sep-30,2024-09-25T10:34:36Z,-0.8457,negative,finbert
HBL,profit,https://profit.pakistantoday.com.pk/2024/10/09/hbl-wins-best-conventional-bank-of-the-year-excellence-award,2024-10-09T15:44:06Z,0.8628,positive,finbert
HBL,mettis,https://mettisglobal.news/hbl-named-best-conventional-bank-of-the-year-by-fpcci,2024-10-10T11:59:02Z,0.9094,positive,finbert
HBL,mettis,https://mettisglobal.news/hbl-earnings-fall-short-of-expectations,2024-10-16T14:02:40Z,-0.9617,negative,finbert
HBL,profit,https://profit.pakistantoday.com.pk/2024/10/16/hbl-9m-2024-profit-rises-to-record-rs-85-9-billion-driven-by-strong-business-fundamentals-and-client-focus,2024-10-16T15:07:51Z,0.9295,positive,finbert
HBL,mettis,https://mettisglobal.news/hbl-livestock-fund-approved-for-secp-sandbox-testing,2024-10-21T12:50:48Z,0.2179,neutral,finbert
HBL,profit,https://profit.pakistantoday.com.pk/2024/11/15/hbl-chairman-sultan-allana-highlights-transformational-journey-at-eo-event,2024-11-15T13:12:42Z,0.0000,neutral,vader
HBL,mettis,https://mettisglobal.news/habib-bank-shares-may-gain-over-80-report,2024-11-21T20:10:54Z,0.9093,positive,finbert
HBL,mettis,https://mettisglobal.news/re-composition-mari-hbl-lotchem-fatima-added-to-psxdiv20-index,2024-11-27T10:51:05Z,0.0454,neutral,finbert
HBL,profit,https://profit.pakistantoday.com.pk/2024/12/10/hbl-inspire-how-banks-are-shaping-themselves-for-client-of-the-future-abrar-ahmed-mir-cito-hbl,2024-12-10T10:11:18Z,0.1373,neutral,finbert
HBL,profit,https://profit.pakistantoday.com.pk/2025/01/24/hbl-reinforces-commitment-to-sustainability-with-2023-impact-report,2025-01-24T04:58:55Z,0.8770,positive,finbert
HBL,profit,https://profit.pakistantoday.com.pk/2025/02/06/hbl-distributes-over-3-5-million-shares-among-383-employees-under-deferred-compensation-plan,2025-02-06T09:43:12Z,-0.0264,neutral,finbert
HBL,profit,https://profit.pakistantoday.com.pk/2025/02/14/hbl-and-sp-launch-pakistans-first-purchasing-managers-index,2025-02-14T13:45:49Z,0.1238,neutral,finbert
HBL,mettis,https://mettisglobal.news/hbl-sp-global-launch-pakistans-first-manufacturing-pmi,2025-02-15T10:21:13Z,0.1727,neutral,finbert
HBL,mettis,https://mettisglobal.news/hbl-reports-rs58bn-profit-for-2024-declares-dividend,2025-02-19T14:34:41Z,-0.0083,neutral,finbert
HBL,profit,https://profit.pakistantoday.com.pk/2025/02/20/hbl-partners-with-ahya-to-achieve-net-zero-and-climate-targets,2025-02-20T15:12:16Z,0.8210,positive,finbert
HBL,profit,https://profit.pakistantoday.com.pk/2025/02/27/hbl-approves-rs2-billion-equity-investment-in-microfinance-subsidiary,2025-02-27T07:18:44Z,0.6423,positive,finbert
HBL,profit,https://profit.pakistantoday.com.pk/2025/03/10/bii-announces-75-million-facility-with-hbl-to-enhance-food-security-and-farmers-climate-resilience-in-pakistan,2025-03-10T15:49:19Z,0.9168,positive,finbert
HBL,profit,https://profit.pakistantoday.com.pk/2025/03/13/google-wallet-now-available-for-hbl-cardholders-to-enhance-digital-payments-in-pakistan,2025-03-13T05:27:07Z,0.4575,neutral,finbert
HBL,mettis,https://mettisglobal.news/chairman-hbl-sultan-ali-allana-becomes-first-pakistani-to-win-nishan-e-khidmat,2025-03-24T14:00:05Z,0.1327,neutral,finbert
HBL,profit,https://profit.pakistantoday.com.pk/2025/04/10/hbl-celebrates-a-decade-of-hblpsl-2016-2025,2025-04-10T15:13:55Z,0.2932,neutral,finbert
HBL,profit,https://profit.pakistantoday.com.pk/2025/04/15/hbl-uses-ai-to-connect-with-hblpsl-fans,2025-04-15T09:59:58Z,0.0518,neutral,finbert
HBL,profit,https://profit.pakistantoday.com.pk/2025/04/25/hbl-posts-rs16-63bn-q1-profit-up-10-5-announces-rs4-50-interim-dividend,2025-04-25T12:54:11Z,0.9298,positive,finbert
HBL,mettis,https://mettisglobal.news/hbl-profit-edges-up-in-march-2025-quarter,2025-04-25T16:25:16Z,0.9205,positive,finbert
HBL,profit,https://profit.pakistantoday.com.pk/2025/05/02/hbl-manufacturing-pmi-softens-to-7-month-low,2025-05-02T12:51:25Z,0.1800,positive,finbert
HBL,mettis,https://mettisglobal.news/hbl-manufacturing-pmi-softens-to-7-month-low,2025-05-02T16:27:36Z,0.1800,positive,finbert
HBL,profit,https://profit.pakistantoday.com.pk/2025/05/10/episode-4-of-the-hbl-inspire-podcast-is-now-live,2025-05-10T00:21:51Z,0.0246,neutral,finbert
HBL,profit,https://profit.pakistantoday.com.pk/2025/05/17/kp-government-hbl-konnect-partner-to-deliver-digital-aid-to-orphans-and-widows,2025-05-17T13:09:37Z,0.4292,neutral,finbert
HBL,profit,https://profit.pakistantoday.com.pk/2025/06/01/hbl-demonstrates-leadership-in-agri-financing-gives-largest-insurance-payout-to-farmers,2025-06-01T15:28:21Z,0.8990,positive,finbert
HBL,mettis,https://mettisglobal.news/hbl-manufacturing-pmi-drops-to-8-month-low-of-nearly-51-in-may,2025-06-04T15:19:10Z,-0.9658,negative,finbert
HBL,mettis,https://mettisglobal.news/Savills-steers-Marina-View-deal-for-HBL-AMC-53453,2025-06-27T22:55:25Z,0.3931,neutral,finbert
HBL,mettis,https://mettisglobal.news/HBL-UBL-expand-service-hours-for-customer-convenience-53509,2025-07-01T11:32:40Z,0.6701,positive,finbert
HBL,mettis,https://mettisglobal.news/VIS-reaffirms-entity-ratings-of-Habib-Bank-Ltd-53514,2025-07-01T12:51:21Z,0.0741,neutral,finbert
HBL,profit,https://profit.pakistantoday.com.pk/2025/07/18/hbl-wins-best-bank-in-pakistan-2025-award-by-euromoney,2025-07-18T11:11:56Z,0.9097,positive,finbert
HBL,profit,https://profit.pakistantoday.com.pk/2025/07/23/gik-institute-hbl-explore-strategic-collaboration-for-innovation-talent-development-and-sustainability,2025-07-23T16:04:13Z,0.6122,positive,finbert
HBL,mettis,https://mettisglobal.news/HBL-1HFY25-profit-Rs344bn-Rs450share-dividend-declared-54154,2025-07-31T14:12:10Z,0.0123,neutral,finbert
HBL,profit,https://profit.pakistantoday.com.pk/2025/08/05/hbl-becomes-the-first-bank-to-partner-with-nccpl-to-enhance-capital-markets,2025-08-05T16:08:25Z,0.8676,positive,finbert
HBL,profit,https://profit.pakistantoday.com.pk/2025/08/06/hbl-and-sedf-forge-strategic-partnership-to-drive-sme-growth-in-sindh,2025-08-06T15:04:00Z,0.8947,positive,finbert
HBL,profit,https://profit.pakistantoday.com.pk/2025/08/11/habib-bank-crosses-rs5-trillion-in-deposits,2025-08-11T03:45:12Z,0.0645,neutral,finbert
HBL,profit,https://profit.pakistantoday.com.pk/2025/08/14/flag-hoisting-ceremony-held-at-hbl-plaza-to-celebrate-78th-independence-day-of-pakistan,2025-08-14T10:50:11Z,0.0983,neutral,finbert
HBL,profit,https://profit.pakistantoday.com.pk/2025/08/22/hbl-appoints-irfan-ahmed-meer-as-new-cfo,2025-08-22T07:22:05Z,0.0090,neutral,finbert
HBL,profit,https://profit.pakistantoday.com.pk/2025/08/25/hbl-foundation-continues-humanitarian-support-for-flood-affected-communities-in-gilgit-baltistan-and-khyber-pakhtunkhwa,2025-08-25T15:11:38Z,0.8694,positive,finbert
HBL,profit,https://profit.pakistantoday.com.pk/2025/08/28/hbl-in-partnership-with-mastercard-launches-business-debit-cards-to-empower-pakistans-smes,2025-08-28T14:38:44Z,0.6158,positive,finbert
HBL,profit,https://profit.pakistantoday.com.pk/2025/09/03/hbl-introduces-lowest-fixed-markup-rate-on-car-loans,2025-09-03T13:22:54Z,0.0215,neutral,finbert
HBL,profit,https://profit.pakistantoday.com.pk/2025/09/21/hbl-psha-ict-awards-2025-recognizes-diversity-growth-and-competitiveness-of-pakistans-it-industry,2025-09-21T11:35:23Z,0.8415,positive,finbert
HBL,mettis,https://mettisglobal.news/KTrade-upgrades-banking-sector-outlook-HBL-tops-picks-55677,2025-10-03T09:16:42Z,0.8719,positive,finbert
HBL,profit,https://profit.pakistantoday.com.pk/2025/10/03/hbl-iba-pioneer-agri-innovation-with-the-launch-of-first-ever-hackathon-and-agri-case-study,2025-10-03T16:42:55Z,0.3818,positive,vader
HBL,profit,https://profit.pakistantoday.com.pk/2025/10/23/hbl-lums-collaborate-on-financing-for-electric-three-wheeler-project,2025-10-23T12:36:45Z,0.6276,positive,finbert
HBL,mettis,https://mettisglobal.news/HBL-profit-surges-19-to-Rs51bn-dividend-hits-140-56142,2025-10-23T15:23:31Z,0.9000,positive,finbert
HBL,profit,https://profit.pakistantoday.com.pk/2025/10/29/hbl-shatters-records-retains-title-sponsorship-of-psl,2025-10-29T14:54:42Z,0.1229,neutral,finbert
HBL,profit,https://profit.pakistantoday.com.pk/2025/11/04/hbl-to-launch-unionpay-paypak-co-badge-debit-card,2025-11-04T06:41:42Z,0.1056,neutral,finbert
HBL,mettis,https://mettisglobal.news/HBL-Manufacturing-PMI-signals-mild-contraction-green-shoots-likely-ahead-56450,2025-11-04T21:33:08Z,-0.8082,negative,finbert
HBL,mettis,https://mettisglobal.news/HBL-eyes-strong-deposit-growth-and-operational-efficiency-56837,2025-11-21T11:08:13Z,0.9267,positive,finbert
HBL,profit,https://profit.pakistantoday.com.pk/2025/12/11/psx-announces-top-25-companies-engro-ffc-and-hbl-among-top-performers,2025-12-11T08:44:49Z,0.7153,positive,finbert
HBL,profit,https://profit.pakistantoday.com.pk/2025/12/16/hbl-reinforces-commitment-to-inclusive-growth-with-2024-impact-report,2025-12-16T14:38:54Z,0.8913,positive,finbert
HBL,profit,https://profit.pakistantoday.com.pk/2026/01/02/hbl-pakistan-manufacturing-pmi-hits-10-month-high,2026-01-02T07:10:16Z,0.5338,positive,finbert
HBL,profit,https://profit.pakistantoday.com.pk/2026/02/02/hbl-manufacturing-pmi-moderates-to-51-8-amid-softer-new-orders,2026-02-02T09:13:00Z,-0.8242,negative,finbert
HBL,profit,https://profit.pakistantoday.com.pk/2026/02/04/sbp-clears-hbl-zarai-as-agri-services-provider-under-digital-farm-loan-scheme,2026-02-04T05:40:19Z,0.7680,positive,finbert
HBL,profit,https://profit.pakistantoday.com.pk/2026/02/09/hbl-transfers-over-3-96-million-shares-to-employees-under-deferred-compensation-plan,2026-02-09T10:06:17Z,-0.0211,neutral,finbert
HBL,mettis,https://mettisglobal.news/HBL-credits-295m-shares-to-staff-58285,2026-02-09T13:42:28Z,0.0876,neutral,finbert
HBL,profit,https://profit.pakistantoday.com.pk/2026/02/17/pakistans-iconic-brand-hbl-unveils-refreshed-brand-identity,2026-02-17T14:37:14Z,0.8647,positive,finbert
HBL,profit,https://profit.pakistantoday.com.pk/2026/02/18/hbl-posts-2025-profit-before-tax-of-rs-148-1-billion-up-23-yoy-while-continuing-to-scale-with-profitability,2026-02-18T12:31:36Z,0.9360,positive,finbert
HBL,mettis,https://mettisglobal.news/HBL-PAT-nears-Rs68bn-in-CY2025-58521,2026-02-18T14:42:47Z,0.0806,neutral,finbert
HBL,profit,https://profit.pakistantoday.com.pk/2026/02/19/hbl-reappoints-muhammad-nassir-salim-as-ceo-for-two-more-years,2026-02-19T09:11:44Z,0.0333,neutral,finbert
HBL,profit,https://profit.pakistantoday.com.pk/2026/02/26/hbl-leads-pkr-75-9-billion-financing-mandate-for-fwos-white-oil-pipeline-project,2026-02-26T15:23:34Z,0.3326,neutral,finbert
HBL,mettis,https://mettisglobal.news/HBL-Pakistans-Manufacturing-PMI-hits-536-in-Feb-58780,2026-03-02T15:13:51Z,-0.4952,negative,finbert
HBL,profit,https://profit.pakistantoday.com.pk/2026/03/02/hbl-manufacturing-pmi-hits-one-year-high-but-sentiment-moderates,2026-03-02T15:43:06Z,-0.4337,negative,finbert
HBL,mettis,https://mettisglobal.news/HBL-tapped-to-arrange-financing-for-MariGCIL-project-59349,2026-03-31T15:32:46Z,0.2197,neutral,finbert
HBL,profit,https://profit.pakistantoday.com.pk/2026/03/31/mari-energies-assigns-hbl-to-arrange-financing-for-gas-emissions-project,2026-03-31T15:35:58Z,0.1382,neutral,finbert
HBL,profit,https://profit.pakistantoday.com.pk/2026/04/01/hbl-manufacturing-pmi-slows-in-early-signs-of-the-us-iran-war,2026-04-01T08:50:02Z,-0.9468,negative,finbert
HBL,mettis,https://mettisglobal.news/HBL-Manufacturing-PMI-slows-in-early-signs-of-USIran-War-59390,2026-04-01T16:22:32Z,-0.9438,negative,finbert
HBL,profit,https://profit.pakistantoday.com.pk/2026/04/13/hbl-awarded-mandate-of-project-financing-for-ghg-emissions-mitigation-limited-gem,2026-04-13T16:04:52Z,0.7890,positive,finbert
HBL,mettis,https://mettisglobal.news/Habib-Bank-declares-Rs6share-dividend-in-Q1FY26-59807,2026-04-17T14:42:07Z,-0.4600,negative,finbert
HBL,profit,https://profit.pakistantoday.com.pk/2026/04/17/hbl-posts-q126-profit-before-tax-of-rs-33-7-billion-while-serving-clients-well-across-all-segments,2026-04-17T15:49:56Z,0.8491,positive,finbert
HBL,profit,https://profit.pakistantoday.com.pk/2026/05/04/sultan-ali-allana-chairman-hbl-speaking-at-the-final-match-of-the-hblpsl-11-tournament,2026-05-04T07:57:06Z,0.0174,neutral,finbert
HBL,mettis,https://mettisglobal.news/HBL-Manufacturing-PMI-falls-amid-stagflationary-headwinds-60207,2026-05-04T16:27:09Z,-0.9612,negative,finbert
HBL,profit,https://profit.pakistantoday.com.pk/2026/05/12/pakistans-hbl-goes-live-on-temenos-core-banking,2026-05-12T15:38:35Z,0.0335,neutral,finbert
HBL,profit,https://profit.pakistantoday.com.pk/2026/05/16/hbl-plays-a-leading-role-in-the-inaugural-panda-bond-issuance,2026-05-16T12:53:07Z,0.3875,neutral,finbert
HBL,profit,https://profit.pakistantoday.com.pk/2026/06/18/sultan-ali-allana-chairman-hbl-reflects-on-what-it-takes-to-build-a-truly-iconic-brand,2026-06-18T09:34:25Z,0.2531,neutral,finbert
HBL,profit,https://profit.pakistantoday.com.pk/2026/06/29/hbl-celebrates-5-years-in-beijing-china,2026-06-29T15:55:32Z,0.3288,neutral,finbert
HBL,profit,https://profit.pakistantoday.com.pk/2026/07/02/hbl-to-chair-sco-ibc-2027,2026-07-02T17:20:41Z,-0.0066,neutral,finbert
HBL,profit,https://profit.pakistantoday.com.pk/2026/07/15/hbl-unveils-hbl-paypak-unionpay-co-badge-card-empowering-domestic-payment-schemes-with-global-connectivity,2026-07-15T14:30:44Z,0.0636,neutral,finbert
HBL,profit,https://profit.pakistantoday.com.pk/2026/07/17/hbl-wins-pakistans-best-bank-2026-award-by-euromoney,2026-07-17T16:47:04Z,0.8490,positive,finbert
HBL,profit,https://profit.pakistantoday.com.pk/2026/08/04/hbl-declares-h126-profit-before-tax-of-rs731-billion-reflecting-continued-client-focus-and-disciplined-execution-of-strategy,2026-08-04T09:13:47Z,0.0010,neutral,finbert
HBL,mettis,https://mettisglobal.news/HBL-posts-Rs345bn-halfyear-profit-declares-Rs12-dividend-62372,2026-08-04T13:18:40Z,0.0769,neutral,finbert
HBL,profit,https://profit.pakistantoday.com.pk/2026/08/07/hbl-strengthens-footprint-in-sindh-expanding-prestige-banking-and-trade-services,2026-08-07T07:21:27Z,0.1013,neutral,finbert
HBL,profit,https://profit.pakistantoday.com.pk/2026/08/11/hbl-appointed-by-ministry-of-religious-affairs-and-interfaith-harmony-as-exclusive-banking-partner-for-hajj-2027,2026-08-11T16:29:22Z,0.1039,neutral,finbert
HBL,mettis,https://mettisglobal.news/HBL-sees-NIM-boost-ahead-on-higher-lending-rates-62608,2026-08-12T11:09:45Z,0.9339,positive,finbert
HBL,mettis,https://mettisglobal.news/HBL-to-serve-as-corporate-advisor-as-APAG-heads-toward-public-listing-62716,2026-08-18T09:44:46Z,0.1015,neutral,finbert
HBL,mettis,https://mettisglobal.news/SBP-designates-UBL-HBL-NBP-as-DSIBs-for-2026-62884,2026-08-21T17:18:11Z,0.0194,neutral,finbert
HBL,profit,https://profit.pakistantoday.com.pk/2026/08/21/hbl-ubl-nbp-retained-as-pakistans-d-sibs-for-2026,2026-08-21T18:02:57Z,0.0196,neutral,finbert
HBL,profit,https://profit.pakistantoday.com.pk/2026/09/04/hbl-and-exim-bank-strengthen-support-for-pakistans-export-sector-through-bank-master-policy,2026-09-04T16:26:56Z,0.9068,positive,finbert
HBL,profit,https://profit.pakistantoday.com.pk/2026/09/10/hbl-marks-50-years-in-bangladesh-expands-rmb-services-for-clients,2026-09-10T15:03:44Z,0.2571,neutral,finbert
HBL,profit,https://profit.pakistantoday.com.pk/2026/09/21/hbl-and-unionpay-international-sign-mou-on-strategic-cooperation-to-strengthen-digital-payments,2026-09-21T16:35:05Z,0.8042,positive,finbert
HUBC,mettis,https://mettisglobal.news/hubco-announces-rs6-5-dividend-per-share,2022-01-18T11:10:17Z,0.0363,neutral,finbert
HUBC,profit,https://profit.pakistantoday.com.pk/2022/07/04/petroleum-division-unsatisfied-with-hubco-undertaking-for-eni-sale,2022-07-04T18:39:29Z,0.0524,neutral,finbert
HUBC,profit,https://profit.pakistantoday.com.pk/2022/07/22/eni-sale-law-ministry-finds-hubco-undertaking-inadequate-questions-petroleum-divisions-intent,2022-07-22T14:51:57Z,-0.9353,negative,finbert
HUBC,mettis,https://mettisglobal.news/HUBC-reports-15-drop-in-profits-due-to-lower-income-from-associates,2022-08-25T15:25:35Z,-0.9677,negative,finbert
HUBC,mettis,https://mettisglobal.news/Defective-alternator-at-Narowal-Plant-returned-in-service:-HUBC,2022-08-29T14:56:44Z,0.0737,neutral,finbert
HUBC,mettis,https://mettisglobal.news/hubco-announces-rs15-5-dividend,2022-10-03T11:29:17Z,-0.0090,neutral,finbert
HUBC,mettis,https://mettisglobal.news/Hubco-to-invest-$1mn-in-Thar-Energy-Ltd,2022-10-06T12:24:06Z,0.1151,neutral,finbert
HUBC,mettis,https://mettisglobal.news/hubc-as-a-joint-venture-partner-and-pakistani-sponsor-of-cphgc-has-issued-security-in-the-form-of-a-sblc-of-150-million-in-favor-of-cphgc,2022-11-23T12:37:51Z,0.0367,neutral,finbert
HUBC,mettis,https://mettisglobal.news/hubc-may-provide-a-new-sblc-worth-150mn-to-cphgc-within-ten-days-of-the-encashment-notice,2022-11-24T11:57:06Z,0.0386,neutral,finbert
HUBC,mettis,https://mettisglobal.news/hubco-initiates-legal-proceedings-against-encashment-notice,2022-11-24T15:14:29Z,-0.4836,negative,finbert
HUBC,profit,https://profit.pakistantoday.com.pk/2022/11/24/chinese-want-to-encash-150m-guarantee-by-hubco-but-why,2022-11-24T18:06:30Z,0.0187,neutral,finbert
HUBC,mettis,https://mettisglobal.news/n-order-to-resolve-the-conflict-between-china-power-hub-generation-company-ltd-cphgc-and-the-hub-power-company-ltd-hubc,2022-11-25T13:28:50Z,0.7910,positive,finbert
HUBC,mettis,https://mettisglobal.news/hubc-is-witnessing-a-messy-round-on-behalf-of-the-government-to-fulfill-its-commitment-with-all-china-pakistan-economic-corridor-cpec-power-producers,2022-11-29T11:42:07Z,-0.7814,negative,finbert
HUBC,mettis,https://mettisglobal.news/the-hub-power-company-limited-hubco-has-announced-that-company-successfully-completed-boiler-steam-blowing-project-at-thal-nova-and-this-project-will-add-330m,2022-12-01T23:51:20Z,0.1716,neutral,finbert
HUBC,mettis,https://mettisglobal.news/encashment-notice-withdrawn-standby-lc-extended-on-agreed-terms-hubc,2022-12-23T10:54:20Z,-0.0361,neutral,finbert
HUBC,mettis,https://mettisglobal.news/psx-recomposes-kmi-30-index-hubc-deposed,2022-12-26T13:47:20Z,0.0515,neutral,finbert
HUBC,mettis,https://mettisglobal.news/hubc-acquires-enis-business-in-pakistan,2022-12-30T12:55:00Z,0.0951,neutral,finbert
HUBC,mettis,https://mettisglobal.news/narowal-energy-limited-restores-full-power-generation-capacity-at-narowal-plant-hubc,2023-02-09T11:34:16Z,0.7535,positive,finbert
HUBC,mettis,https://mettisglobal.news/330-mw-coal-fired-power-generation-complex-in-thar-achieves-commissioning-hubco,2023-02-17T09:37:02Z,0.1402,neutral,finbert
HUBC,mettis,https://mettisglobal.news/cphgcs-2x660-mw-power-plant-declared-project-complete-hubco,2023-02-23T14:57:22Z,0.0201,neutral,finbert
HUBC,mettis,https://mettisglobal.news/hubco-profit-skyrockets-50-in-9mfy23,2023-04-27T15:11:49Z,0.2330,positive,finbert
HUBC,mettis,https://mettisglobal.news/pacra-maintains-entity-ratings-of-hubc,2023-06-22T11:00:53Z,0.0694,neutral,finbert
HUBC,mettis,https://mettisglobal.news/hubco-reports-rs62-01bn-profit-for-fy23-announces-rs6-dps,2023-09-12T11:35:09Z,0.0361,neutral,finbert
HUBC,profit,https://profit.pakistantoday.com.pk/2023/09/30/how-did-hubco-earn-its-highest-ever-profit,2023-09-30T17:37:48Z,0.1532,neutral,finbert
HUBC,mettis,https://mettisglobal.news/hubco-explores-partnership-with-byd-to-boost-electric-vehicles-in-pakistan,2023-10-20T09:48:59Z,0.9208,positive,finbert
HUBC,mettis,https://mettisglobal.news/hubc-doubles-its-earnings-in-first-quarter-declares-rs5-dividend,2023-10-25T11:22:22Z,0.9137,positive,finbert
HUBC,mettis,https://mettisglobal.news/hubc-to-unveil-new-business-developments-on-tuesday,2024-01-15T11:15:12Z,0.0557,neutral,finbert
HUBC,mettis,https://mettisglobal.news/hubc-eyes-acquisition-of-sindh-engro-coal-mining,2024-01-16T10:48:21Z,0.0403,neutral,finbert
HUBC,profit,https://profit.pakistantoday.com.pk/2024/01/16/hub-power-company-set-to-negotiate-stake-acquisition-in-secmc,2024-01-16T15:59:24Z,0.0745,neutral,finbert
HUBC,profit,https://profit.pakistantoday.com.pk/2024/01/16/why-is-hubco-doubling-down-on-thar-coal,2024-01-16T17:28:01Z,-0.7984,negative,finbert
HUBC,profit,https://profit.pakistantoday.com.pk/2024/01/23/hub-power-company-k-electric-forge-alliance-for-clean-energy-shift,2024-01-23T15:27:38Z,0.1304,neutral,finbert
HUBC,mettis,https://mettisglobal.news/hubco-ke-join-hands-for-hub-power-plants-transition-to-thar-coal,2024-01-23T19:32:10Z,0.6007,positive,finbert
HUBC,mettis,https://mettisglobal.news/hubc-earnings-jump-to-rs17-2bn-in-2qfy24-announces-rs4-per-share-dividend,2024-02-14T11:24:54Z,0.8695,positive,finbert
HUBC,profit,https://profit.pakistantoday.com.pk/2024/02/14/hub-power-reports-17-yoy-growth-in-profits-for-q2fy24,2024-02-14T14:30:18Z,0.9344,positive,finbert
HUBC,profit,https://profit.pakistantoday.com.pk/2024/02/16/hub-power-to-acquire-9-5-shares-of-sindh-engro-coal-mining-company,2024-02-16T12:14:00Z,0.0389,neutral,finbert
HUBC,mettis,https://mettisglobal.news/hub-power-to-buy-9-5-stake-in-sindh-engro-coal-mining,2024-02-16T16:12:22Z,0.0804,neutral,finbert
HUBC,mettis,https://mettisglobal.news/hubco-foresees-fall-in-power-consumption-amid-economic-shifts,2024-03-06T09:43:44Z,-0.9554,negative,finbert
HUBC,mettis,https://mettisglobal.news/hubc-q1-profit-rises-19-yoy-to-rs7bn,2024-04-29T11:35:18Z,0.9013,positive,finbert
HUBC,profit,https://profit.pakistantoday.com.pk/2024/06/21/hub-power-company-enters-electric-vehicle-market-in-collaboration-with-chinas-byd,2024-06-21T11:42:50Z,0.2114,neutral,finbert
HUBC,profit,https://profit.pakistantoday.com.pk/2024/08/26/hub-power-holdings-enters-joint-venture-for-mineral-exploration,2024-08-26T09:44:33Z,0.2263,positive,vader
HUBC,mettis,https://mettisglobal.news/hubc-declares-rs8-5-dividend-as-profit-rises,2024-08-26T12:06:12Z,0.4404,positive,vader
HUBC,mettis,https://mettisglobal.news/hub-power-holdings-forms-jv-with-ark-metals-for-mineral-exploration,2024-08-26T12:23:13Z,0.0461,neutral,finbert
HUBC,profit,https://profit.pakistantoday.com.pk/2024/09/30/hubco-ventures-into-lithium-mining-and-battery-manufacturing,2024-09-30T14:18:03Z,0.0829,neutral,finbert
HUBC,mettis,https://mettisglobal.news/hubc-secures-approval-for-rs5-4bn-investment-in-sindh-engro-coal,2024-09-30T16:17:34Z,0.9087,positive,finbert
HUBC,profit,https://profit.pakistantoday.com.pk/2024/10/09/hubco-lalpir-call-emergency-meetings-as-govt-moves-to-terminate-ipps-agreements,2024-10-09T10:18:32Z,-0.7636,negative,finbert
HUBC,mettis,https://mettisglobal.news/hubco-to-discuss-premature-termination-of-key-agreements-tomorrow,2024-10-09T14:09:56Z,-0.8201,negative,finbert
HUBC,mettis,https://mettisglobal.news/hubc-lpl-gear-up-for-critical-contract-termination-talks,2024-10-09T15:21:27Z,-0.8653,negative,finbert
HUBC,profit,https://profit.pakistantoday.com.pk/2024/10/10/hub-power-company-reaches-settlement-deal-for-early-expiry-of-power-contracts,2024-10-10T10:05:56Z,0.0516,positive,vader
HUBC,mettis,https://mettisglobal.news/hubc-finalizes-settlement-agreement-for-early-expiry-of-power-contracts,2024-10-10T13:07:45Z,0.4939,positive,vader
HUBC,profit,https://profit.pakistantoday.com.pk/2024/10/17/hubco-subsidiary-partners-with-chinese-byd-to-manufacture-electric-vehicles-in-pakistan,2024-10-17T11:55:56Z,0.6245,positive,finbert
HUBC,mettis,https://mettisglobal.news/hub-power-q1-profit-doubles,2024-10-30T11:10:45Z,0.6415,positive,finbert
HUBC,profit,https://profit.pakistantoday.com.pk/2024/10/30/hubco-reports-rs20-3-billion-profit-in-1qfy25-amid-revenue-decline,2024-10-30T15:06:25Z,0.2029,neutral,finbert
HUBC,profit,https://profit.pakistantoday.com.pk/2024/10/31/hubco-to-establish-nationwide-electric-vehicle-charging-network,2024-10-31T08:00:35Z,0.1712,neutral,finbert
HUBC,mettis,https://mettisglobal.news/pso-hubc-sign-mou-to-launch-nationwide-ev-charging-grid,2024-11-06T10:39:20Z,0.6941,positive,finbert
HUBC,mettis,https://mettisglobal.news/hubc-ratings-unchanged-following-negotiated-settlement-with-govt,2024-11-12T12:19:18Z,0.0000,neutral,vader
HUBC,profit,https://profit.pakistantoday.com.pk/2024/12/05/hub-power-holdings-signs-deal-for-50-stake-in-mega-motor-company-to-expand-auto-business,2024-12-05T05:59:56Z,0.2710,neutral,finbert
HUBC,mettis,https://mettisglobal.news/hub-power-holdings-partners-with-mcpl-for-mega-motor,2024-12-05T10:04:51Z,0.4378,neutral,finbert
HUBC,profit,https://profit.pakistantoday.com.pk/2025/02/14/hubco-expands-into-ev-charging-sector-with-new-subsidiary-partners-with-pso,2025-02-14T14:24:56Z,0.7431,positive,finbert
HUBC,mettis,https://mettisglobal.news/hub-power-holdings-expands-into-green-energy-with-new-subsidiary-hubco-green,2025-02-14T14:49:37Z,0.1343,neutral,finbert
HUBC,mettis,https://mettisglobal.news/pso-partners-with-hubco-green-for-ev-charging-infrastructure,2025-02-17T13:23:09Z,0.5527,positive,finbert
HUBC,profit,https://profit.pakistantoday.com.pk/2025/03/05/hubco-subsidiary-adopts-hybrid-tariff-model-under-new-agreement-with-govt,2025-03-05T08:35:12Z,0.2633,neutral,finbert
HUBC,profit,https://profit.pakistantoday.com.pk/2025/04/25/attock-petroleum-partners-with-hubco-green-to-develop-ev-charging-infrastructure,2025-04-25T06:09:11Z,0.6906,positive,finbert
HUBC,mettis,https://mettisglobal.news/apl-hubco-green-partner-to-power-pakistans-ev-future,2025-04-25T09:29:42Z,0.6143,positive,finbert
HUBC,mettis,https://mettisglobal.news/hub-power-companys-profit-falls-to-over-rs38bn-down-29-yoy,2025-04-29T11:54:20Z,-0.9667,negative,finbert
HUBC,profit,https://profit.pakistantoday.com.pk/2025/06/25/hubco-green-pso-launch-nev-charging-station-on-lahore-islamabad-motorway,2025-06-25T13:15:58Z,0.2703,neutral,finbert
HUBC,profit,https://profit.pakistantoday.com.pk/2025/07/09/hubco-led-consortium-yet-to-make-binding-commitment-on-pia-stake-acquisition,2025-07-09T08:07:14Z,0.0339,neutral,finbert
HUBC,profit,https://profit.pakistantoday.com.pk/2025/07/16/hubco-announces-51-million-support-for-thar-based-coal-projects,2025-07-16T07:45:37Z,0.8477,positive,finbert
HUBC,profit,https://profit.pakistantoday.com.pk/2025/08/07/hubco-and-thal-limited-extend-sponsor-support-for-thar-based-power-projects,2025-08-07T13:29:56Z,0.8236,positive,finbert
HUBC,mettis,https://mettisglobal.news/HUBCO-gets-shareholders-nod-for-Thar-Energy-ThalNova-support-extension-54340,2025-08-07T17:23:22Z,0.3326,neutral,finbert
HUBC,profit,https://profit.pakistantoday.com.pk/2025/08/09/hubco-shareholders-approve-51m-guarantees-for-thar-based-coal-projects,2025-08-08T19:45:16Z,0.8960,positive,finbert
HUBC,profit,https://profit.pakistantoday.com.pk/2025/09/03/hub-power-reports-31-2-decline-in-net-profit-for-fy25,2025-09-03T09:12:00Z,-0.9664,negative,finbert
HUBC,mettis,https://mettisglobal.news/HUBC-reports-31-decline-in-profit-for-FY25-54971,2025-09-03T11:50:40Z,-0.9673,negative,finbert
HUBC,profit,https://profit.pakistantoday.com.pk/2025/09/03/hubco-green-rolls-out-eight-fast-ev-chargers-in-major-cities,2025-09-03T17:29:21Z,0.1697,neutral,finbert
HUBC,profit,https://profit.pakistantoday.com.pk/2025/10/07/hubco-eyes-byd-ev-assembly-in-2026-aluminium-smelter-and-spm-project-also-under-review,2025-10-07T06:32:35Z,0.0015,neutral,finbert
HUBC,profit,https://profit.pakistantoday.com.pk/2025/10/13/hubco-reaffirms-2026-date-for-byd-assembly-in-pakistan,2025-10-13T03:05:25Z,0.0764,neutral,finbert
HUBC,mettis,https://mettisglobal.news/The-Hub-Power-Companys-1QFY26-profit-declines-35-yet-declares-Rs5share-dividend-56335,2025-10-30T11:30:47Z,-0.9607,negative,finbert
HUBC,profit,https://profit.pakistantoday.com.pk/2025/10/30/hubco-declares-dividend-after-stable-quarterly-profit,2025-10-30T13:24:58Z,-0.6697,negative,finbert
HUBC,profit,https://profit.pakistantoday.com.pk/2025/11/03/hubco-ffc-thal-announce-completion-of-thar-energy-thalnova-power-projects-under-cpec,2025-11-03T05:52:50Z,0.1875,neutral,finbert
HUBC,mettis,https://mettisglobal.news/Hubco-achieves-project-completion-for-Thar-power-plants-56404,2025-11-03T10:24:23Z,0.8929,positive,finbert
HUBC,profit,https://profit.pakistantoday.com.pk/2025/11/10/two-major-hubco-backed-thar-coal-power-projects-now-online,2025-11-10T03:25:14Z,0.1884,neutral,finbert
HUBC,profit,https://profit.pakistantoday.com.pk/2025/11/14/hubco-jv-wins-exploration-rights-in-four-oil-and-gas-blocks,2025-11-14T06:58:21Z,0.6313,positive,finbert
HUBC,mettis,https://mettisglobal.news/HUBC-profit-grows-8-on-higher-dividend-income-in-1HFY26-58640,2026-02-24T10:46:49Z,0.9254,positive,finbert
HUBC,profit,https://profit.pakistantoday.com.pk/2026/02/26/hubco-to-launch-150m-auto-assembly-plant-in-2026-as-diversification-drive-accelerates,2026-02-26T16:59:00Z,0.8309,positive,finbert
HUBC,mettis,https://mettisglobal.news/HUBC-declares-Rs5-per-share-dividend-for-3QFY26-59899,2026-04-22T11:28:47Z,-0.3883,neutral,finbert
HUBC,profit,https://profit.pakistantoday.com.pk/2026/04/22/hubco-profit-falls-3-as-higher-tax-outlay-offsets-strong-operating-gains,2026-04-22T16:46:14Z,-0.8975,negative,finbert
HUBC,mettis,https://mettisglobal.news/HUBC-profit-rises-9-to-Rs56bn-declares-Rs5-dividend-62982,2026-08-27T11:21:50Z,0.9186,positive,finbert
HUBC,profit,https://profit.pakistantoday.com.pk/2026/08/31/hubco-led-consortium-pre-qualified-in-race-for-faisalabad-power-utility,2026-08-31T08:16:10Z,0.0553,neutral,finbert
HUBC,mettis,https://mettisglobal.news/Lucky-Cement-consortium-shortlisted-for-GEPCO-privatization-due-diligence-64017,2026-10-07T10:06:53Z,0.2035,neutral,finbert
LUCK,mettis,https://mettisglobal.news/lucky-cement-to-increase-cement-prices-by-rs30-per-bag,2021-10-17T12:09:01Z,0.8885,positive,finbert
LUCK,profit,https://profit.pakistantoday.com.pk/2021/10/31/step-aside-lucky-cement-fauji-cement-is-now-2-in-the-north,2021-10-31T17:39:13Z,0.6901,positive,finbert
LUCK,mettis,https://mettisglobal.news/lucky-cement-announces-34mw-solar-power-project-and-5-589mwh-reflex-energy-storage,2022-03-31T19:14:40Z,0.3403,neutral,finbert
LUCK,mettis,https://mettisglobal.news/lucky-cement-to-commence-feasibility-study-of-renewable-energy-project-at-karachi,2022-06-13T09:27:52Z,0.1326,neutral,finbert
LUCK,mettis,https://mettisglobal.news/Lucky-Cement-to-buyback-up-to-10mn-shares--,2022-08-26T09:42:09Z,0.6249,positive,finbert
LUCK,mettis,https://mettisglobal.news/Lucky-Cement-to-buy-back-10-million-share-through-PSX,2022-09-16T16:18:25Z,0.1437,neutral,finbert
LUCK,mettis,"https://mettisglobal.news/Lucky-Cement-buys-back-another-5,000-shares",2022-10-13T10:28:16Z,0.4563,neutral,finbert
LUCK,profit,https://profit.pakistantoday.com.pk/2022/12/09/lucky-cement-continues-share-buyback,2022-12-09T18:34:51Z,0.2491,neutral,finbert
LUCK,mettis,https://mettisglobal.news/lucky-cement-to-buy-back-7-59-of-its-shares,2023-05-02T10:02:07Z,0.5971,positive,finbert
LUCK,profit,https://profit.pakistantoday.com.pk/2023/08/08/lucky-cement-pays-out-dividend-after-hiatus-of-three-years,2023-08-08T14:37:55Z,0.0653,neutral,finbert
LUCK,mettis,https://mettisglobal.news/vis-reaffirms-entity-ratings-of-lucky-cement,2023-11-01T10:52:11Z,0.0666,neutral,finbert
LUCK,profit,https://profit.pakistantoday.com.pk/2024/02/15/fatima-fertilizers-lucky-cement-acquire-direct-stake-in-balochistan-based-mining-company,2024-02-15T18:01:59Z,0.1214,neutral,finbert
LUCK,mettis,https://mettisglobal.news/ccp-approves-lucky-cement-fatima-fertilizers-acquisition-bid-for-national-resources,2024-02-16T12:39:55Z,0.6601,positive,finbert
LUCK,mettis,https://mettisglobal.news/ubl-lucky-cement-seal-rs8bn-standby-letter-of-credit-deal,2024-06-26T10:44:26Z,0.3045,neutral,finbert
LUCK,profit,https://profit.pakistantoday.com.pk/2024/07/01/sher-afzal-marwat-has-locked-horns-with-lucky-cement-over-how-they-spend-their-csr-money-does-he-have-a-point,2024-07-01T04:56:17Z,-0.5988,negative,finbert
LUCK,mettis,https://mettisglobal.news/lucky-cement-profit-jumps-almost-four-times-to-rs9-5bn,2024-08-09T09:42:30Z,0.8303,positive,finbert
LUCK,profit,https://profit.pakistantoday.com.pk/2024/08/23/finmin-discusses-aviation-sector-with-pegasus-airlines-chair-and-lucky-cement-ceo,2024-08-23T17:10:26Z,0.0361,neutral,finbert
LUCK,profit,https://profit.pakistantoday.com.pk/2024/10/22/lucky-cement-commissions-28-8-mw-wind-power-project-at-karachi-plant,2024-10-22T10:02:52Z,0.1383,neutral,finbert
LUCK,mettis,https://mettisglobal.news/lucky-cement-commissions-28-8mw-wind-power-project,2024-10-22T12:02:11Z,0.0831,neutral,finbert
LUCK,mettis,https://mettisglobal.news/lucky-cement-beats-q1-profit-estimates-on-strong-sales,2024-10-28T14:56:52Z,0.8742,positive,finbert
LUCK,profit,https://profit.pakistantoday.com.pk/2025/02/21/lucky-cement-to-implement-5-for-1-stock-split-to-enhance-liquidity,2025-02-21T08:02:22Z,0.9168,positive,finbert
LUCK,profit,https://profit.pakistantoday.com.pk/2025/04/15/lucky-cement-to-suspend-trading-from-april-21-to-implement-15-stock-split,2025-04-15T13:41:20Z,0.1280,positive,vader
LUCK,mettis,https://mettisglobal.news/lucky-cement-to-suspend-trading-for-face-value-adjustment,2025-04-15T14:20:33Z,-0.7739,negative,finbert
LUCK,mettis,https://mettisglobal.news/lucky-cement-posts-over-13-rise-in-nine-month-profit,2025-04-28T09:33:25Z,0.9230,positive,finbert
LUCK,profit,https://profit.pakistantoday.com.pk/2025/04/28/lucky-cement-lifts-9mfy25-earnings-by-47-boosts-exports-by-76-with-new-marketsreport,2025-04-28T15:27:34Z,0.9354,positive,finbert
LUCK,profit,https://profit.pakistantoday.com.pk/2025/05/14/lucky-cement-to-boost-global-capacity-with-new-projects-in-iraq,2025-05-14T08:53:44Z,0.8514,positive,finbert
LUCK,mettis,https://mettisglobal.news/lucky-cement-fires-new-clinker-kiln-in-iralucky-cement-limited-has-successfully-fired-the-kiln-for-its-new-clinker-production-line-on-may-13-2025-this-development-follows-the-companys-earl,2025-05-14T11:24:00Z,0.6883,positive,finbert
LUCK,profit,https://profit.pakistantoday.com.pk/2025/06/19/lucky-cement-clarifies-that-its-iraq-plant-is-operational-after-rumors-of-attack,2025-06-19T16:36:32Z,-0.0772,negative,vader
LUCK,mettis,https://mettisglobal.news/Lucky-Cement-achieves-historic-export-milestone-53588,2025-07-04T09:49:54Z,0.9291,positive,finbert
LUCK,mettis,https://mettisglobal.news/Lucky-Cement-partners-explore-PIA-acquisition-53684,2025-07-09T12:31:05Z,0.1649,neutral,finbert
LUCK,profit,https://profit.pakistantoday.com.pk/2025/08/11/lucky-cement-to-invest-rs1-2-billion-in-its-associate-firm-for-copper-gold-exploration-in-balochistan,2025-08-11T08:13:23Z,0.5416,positive,finbert
LUCK,mettis,https://mettisglobal.news/Lucky-Cement-eyes-Rs12bn-bet-on-coppergold-venture-54392,2025-08-11T09:39:05Z,0.7155,positive,finbert
LUCK,profit,https://profit.pakistantoday.com.pk/2025/10/28/lucky-cement-net-profit-climbs-19-on-robust-revenue-and-plunging-finance-costs,2025-10-28T13:10:26Z,-0.4811,negative,finbert
LUCK,profit,https://profit.pakistantoday.com.pk/2025/12/01/lucky-cement-jv-to-more-than-double-congo-cement-capacity,2025-12-01T14:02:08Z,0.9035,positive,finbert
LUCK,mettis,https://mettisglobal.news/Lucky-Cement-supercharges-Congo-capacity-with-major-expansion-57024,2025-12-01T15:47:23Z,0.8177,positive,finbert
LUCK,profit,https://profit.pakistantoday.com.pk/2025/12/19/lucky-cement-board-clears-consortiums-bid-for-pia-privatisation,2025-12-19T12:43:51Z,0.3550,neutral,finbert
LUCK,mettis,https://mettisglobal.news/Lucky-Cement-Board-clears-participation-in-PIACL-privatization-bid-57385,2025-12-19T15:48:53Z,0.0705,neutral,finbert
LUCK,mettis,https://mettisglobal.news/Lucky-Cement-reports-Rs48bn-profit-for-1HFY26-58056,2026-01-28T10:41:07Z,0.2517,neutral,finbert
LUCK,mettis,https://mettisglobal.news/Lucky-Cement-hikes-South-prices-58715,2026-02-26T19:01:34Z,0.4215,positive,vader
LUCK,mettis,https://mettisglobal.news/Lucky-Cement-rated-AA-on-strong-liquidity-58796,2026-03-03T11:54:15Z,0.9320,positive,finbert
LUCK,mettis,https://mettisglobal.news/Lucky-Cement-boosts-Karachi-plant-capacity-by-300000-tons-61498,2026-07-01T15:29:17Z,0.9305,positive,finbert
LUCK,profit,https://profit.pakistantoday.com.pk/2026/07/01/lucky-cement-raises-annual-production-capacity-to-156-million-tons-with-karachi-plant-expansion,2026-07-01T16:45:15Z,0.9302,positive,finbert
LUCK,mettis,https://mettisglobal.news/Lucky-Cement-approves-Rs12bn-mineral-investment-62515,2026-08-10T09:33:39Z,0.8014,positive,finbert
LUCK,profit,https://profit.pakistantoday.com.pk/2026/09/26/lucky-cement-shareholders-approve-rs12-billion-investment-in-mining-venture,2026-09-26T02:59:18Z,0.3999,neutral,finbert
LUCK,profit,https://profit.pakistantoday.com.pk/2026/10/07/lucky-cement-led-consortium-qualifies-for-gepco-privatisation-due-diligence,2026-10-07T05:15:56Z,0.2495,neutral,finbert
LUCK,mettis,https://mettisglobal.news/Lucky-Cement-consortium-shortlisted-for-GEPCO-privatization-due-diligence-64017,2026-10-07T10:06:53Z,0.2035,neutral,finbert
MARI,profit,https://profit.pakistantoday.com.pk/2021/12/12/mari-shareholders-have-an-exceptional-year,2021-12-12T04:36:15Z,0.7469,positive,finbert
MARI,mettis,https://mettisglobal.news/mari-profitability-intacts,2022-01-24T12:48:31Z,0.2732,positive,vader
MARI,mettis,https://mettisglobal.news/ffc-working-on-compression-project-with-mari-to-tackle-depleting-gas-reserves,2022-02-02T14:28:34Z,0.5351,positive,finbert
MARI,mettis,https://mettisglobal.news/ecc-likely-to-approve-allocation-of-gas-from-mari-deep-to-sngpl,2022-03-14T16:50:03Z,0.7276,positive,finbert
MARI,mettis,https://mettisglobal.news/mari-petroleum-commences-first-gas-from-newly-constructed-sgpc,2022-03-28T09:25:20Z,0.1157,neutral,finbert
MARI,mettis,https://mettisglobal.news/mari-to-divest-its-entire-shareholding-in-nrl,2022-04-14T13:59:32Z,-0.0120,neutral,finbert
MARI,mettis,https://mettisglobal.news/MARI-awarded-5-exploration-blocks-by-Petroleum-Division,2022-04-28T10:49:07Z,0.8631,positive,finbert
MARI,mettis,https://mettisglobal.news/mari-makes-hydrocarbon-discovery-at-bannu-west-block-kp,2022-06-01T10:57:58Z,0.1360,neutral,finbert
MARI,mettis,https://mettisglobal.news/mari-performs-post-acid-test-reports-double-gas-flows-at-bannu-west-l,2022-06-27T10:20:47Z,0.2514,neutral,finbert
MARI,mettis,"https://mettisglobal.news/MARI-declares-5%-rise-in-profits,-payout-of-Rs124sh",2022-08-04T15:19:45Z,0.9209,positive,finbert
MARI,mettis,"https://mettisglobal.news/MARI-temporarily-suspends-operations-at-Zarghun-South,-Ziarat-Block",2022-09-08T11:19:20Z,-0.8645,negative,finbert
MARI,mettis,https://mettisglobal.news/mari-resumes-crude-oil-production-from-bolan-east-oil-field,2022-10-27T10:35:59Z,0.4028,neutral,finbert
MARI,mettis,https://mettisglobal.news/the-directorate-general-of-petroleum-concessions-dgpc-has-awarded-four-new-exploration-blocks-to-mari-petroleum-company-limited,2022-11-08T10:27:54Z,0.8912,positive,finbert
MARI,profit,https://profit.pakistantoday.com.pk/2022/12/10/mari-petroleum-signs-with-major-fertiliser-producers-for-gas-production,2022-12-10T06:47:49Z,0.1542,neutral,finbert
MARI,mettis,https://mettisglobal.news/mari-resumes-gas-production-from-zarghun-south-gas-field,2022-12-21T15:01:22Z,0.2886,neutral,finbert
MARI,mettis,https://mettisglobal.news/mari-petroleum-makes-gas-discovery-at-well-mari-ghazij-1,2023-01-09T09:37:21Z,0.1697,neutral,finbert
MARI,mettis,https://mettisglobal.news/mari-completes-construction-of-sachal-gas-processing-complex,2023-01-20T10:26:04Z,0.7041,positive,finbert
MARI,mettis,https://mettisglobal.news/mari-performs-post-acid-test-at-exploratory-well-mari-ghazij-l,2023-01-25T10:09:35Z,0.0698,neutral,finbert
MARI,mettis,https://mettisglobal.news/mari-successfully-completes-commissioning-testing-of-sgpc-phase-ii-gas-processing-facilities,2023-03-09T10:05:01Z,0.8906,positive,finbert
MARI,profit,https://profit.pakistantoday.com.pk/2023/03/09/mari-petroleum-successfully-completes-commissioning-of-facility-in-daharki-sindh,2023-03-09T17:13:20Z,0.9274,positive,finbert
MARI,mettis,https://mettisglobal.news/mari-opi-sign-gas-processing-contract-for-shewa-i-discovery-in-waziristan-block,2023-04-13T12:06:10Z,0.7482,positive,finbert
MARI,mettis,https://mettisglobal.news/mari-to-establish-wholly-owned-subsidiary-company,2023-04-28T16:15:05Z,0.0340,neutral,finbert
MARI,mettis,https://mettisglobal.news/mari-shows-resilience-records-47-yoy-higher-profit-in-tough-economy,2023-04-28T17:40:39Z,0.9257,positive,finbert
MARI,mettis,https://mettisglobal.news/mari-keeps-investors-on-toes-with-unprecedented-delayed-meeting-results,2023-06-09T10:22:41Z,-0.7859,negative,finbert
MARI,mettis,https://mettisglobal.news/mari-uepl-secure-44-46-working-interest-in-kalchas-south-block,2023-07-20T13:17:34Z,0.0720,neutral,finbert
MARI,mettis,https://mettisglobal.news/mari-petroleum-drills-second-horizontal-well-mari-123h,2023-07-27T13:13:28Z,0.0337,neutral,finbert
MARI,mettis,https://mettisglobal.news/mari-receives-exploration-license-for-mineral-exploration-in-baluchistan,2023-08-25T11:17:51Z,0.1978,neutral,finbert
MARI,mettis,https://mettisglobal.news/mari-hits-paydirt-with-drilling-testing-triumph-at-ghazij-2-in-dpl-area,2023-10-09T15:12:00Z,0.8127,positive,finbert
MARI,profit,https://profit.pakistantoday.com.pk/2023/11/13/mari-petroleum-initiates-gas-production-from-ghazij-2-well-in-sindh,2023-11-13T06:37:27Z,0.2067,neutral,finbert
MARI,mettis,https://mettisglobal.news/mari-starts-gas-production-from-ghazij-2-well,2023-11-13T09:35:56Z,0.1532,neutral,finbert
MARI,mettis,https://mettisglobal.news/tight-gas-policy-fix-to-unlock-2bn-chinese-investment-in-mari-ogdc-ppl,2023-12-09T17:53:47Z,0.2439,neutral,finbert
MARI,profit,https://profit.pakistantoday.com.pk/2023/12/11/mari-petroleum-drills-third-successful-horizontal-well-in-mari-gas-field,2023-12-11T07:49:55Z,0.6932,positive,finbert
MARI,mettis,https://mettisglobal.news/mari-petroleum-drills-3rd-successful-horizontal-well-in-mari-gas-field,2023-12-11T10:55:59Z,0.7615,positive,finbert
MARI,profit,https://profit.pakistantoday.com.pk/2023/12/12/mari-petroleum-enters-1bn-club-amid-gas-exploration-success,2023-12-12T11:25:50Z,0.8304,positive,finbert
MARI,mettis,https://mettisglobal.news/mari-to-hit-rs3000-share-by-end-of-cy24,2023-12-22T14:13:49Z,0.3948,neutral,finbert
MARI,profit,https://profit.pakistantoday.com.pk/2024/01/11/mari-petroleum-announces-gas-discovery-in-north-waziristan,2024-01-11T08:08:33Z,0.2974,neutral,finbert
MARI,mettis,https://mettisglobal.news/mari-discovers-gas-at-shewa-2-north-waziristan,2024-01-11T09:54:08Z,0.0456,neutral,finbert
MARI,profit,https://profit.pakistantoday.com.pk/2024/01/19/mari-confirms-successful-drilling-of-second-well-in-sindhs-ghazij-formation,2024-01-19T07:14:30Z,0.8985,positive,finbert
MARI,mettis,https://mettisglobal.news/mari-hits-success-with-second-ghazij-well-in-sindh-lease,2024-01-19T09:35:24Z,0.7917,positive,finbert
MARI,mettis,https://mettisglobal.news/mari-announces-rs98-dividend-after-57-profit-growth-in-1hfy24,2024-01-29T15:27:48Z,0.6705,positive,vader
MARI,profit,https://profit.pakistantoday.com.pk/2024/02/01/mari-petroleum-drills-tests-new-gas-well-in-sindh,2024-02-01T11:49:34Z,0.4057,neutral,finbert
MARI,mettis,https://mettisglobal.news/mari-successfully-drills-tests-mari-deep-20-well,2024-02-01T15:15:27Z,0.2043,neutral,finbert
MARI,profit,https://profit.pakistantoday.com.pk/2024/02/07/mari-petroleum-to-boost-energy-portfolio-with-new-acquisitions-from-spud-energy,2024-02-07T08:03:11Z,0.8953,positive,finbert
MARI,mettis,https://mettisglobal.news/ppl-mari-jv-strikes-gold-with-adam-2-well,2024-02-13T15:27:06Z,0.7933,positive,finbert
MARI,profit,https://profit.pakistantoday.com.pk/2024/02/16/mari-petroleum-announces-major-gas-discovery-in-balochistan,2024-02-16T13:59:24Z,0.5359,positive,finbert
MARI,mettis,https://mettisglobal.news/mari-discovers-gas-at-maiwand-x-i-st-l-exploration-well,2024-02-16T16:25:17Z,0.0890,neutral,finbert
MARI,profit,https://profit.pakistantoday.com.pk/2024/04/18/mari-petroleum-successfully-drills-third-appraisal-well-in-ghazij-formation,2024-04-18T06:36:23Z,0.8713,positive,finbert
MARI,mettis,https://mettisglobal.news/mari-strikes-black-gold-as-third-ghazij-appraisal-well-succeed,2024-04-18T09:20:57Z,0.5317,positive,finbert
MARI,profit,https://profit.pakistantoday.com.pk/2024/04/22/mari-petroleum-announces-major-oil-discovery-in-sindh,2024-04-22T07:39:09Z,0.4263,neutral,finbert
MARI,mettis,https://mettisglobal.news/mari-petroleum-strikes-oil-at-shawal-l-well,2024-04-22T09:11:05Z,-0.5677,negative,finbert
MARI,profit,https://profit.pakistantoday.com.pk/2024/04/29/mari-petroleum-approves-rs2-5bn-investment-in-its-mining-subsidiary,2024-04-29T07:45:06Z,0.8009,positive,finbert
MARI,mettis,https://mettisglobal.news/mari-petroleum-approves-rs2-5bn-investment-in-mmc,2024-04-29T09:39:03Z,0.8202,positive,finbert
MARI,mettis,https://mettisglobal.news/mari-petroleum-q1-2024-profit-drops-14-yoy,2024-04-29T09:45:58Z,-0.9657,negative,finbert
MARI,profit,https://profit.pakistantoday.com.pk/2024/06/28/faheem-haider-reappointed-as-managing-director-of-mari-petroleum,2024-06-28T07:20:57Z,0.0801,neutral,finbert
MARI,mettis,https://mettisglobal.news/mari-completes-fourth-appraisal-well-in-ghazij-formation,2024-07-01T15:21:02Z,0.5643,positive,finbert
MARI,profit,https://profit.pakistantoday.com.pk/2024/07/03/mari-mining-company-granted-licenses-for-mineral-exploration-in-balochistan,2024-07-03T05:33:26Z,0.8420,positive,finbert
MARI,profit,https://profit.pakistantoday.com.pk/2024/07/23/mari-concludes-appraisal-of-ghazij-gas-discovery,2024-07-23T08:15:51Z,0.1084,neutral,finbert
MARI,mettis,https://mettisglobal.news/mari-concludes-successful-appraisal-of-ghazij-discovery,2024-07-23T09:40:18Z,0.7156,positive,finbert
MARI,profit,https://profit.pakistantoday.com.pk/2024/08/08/mari-petroleum-announces-record-rs77bn-profit-800-bonus-shares,2024-08-08T12:09:01Z,0.8007,positive,finbert
MARI,mettis,https://mettisglobal.news/mari-petroleum-profit-surges,2024-08-08T14:43:22Z,0.8046,positive,finbert
MARI,mettis,https://mettisglobal.news/psx-extends-rally-on-mari-petroleum-earnings,2024-08-09T11:04:03Z,0.7918,positive,finbert
MARI,profit,https://profit.pakistantoday.com.pk/2024/08/13/ogdcl-announces-second-gas-discovery-in-mari-east-block,2024-08-13T12:12:47Z,0.1769,neutral,finbert
MARI,profit,https://profit.pakistantoday.com.pk/2024/08/20/pakistans-oil-reserves-surge-26-as-ogdc-and-mari-report-significant-upgrades,2024-08-20T15:04:54Z,0.9123,positive,finbert
MARI,mettis,https://mettisglobal.news/mari-petroleum-shares-jump-10-after-massive-bonus-issue,2024-09-16T16:39:25Z,0.8441,positive,finbert
MARI,mettis,https://mettisglobal.news/mari-petroleum-calls-emergency-board-meeting,2024-09-20T09:46:18Z,-0.3640,neutral,finbert
MARI,mettis,https://mettisglobal.news/mari-petroleum-to-invest-rs10bn-in-tech-subsidiary,2024-09-24T09:37:59Z,0.3038,neutral,finbert
MARI,mettis,https://mettisglobal.news/mari-shareholders-approve-capitalization-of-funds-exceeding-rs10-67bn,2024-09-25T11:06:37Z,0.7849,positive,finbert
MARI,mettis,https://mettisglobal.news/mari-petroleum-launches-data-centers-in-karachi-of-new-tech-subsidiary,2024-09-25T11:38:17Z,0.1191,neutral,finbert
MARI,profit,https://profit.pakistantoday.com.pk/2024/09/25/mari-petroleum-launches-data-centres-initiative-in-karachi,2024-09-25T11:46:03Z,0.0678,neutral,finbert
MARI,profit,https://profit.pakistantoday.com.pk/2024/09/28/mari-petroleum-helicopter-crashes-in-north-waziristan-killing-six-injuring-eight,2024-09-28T10:47:36Z,-0.9297,negative,finbert
MARI,mettis,https://mettisglobal.news/mari-petroleum-to-recover-tax-by-selling-bonus-shares-of-non-compliant-shareholders,2024-09-30T09:34:53Z,0.1383,neutral,finbert
MARI,profit,https://profit.pakistantoday.com.pk/2024/10/02/ihc-orders-cdc-to-place-lien-on-bonus-shares-of-mari-petroleum,2024-10-02T13:51:51Z,-0.0602,neutral,finbert
MARI,mettis,https://mettisglobal.news/mari-releases-bonus-shares-after-tax-payment-verification,2024-10-29T14:48:08Z,0.0118,neutral,finbert
MARI,mettis,https://mettisglobal.news/mari-maintains-profit-despite-6-drop-in-topline,2024-10-30T14:12:05Z,-0.6528,negative,finbert
MARI,mettis,https://mettisglobal.news/mari-petroleum-expected-to-rally-further-report,2024-11-12T10:59:28Z,0.9207,positive,finbert
MARI,mettis,https://mettisglobal.news/re-composition-mari-hbl-lotchem-fatima-added-to-psxdiv20-index,2024-11-27T10:51:05Z,0.0454,neutral,finbert
MARI,mettis,https://mettisglobal.news/mari-proposes-name-change-to-mari-energies-limited,2024-11-28T13:04:29Z,0.0478,neutral,finbert
MARI,profit,https://profit.pakistantoday.com.pk/2024/12/14/mari-petroleum-overtakes-ogdc-to-become-largest-company-on-psx-by-market-cap,2024-12-14T06:08:00Z,0.7901,positive,finbert
MARI,profit,https://profit.pakistantoday.com.pk/2024/12/23/topline-calls-the-top-on-the-sharp-rise-in-mari-petroleums-stock,2024-12-23T04:15:05Z,0.7331,positive,finbert
MARI,profit,https://profit.pakistantoday.com.pk/2024/12/23/mari-completes-disposal-of-withheld-bonus-shares-to-settle-tax-liabilities,2024-12-23T15:18:57Z,-0.0032,neutral,finbert
MARI,mettis,https://mettisglobal.news/mari-completes-withheld-bonus-shares-disposal,2024-12-23T15:38:24Z,-0.0023,neutral,finbert
MARI,profit,https://profit.pakistantoday.com.pk/2025/01/09/mari-petroleum-rebrands-as-mari-energies-limited,2025-01-09T04:48:36Z,0.0495,neutral,finbert
MARI,profit,https://profit.pakistantoday.com.pk/2025/01/09/pacra-assigns-initial-entity-ratings-to-mari-energies-limited,2025-01-09T06:32:29Z,0.0613,neutral,finbert
MARI,mettis,https://mettisglobal.news/pacra-assigns-initial-entity-ratings-to-mari-energies,2025-01-09T10:47:08Z,0.0492,neutral,finbert
MARI,mettis,https://mettisglobal.news/mari-petroleum-changes-name-to-mari-energies-from-27-jan,2025-01-17T16:01:41Z,0.0148,neutral,finbert
MARI,profit,https://profit.pakistantoday.com.pk/2025/01/22/mari-energies-acquires-5-stake-in-kohesultan-mining-company,2025-01-22T06:45:21Z,0.0661,neutral,finbert
MARI,mettis,https://mettisglobal.news/mari-minerals-acquires-5-stake-in-kohesultan-mining,2025-01-22T10:04:30Z,0.0607,neutral,finbert
MARI,profit,https://profit.pakistantoday.com.pk/2025/01/23/mari-energies-denies-reports-of-fire-at-daharki-plant,2025-01-23T07:23:10Z,-0.5106,negative,vader
MARI,mettis,https://mettisglobal.news/mari-energies-denies-false-fire-claims,2025-01-23T11:18:25Z,-0.0482,neutral,finbert
MARI,mettis,https://mettisglobal.news/mari-maintains-profit-despite-39-18-drop-in-topline,2025-01-27T14:27:27Z,-0.6691,negative,finbert
MARI,profit,https://profit.pakistantoday.com.pk/2025/02/03/ghani-chemical-signs-gas-supply-deal-with-mari-ogdcl-plans-processing-facility-in-balochistan,2025-02-03T07:44:05Z,0.6843,positive,finbert
MARI,mettis,https://mettisglobal.news/gcil-mari-ogdc-sign-gas-sales-purchase-agreement,2025-02-03T12:07:41Z,0.0674,neutral,finbert
MARI,profit,https://profit.pakistantoday.com.pk/2025/02/12/mari-energies-subsidiary-acquires-87-5-stake-in-mineral-exploration-licenses-in-chagai,2025-02-12T07:00:38Z,0.1268,neutral,finbert
MARI,mettis,https://mettisglobal.news/mari-minerals-to-acquire-87-5-stake-in-sanjrani-mining-company,2025-02-12T10:49:38Z,0.0473,neutral,finbert
MARI,profit,https://profit.pakistantoday.com.pk/2025/02/25/mari-energies-announces-major-gas-and-condensate-discovery-in-waziristan-block,2025-02-25T05:19:46Z,0.5121,positive,finbert
MARI,mettis,https://mettisglobal.news/mari-energies-strikes-gas-in-north-waziristan,2025-02-25T09:23:54Z,-0.4358,negative,finbert
MARI,profit,https://profit.pakistantoday.com.pk/2025/02/28/mari-energies-enters-joint-venture-for-mineral-exploration-in-balochistan,2025-02-28T06:43:05Z,0.6511,positive,finbert
MARI,mettis,https://mettisglobal.news/mari-minerals-enters-new-joint-venture,2025-02-28T10:27:55Z,0.1932,neutral,finbert
MARI,profit,https://profit.pakistantoday.com.pk/2025/03/17/mari-energies-makes-second-gas-and-condensate-discovery-at-spinwam-1-well,2025-03-17T08:59:20Z,0.1403,neutral,finbert
MARI,mettis,https://mettisglobal.news/mari-discovers-2nd-gas-condensate-reservoir-at-spinwam-1-well,2025-03-17T14:02:06Z,0.0550,neutral,finbert
MARI,profit,https://profit.pakistantoday.com.pk/2025/03/25/mari-energies-begins-production-from-shewa-discovery-in-waziristan-block,2025-03-25T06:44:48Z,0.1046,neutral,finbert
MARI,mettis,https://mettisglobal.news/mari-begins-gas-condensate-production-from-shewa-discovery,2025-03-25T09:46:02Z,0.0822,neutral,finbert
MARI,profit,https://profit.pakistantoday.com.pk/2025/04/03/mari-energies-announces-third-discovery-at-spinwam-1-in-kp,2025-04-03T06:16:26Z,0.3861,neutral,finbert
MARI,mettis,https://mettisglobal.news/mari-energies-strikes-third-gas-condensate-discovery-at-spinwam-1,2025-04-03T10:20:26Z,0.1687,neutral,finbert
MARI,profit,https://profit.pakistantoday.com.pk/2025/04/08/mari-energies-announces-fourth-hydrocarbon-discovery-in-waziristan-block,2025-04-08T07:01:39Z,0.2966,neutral,finbert
MARI,mettis,https://mettisglobal.news/mari-makes-fourth-gas-condensate-discovery-at-spinwam-1-well,2025-04-08T11:37:03Z,0.2162,neutral,finbert
MARI,profit,https://profit.pakistantoday.com.pk/2025/04/25/mari-energies-9mfy25-profit-dips-9-87-to-rs46-5bn-amid-aggressive-exploration-push,2025-04-25T12:56:23Z,-0.9637,negative,finbert
MARI,mettis,https://mettisglobal.news/mari-petroleum-profit-slips-nearly-10-in-9mfy25,2025-04-25T15:57:34Z,-0.9642,negative,finbert
MARI,profit,https://profit.pakistantoday.com.pk/2025/05/09/mari-energies-announces-gas-discovery-at-soho-1-well-in-sindh,2025-05-09T05:00:36Z,0.3613,neutral,finbert
MARI,mettis,https://mettisglobal.news/mari-energies-discovers-gas-at-soho-1-well-in-sindh,2025-05-09T10:17:01Z,0.2267,neutral,finbert
MARI,mettis,https://mettisglobal.news/mari-energies-secures-major-exploration-rights,2025-05-14T09:34:25Z,0.4523,neutral,finbert
MARI,profit,https://profit.pakistantoday.com.pk/2025/05/23/mari-energies-to-sell-withheld-bonus-shares-to-recover-unpaid-taxes-from-shareholders,2025-05-23T06:37:20Z,-0.3212,neutral,finbert
MARI,mettis,https://mettisglobal.news/ihc-allows-mari-to-recover-tax-by-disposing-withheld-bonus-shares,2025-05-23T12:27:16Z,0.0456,neutral,finbert
MARI,profit,https://profit.pakistantoday.com.pk/2025/06/25/mari-energies-reappoints-lt-gen-anwar-ali-hyder-as-board-chairman,2025-06-25T05:40:46Z,0.0331,neutral,finbert
MARI,mettis,https://mettisglobal.news/MARI-reappoints-Lt-Gen-Anwar-Ali-Hyder-Retd-as-Chairman-of-Board-53364,2025-06-25T12:38:14Z,0.0432,neutral,finbert
MARI,profit,https://profit.pakistantoday.com.pk/2025/07/01/mari-energies-ghani-chemical-sign-deal-for-sustainability-focused-gas-processing-project,2025-07-01T06:49:47Z,0.8689,positive,finbert
MARI,profit,https://profit.pakistantoday.com.pk/2025/07/01/mari-energies-concludes-tax-deposit-on-800-bonus-shares-issuance,2025-07-01T08:45:36Z,0.0612,neutral,finbert
MARI,mettis,https://mettisglobal.news/GCIL-MARI-sign-term-sheet-for-gas-processing-project-53512,2025-07-01T12:23:28Z,0.0531,neutral,finbert
MARI,mettis,https://mettisglobal.news/MARI-completes-tax-recovery-on-800-bonus-shares-following-court-order-53513,2025-07-01T12:24:56Z,0.0877,neutral,finbert
MARI,profit,https://profit.pakistantoday.com.pk/2025/07/07/mari-profits-rise-on-the-back-of-increased-production,2025-07-07T04:40:52Z,0.8921,positive,finbert
MARI,mettis,https://mettisglobal.news/Mari-Energies-braces-for-earnings-hit-on-RLNG-glut-53621,2025-07-07T10:22:48Z,-0.5651,negative,finbert
MARI,profit,https://profit.pakistantoday.com.pk/2025/07/11/mari-energies-expands-upstream-portfolio-with-acquisition-of-key-hydrocarbon-exploration-blocks,2025-07-11T06:05:50Z,0.8280,positive,finbert
MARI,mettis,https://mettisglobal.news/Mari-Energies-picks-up-stakes-in-three-OPI-blocks-to-boost-local-EP-53725,2025-07-11T09:39:53Z,0.8841,positive,finbert
MARI,mettis,https://mettisglobal.news/Mari-Energies-FY25-profit-slips-to-Rs65bn-in-FY25-54396,2025-08-11T10:27:28Z,-0.9619,negative,finbert
MARI,profit,https://profit.pakistantoday.com.pk/2025/09/24/mari-energies-clarifies-no-formal-decision-on-indigenous-gas-allocation,2025-09-24T08:21:18Z,0.0160,neutral,finbert
MARI,mettis,https://mettisglobal.news/MARI-clarifies-222-MMSCFD-gas-deal-still-pending-55442,2025-09-24T09:44:59Z,0.0192,neutral,finbert
MARI,profit,https://profit.pakistantoday.com.pk/2025/09/27/mari-energies-to-complete-5mw-data-center-in-islamabad-next-year,2025-09-27T08:49:57Z,0.0894,neutral,finbert
MARI,mettis,https://mettisglobal.news/MARI-acquires-65-stake-in-Peshawar-Block-55589,2025-09-30T11:00:33Z,0.0812,neutral,finbert
MARI,mettis,https://mettisglobal.news/MAL-Pakistan-MARI-sign-longterm-supply-agreement-for-Mobil-lubricants-55609,2025-09-30T23:39:17Z,0.8980,positive,finbert
MARI,profit,https://profit.pakistantoday.com.pk/2025/10/14/mari-energies-engages-rio-tinto-bhp-to-attract-investment-in-pakistans-mining-sector,2025-10-14T10:59:25Z,0.8189,positive,finbert
MARI,mettis,https://mettisglobal.news/Mari-Energies-acquires-20-stake-in-PPLs-eastern-offshore-IndusC-block-55934,2025-10-15T09:54:11Z,0.5356,positive,finbert
MARI,profit,https://profit.pakistantoday.com.pk/2025/10/17/mari-energies-announces-oil-and-gas-discovery-at-mari-ghazij-well-in-sindh,2025-10-17T06:39:12Z,0.3667,neutral,finbert
MARI,mettis,https://mettisglobal.news/Mari-Energies-strikes-oil-and-gas-at-Ghazij-well-in-Sindh-55990,2025-10-17T09:25:38Z,0.1579,neutral,finbert
MARI,profit,https://profit.pakistantoday.com.pk/2025/10/30/mari-energies-profit-falls-18-as-soaring-costs-squeeze-margins,2025-10-30T13:56:54Z,-0.9642,negative,finbert
MARI,mettis,https://mettisglobal.news/Mari-Energies-profit-dips-18-in-Q1FY26-56347,2025-10-30T15:11:20Z,-0.9625,negative,finbert
MARI,profit,https://profit.pakistantoday.com.pk/2025/11/07/mari-energies-granted-provisional-exploration-rights-for-block-28-north-in-balochistan,2025-11-07T14:00:41Z,0.8367,positive,finbert
MARI,mettis,https://mettisglobal.news/Mari-Energies-secures-provisional-petroleum-exploration-rights-in-Balochistan-56541,2025-11-07T14:53:05Z,0.7045,positive,finbert
MARI,mettis,https://mettisglobal.news/ECC-greenlights-Mari-gas-supply-plan-for-fertiliser-sector-56557,2025-11-07T19:30:24Z,0.1427,neutral,finbert
MARI,profit,https://profit.pakistantoday.com.pk/2025/11/13/mari-energies-wins-provisional-award-of-23-offshore-exploration-blocks-including-18-as-operator,2025-11-13T07:12:06Z,0.9185,positive,finbert
MARI,mettis,https://mettisglobal.news/Mari-Energies-secures-23-offshore-exploration-blocks-56658,2025-11-13T10:45:18Z,0.2189,neutral,finbert
MARI,mettis,https://mettisglobal.news/Mari-Energies-forms-JV-to-convert-gas-into-LNG-CO-56804,2025-11-20T09:43:30Z,0.0631,neutral,finbert
MARI,mettis,https://mettisglobal.news/GCIL-seals-Rs14bn-gas-joint-venture-with-Mari-energies-56869,2025-11-24T11:54:49Z,-0.8215,negative,finbert
MARI,mettis,https://mettisglobal.news/Mari-Energies-signs-5-agreements-for-onshore-offshore-exploration-blocks-57057,2025-12-03T10:12:49Z,0.7270,positive,finbert
MARI,profit,https://profit.pakistantoday.com.pk/2025/12/19/mari-energies-subsidiary-enters-jv-with-globacore-for-mineral-exploration-in-chagai,2025-12-19T09:31:58Z,0.0937,neutral,finbert
MARI,mettis,https://mettisglobal.news/Mari-Minerals-partners-with-Globacore-for-balochistan-exploration-licenses-57386,2025-12-19T16:49:41Z,0.1492,neutral,finbert
MARI,profit,https://profit.pakistantoday.com.pk/2025/12/22/globacore-minerals-enters-into-joint-venture-with-mari-minerals-for-mineral-exploration-in-balochistan,2025-12-22T07:08:10Z,0.7398,positive,finbert
MARI,profit,https://profit.pakistantoday.com.pk/2026/01/08/mari-energies-secures-government-approval-for-gas-supply-to-three-fertiliser-plants,2026-01-08T06:05:34Z,0.8917,positive,finbert
MARI,mettis,https://mettisglobal.news/Govt-approves-Mari-field-gas-allocation-for-fertilizer-plants-57695,2026-01-08T11:02:49Z,0.4019,positive,vader
MARI,mettis,https://mettisglobal.news/Mari-Energies-maintains-AAA-rating-57748,2026-01-12T12:55:32Z,0.1931,neutral,finbert
MARI,profit,https://profit.pakistantoday.com.pk/2026/01/16/mari-energies-subsidiary-launches-cloud-and-ai-infrastructure-platform-near-islamabad,2026-01-16T13:53:24Z,0.1468,neutral,finbert
MARI,mettis,https://mettisglobal.news/Mari-Energies-launches-cloud-and-AI-infrastructure-platform-57849,2026-01-16T16:46:12Z,0.0898,neutral,finbert
MARI,profit,https://profit.pakistantoday.com.pk/2026/01/26/mari-energies-announces-gas-discovery-at-tibri-1-well-in-balochistan,2026-01-26T04:58:36Z,0.1776,neutral,finbert
MARI,mettis,https://mettisglobal.news/Mari-Energies-discovers-gas-at-Tibri1-in-Balochistan-57999,2026-01-26T09:56:58Z,0.1096,neutral,finbert
MARI,mettis,https://mettisglobal.news/Mari-Energies-profit-declines-6-keeps-dividend-intact-at-Rs8-58013,2026-01-26T14:29:19Z,-0.9515,negative,finbert
MARI,mettis,https://mettisglobal.news/Mari-Minerals-MSALABS-to-set-up-joint-venture-assay-laboratory-58127,2026-01-30T14:56:24Z,0.1267,neutral,finbert
MARI,profit,https://profit.pakistantoday.com.pk/2026/01/30/mari-energies-subsidiary-signs-joint-venture-agreement-with-canadas-msalabs-to-set-up-assay-laboratory-in-pakistan,2026-01-30T15:21:32Z,0.8253,positive,finbert
MARI,profit,https://profit.pakistantoday.com.pk/2026/03/19/mari-energies-announces-gas-condensate-discovery-at-shams-1-well-in-sindh,2026-03-19T07:02:31Z,0.3206,neutral,finbert
MARI,mettis,https://mettisglobal.news/Mari-DPL-well-hits-gas-flow-59140,2026-03-19T11:55:51Z,0.7108,positive,finbert
MARI,profit,https://profit.pakistantoday.com.pk/2026/03/24/mari-energies-signs-agreements-for-pressure-enhancement-project-at-mari-gas-field,2026-03-24T06:16:33Z,0.8781,positive,finbert
MARI,mettis,https://mettisglobal.news/Mari-Energies-signs-key-agreements-to-boost-gas-supply-59172,2026-03-24T10:26:54Z,0.9351,positive,finbert
MARI,mettis,https://mettisglobal.news/HBL-tapped-to-arrange-financing-for-MariGCIL-project-59349,2026-03-31T15:32:46Z,0.2197,neutral,finbert
MARI,profit,https://profit.pakistantoday.com.pk/2026/03/31/mari-energies-assigns-hbl-to-arrange-financing-for-gas-emissions-project,2026-03-31T15:35:58Z,0.1382,neutral,finbert
MARI,profit,https://profit.pakistantoday.com.pk/2026/04/01/mari-ogdc-start-gas-production-at-spinwam-1-in-kp-waziristan-block,2026-04-01T08:09:54Z,0.6737,positive,finbert
MARI,mettis,https://mettisglobal.news/Mari-Energies-starts-production-at-Spinwam1-Waziristan-Block-59368,2026-04-01T10:50:34Z,0.0312,neutral,finbert
MARI,mettis,https://mettisglobal.news/Mari-Energies-opts-building-empire-instead-of-paying-out-59903,2026-04-22T14:04:48Z,0.0386,neutral,finbert
MARI,mettis,https://mettisglobal.news/MARI-9MFY26-profit-jumps-7-59904,2026-04-22T14:12:43Z,0.9430,positive,finbert
MARI,mettis,https://mettisglobal.news/MARI-to-inject-Rs244bn-equity-Into-GHG-Emissions-60666,2026-05-22T14:52:21Z,0.2737,neutral,finbert
MARI,profit,https://profit.pakistantoday.com.pk/2026/06/11/mari-energies-spinwam-gas-sale-process-challenged-over-licensing-requirements,2026-06-11T07:15:00Z,-0.7336,negative,finbert
MARI,mettis,https://mettisglobal.news/Mari-Energies-clarifies-Spinwam-Gas-Bid-61029,2026-06-11T16:46:55Z,0.0304,neutral,finbert
MARI,profit,https://profit.pakistantoday.com.pk/2026/06/23/mari-energies-begins-gas-supply-from-shams-1-discovery-to-sngpl,2026-06-23T11:35:38Z,0.2326,neutral,finbert
MARI,mettis,https://mettisglobal.news/Mari-Energies-begins-gas-supply-from-Shams1-discovery-to-SNGPL-61343,2026-06-23T13:56:24Z,0.1902,neutral,finbert
MARI,profit,https://profit.pakistantoday.com.pk/2026/07/15/petrosin-cng-seeks-dollar191-million-from-mari-energies-in-icc-arbitration-over-gas-deal-termination,2026-07-15T09:54:29Z,0.1914,neutral,finbert
MARI,profit,https://profit.pakistantoday.com.pk/2026/07/21/mari-energies-says-petrosin-gas-deal-was-terminated-over-invalid-licence,2026-07-21T10:05:13Z,-0.1230,neutral,finbert
MARI,mettis,https://mettisglobal.news/Mari-Energies-denies-wrongful-termination-of-Petrosin-gas-agreement-62011,2026-07-21T15:03:24Z,-0.3128,neutral,finbert
MARI,profit,https://profit.pakistantoday.com.pk/2026/07/24/mari-energies-subsidiary-launches-pakistans-first-and-largest-ai-ready-data-centre-campus,2026-07-24T12:04:05Z,0.1093,neutral,finbert
MARI,mettis,https://mettisglobal.news/Mari-Energies-Sky47-unveils-Karakoram01-data-center-campus-62131,2026-07-24T16:50:39Z,0.0912,neutral,finbert
MARI,profit,https://profit.pakistantoday.com.pk/2026/08/03/mari-energies-signs-gas-sale-deal-with-universal-gas-distribution-company-for-waziristan-block,2026-08-03T05:55:00Z,0.6235,positive,finbert
MARI,mettis,https://mettisglobal.news/MARI-issues-Letter-of-Award-for-Spinwam-gas-sale-to-Universal-Gas-Distribution-62316,2026-08-03T09:29:08Z,0.0748,neutral,finbert
MARI,mettis,https://mettisglobal.news/MARI-FY26-profit-surges-33-declares-Rs187-dividend-62490,2026-08-07T15:01:34Z,0.8916,positive,finbert
MARI,profit,https://profit.pakistantoday.com.pk/2026/08/07/mari-energies-fy26-profit-rises-34percent-as-tax-reversal-lifts-fourth-quarter-earnings,2026-08-07T17:13:57Z,0.9284,positive,finbert
MARI,mettis,https://mettisglobal.news/Mari-Energies-secures-renewal-of-Mari-DPL-till-2065-62874,2026-08-21T15:13:52Z,0.5504,positive,finbert
MARI,mettis,https://mettisglobal.news/OGDC-MARI-bring-Lundali1-gas-well-online-63307,2026-09-09T09:39:15Z,0.0781,neutral,finbert
MARI,profit,https://profit.pakistantoday.com.pk/2026/09/09/ogdcl-mari-energies-bring-lundali-1-gas-well-on-stream-at-10-mmscfd,2026-09-09T17:28:30Z,0.8177,positive,finbert
MARI,profit,https://profit.pakistantoday.com.pk/2026/10/07/mari-energies-allowed-to-import-aircraft-conduct-airborne-surveys-across-exploration-blocks-in-kp-balochistan,2026-10-07T07:46:04Z,0.1445,neutral,finbert
MEBL,mettis,https://mettisglobal.news/meezan-bank-signs-mgpay-to-launch-fast-track-digital-payments-in-merchant-acquiring-business,2021-10-04T16:13:49Z,0.5804,positive,finbert
MEBL,mettis,https://mettisglobal.news/mebl-posts-a-slender-increase-in-profits,2021-10-14T17:53:23Z,0.9151,positive,finbert
MEBL,mettis,https://mettisglobal.news/meezan-bank-increases-authorized-share-capital-by-rs4-24bn,2021-11-18T14:59:24Z,0.9216,positive,finbert
MEBL,mettis,https://mettisglobal.news/mebl-partners-with-psmc-to-offer-attractive-financing-benefits,2021-12-28T16:55:33Z,0.9172,positive,finbert
MEBL,mettis,https://mettisglobal.news/meezan-bank-provides-1st-shariah-compliant-solution-to-ibd-facility-for-huawei,2022-03-24T23:22:56Z,0.5396,positive,finbert
MEBL,mettis,https://mettisglobal.news/meezan-bank-sngpl-join-hands-for-digitalization-for-consumer-bill-collection,2022-04-05T21:20:43Z,0.5752,positive,finbert
MEBL,mettis,https://mettisglobal.news/meezan-bank-leads-rs1bn-syndicated-islamic-finance-facility-for-7mw-solar-power-project,2022-04-11T14:38:27Z,0.4570,neutral,finbert
MEBL,mettis,https://mettisglobal.news/meezan-bank-reports-51-yoy-growth-to-rs9bn-in-1qcy22,2022-04-25T14:31:53Z,0.9115,positive,finbert
MEBL,mettis,https://mettisglobal.news/meezan-bank-expands-its-atm-network-to-1000,2022-06-29T22:36:45Z,0.8987,positive,finbert
MEBL,mettis,https://mettisglobal.news/meezan-bank-signs-mou-with-huawei-on-cloud-transformation,2022-07-22T09:56:05Z,0.2879,neutral,finbert
MEBL,mettis,https://mettisglobal.news/psx-meezan-bank-to-offer-shariah-compliant-trading-platform-for-rda-clients,2022-07-27T23:35:35Z,0.2342,neutral,finbert
MEBL,mettis,https://mettisglobal.news/MEBL-records-33%-increase-in-half-yearly-profits,2022-08-11T15:53:55Z,0.8991,positive,finbert
MEBL,mettis,https://mettisglobal.news/Meezan-bank-launches-online-payment-gateway,2022-09-07T16:17:15Z,0.1248,neutral,finbert
MEBL,mettis,https://mettisglobal.news/MEBL:-PAT-balloons-by-46%-YoY-in-9MCY22,2022-10-19T15:53:16Z,0.7410,positive,finbert
MEBL,mettis,https://mettisglobal.news/meezan-bank-pakistans-leading-islamic-bank-and-pakistan-mortgage-refinance-company-pmrc-inked-a-master-musharakah-agreement,2022-11-21T17:51:05Z,0.6805,positive,finbert
MEBL,mettis,https://mettisglobal.news/mebl-crosses-rs3bn-in-shariah-compliant-roshan-equity-investment,2022-12-15T14:53:08Z,0.5255,positive,finbert
MEBL,mettis,https://mettisglobal.news/banks-to-settle-international-transaction-by-purchasing-dollars-from-open-market-mebl,2022-12-30T15:08:44Z,0.0996,neutral,finbert
MEBL,mettis,https://mettisglobal.news/mebl-rakes-in-a-whopping-rs45-12bn-profit-in-2022,2023-02-16T15:59:31Z,0.8769,positive,finbert
MEBL,mettis,https://mettisglobal.news/meezan-bank-enters-into-a-strategic-collaboration-with-paysa,2023-03-29T13:20:27Z,0.8570,positive,finbert
MEBL,mettis,https://mettisglobal.news/mebl-bottom-line-expands-by-67-5-yoy-in-1qcy23,2023-04-19T11:43:09Z,0.9307,positive,finbert
MEBL,mettis,https://mettisglobal.news/vis-reaffirms-entity-ratings-of-meezan-bank,2023-06-28T12:53:46Z,0.0713,neutral,finbert
MEBL,mettis,https://mettisglobal.news/amir-ali-appointed-as-deputy-ceo-of-meezan-bank-limited,2023-07-10T21:04:45Z,0.0101,neutral,finbert
MEBL,mettis,https://mettisglobal.news/mebl-profit-soars-by-92-to-rs32-92bn-in-1hcy23-announces-rs4-dps,2023-08-10T15:37:24Z,0.9085,positive,finbert
MEBL,mettis,https://mettisglobal.news/mebl-to-set-up-an-exchange-company-with-rs1bn-paid-up-capital,2023-09-15T10:46:12Z,0.1207,neutral,finbert
MEBL,profit,https://profit.pakistantoday.com.pk/2023/09/15/after-ubl-meezan-bank-wants-to-establish-an-exchange-company,2023-09-15T18:55:55Z,0.0439,neutral,finbert
MEBL,mettis,https://mettisglobal.news/mebl-profit-soars-by-2-05x-to-rs58-91bn-in-9mcy23-announces-rs5-dps,2023-10-19T15:20:13Z,0.8943,positive,finbert
MEBL,profit,https://profit.pakistantoday.com.pk/2023/10/20/meezan-bank-reports-highest-ever-quarterly-earnings,2023-10-20T18:12:31Z,0.8218,positive,finbert
MEBL,mettis,https://mettisglobal.news/meezan-bank-achieves-landmark-as-lead-advisor-for-pakistans-first-psx-sukuk-issuance,2023-12-13T13:29:35Z,0.9126,positive,finbert
MEBL,mettis,https://mettisglobal.news/mebl-records-highest-ever-profit-of-rs86bn-in-2023-declares-additional-dividend,2024-02-15T13:06:03Z,0.7624,positive,finbert
MEBL,mettis,https://mettisglobal.news/meezan-bank-announces-successful-financial-closure-of-rs69bn-pipeline-project,2024-02-17T17:39:01Z,-0.8717,negative,finbert
MEBL,mettis,https://mettisglobal.news/sbp-grants-noc-to-akbl-mebl-for-exchange-company,2024-03-26T09:16:34Z,0.0733,neutral,finbert
MEBL,mettis,https://mettisglobal.news/mebl-to-hit-rs240-share-by-december-2024,2024-04-03T11:33:51Z,0.7553,positive,finbert
MEBL,mettis,https://mettisglobal.news/mebl-earns-over-rs25bn-in-3qfy24-rewards-rs7-dividend,2024-04-18T13:50:15Z,0.1122,neutral,finbert
MEBL,mettis,https://mettisglobal.news/mebl-launches-meezan-exchange-for-remittance-forex-services,2024-05-27T10:03:32Z,0.0438,neutral,finbert
MEBL,mettis,https://mettisglobal.news/re-composition-snbl-bipl-isl-mebl-added-to-psxdiv20-index,2024-05-30T11:54:08Z,0.0640,neutral,finbert
MEBL,mettis,https://mettisglobal.news/meezan-bank-legends-arena-join-hands-to-promote-health-fitness,2024-05-31T15:16:12Z,0.2084,neutral,finbert
MEBL,mettis,https://mettisglobal.news/re-composition-humnl-fccl-mughal-inil-sys-isl-mebl-added-to-jsmfi,2024-06-06T17:06:05Z,0.0191,neutral,finbert
MEBL,mettis,https://mettisglobal.news/meezan-bank-becomes-first-market-maker-for-gop-ijarah-sukuk-on-psx,2024-07-13T03:48:31Z,0.2887,neutral,finbert
MEBL,mettis,https://mettisglobal.news/meezan-bank-esl-launch-shariah-compliant-trading-window-for-rda-customers,2024-07-13T08:59:32Z,0.2475,neutral,finbert
MEBL,mettis,https://mettisglobal.news/meezan-bank-haball-sign-referral-arrangement-agreement,2024-07-26T15:55:01Z,0.2534,neutral,finbert
MEBL,mettis,https://mettisglobal.news/mebl-earns-rs26-9bn-in-q2-cy24-declares-rs7-dividend,2024-08-08T13:31:28Z,0.1078,neutral,finbert
MEBL,mettis,https://mettisglobal.news/meezan-bank-commends-govts-economic-reforms,2024-08-08T19:05:34Z,0.6545,positive,finbert
MEBL,mettis,https://mettisglobal.news/meezan-bank-mastercard-strengthen-partnership-with-enhanced-offerings,2024-09-05T14:59:06Z,0.9237,positive,finbert
MEBL,mettis,https://mettisglobal.news/meezan-bank-dominates-cfa-21st-annual-excellence-awards,2024-09-14T15:09:44Z,0.2219,neutral,finbert
MEBL,profit,https://profit.pakistantoday.com.pk/2024/10/21/meezan-bank-posts-rs26-4bn-profit-in-q3cy24-despite-increased-taxation-and-foreign-exchange-income-drop,2024-10-21T09:29:54Z,0.9053,positive,finbert
MEBL,mettis,https://mettisglobal.news/mebl-q3-earnings-miss-expectations,2024-10-21T12:06:37Z,-0.8289,negative,finbert
MEBL,mettis,https://mettisglobal.news/visa-meezan-bank-to-launch-the-financial-inclusion-card,2024-10-27T19:02:29Z,0.1255,neutral,finbert
MEBL,mettis,https://mettisglobal.news/meezan-bank-wins-best-company-in-financial-category-award,2024-10-30T13:15:53Z,0.9121,positive,finbert
MEBL,mettis,https://mettisglobal.news/mebl-itfc-join-forces-to-secure-payment-guarantees-for-exporters,2024-11-05T15:27:11Z,0.8896,positive,finbert
MEBL,mettis,https://mettisglobal.news/meezan-bank-cashnow-sign-mou-to-transform-islamic-finance,2024-11-13T17:50:12Z,0.7045,positive,finbert
MEBL,mettis,https://mettisglobal.news/mebl-bafl-eliminate-5-fee-on-high-value-deposits,2024-11-26T22:06:19Z,0.0356,neutral,finbert
MEBL,profit,https://profit.pakistantoday.com.pk/2024/11/30/meezan-bank-wins-best-bank-of-pakistan-bop-claims-two-of-seven-awards,2024-11-30T06:24:42Z,0.8802,positive,finbert
MEBL,mettis,https://mettisglobal.news/meezan-bank-wins-best-bank-award-at-pakistan-banking-awards-2024,2024-12-01T01:24:49Z,0.8106,positive,finbert
MEBL,profit,https://profit.pakistantoday.com.pk/2024/12/18/meezan-bank-compensates-victims-of-alleged-third-party-data-breach,2024-12-18T18:20:43Z,-0.3161,neutral,finbert
MEBL,profit,https://profit.pakistantoday.com.pk/2024/12/19/meezan-bank-reassures-customers-of-data-security-amid-alleged-breach,2024-12-19T18:21:48Z,0.6322,positive,finbert
MEBL,mettis,https://mettisglobal.news/meezan-bank-arif-habib-launch-instant-top-up-service,2024-12-23T10:03:29Z,0.0723,neutral,finbert
MEBL,mettis,https://mettisglobal.news/meezan-bank-unveils-fcy-debit-card-for-freelancers-exporters,2025-01-27T16:37:04Z,0.1318,neutral,finbert
MEBL,mettis,https://mettisglobal.news/meezan-bank-launches-fcy-debit-card-for-exporters-freelancers,2025-02-03T10:34:14Z,0.2702,neutral,finbert
MEBL,mettis,https://mettisglobal.news/mebl-reports-rs104bn-profit-for-2024-marking-21-yoy-growth,2025-02-13T14:04:42Z,0.8675,positive,finbert
MEBL,profit,https://profit.pakistantoday.com.pk/2025/02/17/meezan-bank-crosses-rs100-billion-profit-milestone-despite-q4-slowdown,2025-02-17T03:28:18Z,0.9139,positive,finbert
MEBL,mettis,https://mettisglobal.news/meezan-bank-tkbb-sign-mou-to-advance-islamic-finance,2025-02-19T13:56:28Z,0.6736,positive,finbert
MEBL,mettis,https://mettisglobal.news/payoneer-meezan-bank-partner-to-simplify-smb-payment-withdrawals-in-pakistan,2025-03-05T13:29:57Z,0.1345,neutral,finbert
MEBL,mettis,https://mettisglobal.news/google-wallet-now-supports-meezan-bank-debit-cards,2025-03-13T10:56:23Z,0.1339,neutral,finbert
MEBL,mettis,https://mettisglobal.news/meezan-bank-ned-university-partner-to-launch-centre-for-islamic-finance-fintech,2025-03-20T14:46:46Z,0.3805,neutral,finbert
MEBL,mettis,https://mettisglobal.news/meezan-bank-icap-partner-to-establish-centre-for-islamic-finance,2025-03-28T22:09:27Z,0.5886,positive,finbert
MEBL,mettis,https://mettisglobal.news/meezan-bank-reports-nearly-rs22bn-profit-decline-of-11-yoy,2025-04-21T12:39:34Z,-0.9028,negative,finbert
MEBL,profit,https://profit.pakistantoday.com.pk/2025/07/29/meezan-bank-launches-visa-global-esim-for-seamless-international-connectivity,2025-07-29T12:58:46Z,0.1031,neutral,finbert
MEBL,mettis,https://mettisglobal.news/Meezan-Bank-eyes-Rs4483share-by-June-2026-54093,2025-07-29T14:01:50Z,0.0263,neutral,finbert
MEBL,mettis,https://mettisglobal.news/Meezan-Bank-first-in-Pakistan-to-launch-Visa-eSIM-54105,2025-07-29T17:16:11Z,0.2197,neutral,finbert
MEBL,profit,https://profit.pakistantoday.com.pk/2025/08/13/meezan-bank-reports-rs47-14-billion-half-year-profit-down-9-6-yoy,2025-08-13T11:32:41Z,-0.9658,negative,finbert
MEBL,mettis,https://mettisglobal.news/Meezan-Bank-halfyear-profit-falls-nearly-10-54482,2025-08-13T16:11:27Z,-0.9616,negative,finbert
MEBL,mettis,https://mettisglobal.news/Meezan-Bank-delivers-Rs7-dividend-as-profit-moderates-to-Rs70bn-in-9MFY25-56167,2025-10-24T12:14:21Z,-0.7021,negative,finbert
MEBL,mettis,https://mettisglobal.news/Meezan-Bank-Mastercard-celebrate-crossborder-spending-winners-56175,2025-10-24T14:32:46Z,0.6325,positive,finbert
MEBL,profit,https://profit.pakistantoday.com.pk/2025/10/24/meezan-bank-net-profit-falls-10-amid-core-income-squeeze,2025-10-24T15:01:20Z,-0.9610,negative,finbert
MEBL,mettis,https://mettisglobal.news/Meezan-Bank-makes-it-to-MSCI-Frontier-Markets-Index-56486,2025-11-06T07:51:54Z,0.0209,neutral,finbert
MEBL,mettis,https://mettisglobal.news/Meezan-Bank-plans-aggressive-branch-expansion-to-drive-deposit-growth-56605,2025-11-11T10:28:59Z,0.9212,positive,finbert
MEBL,profit,https://profit.pakistantoday.com.pk/2025/11/15/bop-wins-three-honours-at-pakistan-banking-awards-meezan-bank-named-best-bank-for-third-time,2025-11-15T06:39:12Z,0.8778,positive,finbert
MEBL,mettis,https://mettisglobal.news/Meezan-Bank-wins-Best-Bank-Award-at-Pakistan-Banking-Awards-2025-56714,2025-11-15T10:40:30Z,0.8094,positive,finbert
MEBL,mettis,https://mettisglobal.news/Meezan-Bank-partners-with-Etihad-for-travel-savings-57168,2025-12-09T14:25:06Z,0.3416,neutral,finbert
MEBL,profit,https://profit.pakistantoday.com.pk/2025/12/30/dr-syed-amir-ali-appointed-ceo-of-meezan-bank,2025-12-30T04:59:22Z,0.0319,neutral,finbert
MEBL,mettis,https://mettisglobal.news/Meezan-Bank-elevates-Dr-Syed-Amir-Ali-to-President-CEO-57525,2025-12-30T10:12:10Z,0.1380,neutral,finbert
MEBL,mettis,https://mettisglobal.news/Meezan-Bank-Debit-cardholders-to-enjoy-exclusive-PIA-booking-discounts-57792,2026-01-14T15:43:31Z,0.1307,neutral,finbert
MEBL,profit,https://profit.pakistantoday.com.pk/2026/01/28/ubl-and-meezan-bank-lead-pakistans-largest-private-sector-islamic-financing-of-rs133-billion,2026-01-28T02:50:10Z,0.1095,neutral,finbert
MEBL,mettis,https://mettisglobal.news/Meezan-Bank-invited-to-share-expertise-on-risk-sharing-finance-58125,2026-01-30T14:32:51Z,0.7177,positive,finbert
MEBL,profit,https://profit.pakistantoday.com.pk/2026/02/09/meezan-bank-raises-authorised-capital-of-exchange-subsidiary-to-rs2-billion,2026-02-09T13:35:06Z,0.8218,positive,finbert
MEBL,mettis,https://mettisglobal.news/Meezan-Bank-posts-Rs92bn-profit-dividend-strong-58286,2026-02-09T14:13:32Z,0.2122,neutral,finbert
MEBL,mettis,https://mettisglobal.news/Meezan-Bank-lifts-Exchange-Unit-capital-to-Rs2bn-58292,2026-02-09T15:38:42Z,0.9166,positive,finbert
MEBL,mettis,https://mettisglobal.news/Meezan-Bank-accelerates-cashless-shift-59414,2026-04-02T13:12:43Z,-0.7776,negative,finbert
MEBL,mettis,https://mettisglobal.news/Meezan-Bank-plans-entry-into-credit-cards-by-CY27-59542,2026-04-08T10:50:27Z,0.0836,neutral,finbert
MEBL,mettis,https://mettisglobal.news/MEBL-rewards-shareholders-with-Rs75-dividend-in-Q1CY26-59930,2026-04-23T13:44:33Z,0.8995,positive,finbert
MEBL,mettis,https://mettisglobal.news/Meezan-Bank-card-spend-tops-Rs45bn-59959,2026-04-24T09:57:49Z,0.1658,neutral,finbert
MEBL,mettis,https://mettisglobal.news/Meezan-Bank-crosses-Rs1bn-in-housing-finance-60836,2026-06-04T10:25:24Z,0.1282,neutral,finbert
MEBL,mettis,https://mettisglobal.news/Meezan-Bank-replaces-PEL-in-MZNPI-60964,2026-06-10T09:27:31Z,-0.0710,neutral,finbert
MEBL,mettis,https://mettisglobal.news/Meezan-Bank-crosses-Rs1tr-market-cap-61508,2026-07-01T18:41:55Z,0.3952,positive,finbert
MEBL,mettis,https://mettisglobal.news/Meezan-Bank-Iqra-University-introduce-Islamic-FinTech-centre-61714,2026-07-09T14:07:45Z,0.1227,neutral,finbert
MEBL,profit,https://profit.pakistantoday.com.pk/2026/07/10/meezan-bank-allots-654-million-shares-under-employee-option-scheme,2026-07-10T04:30:00Z,0.0037,neutral,finbert
MEBL,mettis,https://mettisglobal.news/Meezan-Bank-crosses-Rs2bn-in-Apna-Ghar-financing-61786,2026-07-13T11:20:00Z,0.0816,neutral,finbert
MEBL,mettis,https://mettisglobal.news/Meezan-Bank-partners-with-LUMS-to-advance-Islamic-Finance-Education-in-Pakistan-61791,2026-07-13T14:33:16Z,0.7429,positive,finbert
MEBL,mettis,https://mettisglobal.news/Meezan-Bank-strengthens-sustainability-agenda-with-LEED-Gold-Certification-61943,2026-07-17T17:13:35Z,0.9095,positive,finbert
MEBL,mettis,https://mettisglobal.news/Meezan-Bank-leads-bulk-eIPO-subscription-payments-62062,2026-07-23T09:14:00Z,0.0399,neutral,finbert
MEBL,mettis,https://mettisglobal.news/Meezan-Bank-achieves-PCI-DSS-v401-security-certification-62162,2026-07-27T14:42:36Z,0.9309,positive,finbert
MEBL,mettis,https://mettisglobal.news/Meezan-Bank-H1-profit-rises-3-declares-Rs8-dividend-62447,2026-08-06T13:31:49Z,0.9095,positive,finbert
MEBL,mettis,https://mettisglobal.news/Meezan-Bank-crosses-Rs3bn-in-Ghar-Ho-Tu-Apna-housing-disbursements-62523,2026-08-10T10:30:22Z,0.0986,neutral,finbert
MEBL,mettis,https://mettisglobal.news/Meezan-Bank-eyes-CY27-Shariah-card-launch-1250-branches-by-year-end-62603,2026-08-12T10:05:28Z,0.1370,neutral,finbert
MEBL,profit,https://profit.pakistantoday.com.pk/2026/08/17/tariq-mahmood-pasha-steps-down-as-meezan-bank-director-after-nearly-3-years,2026-08-17T08:42:14Z,-0.0031,neutral,finbert
MEBL,mettis,https://mettisglobal.news/Meezan-Bank-opens-first-247-virtual-teller-service-center-in-Karachi-62836,2026-08-20T16:40:53Z,0.1721,neutral,finbert
MEBL,mettis,https://mettisglobal.news/Meezan-Bank-wins-Best-Bank-of-Pakistan-title-for-sixth-time-62886,2026-08-21T22:42:48Z,0.8604,positive,finbert
MEBL,profit,https://profit.pakistantoday.com.pk/2026/08/22/meezan-bank-wins-best-bank-award-for-sixth-time-bank-of-punjab-takes-three-honours,2026-08-22T05:18:26Z,0.8497,positive,finbert
MEBL,mettis,https://mettisglobal.news/Meezan-Bank-approves-over-Rs315bn-in-Ghar-Ho-Tu-Apna-Financing-63127,2026-09-02T10:47:02Z,0.7806,positive,finbert
MEBL,profit,https://profit.pakistantoday.com.pk/2026/09/14/can-ijaz-farooq-finally-dethrone-meezan-bank,2026-09-14T02:47:56Z,0.0492,neutral,finbert
MLCF,mettis,https://mettisglobal.news/mlcf-approves-loan-investment-of-rs500mn-to-ktml,2021-09-28T17:18:57Z,0.7496,positive,finbert
MLCF,mettis,https://mettisglobal.news/mlcf-higher-retention-prices-drive-profitability,2021-10-22T15:51:23Z,0.9076,positive,finbert
MLCF,mettis,https://mettisglobal.news/mlcf-recommends-buy-back-up-to-25mn-shares-to-shareholders,2022-04-20T09:29:56Z,0.0847,neutral,finbert
MLCF,mettis,https://mettisglobal.news/mlcf-resolves-to-buy-back-upto-25mn-of-its-shares-through-psx,2022-05-17T16:19:17Z,0.0903,neutral,finbert
MLCF,mettis,https://mettisglobal.news/mlcf-buybacks-2mn-ordinary-shares-via-psx,2022-05-30T10:53:33Z,0.0207,neutral,finbert
MLCF,mettis,https://mettisglobal.news/Maple-Leaf-to-invest-Rs500mn-in-Kohinoor-Textile,2022-09-02T09:59:12Z,0.0887,neutral,finbert
MLCF,mettis,https://mettisglobal.news/ktm-invests-rs1bn-in-maple-leaf-cement,2022-10-27T14:57:50Z,0.0834,neutral,finbert
MLCF,mettis,https://mettisglobal.news/mlcf-on-friday-informed-that-an-additional-dry-process-clinker-production-line-of-7000-tons-per-day-of-grey-clinker-has-successfully-started,2022-11-04T15:40:08Z,0.0235,neutral,finbert
MLCF,mettis,https://mettisglobal.news/mlcf-rakes-in-big-bucks-with-strong-1hfy23-performance,2023-02-22T10:49:38Z,0.9156,positive,finbert
MLCF,mettis,https://mettisglobal.news/mlcf-trades-in-pioc-shares,2023-03-10T11:30:52Z,-0.0036,neutral,finbert
MLCF,mettis,https://mettisglobal.news/mlcf-acquires-15-08-shareholding-in-pioc-with-9-5mn-voting-shares,2023-03-13T11:12:03Z,0.0836,neutral,finbert
MLCF,mettis,https://mettisglobal.news/maple-leaf-cement-posts-rs5-77bn-profit-in-fy23-up-26-74-yoy,2023-09-07T10:09:45Z,0.9244,positive,finbert
MLCF,mettis,https://mettisglobal.news/mlcf-to-invest-up-to-rs1bn-in-ktml-to-meet-working-capital-needs,2023-09-07T10:30:37Z,0.7235,positive,finbert
MLCF,mettis,https://mettisglobal.news/ktml-approves-rs2bn-investment-in-mlcf-mlcl,2023-09-11T09:12:43Z,0.7949,positive,finbert
MLCF,mettis,https://mettisglobal.news/vis-maintains-entity-ratings-of-mlcf,2023-09-21T10:51:22Z,0.0577,neutral,finbert
MLCF,mettis,https://mettisglobal.news/mlcf-to-buy-back-100m-shares-at-spot-price,2023-10-19T11:57:06Z,0.0691,neutral,finbert
MLCF,mettis,https://mettisglobal.news/maple-leaf-cements-q2-profit-drops-by-23-5,2024-02-21T09:58:15Z,-0.9673,negative,finbert
MLCF,mettis,https://mettisglobal.news/mlcf-increases-its-stake-in-agl-with-major-share-acquisition,2024-03-28T10:17:32Z,0.9270,positive,finbert
MLCF,mettis,https://mettisglobal.news/mlcf-q1-2024-profit-drops-25-yoy,2024-04-25T13:35:14Z,-0.9634,negative,finbert
MLCF,profit,https://profit.pakistantoday.com.pk/2024/07/25/maple-leaf-cement-intends-to-acquire-agritech-limited,2024-07-25T06:33:27Z,0.0203,neutral,finbert
MLCF,mettis,https://mettisglobal.news/mlcf-submits-pai-to-acquire-agl,2024-07-25T09:55:00Z,0.0311,neutral,finbert
MLCF,mettis,https://mettisglobal.news/maple-leaf-earnings-top-forecast,2024-09-11T09:52:40Z,0.0972,neutral,finbert
MLCF,mettis,https://mettisglobal.news/maple-leaf-power-secures-initial-a-rating-from-vis,2024-09-24T10:20:17Z,0.5798,positive,finbert
MLCF,mettis,https://mettisglobal.news/maple-leaf-cement-ratings-reaffirmed-by-vis,2024-10-15T12:56:49Z,0.5055,positive,finbert
MLCF,mettis,https://mettisglobal.news/mlcf-misses-quarterly-earning-estimates-as-revenue-falls,2024-10-24T09:35:37Z,-0.9627,negative,finbert
MLCF,profit,https://profit.pakistantoday.com.pk/2024/11/06/maple-leaf-cement-makes-higher-bid-to-acquire-control-of-agritech-ltd,2024-11-06T11:17:26Z,0.5915,positive,finbert
MLCF,mettis,https://mettisglobal.news/maple-leaf-cement-submits-intention-to-acquire-38-of-agritech,2024-11-06T15:32:17Z,0.0644,neutral,finbert
MLCF,profit,https://profit.pakistantoday.com.pk/2024/11/19/agritech-receives-revised-offer-from-ffc-amid-competing-bid-from-maple-leaf-cement,2024-11-19T06:53:56Z,-0.1046,negative,finbert
MLCF,profit,https://profit.pakistantoday.com.pk/2024/12/11/agritechs-public-offer-garners-competitive-bids-from-ffc-and-maple-leaf-cement,2024-12-11T11:07:52Z,0.9341,positive,finbert
MLCF,profit,https://profit.pakistantoday.com.pk/2025/01/08/maple-leaf-cement-acquires-1-48-million-agritech-shares,2025-01-08T08:27:43Z,0.0365,neutral,finbert
MLCF,profit,https://profit.pakistantoday.com.pk/2025/01/24/agritech-approves-share-transfers-to-fauji-fertilizer-and-maple-leaf-cement,2025-01-24T07:43:06Z,0.2726,neutral,finbert
MLCF,mettis,https://mettisglobal.news/agritech-board-approves-share-transfer-to-fauji-fertilizer-maple-leaf,2025-01-24T12:23:24Z,0.2884,neutral,finbert
MLCF,mettis,https://mettisglobal.news/vis-upgrades-entity-ratings-of-maple-leaf-capital,2025-02-06T13:28:59Z,0.1245,neutral,finbert
MLCF,mettis,https://mettisglobal.news/maple-leaf-cement-reports-31-profit-growth-in-h1fy24,2025-02-20T10:02:32Z,0.8772,positive,finbert
MLCF,profit,https://profit.pakistantoday.com.pk/2025/05/09/maple-leaf-cement-converts-agritechs-preference-shares-into-55-57-million-ordinary-shares,2025-05-09T08:20:13Z,0.0322,neutral,finbert
MLCF,mettis,https://mettisglobal.news/maple-leaf-cement-converts-preference-shares-in-agritech,2025-05-09T10:41:25Z,0.0273,neutral,finbert
MLCF,mettis,https://mettisglobal.news/msci-adds-fauji-cement-dg-khan-maple-leaf-to-frontier-index,2025-05-14T08:59:29Z,0.0299,neutral,finbert
MLCF,mettis,https://mettisglobal.news/Recomposition-LUCK-DGKC-MLCF-SNGP-GAL-added-to-Meezan-Pakistan-Index-53124,2025-06-17T14:08:40Z,0.0518,neutral,finbert
MLCF,mettis,https://mettisglobal.news/MLCF-delivers-robust-performance-with-66-YoY-profit-growth-54313,2025-08-07T10:05:16Z,0.9391,positive,finbert
MLCF,mettis,https://mettisglobal.news/MLCF-Board-approves-Rs1bn-loan-to-holding-company-KTML-54314,2025-08-07T10:19:02Z,0.6945,positive,finbert
MLCF,mettis,https://mettisglobal.news/MLCF-profit-doubles-in-Q3FY25-56019,2025-10-17T17:29:29Z,0.7907,positive,finbert
MLCF,profit,https://profit.pakistantoday.com.pk/2025/11/13/maple-leaf-cement-weighs-acquisition-of-pioneer-cement,2025-11-13T08:38:03Z,0.0423,neutral,finbert
MLCF,mettis,https://mettisglobal.news/Maple-Leaf-Cement-explores-acquisition-of-Pioneer-Cement-shares-56663,2025-11-13T12:59:11Z,0.0507,neutral,finbert
MLCF,profit,https://profit.pakistantoday.com.pk/2025/12/03/ccp-clears-maple-leaf-cements-bid-to-acquire-more-shares-in-pioneer-cement,2025-12-03T11:58:14Z,0.2565,neutral,finbert
MLCF,mettis,https://mettisglobal.news/VIS-upgrades-Maple-Leaf-Cements-rating-to-A-with-stable-outlook-57091,2025-12-04T14:41:37Z,0.8510,positive,finbert
MLCF,mettis,https://mettisglobal.news/MLCF-on-firm-footing-to-Rs193-57316,2025-12-16T17:08:24Z,0.9016,positive,finbert
MLCF,profit,https://profit.pakistantoday.com.pk/2025/12/18/maple-leaf-cement-launches-public-offer-to-acquire-additional-11-72-stake-in-pioneer-cement,2025-12-18T08:09:47Z,0.1076,neutral,finbert
MLCF,mettis,https://mettisglobal.news/Maple-Leaf-Cement-moves-to-acquire-control-of-Pioneer-Cement-57353,2025-12-18T13:34:00Z,0.0957,neutral,finbert
MLCF,profit,https://profit.pakistantoday.com.pk/2025/12/22/maple-leaf-cement-publishes-public-offer-notice-for-pioneer-cement,2025-12-22T11:33:49Z,0.0078,neutral,finbert
MLCF,profit,https://profit.pakistantoday.com.pk/2026/02/19/maple-leaf-cement-acquires-61-64-of-pioneer-cement-shares,2026-02-19T06:22:32Z,0.0328,neutral,finbert
MLCF,mettis,https://mettisglobal.news/MLCF-secures-Pioneer-Cement-shares-61-allotment-applied-58542,2026-02-19T09:54:55Z,0.2423,neutral,finbert
MLCF,profit,https://profit.pakistantoday.com.pk/2026/02/20/maple-leaf-cement-acquires-additional-stake-in-pioneer-cement,2026-02-20T06:38:25Z,0.0631,neutral,finbert
MLCF,mettis,https://mettisglobal.news/Maple-Leaf-tightens-grip-on-Pioneer-Cement-58572,2026-02-20T09:09:44Z,-0.6597,negative,finbert
MLCF,profit,https://profit.pakistantoday.com.pk/2026/02/23/maple-leaf-cement-secures-88-28-stake-in-pioneer-cement-makes-it-subsidiary,2026-02-23T06:23:00Z,0.1052,neutral,finbert
MLCF,mettis,https://mettisglobal.news/MLCF-Secures-8828-Stake-in-PIOC-58607,2026-02-23T09:07:34Z,0.2258,neutral,finbert
MLCF,mettis,https://mettisglobal.news/Maple-Leaf-Cement-profit-grows-15-in-1HFY26-58655,2026-02-25T09:13:18Z,0.9113,positive,finbert
MLCF,profit,https://profit.pakistantoday.com.pk/2026/03/12/maple-leaf-cements-faysal-bank-share-acquisitions-get-ccp-approval,2026-03-12T17:56:58Z,0.4388,neutral,finbert
MLCF,mettis,https://mettisglobal.news/Maple-Leaf-eyes-up-to-299-stake-in-Faysal-Bank-after-CCP-clearance-59094,2026-03-17T14:19:53Z,0.2751,neutral,finbert
MLCF,mettis,https://mettisglobal.news/MLCF-profit-sees-slight-dip-in-9MFY26-59893,2026-04-22T09:35:47Z,-0.9464,negative,finbert
MLCF,mettis,https://mettisglobal.news/Maple-Leaf-Cement-FY26-profit-rises-9-to-Rs126bn-62286,2026-07-31T09:44:15Z,0.9058,positive,finbert
MLCF,mettis,https://mettisglobal.news/MLCF-clears-Rs2bn-working-capital-facilities-for-KTML-MLCL-62289,2026-07-31T10:22:02Z,0.7502,positive,finbert
MLCF,mettis,https://mettisglobal.news/Maple-Leaf-Cement-board-clears-full-amalgamation-of-Pioneer-Cement-63143,2026-09-02T15:54:17Z,-0.0204,neutral,finbert
MLCF,profit,https://profit.pakistantoday.com.pk/2026/09/03/maple-leaf-pioneer-cement-move-ahead-with-merger-after-board-approvals,2026-09-03T02:35:04Z,0.0633,neutral,finbert
NBP,profit,https://profit.pakistantoday.com.pk/2021/09/20/finance-division-proposes-names-for-post-of-nbp-board-director,2021-09-20T17:03:24Z,0.0273,neutral,finbert
NBP,profit,https://profit.pakistantoday.com.pk/2021/09/28/nirc-directs-police-to-arrest-nbp-president,2021-09-28T08:22:10Z,-0.2484,neutral,finbert
NBP,mettis,https://mettisglobal.news/nbp-suffers-cyber-attack-recovery-expects-by-monday,2021-10-31T09:52:37Z,-0.4767,negative,vader
NBP,profit,https://profit.pakistantoday.com.pk/2021/10/31/no-disruption-in-digital-banking-services-post-cyber-attack-on-nbp,2021-10-31T17:48:45Z,-0.8187,negative,finbert
NBP,mettis,https://mettisglobal.news/no-data-breach-occurred-nbp-clarifies,2021-11-01T10:05:24Z,-0.2527,neutral,finbert
NBP,profit,https://profit.pakistantoday.com.pk/2021/11/14/nbp-to-help-chinese-companies-relocate-industrial-units-to-pakistan,2021-11-14T18:20:18Z,0.5299,positive,finbert
NBP,mettis,https://mettisglobal.news/nbp-to-observe-extended-banking-hours-on-december-30-31,2021-12-28T15:15:00Z,-0.1540,neutral,finbert
NBP,profit,https://profit.pakistantoday.com.pk/2022/01/11/nbp-audit-report-yet-to-be-reviewed-finalised-agp,2022-01-11T06:17:45Z,-0.0267,neutral,finbert
NBP,mettis,https://mettisglobal.news/president-advises-nbp-to-pay-rs500000-to-bank-fraud-victim,2022-01-12T15:07:42Z,-0.3937,neutral,finbert
NBP,profit,https://profit.pakistantoday.com.pk/2022/02/12/pm-grants-three-month-extension-to-nbp-president-arif-usmani,2022-02-12T11:21:14Z,0.7014,positive,finbert
NBP,mettis,https://mettisglobal.news/frb-announces-20-4mn-penalty-against-nbp-for-aml-violations,2022-02-24T23:03:37Z,-0.9492,negative,finbert
NBP,mettis,https://mettisglobal.news/nyfdfs-imposes-35mn-penalty-on-nbp-for-repeated-compliance-failures,2022-02-24T23:18:37Z,-0.9478,negative,finbert
NBP,mettis,https://mettisglobal.news/nbp-agrees-to-pay-55-4mn-in-penalty-for-aml-violations-compliance-failures,2022-02-25T10:45:23Z,-0.3179,negative,finbert
NBP,profit,https://profit.pakistantoday.com.pk/2022/02/25/nbp-fined-over-55mn-for-anti-money-laundering-violations-compliance-failures-in-us,2022-02-25T15:55:55Z,-0.9422,negative,finbert
NBP,mettis,https://mettisglobal.news/nbp-profitability-declines-by-6-in-cy21,2022-03-08T15:21:43Z,-0.9660,negative,finbert
NBP,mettis,https://mettisglobal.news/cash-dividend-under-process-for-federal-governments-approval-nbp,2022-03-30T15:45:19Z,0.0224,neutral,finbert
NBP,profit,https://profit.pakistantoday.com.pk/2022/04/06/u-microfinance-bank-nbp-enter-into-strategic-partnership-to-promote-financial-inclusion,2022-04-06T09:08:01Z,0.8634,positive,finbert
NBP,profit,https://profit.pakistantoday.com.pk/2022/04/09/cabinet-approves-samina-rizwan-as-director-on-nbp-board,2022-04-09T10:22:29Z,0.0725,neutral,finbert
NBP,mettis,https://mettisglobal.news/nbp-approves-rs1-5bn-for-wavess-housing-project,2022-04-18T11:36:47Z,0.8039,positive,finbert
NBP,mettis,https://mettisglobal.news/NBP-records-24%-YoY-increase-in-quarterly-profits,2022-04-29T10:35:56Z,0.9273,positive,finbert
NBP,profit,https://profit.pakistantoday.com.pk/2022/05/11/govt-assign-look-after-charge-to-rehmat-ali-as-nbp-president,2022-05-11T14:48:25Z,0.0442,neutral,finbert
NBP,mettis,https://mettisglobal.news/rehmat-ali-hasnie-assigned-look-after-charge-of-nbp-ceo,2022-05-11T16:28:16Z,0.0059,neutral,finbert
NBP,mettis,https://mettisglobal.news/nbp-money-market-mutual-fund-outshines-its-peers,2022-05-31T16:54:46Z,0.7856,positive,finbert
NBP,mettis,https://mettisglobal.news/nbp-wins-terror-financing-case-in-new-york-court,2022-06-14T21:13:12Z,0.0772,positive,vader
NBP,profit,https://profit.pakistantoday.com.pk/2022/06/29/miftah-ismail-tells-nbp-to-withdraw-appeal-against-riba-decision,2022-06-29T10:33:51Z,-0.6007,negative,finbert
NBP,profit,https://profit.pakistantoday.com.pk/2022/08/07/finance-ministry-handpicks-candidates-for-nbp-president-post,2022-08-07T16:48:58Z,0.0576,neutral,finbert
NBP,profit,https://profit.pakistantoday.com.pk/2022/08/11/finance-ministry-postpones-interviews-for-the-post-of-president-nbp,2022-08-11T10:17:29Z,-0.3522,neutral,finbert
NBP,profit,https://profit.pakistantoday.com.pk/2022/08/15/finance-ministry-seeks-details-on-closure-of-nbp-paris-branch,2022-08-15T07:56:01Z,-0.5367,negative,finbert
NBP,mettis,https://mettisglobal.news/NBP-registers-28-drop-in-profits-in-1HCY22,2022-08-17T15:30:38Z,-0.9659,negative,finbert
NBP,profit,https://profit.pakistantoday.com.pk/2022/08/18/cabinet-approves-look-after-charge-of-president-nbp-through-banking-nationalization-act,2022-08-18T10:42:38Z,0.0384,neutral,finbert
NBP,mettis,"https://mettisglobal.news/NBP-announces-inflationary-allowance-by-up-to-Rs65,000-per-month-",2022-08-18T23:54:41Z,0.6422,positive,finbert
NBP,profit,https://profit.pakistantoday.com.pk/2022/08/28/pml-n-ppp-in-tug-of-war-over-appointment-of-president-nbp,2022-08-28T18:24:37Z,-0.7474,negative,finbert
NBP,profit,https://profit.pakistantoday.com.pk/2022/08/31/33-growth-in-nbp-assets-recorded-to-achieve-pkr-5tr-milestone,2022-08-31T11:44:56Z,0.9375,positive,finbert
NBP,profit,https://profit.pakistantoday.com.pk/2022/09/08/nbp-ngos-collaborate-to-provide-clean-drinking-water-manufactured-by-pakvitae,2022-09-07T19:04:40Z,0.6713,positive,finbert
NBP,mettis,https://mettisglobal.news/nbp-profitability-declines-by-21-77-yoy-in-9mcy22,2022-10-28T11:45:22Z,-0.9671,negative,finbert
NBP,mettis,https://mettisglobal.news/sbp-snd-nbp-will-withdraw-their-cases-in-the-federal-shariah-court-the-statement-by-finance-minister-ishaq-dar,2022-11-09T17:55:18Z,-0.0064,neutral,finbert
NBP,mettis,https://mettisglobal.news/sbp-nbp-submits-application-to-withdraw-appeals-against-shariah-compliant-banking,2022-11-16T11:12:00Z,0.0000,neutral,vader
NBP,mettis,https://mettisglobal.news/treasury-management-division-of-the-national-bank-of-pakistan-nbp-on-friday-issued-the-following-exchange-rates,2022-11-18T09:30:00Z,0.0006,neutral,finbert
NBP,mettis,https://mettisglobal.news/treasury-management-division-of-the-national-bank-of-pakistan-nbp-on-monday-issued-the-following-exchange-rates,2022-11-21T09:37:48Z,0.0006,neutral,finbert
NBP,mettis,https://mettisglobal.news/treasury-management-division-of-the-national-bank-of-pakistan-nbp-on-tuesday-issued-the-following-exchange-rates,2022-11-22T09:35:47Z,0.0006,neutral,finbert
NBP,mettis,https://mettisglobal.news/treasury-management-division-of-the-national-bank-of-pakistan-nbp-on-wednesday-issued-the-following-exchange-rates,2022-11-23T09:24:31Z,0.0006,neutral,finbert
NBP,mettis,https://mettisglobal.news/treasury-management-division-of-the-national-bank-of-pakistan-nbp-on-thursday-issued-the-following-exchange-rates,2022-11-24T09:19:24Z,0.0006,neutral,finbert
NBP,mettis,https://mettisglobal.news/treasury-management-division-of-the-national-bank-of-pakistan-nbp-on-friday-issued-the-following-exchange-rates-2,2022-11-25T09:12:45Z,0.0006,neutral,finbert
NBP,mettis,https://mettisglobal.news/treasury-management-division-of-the-national-bank-of-pakistan-nbp-on-monday-issued-the-following-exchange-rates-2,2022-11-28T09:35:08Z,0.0006,neutral,finbert
NBP,mettis,https://mettisglobal.news/treasury-management-division-of-the-national-bank-of-pakistan-nbp-on-tuesday-issued-the-following-exchange-rates-2,2022-11-29T09:49:32Z,0.0006,neutral,finbert
NBP,mettis,https://mettisglobal.news/treasury-management-division-of-the-national-bank-of-pakistan-nbp-on-wednesday-issued-the-following-exchange-rates-2,2022-11-30T09:31:21Z,0.0006,neutral,finbert
NBP,mettis,https://mettisglobal.news/treasury-management-division-of-the-national-bank-of-pakistan-nbp-on-thursday-issued-the-following-exchange-rates-2,2022-12-01T09:21:59Z,0.0006,neutral,finbert
NBP,mettis,https://mettisglobal.news/treasury-management-division-of-the-national-bank-of-pakistan-nbp-on-friday-issued-the-following-exchange-rates-3,2022-12-02T09:21:48Z,0.0006,neutral,finbert
NBP,profit,https://profit.pakistantoday.com.pk/2023/02/07/why-is-it-taking-so-long-to-decide-the-nbp-president,2023-02-07T18:17:27Z,-0.2060,neutral,finbert
NBP,profit,https://profit.pakistantoday.com.pk/2023/02/24/fbr-directs-all-chief-collectors-to-surrender-confiscated-foreign-currencies-to-nbp,2023-02-24T17:13:35Z,-0.0017,neutral,finbert
NBP,profit,https://profit.pakistantoday.com.pk/2023/04/28/nbp-earns-pre-tax-profit-of-rs18-2-billion-13-2-up-yoy,2023-04-28T12:56:35Z,0.9091,positive,finbert
NBP,mettis,https://mettisglobal.news/vis-reaffirms-entity-ratings-of-nbp,2023-06-26T09:50:46Z,0.1021,neutral,finbert
NBP,profit,https://profit.pakistantoday.com.pk/2023/07/20/sbp-designates-ubl-hbl-and-nbp-as-d-sibs-for-2023,2023-07-20T17:48:53Z,0.0217,neutral,finbert
NBP,profit,https://profit.pakistantoday.com.pk/2023/07/21/finance-ministry-proposes-rehmat-ali-hasnie-as-principal-candidate-for-president-nbp,2023-07-21T17:47:34Z,0.0635,neutral,finbert
NBP,profit,https://profit.pakistantoday.com.pk/2023/07/24/cabinet-approves-appointment-of-rehmat-ali-hasnie-as-president-nbp-for-three-years,2023-07-24T17:30:47Z,0.0407,neutral,finbert
NBP,mettis,https://mettisglobal.news/rehmat-ali-hasnie-appointed-as-president-ceo-of-nbp,2023-08-07T15:08:19Z,0.0082,neutral,finbert
NBP,profit,https://profit.pakistantoday.com.pk/2023/09/02/nbp-records-pre-tax-profit-of-pkr-47-7bn-41-up-yoy-19-ytd-growth-in-total-assets-to-achieve-pkr-6tr-milestone,2023-09-02T11:07:29Z,0.9281,positive,finbert
NBP,mettis,https://mettisglobal.news/nbp-nastp-forge-strategic-partnership-in-landmark-agreement,2024-01-29T17:47:50Z,0.6084,positive,finbert
NBP,mettis,https://mettisglobal.news/nbp-added-bop-fabl-removed-from-bkti,2024-02-01T12:55:37Z,-0.5578,negative,finbert
NBP,mettis,https://mettisglobal.news/re-composition-nbp-added-bop-fabl-removed-from-jsgbkti,2024-02-15T15:43:21Z,-0.1049,neutral,finbert
NBP,mettis,https://mettisglobal.news/nbp-records-profit-of-rs53-32bn-in-2023-up-72-29-yoy,2024-02-22T14:03:29Z,0.9283,positive,finbert
NBP,mettis,https://mettisglobal.news/nbp-affirms-to-maintain-robust-car-after-accounting-for-rs98bn-pension-liability,2024-03-01T21:08:38Z,0.9334,positive,finbert
NBP,mettis,https://mettisglobal.news/supreme-court-orders-nbp-to-pay-rs60bn-in-pensions-to-retired-employees,2024-03-20T13:30:19Z,-0.8839,negative,finbert
NBP,mettis,https://mettisglobal.news/psx-approves-listing-of-nbp-islamic-govt-securities-fund-i-units-for-trading,2024-03-21T10:10:38Z,0.4161,neutral,finbert
NBP,mettis,https://mettisglobal.news/re-composition-ptc-nrl-ghni-nbp-agl-engro-ffc-added-to-jsmfi,2024-04-05T09:47:03Z,0.0179,neutral,finbert
NBP,profit,https://profit.pakistantoday.com.pk/2024/05/09/president-nbp-inaugurates-the-newly-renovated-main-branch-multan-to-enhance-customer-experience,2024-05-09T10:32:00Z,0.8768,positive,finbert
NBP,profit,https://profit.pakistantoday.com.pk/2024/05/15/national-bank-of-pakistan-added-to-msci-frontier-market-index,2024-05-15T08:44:43Z,0.0664,neutral,finbert
NBP,mettis,https://mettisglobal.news/ecc-allocates-8m-from-nbp-for-roosevelt-hotel-expenses,2024-05-24T10:26:38Z,0.1521,neutral,finbert
NBP,mettis,https://mettisglobal.news/nbp-al-ansari-exchange-team-up-for-dulsco-camps-workers-benefit,2024-06-04T15:25:35Z,0.3303,neutral,finbert
NBP,profit,https://profit.pakistantoday.com.pk/2024/06/09/financial-facilitation-will-augment-pak-china-business-activities-nbp-president-hasnie,2024-06-09T00:19:39Z,0.3576,neutral,finbert
NBP,mettis,https://mettisglobal.news/re-composition-nbp-exits-js-global-banking-sector-index,2024-08-01T14:05:35Z,-0.0094,neutral,finbert
NBP,profit,https://profit.pakistantoday.com.pk/2024/08/06/govt-defers-nbp-privatisation-exim-bank-to-remain-state-owned,2024-08-06T10:09:21Z,0.0644,neutral,finbert
NBP,mettis,https://mettisglobal.news/cabinet-exempts-nbp-from-soe-act-2003-labels-exim-bank-essential,2024-08-06T10:11:27Z,-0.0395,neutral,finbert
NBP,mettis,https://mettisglobal.news/psx-approves-listing-of-nbp-mustahkum-fund-ii-units,2024-08-16T10:40:16Z,0.2410,neutral,finbert
NBP,mettis,https://mettisglobal.news/NBP-sees-loss-of-Rs898bn-in-Q2CY24,2024-08-29T12:26:27Z,-0.9537,negative,finbert
NBP,profit,https://profit.pakistantoday.com.pk/2024/08/29/nbp-records-total-income-of-96-8-billion,2024-08-29T14:53:09Z,0.0340,neutral,finbert
NBP,mettis,https://mettisglobal.news/nbp-sets-bar-high-by-issuing-transmission-report-same-day-others-should-follow,2024-08-29T23:42:02Z,0.1399,neutral,finbert
NBP,mettis,https://mettisglobal.news/nbp-myzoi-to-enable-financial-inclusion,2024-08-30T15:16:06Z,0.1736,neutral,finbert
NBP,mettis,https://mettisglobal.news/nbp-hits-a-high-note-with-financial-tech-advancements,2024-09-03T12:53:15Z,0.9254,positive,finbert
NBP,profit,https://profit.pakistantoday.com.pk/2024/10/09/national-bank-of-pakistan-approves-full-divestment-from-agritech-limited,2024-10-09T18:27:14Z,0.1987,neutral,finbert
NBP,mettis,https://mettisglobal.news/nbp-approves-full-divestment-from-agritech-limited,2024-10-10T09:27:25Z,0.1510,neutral,finbert
NBP,profit,https://profit.pakistantoday.com.pk/2024/10/15/nbp-divests-entire-shareholding-in-agritech-limited,2024-10-15T08:55:43Z,-0.0715,neutral,finbert
NBP,mettis,https://mettisglobal.news/nbp-sells-entire-stake-in-agritech-limited,2024-10-15T14:51:38Z,0.0022,neutral,finbert
NBP,mettis,https://mettisglobal.news/national-bank-of-pakistan-profit-plunges-75,2024-10-30T10:07:38Z,-0.9576,negative,finbert
NBP,profit,https://profit.pakistantoday.com.pk/2024/11/24/sbp-seals-nbp-branch-over-fake-currency-notes-worth-rs-2-million,2024-11-24T17:34:26Z,0.7857,positive,finbert
NBP,profit,https://profit.pakistantoday.com.pk/2024/11/30/diamond-jubilee-celebrations-of-national-bank-of-pakistan-75-years-of-unwavering-excellence,2024-11-30T12:55:29Z,0.7365,positive,finbert
NBP,profit,https://profit.pakistantoday.com.pk/2024/12/27/federal-reserve-usa-terminates-enforcement-actions-against-nbp,2024-12-27T15:02:47Z,-0.8241,negative,finbert
NBP,mettis,https://mettisglobal.news/federal-reserve-terminates-enforcement-actions-against-nbp,2024-12-27T16:37:56Z,-0.8711,negative,finbert
NBP,mettis,https://mettisglobal.news/nbp-shareholders-approve-smebank-demerger,2025-01-07T13:03:44Z,0.0528,neutral,finbert
NBP,profit,https://profit.pakistantoday.com.pk/2025/01/07/nbp-to-transfer-sme-banks-lending-portfolio-in-demerger-scheme,2025-01-07T13:09:18Z,0.0624,neutral,finbert
NBP,mettis,https://mettisglobal.news/psx-reconstitutes-js-global-banking-sector-index-adds-nbp-fabl,2025-02-01T22:38:05Z,0.0371,neutral,finbert
NBP,mettis,https://mettisglobal.news/re-composition-ghni-gal-netsol-nbp-dfml-added-to-kse-30-index,2025-02-01T22:58:33Z,0.0257,neutral,finbert
NBP,mettis,https://mettisglobal.news/nbp-posts-rs26bn-profit-rs8-dividend,2025-03-03T09:23:03Z,0.0463,neutral,finbert
NBP,mettis,https://mettisglobal.news/nbp-shareholders-endorse-80-cash-dividend,2025-03-26T12:51:52Z,0.1139,neutral,finbert
NBP,mettis,https://mettisglobal.news/sbp-clears-appointment-of-nbp-board-directors-under-fpt-criteria,2025-04-09T12:38:41Z,-0.0013,neutral,finbert
NBP,mettis,https://mettisglobal.news/jubs-confident-of-receiving-noc-from-nbp-soon,2025-04-10T12:22:17Z,0.7850,positive,finbert
NBP,profit,https://profit.pakistantoday.com.pk/2025/04/25/nbp-reaffirms-commitment-to-disability-inclusion-at-global-disability-summit-2025,2025-04-25T05:14:36Z,0.8647,positive,finbert
NBP,mettis,https://mettisglobal.news/nbp-profit-soars-to-over-rs22bn-in-march-quarter,2025-04-25T13:47:34Z,0.9000,positive,finbert
NBP,profit,https://profit.pakistantoday.com.pk/2025/05/01/pakistans-listed-banks-report-14-profit-growth-in-1q2025-led-by-ubl-and-nbp,2025-05-01T03:06:45Z,0.9241,positive,finbert
NBP,profit,https://profit.pakistantoday.com.pk/2025/05/29/nbp-launches-atm-booth-at-karachis-cattle-market-to-promote-cashless-transactions,2025-05-29T04:42:38Z,0.3603,neutral,finbert
NBP,mettis,https://mettisglobal.news/NBP-to-reach-nearly-Rs150-by-December-2026-53112,2025-06-17T11:12:01Z,0.7378,positive,finbert
NBP,profit,https://profit.pakistantoday.com.pk/2025/07/04/nbp-congratulates-pakistan-hockey-team-on-historic-fih-nations-cup-final-qualification,2025-07-04T14:03:59Z,0.7565,positive,finbert
NBP,mettis,https://mettisglobal.news/NBP-leads-Pakistans-banks-in-shareholder-value-surge-53652,2025-07-08T11:55:02Z,0.5447,positive,finbert
NBP,mettis,https://mettisglobal.news/Jubilee-Spinning-pursues-NOC-from-NBP-53907,2025-07-21T09:41:35Z,0.0104,neutral,finbert
NBP,profit,https://profit.pakistantoday.com.pk/2025/07/30/pms-special-assistant-haroon-akhtar-meets-nbp-president-to-boost-industrial-development,2025-07-30T14:25:39Z,0.4605,neutral,finbert
NBP,mettis,https://mettisglobal.news/NBP-surges-past-1bn-market-cap-54292,2025-08-06T12:17:41Z,0.8755,positive,finbert
NBP,profit,https://profit.pakistantoday.com.pk/2025/08/14/nbp-marks-78th-independence-day-with-heartwarming-performance-by-deaf-reach-school-children,2025-08-14T12:22:17Z,0.8107,positive,finbert
NBP,mettis,https://mettisglobal.news/NBP-posts-remarkable-growth-in-halfyear-performance-54853,2025-08-29T09:58:55Z,0.9335,positive,finbert
NBP,profit,https://profit.pakistantoday.com.pk/2025/08/29/nbp-half-year-2025-total-income-soars-58-to-pkr-157-1-bn,2025-08-29T10:07:10Z,0.9056,positive,finbert
NBP,mettis,https://mettisglobal.news/NBP-shareholders-set-for-dividend-windfall-55068,2025-09-08T14:00:34Z,-0.0006,neutral,finbert
NBP,profit,https://profit.pakistantoday.com.pk/2025/09/29/nbp-market-capitalisation-crosses-1-5bn-mark,2025-09-29T11:48:45Z,0.1589,neutral,finbert
NBP,mettis,https://mettisglobal.news/NBP-crosses-15bn-market-cap-secures-2nd-largest-rank-55569,2025-09-29T16:03:16Z,0.8913,positive,finbert
NBP,mettis,https://mettisglobal.news/NBP-strengthens-capital-focuses-on-lowcost-deposits-digital-growth-55786,2025-10-08T15:50:16Z,0.8943,positive,finbert
NBP,profit,https://profit.pakistantoday.com.pk/2025/10/21/nbp-nccpl-sign-mou-to-strengthen-collaboration-between-banking-and-capital-markets,2025-10-21T15:14:58Z,0.9026,positive,finbert
NBP,mettis,https://mettisglobal.news/NBP-NCCPL-sign-strategic-partnership-to-boost-banking-capital-markets-integration-56101,2025-10-22T11:41:29Z,0.9248,positive,finbert
NBP,mettis,https://mettisglobal.news/NBP-stuns-market-as-9MCY25-profit-jumps-16x-56276,2025-10-29T10:29:57Z,0.4172,positive,finbert
NBP,profit,https://profit.pakistantoday.com.pk/2026/01/14/nbp-50th-national-snooker-championship-opens-in-karachi-with-top-players-competing-for-rs-1-6-million-prize-pool,2026-01-13T19:35:08Z,0.0612,neutral,finbert
NBP,profit,https://profit.pakistantoday.com.pk/2026/02/02/hascol-receives-offer-from-national-bank-of-pakistan-for-restructuring-of-its-financing-facilities,2026-02-02T05:59:16Z,0.8875,positive,finbert
NBP,mettis,https://mettisglobal.news/Hascol-receives-NBP-offer-for-financing-facilities-restructuring-58154,2026-02-02T10:49:22Z,0.7372,positive,finbert
NBP,mettis,https://mettisglobal.news/NBP-shares-drop-ahead-of-Pension-Case-hearing-scheduled-for-Feb-13-58239,2026-02-06T10:17:10Z,-0.9528,negative,finbert
NBP,profit,https://profit.pakistantoday.com.pk/2026/02/06/pm-shehbaz-recognizes-nbp-for-contributions-to-economy,2026-02-06T14:52:30Z,0.8439,positive,finbert
NBP,mettis,https://mettisglobal.news/PSX-rejigs-NBP-Pakistan-Growth-Index-58272,2026-02-09T09:35:40Z,0.0851,neutral,finbert
NBP,mettis,https://mettisglobal.news/NBP-declares-Rs35-final-cash-dividend-for-CY2025-58654,2026-02-25T09:00:53Z,-0.0220,neutral,finbert
NBP,profit,https://profit.pakistantoday.com.pk/2026/02/26/pac-orders-nbp-to-file-recovery-suit-over-rs27-85-million-pending-for-four-years,2026-02-26T07:37:19Z,-0.8948,negative,finbert
NBP,profit,https://profit.pakistantoday.com.pk/2026/04/02/nbp-rolls-out-whatsapp-banking-for-easy-account-access,2026-04-02T17:54:02Z,0.1057,neutral,finbert
NBP,profit,https://profit.pakistantoday.com.pk/2026/04/03/nbp-launches-whatsapp-banking-service-to-enhance-customer-convenience,2026-04-03T16:14:23Z,0.6150,positive,finbert
NBP,profit,https://profit.pakistantoday.com.pk/2026/04/06/national-bank-of-pakistan-appoints-chairman-after-sbp-clearance,2026-04-06T09:35:47Z,-0.0181,neutral,finbert
NBP,mettis,https://mettisglobal.news/Why-hasnt-NBP-paid-its-350-dividend-yet-59869,2026-04-21T10:29:42Z,-0.3195,neutral,finbert
NBP,mettis,https://mettisglobal.news/NBP-bets-big-on-digital-future-59964,2026-04-24T12:07:30Z,0.8569,positive,finbert
NBP,mettis,https://mettisglobal.news/NBP-posts-26-drop-in-Q1CY26-profit-60088,2026-04-29T12:45:19Z,-0.9655,negative,finbert
NBP,profit,https://profit.pakistantoday.com.pk/2026/05/08/nbp-launches-nbp-smartpay-to-revolutionise-digital-payments-for-businesses,2026-05-08T07:00:42Z,0.3336,neutral,finbert
NBP,mettis,https://mettisglobal.news/NBP-poised-for-Rs238share-60552,2026-05-19T11:07:07Z,0.0440,neutral,finbert
NBP,mettis,https://mettisglobal.news/Hascol-Petroleum-secures-debt-restructuring-deal-with-NBP-60631,2026-05-21T15:50:56Z,0.8870,positive,finbert
NBP,profit,https://profit.pakistantoday.com.pk/2026/07/17/nbp-advances-public-sector-digitization-with-beoe-digital-walk-in-fee-collection-solution,2026-07-17T16:29:03Z,0.0879,neutral,finbert
NBP,profit,https://profit.pakistantoday.com.pk/2026/08/06/rehmat-ali-hasnie-reappointed-as-nbp-president-for-two-weeks,2026-08-06T09:51:45Z,-0.2074,neutral,finbert
NBP,mettis,https://mettisglobal.news/Govt-reappoints-Rehmat-Ali-Hasnie-as-NBP-president-for-2-weeks-62446,2026-08-06T13:01:29Z,0.0289,neutral,finbert
NBP,mettis,https://mettisglobal.news/PSX-completes-recomposition-of-NBP-Pakistan-Growth-Index-no-change-in-constituents-62473,2026-08-07T09:46:20Z,0.0211,neutral,finbert
NBP,profit,https://profit.pakistantoday.com.pk/2026/08/14/nbp-celebrates-79th-independence-day,2026-08-14T18:02:11Z,0.0496,neutral,finbert
NBP,profit,https://profit.pakistantoday.com.pk/2026/08/17/pak-datacom-moves-nbp-ogdcl-and-agpr-satellite-connectivity-to-uaes-yahsat,2026-08-17T17:18:47Z,0.0085,neutral,finbert
NBP,mettis,https://mettisglobal.news/NBP-Financial-Sector-Fund-tops-FY26-with-704-return-62711,2026-08-17T22:39:58Z,0.8626,positive,finbert
NBP,profit,https://profit.pakistantoday.com.pk/2026/08/21/rehmat-ali-hasnie-concludes-tenure-as-nbp-president-and-ceo,2026-08-21T07:40:00Z,-0.2377,neutral,finbert
NBP,mettis,https://mettisglobal.news/NBP-president-Rehmat-Ali-Hasnies-tenure-comes-to-an-end-62861,2026-08-21T11:45:07Z,-0.5296,negative,finbert
NBP,mettis,https://mettisglobal.news/Govt-names-Abdul-Wahid-Sethi-As-Acting-NBP-President-CEO-for-3-Months-62880,2026-08-21T16:48:27Z,-0.0027,neutral,finbert
NBP,mettis,https://mettisglobal.news/SBP-designates-UBL-HBL-NBP-as-DSIBs-for-2026-62884,2026-08-21T17:18:11Z,0.0194,neutral,finbert
NBP,profit,https://profit.pakistantoday.com.pk/2026/08/21/hbl-ubl-nbp-retained-as-pakistans-d-sibs-for-2026,2026-08-21T18:02:57Z,0.0196,neutral,finbert
NBP,profit,https://profit.pakistantoday.com.pk/2026/08/22/nbp-cfo-abdul-wahid-sethi-given-acting-charge-of-president-ceo,2026-08-22T03:21:26Z,-0.0549,neutral,finbert
NBP,profit,https://profit.pakistantoday.com.pk/2026/08/25/govt-forms-committee-to-settle-dollar35-million-roosevelt-hotel-union-dispute-approves-dollar153-million-gop-guarantee-for-piail-nbp-deal,2026-08-25T03:31:37Z,-0.3552,neutral,finbert
NBP,profit,https://profit.pakistantoday.com.pk/2026/08/25/abdul-wahid-sethi-assumes-charge-as-acting-president-and-ceo-of-nbp-ensuring-leadership-continuity-at-nbp,2026-08-25T16:20:51Z,-0.0367,neutral,finbert
NBP,mettis,https://mettisglobal.news/NBP-profit-falls-24-to-around-Rs33bn-in-1HCY26-62988,2026-08-27T14:41:37Z,-0.9590,negative,finbert
NBP,profit,https://profit.pakistantoday.com.pk/2026/09/03/govt-appoints-imran-sarwar-as-nbp-president-ceo-for-three-years,2026-09-03T07:26:47Z,0.0156,neutral,finbert
NBP,mettis,https://mettisglobal.news/Imran-Sarwar-appointed-as-CEOPresident-NBP-63164,2026-09-03T09:55:48Z,-0.0007,neutral,finbert
NBP,profit,https://profit.pakistantoday.com.pk/2026/09/09/nbp-warmly-welcomes-mr-imran-sarwar-as-its-president-and-chief-executive-officer,2026-09-09T16:16:11Z,0.7365,positive,finbert
NBP,profit,https://profit.pakistantoday.com.pk/2026/09/17/federal-constitutional-court-dismisses-nbp-appeal-pensioners-entitled-to-government-increases,2026-09-17T10:13:15Z,-0.9030,negative,finbert
NBP,mettis,https://mettisglobal.news/NBP-appeal-dismissed-clearing-path-for-pensioners-63524,2026-09-17T15:04:54Z,0.3207,positive,finbert
NBP,profit,https://profit.pakistantoday.com.pk/2026/10/01/finance-minister-meets-nbp-chairman-and-president-discusses-banking-sector-priorities,2026-10-01T18:35:39Z,0.0479,neutral,finbert
NBP,mettis,https://mettisglobal.news/Finance-Minister-NBP-president-discuss-banking-sectors-role-in-economic-priorities-63922,2026-10-02T12:35:25Z,0.0565,neutral,finbert
OGDC,profit,https://profit.pakistantoday.com.pk/2021/09/28/shahid-salim-resigns-as-md-ogdcl,2021-09-28T14:47:55Z,-0.3182,negative,vader
OGDC,mettis,https://mettisglobal.news/ogdcl-announces-successful-testing-of-gas-at-wali-1-well-in-kpk,2021-09-28T14:57:41Z,0.8996,positive,finbert
OGDC,mettis,https://mettisglobal.news/ogdcl-earnings-take-a-dive,2021-09-28T15:27:01Z,-0.5750,negative,finbert
OGDC,mettis,https://mettisglobal.news/ogdcl-injects-12-new-wells-in-production-gathering-system-in-fy21,2021-09-30T13:51:05Z,0.3935,neutral,finbert
OGDC,profit,https://profit.pakistantoday.com.pk/2021/10/21/ogdcl-discovers-gas-reservoir-in-balochistan,2021-10-21T14:30:49Z,0.0656,neutral,finbert
OGDC,mettis,https://mettisglobal.news/ogdcl-makes-gas-discovery-at-jandran-west-x-1,2021-10-21T16:24:35Z,0.0455,neutral,finbert
OGDC,mettis,https://mettisglobal.news/ogdcl-higher-oil-prices-drive-earnings,2021-10-29T11:05:12Z,0.8555,positive,finbert
OGDC,mettis,https://mettisglobal.news/ogdcl-makes-three-discoveries-in-1qfy22,2021-11-01T12:27:47Z,0.1191,neutral,finbert
OGDC,mettis,https://mettisglobal.news/ogdcl-injects-four-wells-in-production-gathering-system,2021-11-04T13:49:54Z,0.1662,neutral,finbert
OGDC,mettis,https://mettisglobal.news/ogdcl-carries-out-336-line-km-2d-surveys-in-three-months,2021-11-11T12:25:06Z,0.0362,neutral,finbert
OGDC,mettis,https://mettisglobal.news/ogdcl-injects-additional-69770-bbl-oil,2021-12-16T16:36:06Z,0.1460,neutral,finbert
OGDC,mettis,https://mettisglobal.news/ogdcl-carries-out-336-line-km-2d-surveys-in-1qfy22,2021-12-21T12:58:15Z,0.0288,neutral,finbert
OGDC,mettis,https://mettisglobal.news/ogdcl-higher-oil-prices-drive-earnings-to-rs68-9bn-up-by-63-yoy,2022-02-23T18:15:05Z,0.9310,positive,finbert
OGDC,mettis,https://mettisglobal.news/ogdcl-injects-7-new-wells-in-production-gathering-system,2022-03-16T14:23:50Z,0.7031,positive,finbert
OGDC,mettis,https://mettisglobal.news/ogdcl-carries-out-652-line-km-2d-surveys-in-1hfy22,2022-03-18T13:12:03Z,0.0213,neutral,finbert
OGDC,mettis,https://mettisglobal.news/ogdc-ppl-enter-into-agreement-for-reko-diq-revival,2022-03-21T09:52:30Z,0.9122,positive,finbert
OGDC,mettis,https://mettisglobal.news/ogdcl-makes-four-discoveries-in-1h-of-fy22,2022-04-01T13:05:20Z,0.1496,neutral,finbert
OGDC,mettis,https://mettisglobal.news/ogdcl-slashes-lpg-price-by-rs40-kg,2022-04-05T21:13:43Z,-0.9017,negative,finbert
OGDC,mettis,https://mettisglobal.news/OGDC:-Blooming,2022-04-29T11:39:17Z,0.0000,neutral,vader
OGDC,mettis,https://mettisglobal.news/dgpc-provisionally-awards-new-exploration-block-to-ogdcl-jv-partner,2022-05-09T12:34:46Z,0.7781,positive,finbert
OGDC,mettis,https://mettisglobal.news/msci-ogdc-added-hbl-removed-from-fm-index,2022-05-13T10:13:02Z,-0.5661,negative,finbert
OGDC,profit,https://profit.pakistantoday.com.pk/2022/05/18/delay-in-appointment-of-md-ogdcl,2022-05-18T16:16:05Z,-0.2263,neutral,finbert
OGDC,mettis,https://mettisglobal.news/ogdcl-injects-8-new-wells-in-production-gathering-system,2022-05-18T17:05:44Z,0.7205,positive,finbert
OGDC,mettis,https://mettisglobal.news/ogdcl-makes-4-discoveries-injects-8-operated-wells-in-production-gathering-system,2022-05-29T11:16:00Z,0.1279,neutral,finbert
OGDC,mettis,https://mettisglobal.news/ogdcl-carries-out-1426-line-km-2d-120-sq-km-3d-surveys,2022-06-01T14:30:30Z,0.0215,neutral,finbert
OGDC,mettis,https://mettisglobal.news/trg-mtl-pol-ffc-ogdcl-added-to-jsmfi-psx,2022-06-06T22:27:53Z,0.0464,neutral,finbert
OGDC,mettis,https://mettisglobal.news/ogdcl-produces-822-tpd-lpg-in-nine-months,2022-06-07T12:59:08Z,0.0634,neutral,finbert
OGDC,profit,https://profit.pakistantoday.com.pk/2022/06/15/ogdcl-discovers-gas-reserves-in-ghotki-sindh,2022-06-15T13:56:52Z,0.0614,neutral,finbert
OGDC,mettis,https://mettisglobal.news/ogdc-discovers-gas-from-umair-south-east-1-well-in-guddu-block,2022-06-15T15:07:57Z,0.2023,neutral,finbert
OGDC,mettis,https://mettisglobal.news/ogdc-discovers-gas-from-nim-east-1-exploratory-well,2022-06-22T09:41:54Z,0.1572,neutral,finbert
OGDC,mettis,https://mettisglobal.news/ogdc-makes-a-discovery-of-gas-reservoirs-at-kaleri-shum-01-well-in-rajanpur,2022-06-22T09:50:16Z,0.1405,neutral,finbert
OGDC,profit,https://profit.pakistantoday.com.pk/2022/07/04/ogdcl-headquarter-remains-closed-in-protest,2022-07-04T18:19:30Z,-0.5401,negative,finbert
OGDC,profit,https://profit.pakistantoday.com.pk/2022/07/06/ogdcl-headquarter-remains-closed-in-protest-on-second-day,2022-07-05T19:19:21Z,-0.8795,negative,finbert
OGDC,mettis,https://mettisglobal.news/ogdcl-injects-305804-bbl-oil-3677-mmcf-gas-in-its-production-gathering-system,2022-07-13T14:05:01Z,0.0452,neutral,finbert
OGDC,profit,https://profit.pakistantoday.com.pk/2022/08/19/appointment-of-regular-mds-of-ogdcl-pll-remains-a-pipedream,2022-08-19T17:33:49Z,-0.0444,neutral,finbert
OGDC,mettis,https://mettisglobal.news/OGDC-announces-gas-discovery-in-KPK’s-Kohat,2022-08-31T12:42:17Z,0.0494,neutral,finbert
OGDC,profit,https://profit.pakistantoday.com.pk/2022/09/08/ogdcl-and-ppl-to-get-permanent-chief-officials-soon,2022-09-08T18:41:36Z,0.0657,neutral,finbert
OGDC,profit,https://profit.pakistantoday.com.pk/2022/09/16/ogdcl-to-award-85m-project-to-firm-against-audit-depts-advice,2022-09-16T18:51:34Z,0.7519,positive,finbert
OGDC,profit,https://profit.pakistantoday.com.pk/2022/09/18/ogdcl-to-probe-former-gm-for-maligning-current-md-in-uch-project-contract,2022-09-18T17:32:58Z,-0.6658,negative,finbert
OGDC,mettis,https://mettisglobal.news/OGDC-discovers-gas-from-Lockhart-formation-in-Tolanj-West-2-development-well-in-Kohat,2022-09-19T12:08:33Z,0.1076,neutral,finbert
OGDC,profit,https://profit.pakistantoday.com.pk/2022/09/21/uch-compression-project-vital-to-meet-ever-rising-energy-demand-ogdcl-clarifies,2022-09-21T14:11:48Z,0.1727,neutral,finbert
OGDC,mettis,https://mettisglobal.news/ogdc-profit-soars-to-rs53bn-in-1qfy23,2022-10-25T15:25:03Z,0.9100,positive,finbert
OGDC,mettis,https://mettisglobal.news/ogdc-discovers-oil-at-toot-deep-1-well-in-attock,2022-10-27T12:28:21Z,0.2922,neutral,finbert
OGDC,mettis,https://mettisglobal.news/ogdcl-produces-33443bpd-oil-779mmcfd-gas-1qfy23,2022-12-14T13:50:00Z,0.0406,neutral,finbert
OGDC,mettis,https://mettisglobal.news/ppl-ogdc-ghpl-signs-definitive-agreement-for-reko-diq-project,2022-12-16T09:31:40Z,0.9030,positive,finbert
OGDC,mettis,https://mettisglobal.news/ogdc-discovers-oil-gas-from-exploratory-well-chak-5-dim-south-3,2022-12-19T12:59:49Z,0.0902,neutral,finbert
OGDC,mettis,https://mettisglobal.news/ecc-allows-one-year-ewt-to-ogdc,2023-01-04T00:41:59Z,0.0516,neutral,finbert
OGDC,mettis,https://mettisglobal.news/ogdc-strikes-it-big-in-1hfy23-with-38-yoy-surge-in-profitability,2023-02-22T14:33:41Z,0.9237,positive,finbert
OGDC,mettis,https://mettisglobal.news/ogdc-remains-key-player-in-energy-sector-despite-production-dip,2023-02-23T13:55:35Z,0.4507,neutral,finbert
OGDC,mettis,https://mettisglobal.news/ogdcl-drills-four-exploratory-wells-makes-three-new-discoveries-in-1hfy23,2023-03-07T14:46:34Z,0.3588,neutral,finbert
OGDC,mettis,https://mettisglobal.news/ogdc-requests-government-for-additional-exploration-area-in-soghri-block,2023-05-19T16:35:04Z,0.5086,positive,finbert
OGDC,mettis,https://mettisglobal.news/ogdc-updates-filing-for-soghri-license,2023-05-22T15:06:57Z,-0.0791,neutral,finbert
OGDC,profit,https://profit.pakistantoday.com.pk/2023/05/22/ogdcl-to-fuel-pakistans-energy-needs-with-new-gas-and-oil-production,2023-05-22T18:53:47Z,0.5422,positive,finbert
OGDC,mettis,https://mettisglobal.news/prl-and-ogdcl-join-forces-to-boost-pakistans-energy-sector,2023-05-24T18:21:55Z,0.8612,positive,finbert
OGDC,mettis,https://mettisglobal.news/production-from-wali-bettani-field-commenced-ogdcl,2023-06-15T15:03:50Z,0.0648,neutral,finbert
OGDC,mettis,https://mettisglobal.news/ogdc-awarded-two-new-exploration-blocks-by-government,2023-07-03T15:04:27Z,0.8604,positive,finbert
OGDC,mettis,https://mettisglobal.news/ogdc-clarifies-jhal-magsi-project-status,2023-07-06T17:15:23Z,0.0207,neutral,finbert
OGDC,profit,https://profit.pakistantoday.com.pk/2023/07/10/after-82mn-controversy-in-uch-ogdcl-issues-loi-to-second-bidder,2023-07-10T17:05:46Z,0.0000,neutral,vader
OGDC,mettis,https://mettisglobal.news/ogdc-pso-sign-mou-for-greenfield-refinery-project-in-baluchistan,2023-07-27T15:14:32Z,0.8071,positive,finbert
OGDC,mettis,https://mettisglobal.news/ogdc-boosts-production-with-new-technologies,2023-07-31T14:36:47Z,0.8724,positive,finbert
OGDC,mettis,https://mettisglobal.news/tech-beat-pso-hcar-ogdc-to-be-monitored,2023-08-13T09:35:00Z,0.0299,neutral,finbert
OGDC,mettis,https://mettisglobal.news/ogdc-terms-media-buzz-on-circular-debt-settlement-speculative,2023-08-18T15:51:05Z,-0.4562,negative,finbert
OGDC,mettis,https://mettisglobal.news/ogdcl-enhances-production-capacity-of-nashpa-well-10,2023-09-13T12:02:14Z,0.9338,positive,finbert
OGDC,mettis,https://mettisglobal.news/gas-discovered-in-rahim-yar-khan-ogdcl,2023-09-19T09:36:44Z,0.0198,neutral,finbert
OGDC,profit,https://profit.pakistantoday.com.pk/2023/09/19/ogdcl-discovers-significant-gas-reserve-in-rahim-yar-khan,2023-09-19T10:07:11Z,0.4379,neutral,finbert
OGDC,mettis,https://mettisglobal.news/ogdcl-completes-khewari-project-targets-10-mmscfd-gas-production,2023-11-22T14:52:04Z,0.7580,positive,finbert
OGDC,mettis,https://mettisglobal.news/ecc-stipulates-conditions-for-ogdcl-to-unlock-gas-price-incentives-for-jhal-magsi-project,2023-11-24T11:02:54Z,0.7733,positive,finbert
OGDC,mettis,https://mettisglobal.news/promising-returns-strategic-triumphs-await-investors-ogdc,2023-11-30T18:51:50Z,0.6801,positive,finbert
OGDC,mettis,https://mettisglobal.news/ogdc-bids-for-exploration-blocks,2023-12-04T15:28:09Z,0.2014,neutral,finbert
OGDC,mettis,https://mettisglobal.news/ogdc-led-venture-strikes-gas-condensate-in-tando-allah-yar-sindh,2023-12-08T09:38:17Z,0.0257,neutral,finbert
OGDC,profit,https://profit.pakistantoday.com.pk/2023/12/08/ogdcl-discovers-new-gas-condensate-reserves-in-sindh,2023-12-08T11:08:24Z,0.4519,neutral,finbert
OGDC,mettis,https://mettisglobal.news/tight-gas-policy-fix-to-unlock-2bn-chinese-investment-in-mari-ogdc-ppl,2023-12-09T17:53:47Z,0.2439,neutral,finbert
OGDC,profit,https://profit.pakistantoday.com.pk/2023/12/12/ogdc-boosts-gas-production-supplies-to-ssgc,2023-12-12T10:33:53Z,0.9219,positive,finbert
OGDC,mettis,https://mettisglobal.news/ogdc-enhances-gas-output-begins-injection-into-ssgc-network,2023-12-12T14:21:33Z,0.8179,positive,finbert
OGDC,mettis,https://mettisglobal.news/vis-reaffirms-entity-ratings-of-ogdc,2023-12-21T10:24:57Z,0.0734,neutral,finbert
OGDC,mettis,https://mettisglobal.news/ogdc-awarded-four-new-exploration-blocks,2024-01-11T10:23:37Z,0.8245,positive,finbert
OGDC,profit,https://profit.pakistantoday.com.pk/2024/01/11/ogdcl-secures-four-new-exploration-blocks-in-sindh-balochistan,2024-01-11T11:42:50Z,0.8962,positive,finbert
OGDC,mettis,https://mettisglobal.news/re-composition-ogdc-sazew-efert-psmc-engro-hcar-indu-bipl-added-to-jsmfi,2024-02-09T11:07:20Z,0.0521,neutral,finbert
OGDC,mettis,https://mettisglobal.news/ogdc-initiates-production-at-chak-63-2-well-in-sanghar-field,2024-02-14T15:41:56Z,0.0893,neutral,finbert
OGDC,mettis,https://mettisglobal.news/ogdc-strikes-major-gas-condensate-find-in-khewari-block,2024-02-19T10:10:57Z,-0.7563,negative,finbert
OGDC,profit,https://profit.pakistantoday.com.pk/2024/02/19/ogdc-discovers-gas-condensate-reserves-in-sindh,2024-02-19T11:09:42Z,0.0659,neutral,finbert
OGDC,mettis,https://mettisglobal.news/ogdc-posts-30-growth-in-profits-distributes-rs2-5-dps-among-shareholders,2024-02-27T12:39:44Z,0.8279,positive,finbert
OGDC,mettis,https://mettisglobal.news/ogdc-discovers-hydrocarbons-in-kohat-block,2024-03-26T10:38:25Z,0.0700,neutral,finbert
OGDC,profit,https://profit.pakistantoday.com.pk/2024/03/26/ogdcl-discovers-hydrocarbon-reserves-in-kohat,2024-03-26T13:06:35Z,0.1310,neutral,finbert
OGDC,mettis,https://mettisglobal.news/saudi-arabia-to-acquire-shareholding-of-ogdc-ppl-intends-1bn-investment-in-reko-diq,2024-04-03T16:48:35Z,0.4636,neutral,finbert
OGDC,profit,https://profit.pakistantoday.com.pk/2024/04/08/ogdcl-discovers-tight-gas-reserves-in-sindh,2024-04-08T08:23:03Z,-0.7197,negative,finbert
OGDC,mettis,https://mettisglobal.news/ogdc-strikes-gas-at-nur-west-in-sindh,2024-04-08T09:47:00Z,-0.3436,neutral,finbert
OGDC,mettis,https://mettisglobal.news/ogdc-profits-drop-26-yoy-to-rs47-8bn-in-q1,2024-04-29T13:16:57Z,-0.9615,negative,finbert
OGDC,mettis,https://mettisglobal.news/ogdc-further-boosts-nashpa-well-10-output-through-optimization-initiatives,2024-05-17T11:07:20Z,0.9263,positive,finbert
OGDC,mettis,https://mettisglobal.news/ogdc-to-lift-output-in-existing-fields,2024-05-30T09:40:19Z,-0.1571,negative,finbert
OGDC,profit,https://profit.pakistantoday.com.pk/2024/06/03/ogdcl-commences-hydrocarbon-production-at-chanda-7-well-in-khyber-pakhtunkhwa,2024-06-03T10:35:05Z,0.0768,neutral,finbert
OGDC,mettis,https://mettisglobal.news/ogdc-starts-production-at-chanda-7-well,2024-06-03T15:05:22Z,0.0358,neutral,finbert
OGDC,mettis,https://mettisglobal.news/ecc-directs-ogdc-to-clear-govt-liabilities,2024-06-13T22:09:55Z,0.0391,neutral,finbert
OGDC,profit,https://profit.pakistantoday.com.pk/2024/06/27/govt-repays-rs82-billion-to-ogdcl-for-tfcs-investment,2024-06-27T07:55:02Z,0.6404,positive,finbert
OGDC,mettis,https://mettisglobal.news/ogdc-agrees-to-waive-rs72bn-in-circular-debt-settlement,2024-06-27T12:25:50Z,0.6458,positive,finbert
OGDC,profit,https://profit.pakistantoday.com.pk/2024/07/01/ogdcl-revitalises-nashpa-4-well-in-kp-increases-oil-and-gas-production,2024-07-01T07:32:27Z,0.9292,positive,finbert
OGDC,mettis,https://mettisglobal.news/ogdc-revitalizes-nashpa-4-well-increases-production,2024-07-01T11:19:29Z,0.9328,positive,finbert
OGDC,profit,https://profit.pakistantoday.com.pk/2024/07/08/ogdcl-successfully-revitalises-kunnar-11-well-in-sindh,2024-07-08T12:15:56Z,0.9227,positive,finbert
OGDC,mettis,https://mettisglobal.news/ogdc-successfully-revitalize-kunnar-11-well,2024-07-08T14:29:02Z,0.9251,positive,finbert
OGDC,mettis,https://mettisglobal.news/ogdcl-discovers-gas-condensate-in-khyber-pakhtunkhwa,2024-07-29T12:14:29Z,0.0225,neutral,finbert
OGDC,mettis,https://mettisglobal.news/privatization-commission-to-surrender-320m-ogdcl-shares-after-10-years,2024-07-30T14:42:19Z,0.0040,neutral,finbert
OGDC,profit,https://profit.pakistantoday.com.pk/2024/07/30/privatization-commission-announces-to-return-320-million-ogdcl-shares-after-decade,2024-07-30T18:03:53Z,0.0406,neutral,finbert
OGDC,profit,https://profit.pakistantoday.com.pk/2024/08/06/ogdcl-discovers-gas-condensate-in-kohat-district,2024-08-06T07:12:49Z,0.0043,neutral,finbert
OGDC,profit,https://profit.pakistantoday.com.pk/2024/08/12/ogdcl-commences-tight-gas-production-from-nur-west-well-1-in-sindh,2024-08-12T08:00:08Z,0.0749,neutral,finbert
OGDC,mettis,https://mettisglobal.news/ogdc-commences-production-at-nur-west-well-in-sujawal,2024-08-12T11:36:59Z,0.0550,neutral,finbert
OGDC,profit,https://profit.pakistantoday.com.pk/2024/08/13/ogdcl-announces-second-gas-discovery-in-mari-east-block,2024-08-13T12:12:47Z,0.1769,neutral,finbert
OGDC,mettis,https://mettisglobal.news/ogdc-strikes-gas-in-rahim-yar-khan,2024-08-13T15:11:17Z,-0.3205,neutral,finbert
OGDC,profit,https://profit.pakistantoday.com.pk/2024/08/15/pbs-2024-ogdcl-ppl-mpcl-and-ghpl-join-hands-to-unlock-pakistans-oil-and-gas-potential,2024-08-15T18:14:41Z,0.6952,positive,finbert
OGDC,mettis,https://mettisglobal.news/ogdc-pol-discovers-hydrocarbon-in-kohat,2024-08-19T09:51:34Z,0.0500,neutral,finbert
OGDC,profit,https://profit.pakistantoday.com.pk/2024/08/20/pakistans-oil-reserves-surge-26-as-ogdc-and-mari-report-significant-upgrades,2024-08-20T15:04:54Z,0.9123,positive,finbert
OGDC,profit,https://profit.pakistantoday.com.pk/2024/08/30/ogdcl-discovers-gas-condensate-in-district-sanghar-sindh,2024-08-30T06:56:57Z,0.0119,neutral,finbert
OGDC,mettis,https://mettisglobal.news/ogdc-discovers-gas-condensate-at-baloch-2-well-in-sanghar,2024-08-30T09:29:05Z,0.0965,neutral,finbert
OGDC,profit,https://profit.pakistantoday.com.pk/2024/09/23/ogdcl-signs-mou-with-chinese-firm-to-tap-pakistans-shale-and-tight-gas-reserves,2024-09-23T06:20:15Z,0.8982,positive,finbert
OGDC,mettis,https://mettisglobal.news/ogdc-signs-mou-with-chinese-firm-for-gas-development,2024-09-23T10:04:59Z,0.7745,positive,finbert
OGDC,mettis,https://mettisglobal.news/ogdc-misses-quarterly-profit-estimates,2024-09-23T14:57:41Z,-0.9387,negative,finbert
OGDC,profit,https://profit.pakistantoday.com.pk/2024/09/25/ogdcl-announces-significant-hydrocarbon-discovery-in-sindh,2024-09-25T07:12:33Z,0.5703,positive,finbert
OGDC,mettis,https://mettisglobal.news/ogdc-strikes-major-gas-discovery-in-sindh,2024-09-25T09:42:17Z,0.7338,positive,finbert
OGDC,mettis,https://mettisglobal.news/ogdc-shares-discussed-for-transfer-to-sovereign-wealth-fund-by-cabinet,2024-09-26T11:39:52Z,0.0333,neutral,finbert
OGDC,profit,https://profit.pakistantoday.com.pk/2024/10/23/ogdcl-announces-gas-discovery-at-shahu-1-well-in-khairpur-sindh,2024-10-23T10:17:05Z,0.1261,neutral,finbert
OGDC,mettis,https://mettisglobal.news/ogdc-discovers-gas-at-shahu-1-well-in-khairpur,2024-10-23T13:08:51Z,0.1588,neutral,finbert
OGDC,profit,https://profit.pakistantoday.com.pk/2024/10/24/ogdcl-commences-production-at-baloch-2-well-in-sanghar-sindh,2024-10-24T06:02:39Z,0.1007,neutral,finbert
OGDC,mettis,https://mettisglobal.news/ogdc-begins-production-at-baloch-2,2024-10-24T10:15:44Z,0.0374,neutral,finbert
OGDC,mettis,https://mettisglobal.news/ogdc-q1-profit-falls-16-to-rs41bn,2024-10-25T15:09:59Z,-0.9559,negative,finbert
OGDC,profit,https://profit.pakistantoday.com.pk/2024/11/13/ogdcl-commences-gas-production-from-development-well-uch-35-in-balochistan,2024-11-13T06:02:06Z,0.1090,neutral,finbert
OGDC,mettis,https://mettisglobal.news/ogdc-starts-production-at-uch-35-well,2024-11-13T09:40:51Z,0.0484,neutral,finbert
OGDC,mettis,https://mettisglobal.news/ogdc-explores-tight-gas-potential-in-sindh,2024-11-20T15:45:19Z,0.1826,neutral,finbert
OGDC,mettis,https://mettisglobal.news/vis-reaffirms-entity-ratings-of-ogdcl,2024-12-04T12:54:55Z,0.0856,neutral,finbert
OGDC,profit,https://profit.pakistantoday.com.pk/2024/12/11/ogdcl-led-consortium-wins-bid-for-49-stake-in-miran-block,2024-12-11T06:06:43Z,0.3980,neutral,finbert
OGDC,mettis,https://mettisglobal.news/ogdcl-led-consortium-wins-miran-block-bid-in-kp,2024-12-11T15:12:08Z,0.8565,positive,finbert
OGDC,profit,https://profit.pakistantoday.com.pk/2024/12/13/ogdcl-announces-gas-condensate-discovery-in-lakki-marwats-samanasuk-formation,2024-12-13T04:59:29Z,0.1602,neutral,finbert
OGDC,mettis,https://mettisglobal.news/ogdcl-discovers-gas-condensate-in-khyber-pakhtunkhwa-2,2024-12-13T10:07:12Z,0.0091,neutral,finbert
OGDC,profit,https://profit.pakistantoday.com.pk/2024/12/14/mari-petroleum-overtakes-ogdc-to-become-largest-company-on-psx-by-market-cap,2024-12-14T06:08:00Z,0.7901,positive,finbert
OGDC,mettis,https://mettisglobal.news/ogdcl-increases-daily-heavy-oil-production-to-2500-bpd,2024-12-16T16:18:09Z,0.9257,positive,finbert
OGDC,profit,https://profit.pakistantoday.com.pk/2024/12/17/ogdcl-revives-heavy-oil-well-in-punjab-boosts-production-by-67,2024-12-16T19:53:40Z,0.9328,positive,finbert
OGDC,profit,https://profit.pakistantoday.com.pk/2024/12/19/ogdcl-commences-oil-and-gas-production-at-kunnar-west-well-3-in-sindh,2024-12-19T05:38:59Z,0.0965,neutral,finbert
OGDC,mettis,https://mettisglobal.news/ogdcl-successfully-brings-kunnar-west-well-3-into-production,2024-12-19T10:48:42Z,0.8834,positive,finbert
OGDC,mettis,https://mettisglobal.news/kmi-30-recomposition-ogdc-sazew-pael-hcar-ffl-ke-dawh-added,2024-12-21T17:07:49Z,0.0184,neutral,finbert
OGDC,profit,https://profit.pakistantoday.com.pk/2024/12/24/ogdcl-revives-dars-west-2-well-in-sindh-resumes-production,2024-12-24T09:12:28Z,0.4880,positive,finbert
OGDC,mettis,https://mettisglobal.news/ogdcl-revives-dars-west-2-well-to-boost-production,2024-12-24T14:56:31Z,0.9336,positive,finbert
OGDC,profit,https://profit.pakistantoday.com.pk/2024/12/26/ogdcl-announces-successful-revival-enhanced-production-from-pasakhi-5-well-in-sindh,2024-12-26T08:22:56Z,0.9381,positive,finbert
OGDC,mettis,https://mettisglobal.news/ogdcl-enhances-oil-production-from-pasakhi-5-well,2024-12-26T12:04:27Z,0.9182,positive,finbert
OGDC,profit,https://profit.pakistantoday.com.pk/2025/01/01/blast-targets-ogdcl-camp-in-balochistans-qila-saifullah-injures-one,2025-01-01T08:26:25Z,-0.8998,negative,finbert
OGDC,mettis,https://mettisglobal.news/ogdc-to-hit-rs335-share-by-december-2025,2025-01-08T14:22:41Z,0.7591,positive,finbert
OGDC,mettis,https://mettisglobal.news/ogdc-appoints-ahmed-hayat-lak-as-new-ceo,2025-01-09T16:40:24Z,0.0066,neutral,finbert
OGDC,profit,https://profit.pakistantoday.com.pk/2025/01/10/ahmed-hayat-lak-reappointed-as-ogdcl-md-ceo-for-three-years,2025-01-10T05:41:38Z,0.0660,neutral,finbert
OGDC,profit,https://profit.pakistantoday.com.pk/2025/01/13/ogdcl-to-launch-ambitious-plan-to-develop-10-unconventional-wells,2025-01-13T03:36:30Z,0.6614,positive,finbert
OGDC,profit,https://profit.pakistantoday.com.pk/2025/01/15/ogdcl-announces-production-start-at-kharo-1-well-in-sindh,2025-01-15T09:49:56Z,0.3633,neutral,finbert
OGDC,mettis,https://mettisglobal.news/ogdc-brings-kharo-1-well-into-production,2025-01-15T14:36:17Z,0.9137,positive,finbert
OGDC,profit,https://profit.pakistantoday.com.pk/2025/01/20/ogdcl-boosts-oil-and-gas-production-with-key-well-upgrades,2025-01-20T05:24:10Z,0.9340,positive,finbert
OGDC,mettis,https://mettisglobal.news/ogdcl-boosts-oil-output-from-pasakhi-7-well-in-sindh,2025-01-20T09:43:53Z,0.9278,positive,finbert
OGDC,profit,https://profit.pakistantoday.com.pk/2025/01/23/ogdcl-boosts-production-at-kunnar-oil-field-with-optimisation-measures-at-two-wells,2025-01-23T05:56:16Z,0.9374,positive,finbert
OGDC,profit,https://profit.pakistantoday.com.pk/2025/01/23/ogdcl-boosts-working-interest-in-qadirpur-gas-field-to-83,2025-01-23T09:13:13Z,0.9347,positive,finbert
OGDC,mettis,https://mettisglobal.news/ogdcl-enhances-oil-output-from-kunnar-12-well,2025-01-23T10:36:12Z,0.9367,positive,finbert
OGDC,mettis,https://mettisglobal.news/ogdcl-executes-deal-with-kufpec-to-strengthen-position,2025-01-23T14:02:37Z,0.9323,positive,finbert
OGDC,profit,https://profit.pakistantoday.com.pk/2025/01/31/ogdcl-commences-production-from-bettani-2-appraisal-well-in-khyber-pakhtunkhwa,2025-01-31T06:41:28Z,0.0980,neutral,finbert
OGDC,mettis,https://mettisglobal.news/ogdc-begins-production-from-bettani-2-appraisal-well-in-kp,2025-01-31T10:51:42Z,0.3378,neutral,finbert
OGDC,profit,https://profit.pakistantoday.com.pk/2025/02/03/ghani-chemical-signs-gas-supply-deal-with-mari-ogdcl-plans-processing-facility-in-balochistan,2025-02-03T07:44:05Z,0.6843,positive,finbert
OGDC,mettis,https://mettisglobal.news/gcil-mari-ogdc-sign-gas-sales-purchase-agreement,2025-02-03T12:07:41Z,0.0674,neutral,finbert
OGDC,profit,https://profit.pakistantoday.com.pk/2025/02/25/ogdcl-non-compliance-senate-committee-demands-action-on-supreme-court-ruling,2025-02-25T06:31:18Z,-0.5382,negative,finbert
OGDC,mettis,https://mettisglobal.news/ogdc-discovers-gas-condensate-at-spinwam-1-well-in-north-waziristan,2025-02-25T12:50:39Z,0.0548,neutral,finbert
OGDC,mettis,https://mettisglobal.news/ogdc-commences-gas-production-from-uch-36,2025-02-27T16:53:24Z,0.0630,neutral,finbert
OGDC,profit,https://profit.pakistantoday.com.pk/2025/02/28/ogdcl-begins-gas-production-from-uch-36-well-in-dera-bugti,2025-02-28T03:16:37Z,0.1483,neutral,finbert
OGDC,profit,https://profit.pakistantoday.com.pk/2025/03/12/ogdcl-revives-rajian-11-heavy-oil-well-restores-production-to-1000-bpd,2025-03-12T07:58:08Z,0.9138,positive,finbert
OGDC,mettis,https://mettisglobal.news/ogdcl-revives-rajian-11-oil-well-with-esp-technology,2025-03-12T10:07:18Z,0.7311,positive,finbert
OGDC,profit,https://profit.pakistantoday.com.pk/2025/03/17/ogdcl-discovers-gas-and-condensate-at-soghri-north-1-well-in-attock,2025-03-17T08:39:09Z,0.1144,neutral,finbert
OGDC,mettis,https://mettisglobal.news/ogdcl-discovers-gas-condensate-at-soghri-north-1,2025-03-17T14:07:07Z,0.0301,neutral,finbert
OGDC,mettis,https://mettisglobal.news/ogdcl-discovers-more-gas-condensate-in-kawagarh,2025-03-18T10:37:24Z,0.2299,neutral,finbert
OGDC,profit,https://profit.pakistantoday.com.pk/2025/03/25/antimony-deposits-discovered-in-balochistan-ogdcl-pmdc-to-launch-joint-venture-for-mineral-exploration,2025-03-25T08:52:40Z,0.6469,positive,finbert
OGDC,profit,https://profit.pakistantoday.com.pk/2025/03/25/ogdc-completes-reko-diq-feasibility-study-confirms-627mn-investment,2025-03-25T09:43:44Z,0.6437,positive,finbert
OGDC,mettis,https://mettisglobal.news/ogdcl-board-greenlights-increased-reko-diq-investment,2025-03-25T14:02:06Z,0.2086,neutral,finbert
OGDC,profit,https://profit.pakistantoday.com.pk/2025/04/02/ogdc-and-ppls-commitments-to-reko-diq-take-a-step-forward-with-feasibility-study-completion,2025-04-02T03:01:56Z,0.7455,positive,finbert
OGDC,mettis,https://mettisglobal.news/ogdc-reports-third-gas-condensate-discovery,2025-04-03T12:29:16Z,0.0144,neutral,finbert
OGDC,mettis,https://mettisglobal.news/ogdc-revives-production-from-chak-2-2-well-in-sinjhoro-block,2025-04-03T14:38:13Z,0.8928,positive,finbert
OGDC,profit,https://profit.pakistantoday.com.pk/2025/04/04/ogdcl-revives-production-at-sinjhoro-block-in-sindh,2025-04-04T06:07:52Z,0.8334,positive,finbert
OGDC,mettis,https://mettisglobal.news/ogdc-makes-4th-gas-condensate-discovery-at-spinwam-1,2025-04-08T12:46:59Z,0.1197,neutral,finbert
OGDC,profit,https://profit.pakistantoday.com.pk/2025/04/10/ogdcl-to-begin-production-in-abu-dhabis-offshore-block-5-by-2027,2025-04-10T07:46:21Z,0.1107,neutral,finbert
OGDC,mettis,https://mettisglobal.news/ogdc-posts-around-rs130bn-profit-for-9mfy25-down-24,2025-04-30T09:55:28Z,-0.9648,negative,finbert
OGDC,profit,https://profit.pakistantoday.com.pk/2025/05/14/ogdcl-secures-rights-to-seven-new-petroleum-exploration-blocks,2025-05-14T08:24:50Z,0.6894,positive,finbert
OGDC,mettis,https://mettisglobal.news/ogdcl-secures-multiple-exploration-blocks,2025-05-14T11:03:27Z,0.2355,neutral,finbert
OGDC,profit,https://profit.pakistantoday.com.pk/2025/06/12/ogdcl-discovers-gas-and-condensate-from-exploratory-well-faakir-1-in-sindh,2025-06-12T08:58:46Z,0.0743,neutral,finbert
OGDC,mettis,https://mettisglobal.news/OGDCL-discovers-gas-condensate-at-Faakir1-well-52997,2025-06-12T14:59:36Z,0.0304,neutral,finbert
OGDC,profit,https://profit.pakistantoday.com.pk/2025/06/21/pakistan-russia-explore-joint-energy-ventures-through-gazprom-ogdcl-collaboration,2025-06-21T13:48:26Z,-0.8855,negative,finbert
OGDC,mettis,https://mettisglobal.news/OGDCL-confirms-successful-test-at-TAL-Block-well-53432,2025-06-27T14:03:10Z,0.7316,positive,finbert
OGDC,profit,https://profit.pakistantoday.com.pk/2025/07/07/ogdcl-boosts-output-at-rajian-05-in-chakwal-with-successful-esp-installation,2025-07-07T09:23:07Z,0.8913,positive,finbert
OGDC,profit,https://profit.pakistantoday.com.pk/2025/07/07/ogdcl-increases-output-at-rajian-05-through-esp-installation,2025-07-07T14:08:32Z,0.9290,positive,finbert
OGDC,mettis,https://mettisglobal.news/OGDC-boosts-Rajian05-output-nearly-4x-after-ESP-installation-53631,2025-07-07T14:22:16Z,0.9157,positive,finbert
OGDC,mettis,https://mettisglobal.news/OGDC-leads-StateOwned-firms-in-H1-FY25-profits-53763,2025-07-14T13:06:24Z,0.5953,positive,finbert
OGDC,profit,https://profit.pakistantoday.com.pk/2025/07/21/energy-majors-dominate-mutual-fund-portfolios-as-ogdc-ppl-and-pso-soak-up-fresh-flows,2025-07-21T03:45:50Z,0.5661,positive,finbert
OGDC,profit,https://profit.pakistantoday.com.pk/2025/08/01/ogdcl-makes-oil-discovery-at-chakar-1-well-in-tando-allah-yar,2025-08-01T06:20:06Z,0.2046,neutral,finbert
OGDC,mettis,https://mettisglobal.news/OGDC-taps-new-oil-at-Chakar1-54176,2025-08-01T10:17:05Z,0.2622,neutral,finbert
OGDC,profit,https://profit.pakistantoday.com.pk/2025/08/04/ogdcl-receives-first-interest-payment-of-rs7-725-billion-under-circular-debt-settlement-plan,2025-08-04T05:17:31Z,0.1080,neutral,finbert
OGDC,mettis,https://mettisglobal.news/OGDC-receives-Rs77bn-interest-payment-from-PHL-54206,2025-08-04T09:17:57Z,0.1144,neutral,finbert
OGDC,profit,https://profit.pakistantoday.com.pk/2025/08/18/ogdcl-commissions-jhal-magsi-development-project-to-supply-gas-to-ssgcl,2025-08-18T08:01:55Z,0.1688,neutral,finbert
OGDC,mettis,https://mettisglobal.news/OGDC-expands-production-with-Jhal-Magsi-Gas-Field-Commissioning-54526,2025-08-18T09:44:49Z,0.9138,positive,finbert
OGDC,profit,https://profit.pakistantoday.com.pk/2025/08/19/ogdcl-ppl-increase-financing-commitment-for-reko-diq-copper-gold-project-to-715-million,2025-08-19T06:25:59Z,0.9330,positive,finbert
OGDC,mettis,https://mettisglobal.news/OGDC-backs-revised-Reko-Diq-funding-plan-54564,2025-08-19T09:29:28Z,-0.0265,neutral,finbert
OGDC,mettis,https://mettisglobal.news/OGDC-to-pocket-Rs877bn-as-circular-debt-unwinds-54644,2025-08-21T14:27:52Z,-0.3612,negative,vader
OGDC,profit,https://profit.pakistantoday.com.pk/2025/08/24/audit-uncovers-rs-635bn-in-receivables-and-billions-in-losses-at-ogdcl,2025-08-24T12:10:56Z,-0.8992,negative,finbert
OGDC,mettis,https://mettisglobal.news/OGDC-revives-Kunnar3-well-54711,2025-08-25T10:03:32Z,0.4082,neutral,finbert
OGDC,profit,https://profit.pakistantoday.com.pk/2025/08/26/ogdcl-receives-second-rs7-725-billion-interest-installment-under-circular-debt-plan,2025-08-26T06:21:54Z,0.0839,neutral,finbert
OGDC,mettis,https://mettisglobal.news/OGDC-gets-28m-payment-in-circular-debt-settlement-54738,2025-08-26T09:40:33Z,-0.3612,negative,vader
OGDC,profit,https://profit.pakistantoday.com.pk/2025/08/29/ogdcl-revamps-its-corporate-identity,2025-08-29T06:20:37Z,0.0536,neutral,finbert
OGDC,profit,https://profit.pakistantoday.com.pk/2025/09/10/ogdc-shareholders-approve-715-million-to-pay-its-prorated-share-of-committed-expenditure-in-reko-diq,2025-09-10T08:26:15Z,0.7967,positive,finbert
OGDC,mettis,https://mettisglobal.news/OGDC-greenlights-715m-for-Reko-Diq-55129,2025-09-10T12:53:08Z,0.5926,positive,finbert
OGDC,profit,https://profit.pakistantoday.com.pk/2025/09/19/ogdcl-commences-production-at-soghri-north-well-1-in-punjab,2025-09-19T05:24:02Z,0.0789,neutral,finbert
OGDC,mettis,https://mettisglobal.news/OGDCL-achieves-remarkable-boost-in-oil-Production-at-Pasakhi11-well-55316,2025-09-19T09:26:01Z,0.9333,positive,finbert
OGDC,profit,https://profit.pakistantoday.com.pk/2025/09/23/ogdcl-fy25-profit-down-by-nearly-19,2025-09-23T10:45:25Z,-0.9676,negative,finbert
OGDC,profit,https://profit.pakistantoday.com.pk/2025/09/24/ogdcl-reports-five-new-discoveries-spudding-15-wells-in-2025,2025-09-24T09:16:33Z,0.8011,positive,finbert
OGDC,profit,https://profit.pakistantoday.com.pk/2025/09/29/petroleum-minister-backs-ogdcl-reforms-pledges-full-support-for-energy-sector-sustainability,2025-09-29T17:28:51Z,0.7509,positive,finbert
OGDC,mettis,https://mettisglobal.news/OGDC-receives-3rd-instalment-of-Rs772bn-in-CD-settlement-55580,2025-09-30T09:34:11Z,0.3179,neutral,finbert
OGDC,profit,https://profit.pakistantoday.com.pk/2025/10/01/ogdcl-announces-gas-and-condensate-discovery-at-bitrism-east-1-in-sindh,2025-10-01T03:37:19Z,0.1106,neutral,finbert
OGDC,profit,https://profit.pakistantoday.com.pk/2025/10/01/ogdcl-receives-third-installment-as-part-of-circular-debt-settlement-plan,2025-10-01T04:12:34Z,0.0421,neutral,finbert
OGDC,mettis,https://mettisglobal.news/OGDC-reports-gas-discovery-at-Bitrism-East1-well-55614,2025-10-01T09:21:04Z,0.0765,neutral,finbert
OGDC,profit,https://profit.pakistantoday.com.pk/2025/10/06/ogdcl-in-talks-for-consortium-participation-in-libya-bid-round-25,2025-10-06T12:13:39Z,0.4226,neutral,finbert
OGDC,profit,https://profit.pakistantoday.com.pk/2025/10/06/ogdcl-eyes-libyas-oil-blocks-with-turkish-petroleum-in-bid-round-25,2025-10-06T16:45:35Z,0.0492,neutral,finbert
OGDC,profit,https://profit.pakistantoday.com.pk/2025/10/14/ogdc-announces-commercial-gas-flow-from-razgir-1-well,2025-10-14T09:47:08Z,0.0425,neutral,finbert
OGDC,mettis,https://mettisglobal.news/OGDC-Gazprom-agree-to-deepen-energy-cooperation-55898,2025-10-14T10:05:26Z,0.8647,positive,finbert
OGDC,profit,https://profit.pakistantoday.com.pk/2025/10/14/ppl-forms-offshore-consortium-with-turkish-petroleum-ogdcl-and-marienergies,2025-10-14T12:35:59Z,0.0970,neutral,finbert
OGDC,mettis,https://mettisglobal.news/OGDCL-brings-Razgir1-Well-on-stream-at-TAL-Block-55917,2025-10-14T14:34:56Z,0.9312,positive,finbert
OGDC,mettis,https://mettisglobal.news/Mari-Energies-acquires-20-stake-in-PPLs-eastern-offshore-IndusC-block-55934,2025-10-15T09:54:11Z,0.5356,positive,finbert
OGDC,profit,https://profit.pakistantoday.com.pk/2025/10/21/ogdcl-revolutionizes-exploration-operations-with-next-gen-seismic-and-logging-systems,2025-10-21T14:24:04Z,0.3410,neutral,finbert
OGDC,mettis,https://mettisglobal.news/OGDCL-receives-nearly-Rs8bn-under-CD-plan-56172,2025-10-24T13:00:08Z,0.1097,neutral,finbert
OGDC,profit,https://profit.pakistantoday.com.pk/2025/10/25/ogdcl-receives-another-rs7-73-billion-instalment-from-power-holding-limited-under-circular-debt-plan,2025-10-25T05:50:23Z,0.6112,positive,finbert
OGDC,mettis,https://mettisglobal.news/OGDC-profit-eases-to-Rs383bn-yet-declares-Rs35-dividend-56305,2025-10-29T15:41:17Z,-0.9626,negative,finbert
OGDC,profit,https://profit.pakistantoday.com.pk/2025/10/29/ogdc-posts-rs-38-3bn-profit-declares-record-rs-3-50-first-quarter-dividend,2025-10-29T16:56:57Z,0.2922,neutral,finbert
OGDC,mettis,https://mettisglobal.news/OGDCL-SNGPL-get-relief-as-ECC-clears-framework-for-tariff-rationalization-dues-settlement-56554,2025-11-07T19:06:00Z,0.0684,neutral,finbert
OGDC,profit,https://profit.pakistantoday.com.pk/2025/11/10/cppa-g-to-pay-rs89-5bn-to-ogdcl-for-uch-power-projects-under-circular-debt-settlement,2025-11-10T08:38:30Z,0.3493,neutral,finbert
OGDC,profit,https://profit.pakistantoday.com.pk/2025/11/13/ogdcl-secures-provisional-award-for-8-offshore-exploration-blocks,2025-11-13T09:03:30Z,0.9231,positive,finbert
OGDC,mettis,https://mettisglobal.news/OGDC-Partners-secure-provisional-rights-for-8-offshore-exploration-blocks-56666,2025-11-13T14:13:57Z,0.8251,positive,finbert
OGDC,profit,https://profit.pakistantoday.com.pk/2025/11/14/ogdcl-starts-oil-production-from-pasakhi-14-well-in-hyderabad,2025-11-14T15:28:08Z,0.1458,neutral,finbert
OGDC,mettis,https://mettisglobal.news/OGDCL-taps-new-1100-BPD-production-at-Pasakhi14-56696,2025-11-14T15:40:48Z,0.8236,positive,finbert
OGDC,profit,https://profit.pakistantoday.com.pk/2025/11/25/ogdc-reassures-investors-on-reko-diq-project-amid-barrick-gold-restructuring-rumors,2025-11-25T14:14:54Z,0.5858,positive,finbert
OGDC,profit,https://profit.pakistantoday.com.pk/2025/11/25/ogdcl-receives-rs-7-7-billion-installment-under-circular-debt-settlement-plan,2025-11-25T14:53:20Z,0.2053,neutral,finbert
OGDC,mettis,https://mettisglobal.news/OGDC-secures-stakes-in-one-offshore-two-onshore-exploration-blocks-57064,2025-12-03T11:56:43Z,0.1161,neutral,finbert
OGDC,profit,https://profit.pakistantoday.com.pk/2025/12/05/ogdc-expands-tight-and-shale-gas-plans-sets-2026-offshore-drilling-target,2025-12-05T16:48:02Z,0.1309,neutral,finbert
OGDC,profit,https://profit.pakistantoday.com.pk/2025/12/10/ogdcl-announces-oil-and-gas-discovery-at-baragzai-x-01-well-in-kohat,2025-12-10T14:34:34Z,0.1022,neutral,finbert
OGDC,mettis,https://mettisglobal.news/OGDCL-makes-major-oil-gas-discovery-at-Baragzai-X01-in-Nashpa-Block-57203,2025-12-10T15:25:35Z,0.3051,neutral,finbert
OGDC,profit,https://profit.pakistantoday.com.pk/2025/12/11/ogdcl-receives-rs41-8-billion-from-uch-power-under-circular-debt-settlement,2025-12-11T05:29:13Z,0.0768,neutral,finbert
OGDC,mettis,https://mettisglobal.news/OGDC-receives-Rs418bn-from-Uch-Power-57211,2025-12-11T09:15:10Z,0.1818,neutral,finbert
OGDC,profit,https://profit.pakistantoday.com.pk/2025/12/24/ogdcl-receives-sixth-installment-of-rs7-725-billion-as-part-of-circular-debt-settlement-plan,2025-12-24T08:22:54Z,0.2315,neutral,finbert
OGDC,mettis,https://mettisglobal.news/OGDC-receives-sixth-interest-payment-under-TFCs-57463,2025-12-24T12:52:38Z,0.0078,neutral,finbert
OGDC,profit,https://profit.pakistantoday.com.pk/2025/12/31/ogdc-eyes-oil-and-gas-exploration-in-libya-vietnam-with-russian-and-turkish-partners,2025-12-31T07:38:40Z,0.0624,neutral,finbert
OGDC,profit,https://profit.pakistantoday.com.pk/2026/01/01/ogdcl-announces-significant-oil-and-gas-discovery-in-kohat-khyber-pakhtunkhwa,2026-01-01T07:22:43Z,0.5184,positive,finbert
OGDC,mettis,https://mettisglobal.news/OGDC-strengthens-Pakistans-energy-reserves-with-Baragzai-X01-Discovery-57583,2026-01-01T12:47:53Z,0.9238,positive,finbert
OGDC,profit,https://profit.pakistantoday.com.pk/2026/01/01/pm-shehbaz-pushes-oil-gas-exploration-as-ogdcl-reports-major-nashpa-discovery,2026-01-01T17:57:41Z,0.1804,neutral,finbert
OGDC,mettis,https://mettisglobal.news/OGDC-finds-gas-in-Hangu-Lumshiwal-formations-57616,2026-01-02T16:52:26Z,0.1160,neutral,finbert
OGDC,mettis,https://mettisglobal.news/OGDC-maintains-AAA-rating-amid-solid-liquidity-57719,2026-01-09T10:33:26Z,0.9281,positive,finbert
OGDC,profit,https://profit.pakistantoday.com.pk/2026/01/20/ogdcl-announces-major-oil-and-gas-discovery-at-baragzai-x-01-well-in-kohat-kp,2026-01-20T05:00:50Z,0.7460,positive,finbert
OGDC,mettis,https://mettisglobal.news/OGDC-strikes-oil-and-gas-in-Kohat-57891,2026-01-20T09:47:24Z,-0.7743,negative,finbert
OGDC,mettis,https://mettisglobal.news/OGDC-collects-Rs77bn-in-energy-sector-circular-debt-57987,2026-01-23T16:32:52Z,0.0469,neutral,finbert
OGDC,profit,https://profit.pakistantoday.com.pk/2026/01/24/ogdcl-receives-seventh-monthly-interest-payment-under-circular-debt-plan,2026-01-24T05:37:07Z,-0.0014,neutral,finbert
OGDC,mettis,https://mettisglobal.news/PSX-adds-OGDC-Attock-Refinery-in-JS-Momentum-Index-58269,2026-02-09T09:03:43Z,0.0290,neutral,finbert
OGDC,profit,https://profit.pakistantoday.com.pk/2026/02/16/ogdcl-raises-chakwal-kal-03-well-output-to-750-barrels-per-day-after-workover,2026-02-16T08:42:03Z,0.8653,positive,finbert
OGDC,mettis,https://mettisglobal.news/OGDC-revives-aging-well-output-jumps-15fold-58441,2026-02-16T13:46:26Z,0.9163,positive,finbert
OGDC,profit,https://profit.pakistantoday.com.pk/2026/02/18/ogdc-partners-with-snf-to-install-water-injection-systems-at-sindh-oil-fields-expects-460-million-revenue-boost,2026-02-18T06:52:15Z,0.8513,positive,finbert
OGDC,profit,https://profit.pakistantoday.com.pk/2026/02/19/ogdcl-tests-new-gas-condensate-well-in-sindhs-tando-allah-yar-district,2026-02-19T08:15:25Z,0.3200,neutral,finbert
OGDC,mettis,https://mettisglobal.news/OGDC-successfully-tests-gas-condensate-well-at-Dars-West3-58556,2026-02-19T13:15:52Z,0.9204,positive,finbert
OGDC,profit,https://profit.pakistantoday.com.pk/2026/02/20/ogdcl-announces-second-oil-and-gas-discovery-in-two-days,2026-02-20T04:14:27Z,0.0737,neutral,finbert
OGDC,mettis,https://mettisglobal.news/OGDC-strikes-fresh-oil-gas-find-in-KP-58571,2026-02-20T09:01:37Z,-0.5187,negative,finbert
OGDC,mettis,https://mettisglobal.news/Why-OGDC-Is-Pakistans-best-energy-bet-58591,2026-02-20T12:39:17Z,0.1541,neutral,finbert
OGDC,profit,https://profit.pakistantoday.com.pk/2026/02/23/ogdc-earns-rs73-billion-in-1hfy26-declares-rs7-75-per-share-dividend,2026-02-23T09:18:51Z,0.0362,neutral,finbert
OGDC,mettis,https://mettisglobal.news/OGDC-H1-profit-slides-115-declares-Rs425-interim-dividend-58614,2026-02-23T11:05:41Z,-0.9591,negative,finbert
OGDC,profit,https://profit.pakistantoday.com.pk/2026/02/24/ogdc-invests-25-million-in-reko-diq-this-quarter-project-on-track-for-2028,2026-02-24T15:56:02Z,0.5649,positive,finbert
OGDC,profit,https://profit.pakistantoday.com.pk/2026/02/25/ogdcl-receives-rs-7-725-billion-eighth-installment-under-circular-debt-plan,2026-02-25T07:47:00Z,0.0935,neutral,finbert
OGDC,mettis,https://mettisglobal.news/OGDC-receives-8th-TFC-interest-installment-58667,2026-02-25T12:09:59Z,0.0249,neutral,finbert
OGDC,profit,https://profit.pakistantoday.com.pk/2026/03/04/ogdcl-announces-oil-gas-discovery-at-baragzai-x-01-well-in-kp,2026-03-04T08:02:16Z,0.1264,neutral,finbert
OGDC,mettis,https://mettisglobal.news/OGDC-uncovers-multizone-oil-gas-bonanza-in-KP-58824,2026-03-04T12:19:37Z,0.1207,neutral,finbert
OGDC,mettis,https://mettisglobal.news/How-OGDC-is-filling-the-gap-left-by-the-Middle-East-crisis-58838,2026-03-05T09:02:58Z,0.0472,neutral,finbert
OGDC,mettis,https://mettisglobal.news/OGDCL-targets-higher-oil-gas-production-amid-global-uncertainty-58922,2026-03-09T17:38:25Z,0.9277,positive,finbert
OGDC,profit,https://profit.pakistantoday.com.pk/2026/03/13/ogdc-appoints-hamed-yaqoob-sheikh-as-ex-officio-director,2026-03-13T07:30:08Z,-0.0444,neutral,finbert
OGDC,profit,https://profit.pakistantoday.com.pk/2026/03/24/ogdcl-begins-oil-production-from-pasakhi-13-pakistans-first-horizontal-well-in-clastic-reservoir,2026-03-24T07:17:24Z,0.2449,neutral,finbert
OGDC,mettis,https://mettisglobal.news/OGDC-starts-production-from-Pakistans-first-horizontal-oil-well-59180,2026-03-24T13:17:50Z,0.1416,neutral,finbert
OGDC,profit,https://profit.pakistantoday.com.pk/2026/03/25/ogdcl-receives-rs7-25-billion-ninth-installment-under-circular-debt-plan,2026-03-25T06:10:17Z,0.1257,neutral,finbert
OGDC,mettis,https://mettisglobal.news/OGDC-gets-Rs77bn-boost-on-Power-Holdings-9th-TFC-payment-59202,2026-03-25T11:05:00Z,0.9183,positive,finbert
OGDC,profit,https://profit.pakistantoday.com.pk/2026/03/25/ogdc-foils-sindh-oil-theft-operation-seizes-illegal-refinery-and-stolen-crude,2026-03-25T17:58:36Z,-0.8448,negative,finbert
OGDC,mettis,https://mettisglobal.news/OGDC-discovers-gas-at-Sahito1-well-in-Sindhs-khairpur-district-59253,2026-03-26T16:52:46Z,0.1515,neutral,finbert
OGDC,profit,https://profit.pakistantoday.com.pk/2026/03/27/ogdcl-discovers-17-2-mmscfd-gas-at-sahito-1-well-in-sindh,2026-03-27T04:58:54Z,0.1950,neutral,finbert
OGDC,profit,https://profit.pakistantoday.com.pk/2026/03/27/ogdcl-appraises-gas-and-condensate-in-bilitang-1-st-1-well-kohat,2026-03-27T06:01:31Z,0.0513,neutral,finbert
OGDC,profit,https://profit.pakistantoday.com.pk/2026/04/01/mari-ogdc-start-gas-production-at-spinwam-1-in-kp-waziristan-block,2026-04-01T08:09:54Z,0.6737,positive,finbert
OGDC,profit,https://profit.pakistantoday.com.pk/2026/04/15/pakistans-biggest-ever-well-starts-production-as-ogdc-targets-25000-bpd-output,2026-04-15T18:05:24Z,0.4059,neutral,finbert
OGDC,mettis,https://mettisglobal.news/OGDC-brings-Baragzai-X1-well-Into-production-59734,2026-04-16T09:18:54Z,0.8294,positive,finbert
OGDC,profit,https://profit.pakistantoday.com.pk/2026/04/18/ogdc-oil-production-crosses-40000-barrels-per-day-after-over-six-years,2026-04-18T06:39:56Z,0.8855,positive,finbert
OGDC,profit,https://profit.pakistantoday.com.pk/2026/04/23/ogdcl-successfully-revives-gas-production-from-jand-1-well-in-attock,2026-04-23T05:31:58Z,0.9325,positive,finbert
OGDC,mettis,https://mettisglobal.news/OGDC-revives-Attocks-Jand1-well-59914,2026-04-23T09:04:56Z,0.8548,positive,finbert
OGDC,profit,https://profit.pakistantoday.com.pk/2026/04/24/ogdcl-receives-rs7-725-billion-as-10th-tfc-interest-payment-under-circular-debt-plan,2026-04-24T07:20:25Z,0.0676,neutral,finbert
OGDC,mettis,https://mettisglobal.news/OGDC-receives-10th-Rs77bn-interest-installment-under-Circular-Debt-Plan-59965,2026-04-24T12:35:14Z,0.0653,neutral,finbert
OGDC,mettis,https://mettisglobal.news/OGDC-profit-shrinks-11-in-9MFY26-dividend-at-Rs325-60097,2026-04-29T15:07:11Z,-0.9665,negative,finbert
OGDC,profit,https://profit.pakistantoday.com.pk/2026/05/11/as-war-disrupts-middle-eastern-lng-supplies-ogdc-steps-up-domestic-gas-production,2026-05-11T02:25:55Z,-0.7210,negative,finbert
OGDC,mettis,https://mettisglobal.news/OGDC-bags-8-offshore-blocks-in-major-exploration-push-60636,2026-05-21T16:59:08Z,0.2752,neutral,finbert
OGDC,profit,https://profit.pakistantoday.com.pk/2026/05/22/ogdcl-secures-eight-offshore-blocks-under-pakistan-offshore-bid-round-2025,2026-05-22T04:15:02Z,0.6413,positive,finbert
OGDC,mettis,https://mettisglobal.news/OGDC-receives-Rs77bn-circular-debt-payment-60701,2026-05-25T14:56:15Z,0.0461,neutral,finbert
OGDC,mettis,https://mettisglobal.news/OGDC-Makes-Oil-Discovery-at-Bobi-Deep1-well-60806,2026-06-03T09:40:00Z,0.0510,neutral,finbert
OGDC,profit,https://profit.pakistantoday.com.pk/2026/06/04/ogdcl-announces-oil-discovery-from-bobi-deep-1-well-in-sindh,2026-06-04T04:35:49Z,0.1032,neutral,finbert
OGDC,profit,https://profit.pakistantoday.com.pk/2026/06/19/ogdcl-raises-qadirpur-lease-stake-to-8299percent-after-buying-kufpec-interest,2026-06-19T06:20:00Z,0.9140,positive,finbert
OGDC,mettis,https://mettisglobal.news/OGDC-raises-stake-in-Qadirpur-field-to-around-83-61256,2026-06-19T09:00:54Z,0.7601,positive,finbert
OGDC,mettis,https://mettisglobal.news/OGDC-brings-Sahito1-discovery-well-into-production-61329,2026-06-23T09:30:04Z,0.7490,positive,finbert
OGDC,profit,https://profit.pakistantoday.com.pk/2026/06/23/ogdcl-starts-gas-production-from-sahito-1-discovery-well-in-sindh,2026-06-23T10:09:13Z,0.0687,neutral,finbert
OGDC,profit,https://profit.pakistantoday.com.pk/2026/06/24/ogdcl-receives-final-rs773-billion-interest-payment-from-power-holding-under-circular-debt-plan,2026-06-24T07:24:58Z,0.5305,positive,finbert
OGDC,profit,https://profit.pakistantoday.com.pk/2026/06/29/ogdcl-starts-production-from-bobi-deep-1-at-2000-bpd-in-sindh,2026-06-29T06:19:16Z,0.0251,neutral,finbert
OGDC,mettis,https://mettisglobal.news/OGDC-brings-Bobi-Deep1-into-production-61415,2026-06-29T11:36:46Z,0.1196,neutral,finbert
OGDC,profit,https://profit.pakistantoday.com.pk/2026/06/30/ogdcl-completes-chak-63-05-well-in-sindh-tests-105-mmscfd-gas-flow,2026-06-30T05:00:00Z,0.8562,positive,finbert
OGDC,mettis,https://mettisglobal.news/OGDC-brings-new-Sindh-gas-well-online-adds-105-MMSCFD-output-61433,2026-06-30T09:36:15Z,0.8981,positive,finbert
OGDC,mettis,https://mettisglobal.news/GCIL-secures-OGDCL-gas-processing-contract-61458,2026-06-30T14:59:32Z,0.1396,neutral,finbert
OGDC,profit,https://profit.pakistantoday.com.pk/2026/07/01/ogdcl-eyes-800-900-mmscfd-shale-gas-production,2026-07-01T18:17:57Z,0.0836,neutral,finbert
OGDC,profit,https://profit.pakistantoday.com.pk/2026/07/09/govts-shareholding-in-ogdcl-rises-to-7753percent-after-besos-share-transfer,2026-07-09T09:25:00Z,0.8792,positive,finbert
OGDC,profit,https://profit.pakistantoday.com.pk/2026/07/25/ogdc-finds-geothermal-lithium-in-sindh-formation-water-a-first-for-pakistan,2026-07-25T07:58:11Z,0.0580,neutral,finbert
OGDC,mettis,https://mettisglobal.news/OGDC-Synergetic-Oil-Tools-ink-deal-for-heavy-crude-production-tech-62344,2026-08-03T15:42:21Z,0.3705,neutral,finbert
OGDC,profit,https://profit.pakistantoday.com.pk/2026/08/04/ogdc-signs-deal-with-canadas-synergetic-oil-tools-to-boost-heavy-crude-oil-production,2026-08-04T02:33:32Z,0.4244,neutral,finbert
OGDC,profit,https://profit.pakistantoday.com.pk/2026/08/05/ogdcl-pinstech-partner-to-develop-lithium-extraction-technology-after-khairpur-discovery,2026-08-05T09:30:27Z,0.7132,positive,finbert
OGDC,profit,https://profit.pakistantoday.com.pk/2026/08/17/pak-datacom-moves-nbp-ogdcl-and-agpr-satellite-connectivity-to-uaes-yahsat,2026-08-17T17:18:47Z,0.0085,neutral,finbert
OGDC,mettis,https://mettisglobal.news/Govt-overhauls-PPL-and-OGDC-boards-62834,2026-08-20T16:34:11Z,-0.9000,negative,finbert
OGDC,profit,https://profit.pakistantoday.com.pk/2026/08/21/govt-approves-independent-director-appointments-for-ppl-ogdcl-boards,2026-08-21T04:42:04Z,0.0145,neutral,finbert
OGDC,profit,https://profit.pakistantoday.com.pk/2026/09/02/ogdc-baker-hughes-sign-deal-to-boost-output-from-mature-oil-gas-fields,2026-09-02T02:50:00Z,0.5845,positive,finbert
OGDC,mettis,https://mettisglobal.news/OGDC-FY26-profit-surges-43-63210,2026-09-04T12:21:20Z,0.8349,positive,finbert
OGDC,profit,https://profit.pakistantoday.com.pk/2026/09/05/ogdcl-profit-jumps-43percent-to-record-rs2424-billion-dividend-hits-all-time-high,2026-09-05T04:04:09Z,0.9158,positive,finbert
OGDC,profit,https://profit.pakistantoday.com.pk/2026/09/07/ogdc-profits-in-2026-clock-in-at-dollar874-million,2026-09-07T02:59:24Z,0.0349,neutral,finbert
OGDC,mettis,https://mettisglobal.news/OGDC-MARI-bring-Lundali1-gas-well-online-63307,2026-09-09T09:39:15Z,0.0781,neutral,finbert
OGDC,profit,https://profit.pakistantoday.com.pk/2026/09/09/ogdcl-mari-energies-bring-lundali-1-gas-well-on-stream-at-10-mmscfd,2026-09-09T17:28:30Z,0.8177,positive,finbert
OGDC,profit,https://profit.pakistantoday.com.pk/2026/09/29/ogdcl-pinstech-sign-agreement-to-explore-lithium-rare-earth-elements-in-well-water,2026-09-29T17:58:52Z,0.3948,neutral,finbert
OGDC,profit,https://profit.pakistantoday.com.pk/2026/09/30/ogdcl-taps-pinstech-for-analytical-support-in-lithium-extraction-initiative,2026-09-30T18:15:55Z,0.4388,neutral,finbert
PAEL,profit,https://profit.pakistantoday.com.pk/2021/09/22/maersks-supply-chain-management-scm-solution-to-provide-multi-fold-benefits-to-pak-elektron-limited,2021-09-22T12:34:15Z,0.9037,positive,finbert
PAEL,mettis,https://mettisglobal.news/pak-elektron-plans-to-raise-rs5bn-from-right-issue,2022-02-07T13:42:53Z,0.6313,positive,finbert
PAEL,mettis,https://mettisglobal.news/pael-reports-robust-growth-in-annual-profits,2022-03-29T15:08:41Z,0.9347,positive,finbert
PAEL,mettis,https://mettisglobal.news/pak-elektron-to-conduct-potential-corporate-restructuring,2022-05-06T10:13:33Z,0.0348,neutral,finbert
PAEL,mettis,https://mettisglobal.news/pacra-maintains-entity-ratings-of-pael,2023-07-05T10:39:45Z,0.0675,neutral,finbert
PAEL,profit,https://profit.pakistantoday.com.pk/2024/04/04/pak-elektron-to-incorporate-wholly-owned-foreign-subsidiary-in-uae,2024-04-04T09:42:28Z,0.1016,neutral,finbert
PAEL,mettis,https://mettisglobal.news/pael-to-establish-wholly-owned-foreign-subsidiary-in-uae,2024-04-04T13:20:10Z,0.0751,neutral,finbert
PAEL,mettis,https://mettisglobal.news/pael-profits-skyrocket-to-rs445m-in-q1-2024,2024-04-30T12:30:35Z,0.6797,positive,finbert
PAEL,mettis,https://mettisglobal.news/re-composition-ffbl-ffc-sazew-pioc-pael-added-to-kse-30-index,2024-08-01T10:56:21Z,0.0230,neutral,finbert
PAEL,mettis,https://mettisglobal.news/pak-elektron-sees-97-6-surge-in-q2-earnings,2024-08-29T13:36:30Z,0.9291,positive,finbert
PAEL,mettis,https://mettisglobal.news/kmi-30-recomposition-ogdc-sazew-pael-hcar-ffl-ke-dawh-added,2024-12-21T17:07:49Z,0.0184,neutral,finbert
PAEL,mettis,https://mettisglobal.news/pael-to-hit-rs58-share-by-december-2025,2025-01-09T11:10:16Z,0.8317,positive,finbert
PAEL,profit,https://profit.pakistantoday.com.pk/2025/02/26/pak-elektron-partners-with-electrolux-to-expand-home-appliance-business,2025-02-26T09:25:01Z,0.8641,positive,finbert
PAEL,mettis,https://mettisglobal.news/pak-elektron-enters-strategic-partnership-with-electrolux-ab,2025-02-26T15:28:59Z,0.8222,positive,finbert
PAEL,mettis,https://mettisglobal.news/pak-elektron-ltd-expands-to-us-market,2025-03-17T09:57:44Z,0.7111,positive,finbert
PAEL,mettis,https://mettisglobal.news/pak-elektron-reports-79-surge-in-profit-to-over-rs2bn-in-2025,2025-03-25T14:17:06Z,0.9299,positive,finbert
PAEL,mettis,https://mettisglobal.news/pak-elektron-reports-47-surge-in-quarterly-profit,2025-04-28T14:28:10Z,0.9204,positive,finbert
PAEL,mettis,https://mettisglobal.news/PACRA-maintains-entity-ratings-of-Pak-Elektron-Ltd-53789,2025-07-15T14:33:48Z,0.0511,neutral,finbert
PAEL,mettis,https://mettisglobal.news/Pak-Elektron-halfyear-profit-surges-67-54834,2025-08-28T15:34:45Z,0.9110,positive,finbert
PAEL,mettis,https://mettisglobal.news/PAEL-set-to-near-Rs89-per-share-by-Jun26-55687,2025-10-03T11:28:37Z,0.7140,positive,finbert
PAEL,mettis,https://mettisglobal.news/FFC-PAEL-enter-the-MZNPI-fold-in-latest-review-57130,2025-12-07T09:40:44Z,0.0661,neutral,finbert
PAEL,mettis,https://mettisglobal.news/PAEL-CY25-profit-surges-63-59059,2026-03-16T13:42:34Z,0.8915,positive,finbert
PAEL,mettis,https://mettisglobal.news/PAEL-Q1CY26-profit-grows-32-60142,2026-04-29T17:07:00Z,0.8787,positive,finbert
PAEL,mettis,https://mettisglobal.news/PAEL-profit-nearly-hits-Rs3bn-in-1HFY26-62986,2026-08-27T13:03:06Z,0.2300,positive,finbert
PPL,profit,https://profit.pakistantoday.com.pk/2021/12/05/cabinet-may-approve-appointment-of-new-ppl-md-in-coming-week,2021-12-05T15:18:54Z,0.0174,neutral,finbert
PPL,mettis,https://mettisglobal.news/ppl-gets-mining-lease-deed,2021-12-13T11:04:05Z,0.0678,neutral,finbert
PPL,mettis,https://mettisglobal.news/ppl-takes-over-operation-working-share-from-china-zenhua-oil-in-baska-block,2022-02-15T18:15:19Z,0.0688,neutral,finbert
PPL,mettis,https://mettisglobal.news/ppl-discovers-hydrocarbons-from-exploratory-well-mohar-1-in-sindh,2022-02-21T11:31:14Z,0.1803,neutral,finbert
PPL,profit,https://profit.pakistantoday.com.pk/2022/02/21/ppl-discovers-hydrocarbon-reserves-in-sindh,2022-02-21T16:09:49Z,0.0888,neutral,finbert
PPL,mettis,https://mettisglobal.news/ppl-declares-19-higher-profits-payouts-of-rs1-5-sh,2022-02-25T13:30:36Z,0.9229,positive,finbert
PPL,profit,https://profit.pakistantoday.com.pk/2022/03/07/federal-cabinet-may-approve-appointment-of-new-md-ppl,2022-03-07T16:22:25Z,0.0151,neutral,finbert
PPL,mettis,https://mettisglobal.news/ogdc-ppl-enter-into-agreement-for-reko-diq-revival,2022-03-21T09:52:30Z,0.9122,positive,finbert
PPL,mettis,"https://mettisglobal.news/PPL:-Higher-sales-revenue,-other-income-drive-earnings",2022-04-27T13:19:38Z,0.7842,positive,finbert
PPL,mettis,https://mettisglobal.news/ppl-commissions-recently-installed-oil-handling-facilities,2022-05-06T10:29:19Z,0.5619,positive,finbert
PPL,mettis,https://mettisglobal.news/ppl-gets-further-one-year-extension-in-sui-mining-lease,2022-06-02T10:30:13Z,0.8566,positive,finbert
PPL,profit,https://profit.pakistantoday.com.pk/2022/09/08/ogdcl-and-ppl-to-get-permanent-chief-officials-soon,2022-09-08T18:41:36Z,0.0657,neutral,finbert
PPL,mettis,https://mettisglobal.news/PPL-discovers-hydrocarbons-from-Shahpur-Chakar-field,2022-10-12T16:25:24Z,0.0890,neutral,finbert
PPL,mettis,https://mettisglobal.news/ppl-profitability-reaches-to-rs26-33bn-in-1qfy23,2022-10-27T13:18:58Z,0.9378,positive,finbert
PPL,mettis,https://mettisglobal.news/ppl-to-participate-in-reconstituted-reko-diq-project,2022-10-31T10:27:46Z,0.0450,neutral,finbert
PPL,mettis,https://mettisglobal.news/ppl-board-of-directors-has-approved-an-investment-of-up-to-33-33-or-1-3rd-of-the-total-paid-up-and-issued-capital-in-an-associated-company,2022-11-30T15:11:30Z,0.1041,neutral,finbert
PPL,mettis,https://mettisglobal.news/ppl-ogdc-ghpl-signs-definitive-agreement-for-reko-diq-project,2022-12-16T09:31:40Z,0.9030,positive,finbert
PPL,mettis,https://mettisglobal.news/ppl-strikes-black-gold-with-55-75-yoy-surge-in-1hfy23-profits,2023-02-27T16:09:48Z,0.8926,positive,finbert
PPL,mettis,https://mettisglobal.news/gas-discovery-in-sindhs-kirthar-block-ppl-pogc-strike-gold-with-rayyan-1-well,2023-04-03T10:17:18Z,0.8952,positive,finbert
PPL,mettis,https://mettisglobal.news/ppl-registers-58-yoy-jump-in-net-profit-during-9mfy23,2023-04-27T14:38:42Z,0.9190,positive,finbert
PPL,mettis,https://mettisglobal.news/mcb-bank-to-be-removed-from-ftse-all-cap-ppl-downgraded-to-small-cap,2023-08-21T09:17:02Z,-0.4417,neutral,finbert
PPL,mettis,https://mettisglobal.news/ppl-to-evaluate-potential-engagement-with-foreign-investors-for-reko-diq-project,2023-09-28T11:18:33Z,0.2532,neutral,finbert
PPL,mettis,https://mettisglobal.news/ppl-posts-rs29-76bn-profit-in-3qcy23-up-by-13-yoy,2023-10-30T15:47:10Z,0.9318,positive,finbert
PPL,profit,https://profit.pakistantoday.com.pk/2023/11/20/pakistan-petroleum-limited-discovers-hydrocarbon-reserves-in-sindh,2023-11-20T08:53:35Z,0.1074,neutral,finbert
PPL,mettis,https://mettisglobal.news/ppl-unveils-major-gas-condensate-discovery-in-east-x-1-well,2023-11-20T10:14:46Z,0.7193,positive,finbert
PPL,mettis,https://mettisglobal.news/ppl-commences-production-from-adhi-south-6,2023-11-24T15:46:46Z,0.0664,neutral,finbert
PPL,profit,https://profit.pakistantoday.com.pk/2023/11/25/ppl-starts-oil-and-gas-production-from-adhi-south-6-well,2023-11-25T08:18:56Z,0.0583,neutral,finbert
PPL,mettis,https://mettisglobal.news/tight-gas-policy-fix-to-unlock-2bn-chinese-investment-in-mari-ogdc-ppl,2023-12-09T17:53:47Z,0.2439,neutral,finbert
PPL,mettis,https://mettisglobal.news/ppl-secures-two-new-exploration-blocks-in-award,2024-01-11T15:21:22Z,0.8916,positive,finbert
PPL,mettis,https://mettisglobal.news/ppl-greenlights-funding-for-blz-project,2024-02-06T09:50:20Z,0.2585,neutral,finbert
PPL,profit,https://profit.pakistantoday.com.pk/2024/02/06/ppl-to-fund-balochistans-share-in-lead-zinc-mining-project,2024-02-06T11:40:13Z,0.1681,neutral,finbert
PPL,mettis,https://mettisglobal.news/ppl-mari-jv-strikes-gold-with-adam-2-well,2024-02-13T15:27:06Z,0.7933,positive,finbert
PPL,profit,https://profit.pakistantoday.com.pk/2024/02/26/ppl-reports-44-profit-surge-in-first-half-of-fy2024,2024-02-26T10:35:40Z,0.9195,positive,finbert
PPL,mettis,https://mettisglobal.news/ppl-declares-25-dividend-as-profit-grows-to-rs69-79bn-in-1hfy24,2024-02-26T11:32:37Z,0.8945,positive,finbert
PPL,mettis,https://mettisglobal.news/ppl-fwo-join-forces-for-mineral-exploration-in-pakistan,2024-03-07T11:07:42Z,0.5017,positive,finbert
PPL,mettis,https://mettisglobal.news/saudi-arabia-to-acquire-shareholding-of-ogdc-ppl-intends-1bn-investment-in-reko-diq,2024-04-03T16:48:35Z,0.4636,neutral,finbert
PPL,profit,https://profit.pakistantoday.com.pk/2024/04/22/ppl-enhances-production-by-17-mmscfd-gas-530-bpd-oil,2024-04-22T08:30:28Z,0.9248,positive,finbert
PPL,mettis,https://mettisglobal.news/pakistan-petroleum-achieves-17-mmscfd-gas-530-bpd-oil-production-increase,2024-04-22T10:54:59Z,0.8770,positive,finbert
PPL,mettis,https://mettisglobal.news/ppl-q1-profit-falls-16-yoy-pays-rs1-dps,2024-04-29T11:46:24Z,-0.9565,negative,finbert
PPL,mettis,https://mettisglobal.news/pakistan-petroleum-dew-form-joint-venture-for-mining-exploration-in-chagai-district,2024-05-24T15:07:49Z,0.3984,neutral,finbert
PPL,profit,https://profit.pakistantoday.com.pk/2024/07/02/pakistan-petroleum-limited-announces-significant-gas-discovery-in-sindh,2024-07-02T10:56:23Z,0.7992,positive,finbert
PPL,mettis,https://mettisglobal.news/ppl-discovers-gas-at-tor-1-well-in-khairpur-district,2024-07-02T15:46:00Z,0.1407,neutral,finbert
PPL,profit,https://profit.pakistantoday.com.pk/2024/07/18/ppl-commences-oil-and-gas-production-from-adhi-south-8-well,2024-07-18T07:18:04Z,0.0694,neutral,finbert
PPL,mettis,https://mettisglobal.news/ppl-begins-production-at-adhi-south-8,2024-07-18T11:33:07Z,0.0846,neutral,finbert
PPL,profit,https://profit.pakistantoday.com.pk/2024/08/06/ppl-enhances-production-at-sui-gas-field-with-sml-compressors-revamping,2024-08-06T07:56:42Z,0.9368,positive,finbert
PPL,mettis,https://mettisglobal.news/ppl-revamps-sui-gas-field-compressors,2024-08-06T10:00:14Z,0.1001,neutral,finbert
PPL,mettis,https://mettisglobal.news/ppl-unveils-new-gas-condensate-find-at-kawagarh-1-in-tal-block,2024-08-06T12:47:10Z,0.2708,neutral,finbert
PPL,profit,https://profit.pakistantoday.com.pk/2024/08/15/pbs-2024-ogdcl-ppl-mpcl-and-ghpl-join-hands-to-unlock-pakistans-oil-and-gas-potential,2024-08-15T18:14:41Z,0.6952,positive,finbert
PPL,mettis,https://mettisglobal.news/pakistan-petroleum-misses-estimates-as-revenue-slumps,2024-09-20T12:43:26Z,-0.9600,negative,finbert
PPL,mettis,https://mettisglobal.news/ppl-subsidiary-reaches-settlement-with-iraqi-oil-company,2024-10-07T09:44:15Z,0.6857,positive,finbert
PPL,profit,https://profit.pakistantoday.com.pk/2024/10/14/ppl-commences-oil-gas-production-from-adhi-south-9,2024-10-14T11:02:46Z,0.0587,neutral,finbert
PPL,mettis,https://mettisglobal.news/ppl-kicks-off-production-from-adhi-south-9-well,2024-10-14T15:19:04Z,0.0561,neutral,finbert
PPL,mettis,https://mettisglobal.news/pakistan-petroleum-first-quarter-profit-falls-20,2024-10-29T11:50:25Z,-0.9571,negative,finbert
PPL,profit,https://profit.pakistantoday.com.pk/2024/10/29/ppl-reports-24-profit-decline-due-to-lower-sales-and-rising-costs,2024-10-29T16:02:37Z,-0.9675,negative,finbert
PPL,profit,https://profit.pakistantoday.com.pk/2024/11/04/ppl-secures-development-and-production-lease-for-sui-gas-field-with-100-stake,2024-11-04T09:52:46Z,0.3549,neutral,finbert
PPL,mettis,https://mettisglobal.news/ppl-secures-10-year-lease-for-sui-gas-field,2024-11-04T15:07:43Z,0.9189,positive,finbert
PPL,profit,https://profit.pakistantoday.com.pk/2024/11/08/ppl-clarifies-news-regarding-sui-development-and-production-lease,2024-11-08T14:54:11Z,0.0259,neutral,finbert
PPL,mettis,https://mettisglobal.news/pakistan-petroleum-discovers-hydrocarbons-from-pateji-x-1-well,2024-11-15T15:29:55Z,0.1012,neutral,finbert
PPL,profit,https://profit.pakistantoday.com.pk/2024/11/16/ppl-announces-hydrocarbon-discovery-at-shah-bandar-block-in-sindh,2024-11-16T05:57:00Z,0.0724,neutral,finbert
PPL,mettis,https://mettisglobal.news/ppl-boosts-energy-output-with-17-mmscfd-gas-400-bpd-oil-and-4-tpd-lpg,2024-11-27T09:35:19Z,0.9264,positive,finbert
PPL,profit,https://profit.pakistantoday.com.pk/2024/11/29/ppl-announces-new-gas-condensate-discovery-in-sindh,2024-11-29T06:51:58Z,0.2694,neutral,finbert
PPL,mettis,https://mettisglobal.news/ppl-unveils-new-gas-discovery-in-shah-bandar-block,2024-11-29T11:42:24Z,0.5532,positive,finbert
PPL,profit,https://profit.pakistantoday.com.pk/2024/12/24/ppl-jv-partners-discovers-hydrocarbons-in-sindhs-kotri-north-block,2024-12-24T09:05:40Z,0.1754,neutral,finbert
PPL,mettis,https://mettisglobal.news/ppl-jv-partners-strike-hydrocarbon-discovery-in-sindh,2024-12-24T14:38:23Z,0.4904,positive,finbert
PPL,profit,https://profit.pakistantoday.com.pk/2024/12/27/ppl-begins-exploration-at-second-shah-bandar-jv-well-in-sindh,2024-12-27T08:28:27Z,0.1334,neutral,finbert
PPL,mettis,https://mettisglobal.news/ppl-successfully-commissioned-2nd-exploratory-well-jhim-east-x-1,2024-12-27T13:24:33Z,0.8716,positive,finbert
PPL,profit,https://profit.pakistantoday.com.pk/2025/01/06/pakistan-petroleum-limiteds-subsidiary-receives-6-million-from-iraqi-oil-company,2025-01-06T11:22:48Z,0.5449,positive,finbert
PPL,mettis,https://mettisglobal.news/ppl-settles-with-midland-oil-for-block-8-iraq,2025-01-06T15:32:40Z,0.5317,positive,finbert
PPL,mettis,https://mettisglobal.news/ppl-showcases-pakistans-mining-potential-at-future-minerals-forum,2025-01-17T09:47:33Z,0.7589,positive,finbert
PPL,profit,https://profit.pakistantoday.com.pk/2025/01/23/ppl-boosts-gas-production-at-shahdad-x-1-after-successful-water-shut-off-operation,2025-01-23T08:00:12Z,0.9354,positive,finbert
PPL,mettis,https://mettisglobal.news/ppl-executes-water-shut-off-at-shahdad-x-1-well,2025-01-23T12:21:24Z,-0.0242,neutral,finbert
PPL,profit,https://profit.pakistantoday.com.pk/2025/02/14/pakistan-petroleum-limited-secures-10-year-lease-extension-for-sui-gas-field-operations,2025-02-14T09:54:38Z,0.9280,positive,finbert
PPL,mettis,https://mettisglobal.news/ppl-secures-lease-agreement-for-sui-gas-field-operations,2025-02-14T14:52:06Z,0.8553,positive,finbert
PPL,mettis,https://mettisglobal.news/ppl-gob-sign-moa-to-boost-sui-gas-production,2025-02-15T10:30:15Z,0.9293,positive,finbert
PPL,mettis,https://mettisglobal.news/pakistan-petroleum-reports-28-profit-dip-as-costs-rise,2025-02-28T15:31:27Z,-0.7955,negative,finbert
PPL,profit,https://profit.pakistantoday.com.pk/2025/03/25/ppl-pogc-discover-gas-in-sindhs-kirthar-block,2025-03-25T13:07:46Z,0.1166,neutral,finbert
PPL,mettis,https://mettisglobal.news/ppl-pogc-make-significant-hydrocarbon-discovery-in-sindh,2025-03-25T13:35:06Z,0.4334,neutral,finbert
PPL,profit,https://profit.pakistantoday.com.pk/2025/04/02/ogdc-and-ppls-commitments-to-reko-diq-take-a-step-forward-with-feasibility-study-completion,2025-04-02T03:01:56Z,0.7455,positive,finbert
PPL,profit,https://profit.pakistantoday.com.pk/2025/04/10/ppl-announces-amendment-to-operating-agreement-for-barytes-project-in-balochistan,2025-04-10T05:04:33Z,0.6028,positive,finbert
PPL,profit,https://profit.pakistantoday.com.pk/2025/04/10/ppl-begins-gas-production-from-pateji-x-1-in-shah-bandar-block,2025-04-10T09:13:16Z,0.1068,neutral,finbert
PPL,mettis,https://mettisglobal.news/ppl-commences-gas-production-from-pateji-x-1-upper-sand-reservoir,2025-04-10T14:10:51Z,0.0777,neutral,finbert
PPL,profit,https://profit.pakistantoday.com.pk/2025/04/13/ppl-partners-with-metso-for-minerals-sector-development,2025-04-13T10:27:32Z,0.6223,positive,finbert
PPL,profit,https://profit.pakistantoday.com.pk/2025/04/14/ppl-pays-rs42-billion-lease-extension-bonus-for-continued-operations-of-sui-gas-field,2025-04-14T07:49:01Z,0.8804,positive,finbert
PPL,mettis,https://mettisglobal.news/ppl-pays-rs42bn-lease-extension-bonus-for-continued-sui-gas-field-operations,2025-04-14T12:27:34Z,0.8676,positive,finbert
PPL,mettis,https://mettisglobal.news/ppl-metso-finland-sign-mou-for-mineral-exploration-collaboration,2025-04-14T15:54:27Z,0.5315,positive,finbert
PPL,profit,https://profit.pakistantoday.com.pk/2025/04/29/ppl-reports-pkr21-9bn-profit-in-3qfy25-down-21-yoy,2025-04-29T10:03:23Z,-0.9665,negative,finbert
PPL,mettis,https://mettisglobal.news/ppl-reports-over-26-year-on-year-decline-in-net-profit,2025-04-29T11:31:23Z,-0.9653,negative,finbert
PPL,profit,https://profit.pakistantoday.com.pk/2025/05/14/pakistan-petroleum-limited-awarded-two-new-blocks-for-hydrocarbon-exploration,2025-05-14T08:13:35Z,0.8879,positive,finbert
PPL,mettis,https://mettisglobal.news/pakistan-petroleum-wins-two-new-exploration-blocks,2025-05-14T11:51:19Z,0.8705,positive,finbert
PPL,profit,https://profit.pakistantoday.com.pk/2025/07/21/energy-majors-dominate-mutual-fund-portfolios-as-ogdc-ppl-and-pso-soak-up-fresh-flows,2025-07-21T03:45:50Z,0.5661,positive,finbert
PPL,profit,https://profit.pakistantoday.com.pk/2025/08/07/hackers-paralyze-ppl-it-systems-demand-ransom-financial-operations-suspended-for-two-days,2025-08-07T16:00:55Z,-0.9137,negative,finbert
PPL,mettis,https://mettisglobal.news/PPL-responds-swiftly-to-ransomware-attack-54363,2025-08-08T12:10:06Z,0.1550,neutral,finbert
PPL,profit,https://profit.pakistantoday.com.pk/2025/08/19/ogdcl-ppl-increase-financing-commitment-for-reko-diq-copper-gold-project-to-715-million,2025-08-19T06:25:59Z,0.9330,positive,finbert
PPL,mettis,https://mettisglobal.news/PPL-ups-Reko-Diq-funding-to-715m-for-Phase-1-54561,2025-08-19T09:15:23Z,0.8908,positive,finbert
PPL,profit,https://profit.pakistantoday.com.pk/2025/09/04/ppl-announces-oil-and-gas-discovery-at-dhok-sultan-03-well-in-attock,2025-09-04T07:24:35Z,0.1238,neutral,finbert
PPL,mettis,https://mettisglobal.news/PPL-hits-another-discovery-in-Attock-54990,2025-09-04T10:15:37Z,0.7348,positive,finbert
PPL,profit,https://profit.pakistantoday.com.pk/2025/09/05/ppl-seeks-approval-to-sell-50-mmscfd-surplus-gas-to-third-parties,2025-09-05T07:10:51Z,0.4642,neutral,finbert
PPL,profit,https://profit.pakistantoday.com.pk/2025/09/20/sikandar-ali-memon-appointed-ceo-of-pakistan-petroleum-limited,2025-09-20T08:00:10Z,0.0350,neutral,finbert
PPL,profit,https://profit.pakistantoday.com.pk/2025/10/08/ppl-announces-new-gas-discovery-at-barki-1-kotri-north-block,2025-10-08T12:27:21Z,0.3238,neutral,finbert
PPL,profit,https://profit.pakistantoday.com.pk/2025/10/14/ppl-forms-offshore-consortium-with-turkish-petroleum-ogdcl-and-marienergies,2025-10-14T12:35:59Z,0.0970,neutral,finbert
PPL,mettis,https://mettisglobal.news/PPL-forms-strategic-offshore-partnership-with-Turkish-Petroleum-55920,2025-10-14T15:18:21Z,0.8013,positive,finbert
PPL,mettis,https://mettisglobal.news/PPL-profit-slows-down-12-in-Q1FY26-56286,2025-10-29T12:07:29Z,-0.9675,negative,finbert
PPL,profit,https://profit.pakistantoday.com.pk/2025/10/31/ppl-secures-conditional-approval-for-mineral-exploration-license-in-chagai,2025-10-31T06:20:51Z,0.9152,positive,finbert
PPL,mettis,https://mettisglobal.news/PPL-secures-conditional-approval-for-mineral-exploration-license-in-Balochistan-56361,2025-10-31T09:32:07Z,0.9252,positive,finbert
PPL,profit,https://profit.pakistantoday.com.pk/2025/11/05/ppl-commences-oil-production-at-dhok-sultan-03-well-boosting-pakistans-energy-security,2025-11-05T07:20:22Z,0.9163,positive,finbert
PPL,profit,https://profit.pakistantoday.com.pk/2025/11/11/ppl-enhances-gas-processing-capacity-at-gambat-south-facility-in-sindh,2025-11-11T05:49:12Z,0.9256,positive,finbert
PPL,mettis,https://mettisglobal.news/PPL-boosts-gas-processing-capacity-at-Gambat-South-GPFII-56610,2025-11-11T11:53:49Z,0.9345,positive,finbert
PPL,mettis,https://mettisglobal.news/PPL-forecasts-600650-mmcfde-production-drives-exploration-push-56618,2025-11-11T14:48:09Z,0.1161,neutral,finbert
PPL,profit,https://profit.pakistantoday.com.pk/2025/11/13/ppl-secures-eight-new-offshore-exploration-blocks-in-competitive-bidding,2025-11-13T13:17:43Z,0.8848,positive,finbert
PPL,mettis,https://mettisglobal.news/PPL-secures-provisional-rights-to-8-offshore-hydrocarbon-blocks-56670,2025-11-13T15:44:20Z,0.7352,positive,finbert
PPL,profit,https://profit.pakistantoday.com.pk/2025/11/14/ppl-announces-gas-discovery-in-sawan-fields-snd-1-well-in-sindh,2025-11-14T08:26:24Z,0.1396,neutral,finbert
PPL,mettis,https://mettisglobal.news/PPL-JV-hits-new-gas-discovery-in-Sawan-Field-56697,2025-11-14T16:08:40Z,0.8023,positive,finbert
PPL,profit,https://profit.pakistantoday.com.pk/2025/11/19/pakistan-petroleum-to-build-first-offshore-artificial-island-for-oil-and-gas-exploration,2025-11-19T14:52:40Z,0.3022,neutral,finbert
PPL,profit,https://profit.pakistantoday.com.pk/2025/11/20/ppl-clarifies-media-reports-on-offshore-project-says-its-focused-on-safe-drilling-operations,2025-11-20T15:02:13Z,0.0966,neutral,finbert
PPL,mettis,https://mettisglobal.news/PPL-rejects-reports-of-Artificial-Island-56832,2025-11-21T10:12:02Z,-0.7626,negative,finbert
PPL,profit,https://profit.pakistantoday.com.pk/2025/11/22/pakistan-petroleum-limited-to-drill-first-offshore-oil-well-in-march-2026,2025-11-22T02:47:07Z,0.2301,neutral,finbert
PPL,mettis,https://mettisglobal.news/PPL-revives-Adam-West-well-output-hits-85-MMscfd-56879,2025-11-24T15:03:33Z,0.9324,positive,finbert
PPL,mettis,https://mettisglobal.news/PPL-transfers-operatorship-of-Indus-Block-C-to-TPOC-57058,2025-12-03T10:20:41Z,0.0125,neutral,finbert
PPL,profit,https://profit.pakistantoday.com.pk/2025/12/03/ppl-transfers-indus-block-c-operatorship-to-turkish-petroleum-overseas-company,2025-12-03T11:51:28Z,0.0308,neutral,finbert
PPL,profit,https://profit.pakistantoday.com.pk/2025/12/11/ppl-announces-oil-and-gas-discovery-in-kohats-nashpa-block,2025-12-11T06:00:50Z,0.0583,neutral,finbert
PPL,mettis,https://mettisglobal.news/PPL-discovers-oil-and-gas-from-Baragzai-X01-well-in-Nashpa-Block-57222,2025-12-11T11:24:23Z,0.1105,neutral,finbert
PPL,profit,https://profit.pakistantoday.com.pk/2025/12/23/ppl-announces-hydrocarbon-discovery-at-lal-x-1-well-in-sindh,2025-12-23T12:52:03Z,0.3580,neutral,finbert
PPL,mettis,https://mettisglobal.news/PPL-unlocks-unconventional-gas-potential-in-Sindhs-Kandhkot-area-57447,2025-12-23T16:31:10Z,0.8454,positive,finbert
PPL,profit,https://profit.pakistantoday.com.pk/2026/01/02/ppl-pol-announce-major-gas-discovery-in-tal-block-in-khyber-pakhtunkhwa,2026-01-02T06:52:50Z,0.5118,positive,finbert
PPL,profit,https://profit.pakistantoday.com.pk/2026/01/19/ppl-joint-venture-discovers-gas-at-bilitang-1-well-in-kohat-district-kyber-pakhtunkhwa,2026-01-19T12:50:19Z,0.6294,positive,finbert
PPL,mettis,https://mettisglobal.news/PPL-discovers-gas-from-exploratory-well-Bilitang1-in-TAL-Block-57877,2026-01-19T15:52:47Z,0.1252,neutral,finbert
PPL,profit,https://profit.pakistantoday.com.pk/2026/01/23/ppl-appoints-muhammad-mubbashar-siddiqui-as-chief-financial-officer,2026-01-23T06:57:21Z,-0.0046,neutral,finbert
PPL,mettis,https://mettisglobal.news/PPL-profit-declines-20-in-1HFY26-58396,2026-02-13T10:32:06Z,-0.9639,negative,finbert
PPL,profit,https://profit.pakistantoday.com.pk/2026/02/26/ppl-reaches-amicable-settlement-with-pdil-descon-engineering-over-gpf-ii-and-adhi-iii-disputes,2026-02-26T06:43:38Z,0.9133,positive,finbert
PPL,mettis,https://mettisglobal.news/PPL-settles-multiyear-EPCC-disputes-with-PDIL-DEL-58696,2026-02-26T11:07:37Z,-0.2732,negative,vader
PPL,mettis,https://mettisglobal.news/PPL-9MFY26-profit-declines-15-60082,2026-04-29T11:09:31Z,-0.9626,negative,finbert
PPL,profit,https://profit.pakistantoday.com.pk/2026/05/08/pakistan-petroleum-limited-starts-production-from-faiz-x-1-deep-well-in-gambat-south-block,2026-05-08T06:45:24Z,0.1730,neutral,finbert
PPL,profit,https://profit.pakistantoday.com.pk/2026/05/13/pakistan-petroleum-limited-completes-sidetracking-of-adhi-south-2-well-production-rises-to-850-bpd,2026-05-13T06:30:21Z,0.9224,positive,finbert
PPL,mettis,https://mettisglobal.news/PPL-completes-successful-workover-sidetracking-of-Well-Adhi-South2-60404,2026-05-13T10:33:54Z,0.9203,positive,finbert
PPL,profit,https://profit.pakistantoday.com.pk/2026/05/21/ppl-signs-agreements-for-eight-offshore-blocks-under-pakistan-offshore-bid-round-2025,2026-05-21T09:36:08Z,0.8266,positive,finbert
PPL,mettis,https://mettisglobal.news/PPL-signs-agreements-for-eight-offshore-blocks-60619,2026-05-21T12:46:58Z,0.0474,neutral,finbert
PPL,profit,https://profit.pakistantoday.com.pk/2026/06/24/pakistan-petroleum-limited-begins-execution-phase-of-balochistan-barite-lead-and-zinc-project,2026-06-24T07:42:41Z,0.0729,neutral,finbert
PPL,profit,https://profit.pakistantoday.com.pk/2026/06/24/govt-shareholding-in-pakistan-petroleum-limited-rises-to-7486percent-after-transfer-of-besos-trust-shares,2026-06-24T09:44:16Z,0.8757,positive,finbert
PPL,profit,https://profit.pakistantoday.com.pk/2026/07/01/ppl-gets-approval-for-12-year-development-lease-over-adhi-field,2026-07-01T08:00:00Z,0.9059,positive,finbert
PPL,mettis,https://mettisglobal.news/PPL-gets-nod-for-Adhi-Field-development-production-lease-61488,2026-07-01T11:52:11Z,0.5824,positive,finbert
PPL,profit,https://profit.pakistantoday.com.pk/2026/07/07/agp-questions-petroleum-division-as-ssgc-pso-ppl-subsidiaries-operated-with-unauthorized-boards,2026-07-07T16:53:07Z,-0.3092,neutral,finbert
PPL,profit,https://profit.pakistantoday.com.pk/2026/07/10/cabinet-committee-seeks-changes-to-pakistan-petroleum-saindak-metals-board-appointments,2026-07-10T02:49:35Z,0.0164,neutral,finbert
PPL,mettis,https://mettisglobal.news/PPL-makes-fourth-consecutive-gas-discovery-in-Shah-Bandar-Block-62270,2026-07-30T14:38:16Z,0.6730,positive,finbert
PPL,profit,https://profit.pakistantoday.com.pk/2026/07/31/ppl-makes-fourth-consecutive-gas-discovery-in-shah-bandar-block,2026-07-31T03:50:00Z,0.2263,positive,vader
PPL,profit,https://profit.pakistantoday.com.pk/2026/08/03/pakistans-petroleum-sales-surge-233percent-yoy-to-151-million-tons-in-july-pso-leads-with-38percent-growth,2026-08-03T09:51:38Z,0.9121,positive,finbert
PPL,profit,https://profit.pakistantoday.com.pk/2026/08/11/ppl-appoints-syed-zakria-ali-shah-as-ex-officio-director,2026-08-11T09:16:54Z,-0.0313,neutral,finbert
PPL,profit,https://profit.pakistantoday.com.pk/2026/08/17/pakistan-petroleum-limited-discovers-gas-at-dolphin-x-1-well-in-sindhs-sujawal-district,2026-08-17T06:44:10Z,0.2573,neutral,finbert
PPL,mettis,https://mettisglobal.news/PPL-discovers-gas-from-Dolphin-X1-well-in-Sirani-Exploration-License-Sindh-62685,2026-08-17T10:36:30Z,0.1893,neutral,finbert
PPL,mettis,https://mettisglobal.news/Govt-overhauls-PPL-and-OGDC-boards-62834,2026-08-20T16:34:11Z,-0.9000,negative,finbert
PPL,profit,https://profit.pakistantoday.com.pk/2026/08/21/govt-approves-independent-director-appointments-for-ppl-ogdcl-boards,2026-08-21T04:42:04Z,0.0145,neutral,finbert
PPL,mettis,https://mettisglobal.news/PPL-FY26-profit-jumps-9-to-Rs98bn-63433,2026-09-14T15:28:25Z,0.8981,positive,finbert
PPL,profit,https://profit.pakistantoday.com.pk/2026/09/17/ppl-appoints-shahid-khan-as-chairman-for-three-year-term,2026-09-17T02:46:37Z,-0.0420,neutral,finbert
PSO,mettis,https://mettisglobal.news/omcs-sales-up-by-29-yoy-pso-leads-the-growth-chart,2021-10-04T12:20:10Z,0.9371,positive,finbert
PSO,mettis,https://mettisglobal.news/pso-witnesses-turnaround-in-profitability-during-fy21,2021-10-26T23:46:42Z,0.9366,positive,finbert
PSO,mettis,https://mettisglobal.news/pso-higher-volumetric-sales-inventory-gains-boosted-earnings,2021-10-28T15:03:42Z,0.9351,positive,finbert
PSO,mettis,https://mettisglobal.news/pso-sets-all-time-records-as-profits-soar-in-q1fy22,2021-10-28T18:09:03Z,0.7981,positive,finbert
PSO,mettis,https://mettisglobal.news/pso-pakistan-railways-sign-mou,2022-01-24T21:22:22Z,0.0223,neutral,finbert
PSO,mettis,https://mettisglobal.news/pso-posts-3-5x-higher-net-profits-in-1hfy22,2022-02-11T12:21:18Z,0.9326,positive,finbert
PSO,profit,https://profit.pakistantoday.com.pk/2022/03/14/pso-communicates-inability-to-import-petroleum-products-for-omcs,2022-03-14T17:09:52Z,-0.3343,neutral,finbert
PSO,mettis,https://mettisglobal.news/pso-refutes-stopping-supplies-to-ipps-and-railways,2022-04-07T15:30:02Z,-0.9210,negative,finbert
PSO,mettis,https://mettisglobal.news/pso-arranges-5-additional-cargoes-of-diesel,2022-04-25T20:46:49Z,0.1281,neutral,finbert
PSO,profit,https://profit.pakistantoday.com.pk/2022/06/28/pso-struggles-with-oil-imports-as-foreign-banks-remain-distrustful,2022-06-28T09:52:12Z,-0.9204,negative,finbert
PSO,profit,https://profit.pakistantoday.com.pk/2022/07/01/fwo-pso-to-establish-petrol-stations-in-northern-areas,2022-07-01T05:35:03Z,0.3963,neutral,finbert
PSO,profit,https://profit.pakistantoday.com.pk/2022/07/31/power-division-to-pay-rs32-8bn-to-save-pso-from-defaulting,2022-07-31T17:51:10Z,0.8371,positive,finbert
PSO,mettis,https://mettisglobal.news/ecc-okays-rs30bn-supplementary-grant-for-pso-receivables,2022-08-01T09:37:31Z,0.6996,positive,finbert
PSO,mettis,https://mettisglobal.news/ECC-approves-proposal-to-issue-a-letter-of-comfort-in-favour-of-PSO,2022-08-12T00:12:29Z,0.6205,positive,finbert
PSO,mettis,https://mettisglobal.news/PSO-wins-arbitration-case-against-Gunvor,2022-10-12T17:18:47Z,0.5719,positive,vader
PSO,mettis,https://mettisglobal.news/pso-net-profits-deteriorate-by-81-yoy-in-1qfy23,2022-10-28T09:52:53Z,-0.9641,negative,finbert
PSO,profit,https://profit.pakistantoday.com.pk/2023/01/03/ecc-approves-rs60bn-financing-for-pso-to-clear-financial-obligations,2023-01-03T18:43:00Z,0.8452,positive,finbert
PSO,mettis,https://mettisglobal.news/ecc-approves-rs10bn-for-liquidity-requirement-of-pso,2023-01-04T00:12:57Z,0.7985,positive,finbert
PSO,mettis,https://mettisglobal.news/pso-receivables-surpasses-rs700bn-mark,2023-02-01T12:17:45Z,0.9175,positive,finbert
PSO,mettis,https://mettisglobal.news/PSO-plans-to-bid-for-Telenor-s-operations-in-Pakistan,2023-02-28T10:14:35Z,0.1027,neutral,finbert
PSO,mettis,https://mettisglobal.news/pso-denies-plans-to-acquire-telenor-pakistan,2023-03-02T10:08:53Z,-0.0583,neutral,finbert
PSO,profit,https://profit.pakistantoday.com.pk/2023/03/08/plans-to-transfer-control-of-nandipur-power-plant-gepco-to-pso,2023-03-08T16:20:47Z,0.0403,neutral,finbert
PSO,profit,https://profit.pakistantoday.com.pk/2023/03/10/the-pso-debt-spiral-continues,2023-03-10T09:45:36Z,-0.9286,negative,finbert
PSO,profit,https://profit.pakistantoday.com.pk/2023/03/15/govt-gives-another-lifeline-to-pso,2023-03-15T14:34:51Z,0.6991,positive,finbert
PSO,mettis,https://mettisglobal.news/pso-dominates-a-challenging-energy-market,2023-04-28T22:49:36Z,-0.5727,negative,finbert
PSO,mettis,https://mettisglobal.news/ogdc-pso-sign-mou-for-greenfield-refinery-project-in-baluchistan,2023-07-27T15:14:32Z,0.8071,positive,finbert
PSO,mettis,https://mettisglobal.news/pso-installs-high-end-aircraft-re-fueling-facility-at-skardu,2023-08-12T09:04:34Z,0.5961,positive,finbert
PSO,mettis,https://mettisglobal.news/tech-beat-pso-hcar-ogdc-to-be-monitored,2023-08-13T09:35:00Z,0.0299,neutral,finbert
PSO,mettis,https://mettisglobal.news/pso-pays-75-dividend-despite-90-profit-drop-in-fy23,2023-08-23T11:27:07Z,-0.9218,negative,finbert
PSO,mettis,https://mettisglobal.news/pso-leads-energy-market-earns-rs5-7bn-profit,2023-08-23T16:07:39Z,0.0759,neutral,finbert
PSO,profit,https://profit.pakistantoday.com.pk/2023/10/10/pso-explores-10-billion-investment-partnership-with-bank-of-china-sinopec,2023-10-10T05:26:59Z,0.7754,positive,finbert
PSO,mettis,https://mettisglobal.news/pso-resumes-fuel-supply-to-piac-after-partial-payment,2023-10-12T15:55:39Z,0.0730,neutral,finbert
PSO,mettis,https://mettisglobal.news/pso-recovers-rs625m-from-piac-in-two-days,2023-10-13T15:38:54Z,0.7132,positive,finbert
PSO,mettis,https://mettisglobal.news/no-material-progress-on-refinery-project-pso-clarifies,2023-10-16T15:16:01Z,0.0203,neutral,finbert
PSO,mettis,https://mettisglobal.news/pso-makes-headway-in-debt-recovery-from-piac,2023-10-16T17:27:57Z,0.9320,positive,finbert
PSO,profit,https://profit.pakistantoday.com.pk/2023/10/17/pso-grapples-with-record-receivables-of-rs755bn,2023-10-17T06:02:56Z,0.0000,neutral,vader
PSO,mettis,https://mettisglobal.news/pso-receives-rs150m-from-pia-debt-recovery-continues,2023-10-18T21:16:08Z,0.8939,positive,finbert
PSO,mettis,https://mettisglobal.news/pso-recovers-rs2-5bn-from-pia-but-dues-remain-high,2023-10-19T15:07:42Z,-0.2572,negative,finbert
PSO,mettis,https://mettisglobal.news/pso-receives-rs155m-debt-payment-from-piac-supplies-rs195m-worth-fuel,2023-10-19T18:47:30Z,0.5567,positive,finbert
PSO,mettis,https://mettisglobal.news/pso-posts-ten-fold-increase-in-profit-for-1qfy24,2023-10-20T11:38:05Z,0.9345,positive,finbert
PSO,profit,https://profit.pakistantoday.com.pk/2023/10/24/pso-resumes-fuel-supply-to-20-pia-flights-amidst-ongoing-financial-woes,2023-10-24T07:07:37Z,-0.9098,negative,finbert
PSO,mettis,https://mettisglobal.news/pia-resumes-some-flights-after-partial-payment-to-pso,2023-10-26T10:02:58Z,0.0405,neutral,finbert
PSO,mettis,https://mettisglobal.news/pso-fuels-22-piacs-flights-today,2023-10-30T15:15:21Z,0.0747,neutral,finbert
PSO,profit,https://profit.pakistantoday.com.pk/2023/11/11/ecc-raises-sovereign-guarantee-ceiling-for-pso-by-rs100bn,2023-11-11T14:49:44Z,0.8529,positive,finbert
PSO,profit,https://profit.pakistantoday.com.pk/2023/12/08/pso-refutes-reports-of-selling-stake-in-prl-to-chinese-firm,2023-12-08T07:51:58Z,-0.1587,neutral,finbert
PSO,mettis,https://mettisglobal.news/pso-refutes-allegations-of-decision-to-divest-from-prl,2023-12-08T21:04:20Z,0.0000,neutral,vader
PSO,profit,https://profit.pakistantoday.com.pk/2023/12/22/pso-grapples-with-escalating-receivables-crossing-rs800bn-mark,2023-12-22T10:54:18Z,-0.9361,negative,finbert
PSO,profit,https://profit.pakistantoday.com.pk/2024/01/11/govt-grants-pso-exclusive-rights-for-nationwide-hsd-imports,2024-01-11T06:45:17Z,0.2342,neutral,finbert
PSO,mettis,https://mettisglobal.news/nandipur-guddu-plants-spared-from-privatization-rs100bn-dues-settled-in-pso-rlng-deal,2024-01-12T11:39:24Z,0.4226,neutral,finbert
PSO,mettis,https://mettisglobal.news/govt-decides-to-release-rs30bn-to-pso-this-week,2024-01-17T11:02:29Z,0.0248,neutral,finbert
PSO,profit,https://profit.pakistantoday.com.pk/2024/01/18/govt-to-provide-rs30bn-to-pso-for-debt-relief-subsidy-disbursement,2024-01-18T09:38:55Z,0.6429,positive,finbert
PSO,profit,https://profit.pakistantoday.com.pk/2024/01/19/pso-starts-new-year-with-a-twin-crisis-of-receivables-and-payables,2024-01-19T18:44:38Z,-0.8732,negative,finbert
PSO,mettis,https://mettisglobal.news/pacra-reaffirms-entity-ratings-of-pso-at-aa,2024-01-22T10:18:29Z,0.6550,positive,finbert
PSO,mettis,https://mettisglobal.news/pso-denies-exclusive-hsd-import-rights-amid-media-reports,2024-02-07T16:28:15Z,-0.8720,negative,finbert
PSO,mettis,https://mettisglobal.news/pso-records-5-fold-rise-in-losses-in-2qfy24,2024-02-15T11:34:30Z,0.4804,positive,finbert
PSO,mettis,https://mettisglobal.news/pso-posts-rs7-7bn-profit-in-1hfy24,2024-02-15T20:12:36Z,0.0471,neutral,finbert
PSO,mettis,https://mettisglobal.news/pso-clarifies-no-material-developments-in-greenfield-refinery-project,2024-02-26T15:46:31Z,0.0073,neutral,finbert
PSO,profit,https://profit.pakistantoday.com.pk/2024/03/07/pso-seeks-recovery-of-rs21-7bn-dues-from-pia-through-jet-fuel-levy,2024-03-07T06:05:42Z,0.8729,positive,finbert
PSO,profit,https://profit.pakistantoday.com.pk/2024/03/27/pakistans-energy-supply-chain-may-get-disrupted-due-to-circular-debt-warns-pso,2024-03-27T07:44:00Z,-0.9462,negative,finbert
PSO,mettis,https://mettisglobal.news/pso-profits-plunge-70-yoy-in-q1-2024,2024-04-26T10:28:06Z,-0.7232,negative,finbert
PSO,profit,https://profit.pakistantoday.com.pk/2024/05/09/pso-proposes-swapping-debt-for-stake-in-public-sector-companies,2024-05-09T09:37:24Z,0.0531,neutral,finbert
PSO,mettis,https://mettisglobal.news/pso-eyeing-stake-acquisitions-to-offset-mounting-debt-in-energy-sector,2024-05-09T14:25:03Z,0.8702,positive,finbert
PSO,mettis,https://mettisglobal.news/ecc-sanctions-rs9bn-payout-for-omcs-including-pso-to-clear-dues,2024-06-13T21:46:29Z,-0.7729,negative,finbert
PSO,profit,https://profit.pakistantoday.com.pk/2024/06/24/pso-advocates-equity-swaps-as-sole-solution-for-circular-debt-issue,2024-06-24T14:27:50Z,0.2070,neutral,finbert
PSO,profit,https://profit.pakistantoday.com.pk/2024/07/08/pso-wants-a-loan-to-equity-swap-against-its-debt-how-well-thought-out-is-the-plan,2024-07-08T04:40:07Z,0.0800,neutral,finbert
PSO,profit,https://profit.pakistantoday.com.pk/2024/07/13/pso-approves-3-million-for-market-study-to-assess-green-refinery-project,2024-07-13T10:50:20Z,0.7555,positive,finbert
PSO,mettis,https://mettisglobal.news/pso-continues-to-dominate-energy-market-reports-rs15-9bn-profit,2024-08-27T14:49:22Z,0.2697,neutral,finbert
PSO,profit,https://profit.pakistantoday.com.pk/2024/10/03/pso-seeks-autonomy-amid-rising-competition-from-global-players,2024-10-03T14:50:08Z,0.8731,positive,finbert
PSO,profit,https://profit.pakistantoday.com.pk/2024/10/22/pso-waives-rs16-2bn-in-interest-charges-for-five-ipps,2024-10-22T06:28:49Z,-0.6559,negative,finbert
PSO,mettis,https://mettisglobal.news/pso-approves-rs3-15bn-loan-to-propel-prls-feed-costs,2024-10-24T15:50:16Z,0.9121,positive,finbert
PSO,mettis,https://mettisglobal.news/pso-approves-separation-of-digicash-solar-segments,2024-10-24T15:57:49Z,0.1617,neutral,finbert
PSO,profit,https://profit.pakistantoday.com.pk/2024/10/25/pso-approves-rs-3-15-billion-loan-to-prl-for-feed-payment,2024-10-25T06:07:21Z,0.8125,positive,finbert
PSO,profit,https://profit.pakistantoday.com.pk/2024/10/25/pso-approves-separation-of-its-solar-digicash-segments,2024-10-25T07:30:09Z,0.2135,neutral,finbert
PSO,mettis,https://mettisglobal.news/pso-profit-plummets-82-in-third-quarter,2024-10-25T15:09:47Z,-0.9628,negative,finbert
PSO,profit,https://profit.pakistantoday.com.pk/2024/11/05/ecc-allows-pso-to-sign-sale-purchase-agreement-with-azerbaijans-socar,2024-11-05T10:11:50Z,0.8499,positive,finbert
PSO,mettis,https://mettisglobal.news/pso-hubc-sign-mou-to-launch-nationwide-ev-charging-grid,2024-11-06T10:39:20Z,0.6941,positive,finbert
PSO,profit,https://profit.pakistantoday.com.pk/2024/11/26/private-oil-firms-cut-operations-pso-shoulders-burden-amid-fuel-supply-disruptions-in-punjab-islamabad,2024-11-26T04:44:33Z,-0.9555,negative,finbert
PSO,mettis,https://mettisglobal.news/pso-market-share-hits-8-month-high-in-nov,2024-12-04T12:56:55Z,0.8923,positive,finbert
PSO,mettis,https://mettisglobal.news/vis-reaffirms-entity-ratings-of-pso,2024-12-12T11:45:58Z,0.1111,neutral,finbert
PSO,profit,https://profit.pakistantoday.com.pk/2024/12/26/pso-signs-spa-with-azerbaijans-socar-for-petroleum-product-supply,2024-12-26T13:00:50Z,0.7292,positive,finbert
PSO,mettis,https://mettisglobal.news/pso-signs-spa-with-azerbaijans-socar,2024-12-26T16:23:52Z,0.4217,neutral,finbert
PSO,profit,https://profit.pakistantoday.com.pk/2025/01/04/pso-receivables-soar-to-rs858bn-in-2024-sngpl-and-power-sector-among-top-defaulters,2025-01-04T04:18:04Z,0.4580,positive,finbert
PSO,profit,https://profit.pakistantoday.com.pk/2025/01/08/pakistan-refinery-secures-rs3-15-billion-loan-from-pso-for-refinery-upgrade-project,2025-01-08T07:26:40Z,0.9301,positive,finbert
PSO,mettis,https://mettisglobal.news/pso-reports-around-46-profit-decline-to-rs8bn-for-h1fy25,2025-02-13T12:34:44Z,-0.9664,negative,finbert
PSO,profit,https://profit.pakistantoday.com.pk/2025/02/14/hubco-expands-into-ev-charging-sector-with-new-subsidiary-partners-with-pso,2025-02-14T14:24:56Z,0.7431,positive,finbert
PSO,mettis,https://mettisglobal.news/ecc-approves-pso-socar-joint-trading-company-in-singapore,2025-02-14T23:33:43Z,0.1619,neutral,finbert
PSO,mettis,https://mettisglobal.news/pso-partners-with-hubco-green-for-ev-charging-infrastructure,2025-02-17T13:23:09Z,0.5527,positive,finbert
PSO,mettis,https://mettisglobal.news/pso-socar-sign-mou-to-establish-jtc-in-singapore,2025-02-24T15:29:16Z,0.2454,neutral,finbert
PSO,profit,https://profit.pakistantoday.com.pk/2025/02/25/pso-socar-ink-mous-for-energy-security-singapore-based-jv,2025-02-25T03:45:33Z,0.1742,neutral,finbert
PSO,mettis,https://mettisglobal.news/prl-signs-tripartite-mou-with-socar-pso-for-refinery-modernization,2025-02-25T08:26:17Z,0.2467,neutral,finbert
PSO,mettis,https://mettisglobal.news/indrive-partners-with-pso-digicash-to-enhance-driver-experience,2025-03-11T12:48:44Z,0.8333,positive,finbert
PSO,profit,https://profit.pakistantoday.com.pk/2025/03/13/pia-owes-pso-rs28-88-billion-for-jet-fuel-supplies-na-told,2025-03-13T02:35:29Z,0.1664,neutral,finbert
PSO,mettis,https://mettisglobal.news/pso-sees-over-42-decline-in-profit-for-nine-month-period,2025-04-29T12:17:47Z,-0.9627,negative,finbert
PSO,profit,https://profit.pakistantoday.com.pk/2025/04/29/pso-profit-plunges-42-to-rs10-67bn-in-9mfy25,2025-04-29T13:37:38Z,-0.9673,negative,finbert
PSO,profit,https://profit.pakistantoday.com.pk/2025/05/01/pso-receives-confiscated-property-from-nab-in-long-running-corruption-case,2025-05-01T13:24:58Z,-0.8455,negative,finbert
PSO,mettis,https://mettisglobal.news/nab-hands-over-confiscated-property-to-pso,2025-05-01T15:45:19Z,-0.0307,neutral,finbert
PSO,profit,https://profit.pakistantoday.com.pk/2025/05/24/ogra-allows-import-of-two-hsd-cargoes-by-pso-rejects-gos-request-amid-declining-demand,2025-05-24T06:59:35Z,-0.9409,negative,finbert
PSO,profit,https://profit.pakistantoday.com.pk/2025/05/29/petroleum-minister-visits-pso-house-to-review-operations-and-supply-chain,2025-05-29T14:55:45Z,-0.0078,neutral,finbert
PSO,profit,https://profit.pakistantoday.com.pk/2025/06/16/at-pso-circular-debt-stops-growing,2025-06-16T03:38:08Z,-0.4373,neutral,finbert
PSO,profit,https://profit.pakistantoday.com.pk/2025/06/25/hubco-green-pso-launch-nev-charging-station-on-lahore-islamabad-motorway,2025-06-25T13:15:58Z,0.2703,neutral,finbert
PSO,profit,https://profit.pakistantoday.com.pk/2025/07/21/energy-majors-dominate-mutual-fund-portfolios-as-ogdc-ppl-and-pso-soak-up-fresh-flows,2025-07-21T03:45:50Z,0.5661,positive,finbert
PSO,profit,https://profit.pakistantoday.com.pk/2025/08/19/pso-reports-27-5-yoy-decline-in-profitability-announces-rs10-dividend-per-share,2025-08-19T14:21:17Z,-0.9587,negative,finbert
PSO,mettis,https://mettisglobal.news/PSO-profit-drops-by-nearly-28-YoY-54595,2025-08-19T17:14:56Z,-0.9658,negative,finbert
PSO,profit,https://profit.pakistantoday.com.pk/2025/08/26/pso-allowed-to-import-45000mt-high-speed-diesel-for-september,2025-08-26T06:47:08Z,0.4165,neutral,finbert
PSO,profit,https://profit.pakistantoday.com.pk/2025/09/01/two-big-problems-plague-pso-one-is-being-fixed-the-other-not-so-much,2025-09-01T03:55:46Z,-0.9066,negative,finbert
PSO,profit,https://profit.pakistantoday.com.pk/2025/09/02/pakistans-petroleum-sales-rise-6-mom-in-august-pso-sees-growth-in-ms-hsd-volumes,2025-09-02T08:55:14Z,0.9370,positive,finbert
PSO,mettis,https://mettisglobal.news/PSO-dominates-Pakistans-Fuel-Sector-Amid-industry-consolidation-55216,2025-09-15T16:29:04Z,0.2785,neutral,finbert
PSO,mettis,https://mettisglobal.news/PSO-emerges-as-top-winner-in-Rs12tr-circular-debt-resolution-55486,2025-09-25T12:55:51Z,0.9297,positive,finbert
PSO,profit,https://profit.pakistantoday.com.pk/2025/09/26/pso-board-approves-winding-up-of-subsidiary-pso-venture-capital-limited,2025-09-26T09:41:33Z,-0.0839,neutral,finbert
PSO,mettis,https://mettisglobal.news/PSO-approves-winding-up-of-whollyowned-subsidiary-55524,2025-09-26T15:15:32Z,-0.0299,neutral,finbert
PSO,mettis,https://mettisglobal.news/PSO-set-to-hit-Rs645Share-55793,2025-10-08T17:24:11Z,0.3771,neutral,finbert
PSO,mettis,https://mettisglobal.news/PSO-emerges-as-top-mutual-fund-holdings-in-September-56006,2025-10-17T13:15:17Z,0.5844,positive,finbert
PSO,profit,https://profit.pakistantoday.com.pk/2025/10/23/sindh-releases-pso-oil-cargo-after-sifc-steps-in-to-resolve-cess-dispute-report,2025-10-23T03:45:32Z,-0.0546,neutral,finbert
PSO,profit,https://profit.pakistantoday.com.pk/2025/10/28/pakistan-state-oil-net-profit-soars-5x-on-surging-margins-and-lower-finance-cost,2025-10-28T13:14:18Z,0.5206,positive,finbert
PSO,mettis,https://mettisglobal.news/PSO-powers-ahead-as-profit-skyrockets-debt-melt-away-56250,2025-10-28T13:47:40Z,0.5341,positive,finbert
PSO,profit,https://profit.pakistantoday.com.pk/2025/11/05/omc-volumes-rise-9-mom-in-october-2025-pso-market-share-hits-43-sector-poised-for-6-growth-in-fy26-report,2025-11-05T06:57:52Z,0.9123,positive,finbert
PSO,profit,https://profit.pakistantoday.com.pk/2025/11/15/govt-authorises-pso-to-finalise-lng-diversion-deal-with-qatar,2025-11-15T04:44:30Z,0.0447,neutral,finbert
PSO,mettis,https://mettisglobal.news/PSO-tops-mutual-funds-equity-bets-57309,2025-12-16T15:05:15Z,0.1260,neutral,finbert
PSO,profit,https://profit.pakistantoday.com.pk/2025/12/18/pso-seeks-zero-rating-of-petroleum-products-amid-rs54bn-tax-refund-backlog,2025-12-18T05:30:56Z,0.0000,neutral,vader
PSO,profit,https://profit.pakistantoday.com.pk/2026/02/06/pso-faces-rs30-billion-financial-challenge-as-pia-fails-to-settle-receivables,2026-02-06T04:30:37Z,-0.9604,negative,finbert
PSO,mettis,https://mettisglobal.news/PSO-profit-pumps-up-8-in-1HFY26-58473,2026-02-17T13:02:56Z,0.9335,positive,finbert
PSO,profit,https://profit.pakistantoday.com.pk/2026/02/17/pso-reports-8-5-increase-in-profit-for-h1-2025-earning-rs-12-12-billion,2026-02-17T14:16:08Z,0.9339,positive,finbert
PSO,profit,https://profit.pakistantoday.com.pk/2026/03/11/pakistan-struggles-to-secure-diesel-imports-as-pso-receives-petrol-cargo-bids,2026-03-11T03:35:18Z,-0.9425,negative,finbert
PSO,profit,https://profit.pakistantoday.com.pk/2026/03/30/pso-appoints-abdus-sami-as-interim-ceo-from-march-31,2026-03-30T10:29:26Z,-0.1336,neutral,finbert
PSO,profit,https://profit.pakistantoday.com.pk/2026/04/13/pso-appoints-jawwad-ahmed-cheema-as-ceo-for-three-year-term,2026-04-13T05:55:01Z,0.0022,neutral,finbert
PSO,profit,https://profit.pakistantoday.com.pk/2026/04/16/former-pso-chief-taha-takes-over-as-k-electric-ceo,2026-04-16T17:56:21Z,-0.0178,neutral,finbert
PSO,profit,https://profit.pakistantoday.com.pk/2026/04/21/pso-pays-record-35-6-per-barrel-premium-on-diesel-imports-amid-strait-disruption,2026-04-21T03:20:50Z,0.5779,positive,finbert
PSO,mettis,https://mettisglobal.news/PSO-posts-massive-4x-jump-in-profit-to-Rs40bn-60085,2026-04-29T12:16:45Z,0.9142,positive,finbert
PSO,profit,https://profit.pakistantoday.com.pk/2026/05/05/govt-freezes-senior-level-hiring-at-pso-as-board-term-ends-on-may-28,2026-05-05T07:45:47Z,-0.9533,negative,finbert
PSO,profit,https://profit.pakistantoday.com.pk/2026/05/05/govt-centralises-diesel-imports-grants-pakistan-state-oil-sole-authority,2026-05-05T16:32:00Z,0.1138,neutral,finbert
PSO,profit,https://profit.pakistantoday.com.pk/2026/06/06/govt-approves-rupee100-billion-sovereign-guarantees-for-pso-financing-tightens-recovery-of-rupee60-billion-cnergyico-dues,2026-06-06T05:25:59Z,0.1838,neutral,finbert
PSO,mettis,https://mettisglobal.news/CCoSOEs-greenlights-PNSC-board-restructuring-PSO-agreement-61288,2026-06-19T16:56:46Z,0.0216,neutral,finbert
PSO,profit,https://profit.pakistantoday.com.pk/2026/07/07/agp-questions-petroleum-division-as-ssgc-pso-ppl-subsidiaries-operated-with-unauthorized-boards,2026-07-07T16:53:07Z,-0.3092,neutral,finbert
PSO,profit,https://profit.pakistantoday.com.pk/2026/07/08/rs669bn-audit-observations-put-pso-under-agp-scanner,2026-07-08T18:24:10Z,-0.4012,neutral,finbert
PSO,profit,https://profit.pakistantoday.com.pk/2026/07/20/pso-law-enforcers-bust-oil-theft-syndicate-on-sihala-arl-pipeline,2026-07-20T03:17:54Z,-0.5973,negative,finbert
PSO,mettis,https://mettisglobal.news/PSO-foils-major-oil-theft-on-SihalaARL-pipeline-61958,2026-07-20T09:28:47Z,-0.6689,negative,finbert
PSO,profit,https://profit.pakistantoday.com.pk/2026/07/23/pso-receivables-climb-to-rs9087-billion-as-sngpl-dues-exceed-rs535-billion,2026-07-23T07:59:01Z,0.8704,positive,finbert
PSO,profit,https://profit.pakistantoday.com.pk/2026/07/27/pso-forced-to-rely-on-borrowing-as-mounting-receivables-from-gas-power-sectors-strain-its-operational-liquidity,2026-07-27T04:30:00Z,0.0054,neutral,finbert
PSO,profit,https://profit.pakistantoday.com.pk/2026/08/03/pakistans-petroleum-sales-surge-233percent-yoy-to-151-million-tons-in-july-pso-leads-with-38percent-growth,2026-08-03T09:51:38Z,0.9121,positive,finbert
PSO,profit,https://profit.pakistantoday.com.pk/2026/08/24/ecc-likely-to-approve-pso-oq-trading-fuel-supply-deal-as-pakistan-oman-deepen-energy-ties,2026-08-24T03:40:00Z,0.4219,neutral,finbert
PSO,profit,https://profit.pakistantoday.com.pk/2026/08/25/pakistan-turns-to-oman-for-deeper-energy-ties-as-ecc-approves-pso-oq-agreement,2026-08-25T02:59:27Z,0.1535,neutral,finbert
PSO,profit,https://profit.pakistantoday.com.pk/2026/08/29/ogra-slashes-rlng-prices-by-up-to-277percent-for-august-citing-single-pso-cargo-import,2026-08-29T03:00:00Z,0.3622,positive,finbert
PSO,profit,https://profit.pakistantoday.com.pk/2026/08/29/govt-pso-discuss-measures-to-strengthen-fuel-security-and-strategic-reserves,2026-08-29T04:17:27Z,0.9112,positive,finbert
PSO,mettis,https://mettisglobal.news/Govt-reviews-energy-security-investment-plans-with-OICCI-PSO-63041,2026-08-29T17:12:44Z,0.0319,neutral,finbert
PSO,profit,https://profit.pakistantoday.com.pk/2026/09/03/pso-board-member-usman-ahmed-chaudhry-resigns,2026-09-03T07:36:00Z,-0.7066,negative,finbert
PSO,mettis,https://mettisglobal.news/PSO-Islamabad-police-foil-diesel-theft-bid-recover-1000-litre-fuel-63229,2026-09-05T14:02:49Z,-0.3615,neutral,finbert
PSO,mettis,https://mettisglobal.news/RLNG-imports-stay-disrupted-PSO-volumes-decline-in-Sep26-63731,2026-09-25T10:24:13Z,-0.9606,negative,finbert
PSO,mettis,https://mettisglobal.news/PSO-FY26-Profit-Surges-22x-63740,2026-09-25T12:40:34Z,0.8027,positive,finbert
PSO,profit,https://profit.pakistantoday.com.pk/2026/09/25/pso-posts-rs1507bn-profit-in-fy26-as-core-business-gross-profit-rises-205percent,2026-09-25T17:50:09Z,0.0189,neutral,finbert
PSO,profit,https://profit.pakistantoday.com.pk/2026/10/07/pso-cuts-trade-receivables-by-rs227-billion-to-rs4148-billion-in-fy26,2026-10-07T08:19:52Z,-0.9363,negative,finbert
PSO,mettis,https://mettisglobal.news/PSO-signs-sale-purchase-agreement-with-OQT-for-petroleum-supplies-64097,2026-10-09T15:51:46Z,0.8549,positive,finbert
PSO,profit,https://profit.pakistantoday.com.pk/2026/10/09/pso-signs-petroleum-supply-agreement-with-omans-oq-trading,2026-10-09T17:12:11Z,0.0815,neutral,finbert
SAZEW,mettis,https://mettisglobal.news/sazew-three-wheelers-sales-drop-by-5-64-mom-in-sept21,2021-10-12T10:48:59Z,-0.9678,negative,finbert
SAZEW,mettis,https://mettisglobal.news/sazgar-engineering-sells-579-units-of-three-wheeler-in-dec,2022-01-12T15:01:48Z,0.0606,neutral,finbert
SAZEW,mettis,https://mettisglobal.news/sazgar-engineering-sells-2731-units-of-three-wheeler-in-january,2022-02-10T14:09:46Z,0.0779,neutral,finbert
SAZEW,mettis,https://mettisglobal.news/sazgar-three-wheeler-sales-down-by-45-mom-in-february,2022-03-09T13:21:21Z,-0.9669,negative,finbert
SAZEW,mettis,https://mettisglobal.news/sazgar-three-wheeler-sales-up-by-27-mom-in-march,2022-04-13T13:09:46Z,0.9340,positive,finbert
SAZEW,mettis,https://mettisglobal.news/sazgar-three-wheeler-sales-lower-by-52-mom-in-april,2022-05-16T11:30:04Z,-0.9595,negative,finbert
SAZEW,mettis,https://mettisglobal.news/sazgar-three-wheeler-sales-surge-by-29-mom-in-may,2022-06-10T12:50:01Z,0.9222,positive,finbert
SAZEW,mettis,https://mettisglobal.news/sazgar-engineering-completes-assembly-of-gwm-haval-vehicles,2022-07-01T15:29:01Z,0.1681,neutral,finbert
SAZEW,mettis,https://mettisglobal.news/Sazgar-Three-wheelers-sale-down-by-85-MoM-in-July,2022-08-18T13:37:50Z,-0.9661,negative,finbert
SAZEW,mettis,https://mettisglobal.news/Sazgar-to-launch-first-CKD-HAVAL-vehicle-this-month,2022-08-19T16:19:21Z,0.2683,neutral,finbert
SAZEW,profit,https://profit.pakistantoday.com.pk/2022/08/22/sazgar-engineering-all-set-to-introduce-ckd-haval-suvs-this-month,2022-08-22T10:45:40Z,0.1893,neutral,finbert
SAZEW,mettis,https://mettisglobal.news/sazew-profits-swell-by-55-in-fy22-results,2022-09-29T10:19:39Z,0.9256,positive,finbert
SAZEW,mettis,https://mettisglobal.news/sazgar-to-launch-hev-under-haval-on-nov-17,2022-11-16T11:33:14Z,0.1626,neutral,finbert
SAZEW,mettis,https://mettisglobal.news/sazgar-engineering-sells-533-units-of-three-wheeler-in-november,2022-12-09T12:39:22Z,0.0772,neutral,finbert
SAZEW,mettis,https://mettisglobal.news/sazew-sells-428-auto-rickshaws-in-december,2023-01-10T14:54:57Z,0.0621,neutral,finbert
SAZEW,mettis,https://mettisglobal.news/sazew-bottom-line-shrinks-by-15-yoy-in-1hfy23,2023-02-08T10:46:27Z,-0.9549,negative,finbert
SAZEW,profit,https://profit.pakistantoday.com.pk/2023/02/08/sazgar-bounces-back-in-q2fy23-with-six-fold-increase-in-quarterly-earnings,2023-02-08T17:09:05Z,0.9171,positive,finbert
SAZEW,mettis,https://mettisglobal.news/sazew-sells-2003-auto-rickshaws-in-january23,2023-02-10T16:23:33Z,0.0618,neutral,finbert
SAZEW,profit,https://profit.pakistantoday.com.pk/2023/02/24/sazgar-announces-first-ever-set-of-non-production-days-for-its-car-plant,2023-02-24T16:22:11Z,0.0696,neutral,finbert
SAZEW,mettis,https://mettisglobal.news/sazew-to-temporarily-shut-down-four-wheeler-plant,2023-02-24T16:28:22Z,-0.9180,negative,finbert
SAZEW,mettis,https://mettisglobal.news/sazgar-resumes-car-plants-operations,2023-03-06T11:28:48Z,0.1204,neutral,finbert
SAZEW,mettis,https://mettisglobal.news/sazew-sells-1464-auto-rickshaws-in-february23,2023-03-16T11:23:59Z,0.0607,neutral,finbert
SAZEW,mettis,https://mettisglobal.news/sazew-sells-only-526-auto-rickshaws-in-march23,2023-04-07T12:40:06Z,-0.1895,neutral,finbert
SAZEW,profit,https://profit.pakistantoday.com.pk/2023/04/20/sazgar-continues-rally-amidst-automotive-downturn,2023-04-20T11:55:51Z,0.7079,positive,finbert
SAZEW,mettis,https://mettisglobal.news/sazew-sells-only-406-auto-rickshaws-in-april23,2023-05-10T12:16:09Z,0.0013,neutral,finbert
SAZEW,mettis,https://mettisglobal.news/sazew-sells-522-auto-rickshaws-in-may23,2023-06-14T13:21:17Z,0.0717,neutral,finbert
SAZEW,mettis,https://mettisglobal.news/sazew-makes-strategic-land-acquisition-for-future-growth-at-rs9m-per-kanal,2023-06-19T15:22:40Z,0.1097,neutral,finbert
SAZEW,mettis,https://mettisglobal.news/sazew-sells-592-auto-rickshaws-in-jun23,2023-07-11T13:11:25Z,0.0629,neutral,finbert
SAZEW,mettis,https://mettisglobal.news/sazew-sells-761-auto-rickshaws-in-july-up-by-28-mom,2023-08-11T15:26:34Z,0.9342,positive,finbert
SAZEW,mettis,https://mettisglobal.news/sazew-breaks-records-with-astounding-8-4x-yoy-profit-surge-in-fy23,2023-09-07T10:29:53Z,0.9177,positive,finbert
SAZEW,mettis,https://mettisglobal.news/sazew-sells-1089-auto-rickshaws-in-august-up-by-43-1-mom,2023-09-11T12:41:29Z,0.9335,positive,finbert
SAZEW,mettis,https://mettisglobal.news/sazew-sells-1026-auto-rickshaws-in-september-down-by-5-79-mom,2023-10-11T11:59:21Z,-0.9678,negative,finbert
SAZEW,mettis,https://mettisglobal.news/sazew-races-to-record-profits-sees-59-82x-surge-in-1qfy24,2023-10-26T15:36:07Z,0.9179,positive,finbert
SAZEW,mettis,https://mettisglobal.news/sazew-sells-1004-auto-rickshaws-in-october,2023-11-10T14:58:18Z,0.0574,neutral,finbert
SAZEW,mettis,https://mettisglobal.news/sazew-sells-773-auto-rickshaws-in-november-down-by-23-mom,2023-12-11T15:07:09Z,-0.9680,negative,finbert
SAZEW,profit,https://profit.pakistantoday.com.pk/2024/01/10/govt-grants-sazew-first-license-for-electric-rickshaw-manufacturing,2024-01-10T09:27:05Z,0.6818,positive,finbert
SAZEW,mettis,https://mettisglobal.news/sazgar-to-acquire-land-worth-rs847m-for-four-wheeler-project,2024-01-10T09:47:39Z,0.2593,neutral,finbert
SAZEW,mettis,https://mettisglobal.news/sazew-auto-rickshaw-sales-plummet-by-64-mom-to-275-units-in-december,2024-01-10T12:10:45Z,-0.9665,negative,finbert
SAZEW,mettis,https://mettisglobal.news/govt-grants-first-electric-rickshaw-license-to-sazgar,2024-01-10T13:00:45Z,0.7090,positive,finbert
SAZEW,mettis,https://mettisglobal.news/sazew-secures-3-iso-certificates-for-4-wheeler-project,2024-01-16T11:52:13Z,0.8025,positive,finbert
SAZEW,mettis,https://mettisglobal.news/vis-assigns-initial-rating-of-a-to-sazew,2024-01-26T16:24:34Z,0.1446,neutral,finbert
SAZEW,mettis,https://mettisglobal.news/sazgar-records-massive-jump-in-earnings-reports-profit-of-rs1-4bn-in-1hfy24,2024-01-31T17:30:54Z,0.8901,positive,finbert
SAZEW,mettis,https://mettisglobal.news/re-composition-ogdc-sazew-efert-psmc-engro-hcar-indu-bipl-added-to-jsmfi,2024-02-09T11:07:20Z,0.0521,neutral,finbert
SAZEW,profit,https://profit.pakistantoday.com.pk/2024/02/15/sazgar-engineering-launches-its-first-electric-vehicle,2024-02-15T09:54:24Z,0.2683,neutral,finbert
SAZEW,mettis,https://mettisglobal.news/sazgar-introduces-debut-electric-vehicle-ora-03-to-pakistan-market,2024-02-15T10:53:45Z,0.3785,neutral,finbert
SAZEW,mettis,https://mettisglobal.news/sazew-commences-pre-booking-of-hybrid-electric-vehicle,2024-04-01T09:17:05Z,0.0567,neutral,finbert
SAZEW,profit,https://profit.pakistantoday.com.pk/2024/04/01/sazgar-starts-pre-booking-of-its-latest-model-haval-jolion-hev,2024-04-01T16:18:50Z,0.0669,neutral,finbert
SAZEW,mettis,https://mettisglobal.news/sazew-declares-rs8-dividend-as-profit-spikes-to-rs4-45bn-in-9mfy24,2024-04-19T09:54:52Z,-0.3672,negative,finbert
SAZEW,mettis,https://mettisglobal.news/sazgar-reports-3x-yoy-surge-in-auto-rickshaw-sales-for-april-2024,2024-05-09T13:01:01Z,0.9194,positive,finbert
SAZEW,mettis,https://mettisglobal.news/sazgar-reports-3-76x-yoy-surge-in-auto-rickshaw-sales-for-may-2024,2024-06-10T15:08:53Z,0.9273,positive,finbert
SAZEW,mettis,https://mettisglobal.news/sazew-likely-to-hit-rs1613-per-share-by-end-of-fy25,2024-07-08T10:49:42Z,0.5202,positive,finbert
SAZEW,mettis,https://mettisglobal.news/re-composition-ffbl-ffc-sazew-pioc-pael-added-to-kse-30-index,2024-08-01T10:56:21Z,0.0230,neutral,finbert
SAZEW,mettis,https://mettisglobal.news/sazgar-reports-511-surge-in-four-wheel-vehicle-sales-for-july,2024-08-12T13:16:38Z,0.9309,positive,finbert
SAZEW,mettis,https://mettisglobal.news/msci-shifts-sazew-to-fm-index,2024-08-13T05:32:00Z,-0.0164,neutral,finbert
SAZEW,profit,https://profit.pakistantoday.com.pk/2024/08/13/sazgar-engineering-to-launch-new-imported-ora-07-ev,2024-08-13T11:31:47Z,0.5626,positive,finbert
SAZEW,mettis,https://mettisglobal.news/sazew-to-launch-ogra-07-ev-in-coming-days,2024-08-13T13:05:33Z,0.1291,neutral,finbert
SAZEW,mettis,https://mettisglobal.news/sazew-a-tech-savvy-titan,2024-08-16T12:07:00Z,0.0928,neutral,finbert
SAZEW,mettis,https://mettisglobal.news/sazew-declares-rs12-dividend-as-profit-spikes-700-in-fy24,2024-09-23T15:31:50Z,0.2006,positive,finbert
SAZEW,mettis,https://mettisglobal.news/sazew-to-install-4-megawatt-solar-system-as-part-of-rs4-5bn-expansion-plan,2024-09-23T15:54:02Z,0.7319,positive,finbert
SAZEW,profit,https://profit.pakistantoday.com.pk/2024/09/23/sazgar-engineering-set-to-launch-local-assembly-of-new-energy-vehicles-in-pakistan-by-december-2025,2024-09-23T18:23:47Z,0.2869,neutral,finbert
SAZEW,mettis,https://mettisglobal.news/sazgar-reports-174-surge-in-four-wheel-vehicle-sales-for-sep,2024-10-10T13:38:19Z,0.9334,positive,finbert
SAZEW,mettis,https://mettisglobal.news/sazgar-quarterly-profit-surges-over-six-times,2024-10-28T09:43:52Z,0.8995,positive,finbert
SAZEW,profit,https://profit.pakistantoday.com.pk/2024/11/06/sazgar-engineering-sells-over-3400-units-in-october,2024-11-06T12:18:39Z,0.0822,neutral,finbert
SAZEW,mettis,https://mettisglobal.news/sazgar-reports-296-surge-in-four-wheel-vehicle-sales-for-oct,2024-11-06T12:21:25Z,0.9316,positive,finbert
SAZEW,profit,https://profit.pakistantoday.com.pk/2024/11/14/sazgar-engineering-to-acquire-rs1-54-billion-land-for-expansion,2024-11-14T10:14:40Z,0.1841,neutral,finbert
SAZEW,mettis,https://mettisglobal.news/sazgar-board-approves-rs1-54bn-land-purchase,2024-11-14T14:08:21Z,0.3091,neutral,finbert
SAZEW,profit,https://profit.pakistantoday.com.pk/2024/12/02/sazgar-and-its-ability-to-adapt-is-reaping-dividends,2024-12-02T02:33:02Z,0.4397,neutral,finbert
SAZEW,mettis,https://mettisglobal.news/kmi-30-recomposition-ogdc-sazew-pael-hcar-ffl-ke-dawh-added,2024-12-21T17:07:49Z,0.0184,neutral,finbert
SAZEW,profit,https://profit.pakistantoday.com.pk/2025/02/04/sazgar-releases-production-and-sales-data-for-dec-24-jan-25,2025-02-04T09:08:10Z,-0.0702,neutral,finbert
SAZEW,mettis,https://mettisglobal.news/sazgar-produces-4840-three-wheelers-1813-four-wheelers-in-dec-jan,2025-02-04T13:36:42Z,0.0304,neutral,finbert
SAZEW,mettis,https://mettisglobal.news/vis-upgrades-short-term-entity-rating-of-sazew,2025-02-12T14:46:40Z,0.7637,positive,finbert
SAZEW,mettis,https://mettisglobal.news/sazgar-engineering-reports-368-profit-surge-in-h1fy25,2025-02-24T15:49:44Z,0.9149,positive,finbert
SAZEW,profit,https://profit.pakistantoday.com.pk/2025/03/10/sazgar-engineering-sells-over-3500-units-in-february,2025-03-10T12:18:39Z,0.0938,neutral,finbert
SAZEW,mettis,https://mettisglobal.news/sazgar-produces-2333-three-wheelers-910-four-wheelers-in-feb-2025,2025-03-10T13:51:04Z,0.0332,neutral,finbert
SAZEW,profit,https://profit.pakistantoday.com.pk/2025/04/09/sazgar-reports-march-production-and-sales-figures,2025-04-09T08:56:53Z,-0.0406,neutral,finbert
SAZEW,mettis,https://mettisglobal.news/sazgar-produces-1870-three-wheelers-870-four-wheelers-in-march-2025,2025-04-09T13:06:03Z,0.0431,neutral,finbert
SAZEW,mettis,https://mettisglobal.news/sazgar-shifts-into-high-gear-with-rs11-5bn-expansion,2025-04-21T09:47:32Z,0.8576,positive,finbert
SAZEW,mettis,https://mettisglobal.news/sazgar-engineering-reports-strong-growth-with-around-rs13bn-profit,2025-04-21T10:30:49Z,0.9281,positive,finbert
SAZEW,profit,https://profit.pakistantoday.com.pk/2025/04/21/sazgar-engineering-boosts-four-wheeler-expansion-to-rs11-5bn-revises-nev-launch-timeline,2025-04-21T15:45:18Z,0.8982,positive,finbert
SAZEW,profit,https://profit.pakistantoday.com.pk/2025/04/28/sazgar-is-the-third-largest-auto-company-in-pakistan-how-did-it-get-here,2025-04-28T03:32:24Z,0.0160,neutral,finbert
SAZEW,profit,https://profit.pakistantoday.com.pk/2025/05/12/sazgar-records-drop-in-four-wheeler-production-and-sales-in-april,2025-05-12T10:47:14Z,-0.9658,negative,finbert
SAZEW,mettis,https://mettisglobal.news/sazgar-produces-1742-three-wheelers-693-four-wheelers-in-april-2025,2025-05-12T15:05:12Z,0.0502,neutral,finbert
SAZEW,profit,https://profit.pakistantoday.com.pk/2025/05/23/sazgar-raises-capex-to-rs11-5-billion-for-nevs-and-facility-expansion,2025-05-23T13:13:41Z,0.8048,positive,finbert
SAZEW,profit,https://profit.pakistantoday.com.pk/2025/06/11/sazgar-reports-higher-four-wheeler-production-and-sales-in-may-2025,2025-06-11T08:28:23Z,0.9412,positive,finbert
SAZEW,mettis,https://mettisglobal.news/Sazgar-produces-1900-threewheelers-1048-fourwheelers-in-May-2025-52953,2025-06-11T12:10:21Z,0.0504,neutral,finbert
SAZEW,profit,https://profit.pakistantoday.com.pk/2025/07/04/sazgar-reports-sales-growth-in-june-as-auto-rickshaw-four-wheeler-demand-surges,2025-07-04T12:06:17Z,0.9353,positive,finbert
SAZEW,mettis,https://mettisglobal.news/SAZEW-sales-race-ahead-in-June-53601,2025-07-04T16:01:37Z,0.8527,positive,finbert
SAZEW,profit,https://profit.pakistantoday.com.pk/2025/07/04/market-share-over-margins-sazgar-holds-off-on-price-hike-as-competitors-pass-on-additional-tax,2025-07-04T16:10:34Z,0.5236,positive,finbert
SAZEW,mettis,https://mettisglobal.news/Sazgar-launches-prebookings-for-HAVAL-H6-Plugin-Hybrid-54061,2025-07-28T14:19:29Z,0.0671,neutral,finbert
SAZEW,mettis,https://mettisglobal.news/Sazgar-to-reach-Rs1569-on-strong-valuation-54087,2025-07-29T12:22:55Z,0.9234,positive,finbert
SAZEW,profit,https://profit.pakistantoday.com.pk/2025/08/12/sazgar-engineering-works-reports-mixed-sales-with-notable-growth-in-four-wheeler-sector,2025-08-12T09:53:35Z,-0.7850,negative,finbert
SAZEW,mettis,https://mettisglobal.news/Sazgar-produces-2034-threewheelers-1199-fourwheelers-in-July-2025-54439,2025-08-12T12:45:36Z,0.0494,neutral,finbert
SAZEW,profit,https://profit.pakistantoday.com.pk/2025/08/28/sazgar-engineering-plans-rs11-5bn-expansion-to-boost-vehicle-production-capacity,2025-08-28T07:26:28Z,0.9285,positive,finbert
SAZEW,mettis,https://mettisglobal.news/Sazgar-profit-doubles-to-Rs16bn-54896,2025-09-01T10:01:10Z,0.7936,positive,finbert
SAZEW,profit,https://profit.pakistantoday.com.pk/2025/09/04/sazgar-engineering-to-launch-phev-tank-500-and-cannon-by-march-2026,2025-09-04T09:38:33Z,0.1504,neutral,finbert
SAZEW,profit,https://profit.pakistantoday.com.pk/2025/09/08/sazgar-sales-rise-10-yoy-in-august-2mfy26-sales-up-20,2025-09-08T08:48:31Z,0.9285,positive,finbert
SAZEW,mettis,https://mettisglobal.news/Sazgar-produces-2050-threewheelers-1192-fourwheelers-in-August-2025-55064,2025-09-08T12:42:43Z,0.0499,neutral,finbert
SAZEW,profit,https://profit.pakistantoday.com.pk/2025/09/23/the-rise-of-sazgar-from-rickshaws-to-luxury-suvs,2025-09-23T12:03:56Z,0.1493,neutral,finbert
SAZEW,profit,https://profit.pakistantoday.com.pk/2025/09/25/sazgar-engineering-targets-increased-production-to-expand-into-international-export-markets,2025-09-25T13:13:51Z,0.9380,positive,finbert
SAZEW,mettis,https://mettisglobal.news/Sazgar-plans-major-expansion-eyes-new-export-markets-55492,2025-09-25T15:51:38Z,0.6237,positive,finbert
SAZEW,profit,https://profit.pakistantoday.com.pk/2025/10/03/sazgar-produces-1410-four-wheelers-1823-three-wheelers-in-september,2025-10-03T09:21:33Z,0.0377,neutral,finbert
SAZEW,mettis,https://mettisglobal.news/Sazgar-produces-1823-threewheelers-1429-fourwheelers-in-September-2025-55689,2025-10-03T12:18:21Z,0.0450,neutral,finbert
SAZEW,profit,https://profit.pakistantoday.com.pk/2025/10/15/sazgar-engineering-posts-rs-4-42-billion-quarterly-profit-a-4-7-increase,2025-10-15T15:01:33Z,0.9000,positive,finbert
SAZEW,mettis,https://mettisglobal.news/Sazgar-produces-2575-threewheelers-1242-fourwheelers-in-October-2025-56583,2025-11-10T13:14:23Z,0.0461,neutral,finbert
SAZEW,mettis,https://mettisglobal.news/Sazgar-produces-1742-threewheelers-1357-fourwheelers-in-November-2025-57225,2025-12-11T12:04:31Z,0.0457,neutral,finbert
SAZEW,profit,https://profit.pakistantoday.com.pk/2026/01/20/sazgar-to-open-bookings-for-tank-500-hi4-t-from-january-26,2026-01-20T14:07:29Z,0.0816,neutral,finbert
SAZEW,mettis,https://mettisglobal.news/Sazgar-set-to-open-bookings-for-Tank-500-Hi4T-57906,2026-01-20T15:21:25Z,0.0376,neutral,finbert
SAZEW,mettis,https://mettisglobal.news/Is-SAZEW-taking-on-Toyota-with-the-TANK-500-57964,2026-01-22T17:03:26Z,0.0153,neutral,finbert
SAZEW,profit,https://profit.pakistantoday.com.pk/2026/01/26/in-2026-sazgar-aims-to-expand-its-suv-market-share,2026-01-26T03:25:36Z,0.9055,positive,finbert
SAZEW,mettis,https://mettisglobal.news/SAZGAR-extends-GWM-Tank-500-delivery-timelines-offers-free-charger-58030,2026-01-27T10:18:58Z,0.2223,neutral,finbert
SAZEW,mettis,https://mettisglobal.news/Sazgar-6MFY26-profit-up-27-declares-Rs15-dividend-58048,2026-01-27T16:34:01Z,0.9267,positive,finbert
SAZEW,profit,https://profit.pakistantoday.com.pk/2026/02/09/sazgar-reports-january-production-sales-figures-for-four-and-three-wheelers,2026-02-09T09:21:47Z,0.1137,neutral,finbert
SAZEW,mettis,https://mettisglobal.news/Sazgar-produces-3350-threewheelers-1716-fourwheelers-in-Jan-2026-58283,2026-02-09T12:41:13Z,0.0439,neutral,finbert
SAZEW,mettis,https://mettisglobal.news/SAZEW-sees-February-sales-slowdown-58874,2026-03-06T12:18:23Z,-0.9561,negative,finbert
SAZEW,profit,https://profit.pakistantoday.com.pk/2026/03/09/sazgar-engineering-to-buy-cbd-lahore-commercial-plot-for-rs1-47-billion,2026-03-09T08:20:07Z,0.0713,neutral,finbert
SAZEW,mettis,https://mettisglobal.news/Sazgar-to-acquire-5-kanal-commercial-plot-58912,2026-03-09T12:44:26Z,0.0696,neutral,finbert
SAZEW,mettis,https://mettisglobal.news/Sazgar-bets-Rs37bn-on-Pakistans-auto-future-59296,2026-03-30T09:43:06Z,0.5345,positive,finbert
SAZEW,profit,https://profit.pakistantoday.com.pk/2026/03/30/sazgar-to-launch-hybrid-suv-tank-500-approves-rs22-billion-expansion-strategy,2026-03-30T10:13:12Z,0.8510,positive,finbert
SAZEW,mettis,https://mettisglobal.news/Sazgar-produces-2300-threewheelers-1808-fourwheelers-in-March-2026-59515,2026-04-07T12:40:26Z,0.0516,neutral,finbert
SAZEW,mettis,https://mettisglobal.news/Sazgar-9MFY26-profit-up-16-declares-Rs20-dividend-59838,2026-04-20T09:22:55Z,0.9257,positive,finbert
SAZEW,profit,https://profit.pakistantoday.com.pk/2026/04/27/as-haval-sales-soar-sazgar-posts-record-profits,2026-04-27T02:05:34Z,0.9271,positive,finbert
SAZEW,mettis,https://mettisglobal.news/Sazgar-produces-2500-threewheelers-2537-fourwheelers-in-April-2026-60255,2026-05-06T12:21:48Z,0.0483,neutral,finbert
SAZEW,mettis,https://mettisglobal.news/Sazgar-produces-1631-threewheelers-1609-fourwheelers-in-May-2026-60915,2026-06-08T15:46:12Z,0.0469,neutral,finbert
SAZEW,profit,https://profit.pakistantoday.com.pk/2026/06/09/sazgar-produces-1609-four-wheelers-1631-three-wheelers-in-may,2026-06-09T09:14:57Z,0.0694,neutral,finbert
SAZEW,mettis,https://mettisglobal.news/Sazgar-produces-2488-threewheelers-2374-fourwheelers-in-June-2026-61798,2026-07-13T16:09:12Z,0.0506,neutral,finbert
SAZEW,mettis,https://mettisglobal.news/Sazgar-produces-3037-threewheelers-1778-fourwheelers-in-July-2026-62568,2026-08-11T11:27:36Z,0.0437,neutral,finbert
SAZEW,mettis,https://mettisglobal.news/Murree-Brewery-Systems-Limited-Sazgar-Engineering-make-Forbes-list-62785,2026-08-19T14:55:12Z,0.1186,neutral,finbert
SAZEW,mettis,https://mettisglobal.news/Sazgar-profit-soars-44-to-Rs24bn-declares-Rs20-final-dividend-62991,2026-08-27T15:19:09Z,0.8655,positive,finbert
SAZEW,profit,https://profit.pakistantoday.com.pk/2026/09/25/sazgar-to-introduce-baics-arcfox-electric-vehicles-in-pakistan,2026-09-25T07:09:14Z,0.3091,neutral,finbert
SAZEW,mettis,https://mettisglobal.news/SAZEW-to-bring-ARCFOX-EVs-to-Pakistan-63738,2026-09-25T11:53:50Z,0.2850,neutral,finbert
SAZEW,profit,https://profit.pakistantoday.com.pk/2026/09/28/sazgar-says-canon-alpha-p500-tank300-haval-h7-jolion-max-launches-in-pipeline,2026-09-28T03:23:57Z,0.0991,neutral,finbert
SAZEW,mettis,https://mettisglobal.news/Sazgar-brings-ARCFOX-T5-REEV-to-Pakistan-at-Rs102m-63965,2026-10-05T14:56:03Z,0.5773,positive,finbert
SAZEW,profit,https://profit.pakistantoday.com.pk/2026/10/06/sazgar-sells-2474-four-wheelers-5173-three-wheelers-in-august-september,2026-10-06T08:28:54Z,0.0366,neutral,finbert
SAZEW,mettis,https://mettisglobal.news/Sazgar-Engineering-acquires-Rs868m-land-for-future-expansion-63988,2026-10-06T11:52:28Z,0.1208,neutral,finbert
SAZEW,mettis,https://mettisglobal.news/Sazgar-fourwheeler-sales-hit-2474-units-in-AugSep-63989,2026-10-06T12:02:28Z,0.8293,positive,finbert
SYS,mettis,https://mettisglobal.news/systems-ltd-increases-share-capital-by-rs2bn,2021-12-31T16:44:38Z,0.9219,positive,finbert
SYS,mettis,https://mettisglobal.news/Systems-Limited-to-acquire-TreeHouse-Consultancy,2022-08-17T15:56:17Z,0.0282,neutral,finbert
SYS,mettis,https://mettisglobal.news/systems-limited-blooming,2022-10-26T09:52:08Z,-0.2263,negative,vader
SYS,mettis,https://mettisglobal.news/universal-network-systems-limited-psx-gemunsl-has-received-an-offer-from-a-fintech-company-for-the-acquisition-of-its-20-stake-holding,2022-11-28T10:59:14Z,0.5447,positive,finbert
SYS,mettis,https://mettisglobal.news/systems-limited-in-full-bloom,2023-04-28T11:07:24Z,0.0723,neutral,finbert
SYS,mettis,https://mettisglobal.news/systems-limited-renews-loans-to-its-subsidiaries-and-associates,2023-05-23T16:28:38Z,0.0199,neutral,finbert
SYS,mettis,https://mettisglobal.news/sifc-likely-to-transform-pakistans-it-sector-ceo-systems-limited,2023-07-17T11:21:27Z,0.2401,neutral,finbert
SYS,mettis,https://mettisglobal.news/systems-limited-posts-73-yoy-profit-growth-in-1hcy23,2023-08-29T09:56:44Z,0.8535,positive,finbert
SYS,mettis,https://mettisglobal.news/systems-limited-leads-the-way-in-generative-ai-solutions,2024-02-15T00:18:58Z,0.2462,neutral,finbert
SYS,mettis,https://mettisglobal.news/systems-limited-stands-strong-despite-temenos-accounting-allegations,2024-02-22T16:14:12Z,0.9313,positive,finbert
SYS,mettis,https://mettisglobal.news/systems-limited-earns-db-business-rating-report,2024-02-23T13:15:39Z,0.5106,positive,finbert
SYS,mettis,https://mettisglobal.news/systems-limited-profits-rise-31-to-rs8-69bn-in-2023,2024-03-25T09:25:41Z,0.9196,positive,finbert
SYS,mettis,https://mettisglobal.news/systems-limited-contemplates-rs590m-loan-renewal,2024-04-19T16:29:36Z,0.1361,neutral,finbert
SYS,mettis,https://mettisglobal.news/systems-limited-profit-plummets-66-yoy-to-rs1-24bn,2024-04-30T09:16:21Z,-0.9653,negative,finbert
SYS,mettis,https://mettisglobal.news/systems-limited-evam-sign-mou-for-technological-collaboration,2024-10-17T12:03:04Z,0.7146,positive,finbert
SYS,mettis,https://mettisglobal.news/systems-limited-sees-profits-dip-in-q32024,2024-10-22T10:43:35Z,-0.9624,negative,finbert
SYS,mettis,https://mettisglobal.news/systems-ltd-subsidiary-onezapp-to-start-emi-services,2024-11-19T09:32:15Z,0.0378,neutral,finbert
SYS,profit,https://profit.pakistantoday.com.pk/2024/12/16/systems-ltd-the-growth-engine-the-market-continues-to-believe-in,2024-12-16T03:14:14Z,0.6970,positive,finbert
SYS,mettis,https://mettisglobal.news/systems-limited-sees-14-dip-in-profitability,2025-03-24T10:12:40Z,-0.9592,negative,finbert
SYS,mettis,https://mettisglobal.news/systems-limited-targets-26-usd-revenue-growth-margins-to-rise-4-5-in-cy25,2025-04-11T11:51:16Z,0.9381,positive,finbert
SYS,profit,https://profit.pakistantoday.com.pk/2025/04/14/trapped-talent-rising-profits-systems-ltd-and-the-economics-of-immobility,2025-04-14T04:07:03Z,0.0277,neutral,finbert
SYS,mettis,https://mettisglobal.news/systems-limited-posts-59-surge-in-pat-for-q1-2025,2025-04-28T10:09:00Z,0.8942,positive,finbert
SYS,profit,https://profit.pakistantoday.com.pk/2025/07/23/systems-limited-explores-potential-acquisition-of-it-and-it-enabled-services-business,2025-07-23T09:30:01Z,0.2010,neutral,finbert
SYS,mettis,https://mettisglobal.news/Systems-Limited-Board-explores-IT-services-acquisition-53978,2025-07-23T14:28:27Z,0.0494,neutral,finbert
SYS,profit,https://profit.pakistantoday.com.pk/2025/07/30/systems-limited-acquires-british-american-tobacco-saa-services-to-expand-global-footprint,2025-07-30T05:40:17Z,0.6575,positive,finbert
SYS,mettis,https://mettisglobal.news/Systems-Limited-to-hit-Rs180share-by-June-26-54225,2025-08-04T12:54:07Z,0.7698,positive,finbert
SYS,profit,https://profit.pakistantoday.com.pk/2025/09/17/systems-limited-considers-potential-acquisition-of-it-services-business,2025-09-17T06:50:42Z,0.0855,neutral,finbert
SYS,mettis,https://mettisglobal.news/Systems-limited-board-approves-potential-IT-services-acquisition-55260,2025-09-17T10:10:43Z,0.4260,neutral,finbert
SYS,mettis,https://mettisglobal.news/Systems-Limited-crowned-Pakistans-top-IT-exporter-for-4th-consecutive-year-55409,2025-09-23T09:37:17Z,0.9013,positive,finbert
SYS,mettis,https://mettisglobal.news/KTrade-tips-Systems-Limited-for-43-gain-by-June-2026-55925,2025-10-14T16:36:05Z,0.8776,positive,finbert
SYS,profit,https://profit.pakistantoday.com.pk/2025/10/27/systems-limited-to-establish-uk-subsidiary-expand-global-footprint,2025-10-27T05:30:14Z,0.8154,positive,finbert
SYS,mettis,https://mettisglobal.news/Systems-Limited-Reports-46-jump-in-9MFY25-earnings-56206,2025-10-27T11:46:00Z,0.9212,positive,finbert
SYS,profit,https://profit.pakistantoday.com.pk/2025/10/29/systems-limited-posts-record-nine-month-profit-surpassing-full-year-2024,2025-10-29T14:49:02Z,0.8998,positive,finbert
SYS,profit,https://profit.pakistantoday.com.pk/2025/12/11/systems-limited-approves-confiz-pakistan-acquisition-via-share-swap,2025-12-11T05:15:57Z,0.2615,neutral,finbert
SYS,mettis,https://mettisglobal.news/Systems-Limited-sets-stage-for-Confiz-takeover-57213,2025-12-11T09:27:14Z,0.0110,neutral,finbert
SYS,profit,https://profit.pakistantoday.com.pk/2025/12/15/systems-ltd-will-acquire-confiz,2025-12-15T03:45:39Z,0.0174,neutral,finbert
SYS,mettis,https://mettisglobal.news/Systems-Limited-earnings-soar-48-in-CY25-59501,2026-04-07T09:37:44Z,0.7541,positive,finbert
SYS,mettis,https://mettisglobal.news/Systems-Limited-profit-climbs-21-in-strong-Q1-60727,2026-05-29T10:02:19Z,0.8880,positive,finbert
SYS,mettis,https://mettisglobal.news/Murree-Brewery-Systems-Limited-Sazgar-Engineering-make-Forbes-list-62785,2026-08-19T14:55:12Z,0.1186,neutral,finbert
SYS,mettis,https://mettisglobal.news/Systems-Limited-1HCY26-profit-rises-17-62975,2026-08-27T09:58:00Z,0.8144,positive,finbert
SYS,mettis,https://mettisglobal.news/Systems-Limited-targets-strategic-MA-expansion-63199,2026-09-04T10:01:13Z,0.7042,positive,finbert
SYS,profit,https://profit.pakistantoday.com.pk/2026/09/21/the-market-got-spooked-by-systems-limited-is-it-an-overreaction,2026-09-21T03:05:00Z,-0.8562,negative,finbert
UBL,mettis,https://mettisglobal.news/ubl-records-massive-surge-in-profits-up-by-42-in-9mcy21,2021-10-20T15:00:55Z,0.9299,positive,finbert
UBL,mettis,https://mettisglobal.news/sbp-allows-ubl-to-conduct-due-diligence-for-acquiring-84-5-sbls-shares,2022-01-26T12:28:48Z,0.0885,neutral,finbert
UBL,mettis,https://mettisglobal.news/ubl-submits-pai-to-acquire-up-to-84-51-stake-in-samba-bank,2022-02-03T15:52:39Z,0.1078,neutral,finbert
UBL,mettis,https://mettisglobal.news/ubl-gets-sbps-approval-to-commence-due-diligence-of-telenor-microfinance-bank,2022-02-08T10:49:48Z,0.6349,positive,finbert
UBL,mettis,https://mettisglobal.news/ubl-declares-strong-profits-of-over-rs30bn-dps-of-rs18,2022-02-23T15:49:44Z,0.9232,positive,finbert
UBL,profit,https://profit.pakistantoday.com.pk/2022/02/23/kse-100-recovers-with-tea-maker-buy-back-ubl-financials,2022-02-23T17:04:02Z,0.8696,positive,finbert
UBL,mettis,https://mettisglobal.news/ubl-posts-28-7-higher-net-profits-in-1qcy22,2022-04-20T14:24:18Z,0.9345,positive,finbert
UBL,mettis,"https://mettisglobal.news/UBL’s-profits-decline-by-19%-YoY-on-higher-provisions,-taxes",2022-08-03T14:41:50Z,-0.9579,negative,finbert
UBL,mettis,https://mettisglobal.news/UBL’s-nine-months-profits-down-by-14%-YoY-sepetmber’22,2022-10-20T10:23:18Z,-0.9633,negative,finbert
UBL,mettis,https://mettisglobal.news/ubl-profits-soar-high-to-rs32bn-in-cy22-with-hefty-payouts-to-shareholders,2023-02-22T16:01:27Z,0.9114,positive,finbert
UBL,mettis,https://mettisglobal.news/ubl-appoints-muhammad-jawaid-iqbal-as-president-ceo,2023-04-03T09:23:04Z,0.0276,neutral,finbert
UBL,profit,https://profit.pakistantoday.com.pk/2023/04/03/in-surprise-move-shazad-dada-is-replaced-as-president-and-ceo-of-ubl,2023-04-03T12:58:53Z,-0.4361,neutral,finbert
UBL,mettis,https://mettisglobal.news/ubl-rides-income-deposit-growth-in-1qcy23,2023-04-28T16:22:52Z,0.3626,neutral,finbert
UBL,profit,https://profit.pakistantoday.com.pk/2023/05/02/silkbank-ubl-in-talks-for-potential-merger,2023-05-02T12:17:12Z,0.0454,neutral,finbert
UBL,mettis,https://mettisglobal.news/ubl-posts-highest-ever-pat-of-rs12-15bn-in-1hcy23,2023-07-19T14:16:40Z,0.7541,positive,finbert
UBL,profit,https://profit.pakistantoday.com.pk/2023/07/20/sbp-designates-ubl-hbl-and-nbp-as-d-sibs-for-2023,2023-07-20T17:48:53Z,0.0217,neutral,finbert
UBL,profit,https://profit.pakistantoday.com.pk/2023/07/30/fresh-out-of-a-levels-ubl-has-a-job-for-you-but-whats-in-it-for-them,2023-07-30T18:40:53Z,0.0285,neutral,finbert
UBL,mettis,https://mettisglobal.news/ubl-ventures-in-to-exchange-company-with-rs1bn-capital,2023-09-12T09:28:35Z,0.1743,neutral,finbert
UBL,profit,https://profit.pakistantoday.com.pk/2023/09/12/ubl-is-setting-up-its-own-exchange-company-heres-why,2023-09-12T14:09:32Z,0.0144,neutral,finbert
UBL,profit,https://profit.pakistantoday.com.pk/2023/09/15/after-ubl-meezan-bank-wants-to-establish-an-exchange-company,2023-09-15T18:55:55Z,0.0439,neutral,finbert
UBL,profit,https://profit.pakistantoday.com.pk/2023/10/26/ubl-slapped-with-rs26-5mn-penalty-for-violating-fx-rules-alongside-three-other-banks,2023-10-26T06:37:43Z,-0.9447,negative,finbert
UBL,profit,https://profit.pakistantoday.com.pk/2024/02/21/ubl-approves-rs1-bn-investment-in-its-exchange-company,2024-02-21T08:52:30Z,0.5788,positive,finbert
UBL,mettis,https://mettisglobal.news/ubl-to-invest-rs1bn-in-wholly-owned-subsidiary-ubl-currency-exchange,2024-02-21T12:34:46Z,0.0895,neutral,finbert
UBL,mettis,https://mettisglobal.news/ubl-records-highest-ever-profit-dividend-payout-in-2023,2024-02-21T12:36:51Z,0.7859,positive,finbert
UBL,profit,https://profit.pakistantoday.com.pk/2024/03/03/has-ubl-paved-the-way-for-other-banks-to-maximize-arbitrage-opportunities,2024-03-03T18:07:38Z,0.8022,positive,finbert
UBL,mettis,https://mettisglobal.news/ubl-records-rs16-14bn-profit-in-3qfy24-declares-rs11-dps,2024-04-17T12:09:20Z,0.2762,neutral,finbert
UBL,mettis,https://mettisglobal.news/ubl-currency-exchange-to-take-over-wallstreet-exchange,2024-04-26T18:19:01Z,0.0202,neutral,finbert
UBL,mettis,https://mettisglobal.news/ubl-launches-fully-owned-currency-exchange-in-karachi,2024-06-04T11:27:27Z,0.0760,neutral,finbert
UBL,profit,https://profit.pakistantoday.com.pk/2024/06/05/ubl-extends-pkr-20-billion-finance-facility-to-engro-fertilizers-limited,2024-06-05T14:25:48Z,0.8936,positive,finbert
UBL,mettis,https://mettisglobal.news/ubl-announces-record-breaking-rs20bn-financing-to-engro-fertilizers,2024-06-06T11:41:21Z,0.9008,positive,finbert
UBL,mettis,https://mettisglobal.news/ubl-lucky-cement-seal-rs8bn-standby-letter-of-credit-deal,2024-06-26T10:44:26Z,0.3045,neutral,finbert
UBL,profit,https://profit.pakistantoday.com.pk/2024/07/05/ubl-concludes-sale-of-55-shareholding-in-unbl-uk,2024-07-05T08:45:42Z,0.0593,neutral,finbert
UBL,mettis,https://mettisglobal.news/ubl-currency-exchange-acquires-wall-street-exchange-assets-with-ccps-approval,2024-07-05T10:01:56Z,0.0170,neutral,finbert
UBL,mettis,https://mettisglobal.news/ubl-concludes-sale-of-shareholding-in-unbl,2024-07-05T10:15:12Z,0.0399,neutral,finbert
UBL,mettis,https://mettisglobal.news/ubl-earns-15-27bn-in-q2-cy24-declares-rs11-dividend,2024-07-31T11:12:34Z,0.0864,neutral,finbert
UBL,mettis,https://mettisglobal.news/ubl-partners-with-pwc-to-integrate-oracle-fusion-cloud-hcm,2024-08-30T11:38:50Z,0.8203,positive,finbert
UBL,mettis,https://mettisglobal.news/ubl-jazzcash-partner-to-revolutionize-digital-retail-payments,2024-09-19T13:15:00Z,0.5116,positive,finbert
UBL,mettis,https://mettisglobal.news/ubl-partners-with-tpl-maps-to-enhance-banking-experience-across-pakistan,2024-09-20T10:20:21Z,0.8762,positive,finbert
UBL,mettis,https://mettisglobal.news/ubl-partners-with-trifit-to-offer-exclusive-discounts-for-cardholders,2024-09-25T14:30:17Z,0.6477,positive,finbert
UBL,mettis,https://mettisglobal.news/ubl-system-limited-unveil-temenos-dfe-platform,2024-10-08T10:15:34Z,0.0575,neutral,finbert
UBL,mettis,https://mettisglobal.news/ubl-goes-extra-mile-hitting-50-adr-target,2024-10-31T16:48:48Z,0.8707,positive,finbert
UBL,profit,https://profit.pakistantoday.com.pk/2024/11/01/ubl-proposes-merger-with-silkbank-offers-share-swap-deal,2024-11-01T06:23:53Z,0.1575,neutral,finbert
UBL,mettis,https://mettisglobal.news/ubl-submits-offer-to-merge-with-silkbank,2024-11-01T09:20:48Z,0.0593,neutral,finbert
UBL,mettis,https://mettisglobal.news/ubl-pakistan-enterprise-index-considers-portfolio-re-constitution,2024-11-04T10:11:15Z,-0.0076,neutral,finbert
UBL,profit,https://profit.pakistantoday.com.pk/2024/11/06/silkbank-accords-in-principle-approval-for-merger-with-ubl,2024-11-06T09:57:33Z,0.8633,positive,finbert
UBL,mettis,https://mettisglobal.news/silkbank-gives-in-principal-approval-to-ubl-merger-offer,2024-11-06T13:59:08Z,0.1336,neutral,finbert
UBL,mettis,https://mettisglobal.news/ubl-to-offer-special-banking-services-to-mindbridge-employees,2024-11-07T12:29:21Z,0.1292,neutral,finbert
UBL,profit,https://profit.pakistantoday.com.pk/2024/12/03/ubl-announces-merger-with-silk-bank-under-share-swap-arrangement,2024-12-03T05:21:02Z,-0.0288,neutral,finbert
UBL,profit,https://profit.pakistantoday.com.pk/2024/12/03/ubl-is-changing-what-it-means-to-be-digital,2024-12-03T09:55:53Z,0.0545,neutral,finbert
UBL,mettis,https://mettisglobal.news/ubl-approves-silk-bank-amalgamation-with-1325-share-swap-ratio,2024-12-03T10:32:03Z,0.1130,neutral,finbert
UBL,mettis,https://mettisglobal.news/silk-bank-shareholders-approve-amalgamation-with-ubl,2024-12-06T14:47:04Z,0.1079,neutral,finbert
UBL,profit,https://profit.pakistantoday.com.pk/2024/12/09/providus-capital-acquires-6-39-million-ubl-shares-at-rs362-76-each,2024-12-09T08:23:36Z,0.7480,positive,finbert
UBL,mettis,https://mettisglobal.news/after-silk-ubl-shareholders-approve-amalgamation-plan,2024-12-09T13:31:46Z,0.0413,neutral,finbert
UBL,profit,https://profit.pakistantoday.com.pk/2024/12/20/pakistan-secures-300mn-loan-through-ubl-at-7-2-7-7-interest,2024-12-20T02:25:00Z,0.6826,positive,finbert
UBL,profit,https://profit.pakistantoday.com.pk/2024/12/26/park-view-enclave-files-suit-against-silkbank-and-ubl-amalgamation,2024-12-26T15:02:30Z,-0.7299,negative,finbert
UBL,mettis,https://mettisglobal.news/park-view-enclave-files-suit-against-silkbank-ubl-merger-proposal,2024-12-26T16:15:15Z,-0.7673,negative,finbert
UBL,profit,https://profit.pakistantoday.com.pk/2024/12/26/silkbank-shareholders-approve-amalgamation-into-united-bank-limited,2024-12-26T17:36:35Z,0.0431,neutral,finbert
UBL,mettis,https://mettisglobal.news/silkbanks-shareholders-back-merger-with-ubl,2024-12-27T08:59:58Z,-0.0583,neutral,finbert
UBL,profit,https://profit.pakistantoday.com.pk/2024/12/31/ubl-arranges-300mn-short-term-loan-for-pakistan,2024-12-31T02:13:44Z,0.4904,positive,finbert
UBL,mettis,https://mettisglobal.news/ubl-secures-300m-loan-for-govt-via-uae-bahrain-branches,2024-12-31T16:39:58Z,0.9173,positive,finbert
UBL,profit,https://profit.pakistantoday.com.pk/2025/02/02/ubl-crosses-rs500-billion-market-cap-with-125-32-1-year-gain,2025-02-02T06:23:49Z,0.8874,positive,finbert
UBL,profit,https://profit.pakistantoday.com.pk/2025/02/18/silkbank-shareholders-approve-merger-with-ubl-pending-regulatory-clearance,2025-02-18T08:30:41Z,0.0578,neutral,finbert
UBL,mettis,https://mettisglobal.news/ubl-reports-34-surge-in-net-profit-reaching-rs76bn-in-2024,2025-02-19T13:33:04Z,0.9268,positive,finbert
UBL,profit,https://profit.pakistantoday.com.pk/2025/03/11/sbp-approves-silk-banks-merger-with-ubl,2025-03-11T05:22:34Z,0.0995,neutral,finbert
UBL,mettis,https://mettisglobal.news/sbp-endorses-silk-banks-merger-into-ubl,2025-03-11T09:25:53Z,0.1771,neutral,finbert
UBL,profit,https://profit.pakistantoday.com.pk/2025/04/16/ubl-posts-rs36-1bn-profit-in-q1-announces-110-dividend-and-21-stock-split,2025-04-16T14:07:07Z,0.1214,neutral,finbert
UBL,mettis,https://mettisglobal.news/ubl-to-subdivide-shares-cutting-face-value-from-rs10-to-rs5,2025-04-16T22:22:44Z,0.1661,positive,finbert
UBL,profit,https://profit.pakistantoday.com.pk/2025/05/01/pakistans-listed-banks-report-14-profit-growth-in-1q2025-led-by-ubl-and-nbp,2025-05-01T03:06:45Z,0.9241,positive,finbert
UBL,profit,https://profit.pakistantoday.com.pk/2025/05/23/ubl-gets-sbp-nod-for-share-split-doubling-number-of-shares,2025-05-23T10:05:57Z,0.8781,positive,finbert
UBL,mettis,https://mettisglobal.news/ubl-receives-sbp-approval-for-share-capital-subdivision,2025-05-23T14:27:01Z,0.7214,positive,finbert
UBL,profit,https://profit.pakistantoday.com.pk/2025/06/13/ubl-share-split-to-take-effect-june-21-trading-to-shift-temporarily-to-t0-cycle,2025-06-13T09:19:10Z,0.1867,neutral,finbert
UBL,mettis,https://mettisglobal.news/UBL-to-slash-share-face-value-to-Rs5-from-June-21-53028,2025-06-13T12:58:40Z,-0.7679,negative,finbert
UBL,mettis,https://mettisglobal.news/VIS-reaffirms-entity-ratings-of-United-Bank-Ltd-53507,2025-07-01T11:05:17Z,0.0623,neutral,finbert
UBL,mettis,https://mettisglobal.news/HBL-UBL-expand-service-hours-for-customer-convenience-53509,2025-07-01T11:32:40Z,0.6701,positive,finbert
UBL,mettis,https://mettisglobal.news/UBL-crowned-top-performing-Primary-Dealer-in-FY25-53697,2025-07-09T17:26:06Z,0.9182,positive,finbert
UBL,mettis,https://mettisglobal.news/UBL-doubles-profit-to-Rs65bn-in-1HCY25-53738,2025-07-11T17:06:22Z,0.8795,positive,finbert
UBL,mettis,https://mettisglobal.news/UBL-branches-now-open-on-Sundays-53834,2025-07-17T09:47:35Z,0.0302,neutral,finbert
UBL,mettis,https://mettisglobal.news/United-Bank-Limited-doubles-profit-in-9MFY25-55939,2025-10-15T11:26:28Z,0.7035,positive,finbert
UBL,profit,https://profit.pakistantoday.com.pk/2025/10/15/ubl-profit-soars-past-rs-100-billion-declares-rs-21-50-total-dividend,2025-10-15T14:54:56Z,0.7994,positive,finbert
UBL,mettis,https://mettisglobal.news/UBL-becomes-Pakistans-largest-listed-company-at-PSX-57659,2026-01-06T13:57:07Z,0.3916,neutral,finbert
UBL,profit,https://profit.pakistantoday.com.pk/2026/01/06/ubl-becomes-pakistans-largest-listed-company-with-4-billion-market-cap,2026-01-06T14:30:35Z,0.5719,positive,finbert
UBL,profit,https://profit.pakistantoday.com.pk/2026/01/19/ubl-jazz-seal-pakistans-biggest-ever-rs75bn-interest-rate-swap,2026-01-19T16:20:34Z,0.4364,neutral,finbert
UBL,mettis,https://mettisglobal.news/JazzWorld-UBL-seal-Pakistans-largest-interest-rate-swap-57887,2026-01-19T20:45:02Z,0.2238,neutral,finbert
UBL,profit,https://profit.pakistantoday.com.pk/2026/01/26/ubl-and-jazz-just-broke-new-ground-in-pakistans-financial-markets,2026-01-26T03:40:39Z,0.8306,positive,finbert
UBL,profit,https://profit.pakistantoday.com.pk/2026/01/28/ubl-and-meezan-bank-lead-pakistans-largest-private-sector-islamic-financing-of-rs133-billion,2026-01-28T02:50:10Z,0.1095,neutral,finbert
UBL,profit,https://profit.pakistantoday.com.pk/2026/02/15/ubl-executes-pkr-20-billion-interest-rate-swap-with-engro-reinforcing-leadership-in-pakistans-derivatives-market,2026-02-15T14:36:40Z,0.8829,positive,finbert
UBL,mettis,https://mettisglobal.news/UBL-profit-surges-59-dividend-intact-at-Rs8-58664,2026-02-25T11:14:37Z,0.8796,positive,finbert
UBL,profit,https://profit.pakistantoday.com.pk/2026/03/23/how-ubl-nearly-doubled-in-size-in-just-one-year,2026-03-23T02:15:54Z,0.2119,neutral,finbert
UBL,mettis,https://mettisglobal.news/UBL-navigates-cost-pressures-to-deliver-robust-doubledigit-earnings-growth-59714,2026-04-15T13:09:25Z,0.9369,positive,finbert
UBL,profit,https://profit.pakistantoday.com.pk/2026/04/15/belief-in-the-future-how-united-bank-limited-is-redefining-banking-through-youth-innovation-and-impact,2026-04-15T15:31:58Z,0.3091,neutral,finbert
UBL,profit,https://profit.pakistantoday.com.pk/2026/04/16/ubl-shatters-records-as-the-first-bank-ever-to-post-a-pre-tax-profit-exceeding-rs-100-billion-in-a-single-quarter,2026-04-15T19:12:35Z,0.8885,positive,finbert
UBL,profit,https://profit.pakistantoday.com.pk/2026/04/17/belief-in-the-future-how-united-bank-limited-is-redefining-banking-through-youth-innovation-and-impact-2,2026-04-17T16:16:42Z,0.3091,neutral,finbert
UBL,profit,https://profit.pakistantoday.com.pk/2026/04/17/ubl-officially-becomes-pakistans-largest-bank-by-deposits,2026-04-17T16:49:54Z,0.6705,positive,finbert
UBL,mettis,https://mettisglobal.news/UBL-Enterprise-Index-holds-ground-no-changes-only-weight-shifts-60217,2026-05-05T09:26:18Z,0.2161,neutral,finbert
UBL,profit,https://profit.pakistantoday.com.pk/2026/05/06/indus-cloud-limited-indus-dc-reit-and-ubl-form-strategic-partnership-to-accelerate-pakistans-digital-infrastructure-and-cloud-adoption,2026-05-06T15:59:38Z,0.8587,positive,finbert
UBL,profit,https://profit.pakistantoday.com.pk/2026/05/30/ubl-arranges-pakistans-largest-short-term-rated-unsecured-sukuk-of-pkr-25-billion-for-engro-fertilizers,2026-05-29T19:16:41Z,0.0980,neutral,finbert
UBL,profit,https://profit.pakistantoday.com.pk/2026/07/22/ubl-unveils-rs40-billion-investment-plan-for-agriculture-subsidiary-khushhali-bank-and-university,2026-07-22T09:05:33Z,0.0880,neutral,finbert
UBL,mettis,https://mettisglobal.news/UBL-posts-33-profit-declares-Rs16-dividend-62043,2026-07-22T12:17:26Z,0.6588,positive,finbert
UBL,mettis,https://mettisglobal.news/UBL-approves-Rs40bn-for-Agriculture-KMBL-University-62045,2026-07-22T12:46:09Z,0.6802,positive,finbert
UBL,profit,https://profit.pakistantoday.com.pk/2026/07/22/ubl-launches-building-pakistans-future-a-rs-40-billion-nation-building-initiative,2026-07-22T16:36:20Z,0.5976,positive,finbert
UBL,profit,https://profit.pakistantoday.com.pk/2026/07/30/ubl-national-innovation-hackathon-2026-kicks-off-at-nic-karachi,2026-07-30T16:35:19Z,0.0131,neutral,finbert
UBL,mettis,https://mettisglobal.news/PSX-rebalances-UPP9-index-UBL-and-FFC-secure-top-weightings-62350,2026-08-03T17:21:10Z,0.6345,positive,finbert
UBL,mettis,https://mettisglobal.news/SBP-designates-UBL-HBL-NBP-as-DSIBs-for-2026-62884,2026-08-21T17:18:11Z,0.0194,neutral,finbert
UBL,profit,https://profit.pakistantoday.com.pk/2026/08/21/hbl-ubl-nbp-retained-as-pakistans-d-sibs-for-2026,2026-08-21T18:02:57Z,0.0196,neutral,finbert
UBL,profit,https://profit.pakistantoday.com.pk/2026/08/25/ubl-shareholders-approve-up-to-rs22-billion-investment-in-khushhali-microfinance-bank,2026-08-25T05:30:31Z,0.6407,positive,finbert
UBL,mettis,https://mettisglobal.news/UBL-shareholders-approve-up-to-Rs22bn-investment-in-Khushhali-Microfinance-Bank-62937,2026-08-25T10:39:01Z,0.7809,positive,finbert
UBL,mettis,https://mettisglobal.news/UBL-targets-sustained-growth-with-branch-digital-and-Islamic-banking-expansion-64030,2026-10-07T13:01:07Z,0.8889,positive,finbert
