date,open,high,low,close,volume
2021-10-08,36.97496261348777,37.00621616538588,36.49578387106114,36.84996032714844,906298
2021-10-11,37.058302238193264,37.08955181812633,36.71975055183039,36.81350326538086,5167631
2021-10-12,36.96976667305792,36.96976667305792,36.250994397594575,36.36558151245117,4157597
2021-10-13,36.6624568277154,36.6624568277154,35.469715523141716,35.93326950073242,6354779
2021-10-14,35.99056808921617,36.82392344807429,35.81868742883398,36.47495651245117,5287537
2021-10-15,36.745798469298045,37.4385227327355,36.474955501580446,37.261436462402344,1632106
2021-10-18,37.219767313006116,38.02187305708804,36.928093941976925,37.990623474121094,1571718
2021-10-19,37.990623474121094,37.990623474121094,37.990623474121094,37.990623474121094,0
2021-10-20,38.10000155964713,38.67293310722607,38.02187362730644,38.573970794677734,1523900
2021-10-21,38.672935954732395,39.16773960640325,38.672935954732395,38.92815017700195,2327546
2021-10-22,38.82919021151464,39.011486076961525,37.99583087161147,38.45938491821289,2860178
2021-10-25,38.69995861931803,38.69995861931803,38.19146788822207,38.459381103515625,1453131
2021-10-26,38.60153830936456,38.84758461699161,38.284414182100356,38.74369812011719,791847
2021-10-27,38.82572099602875,39.41622307023714,38.82572099602875,39.32874298095703,801305
2021-10-28,39.36700545360408,39.503696444762426,38.73822605998008,38.82571029663086,785832
2021-10-29,38.98427578434749,39.10456036313128,38.80931146709664,39.04988479614258,772837
2021-11-01,39.36153716258851,39.634919148493516,38.90772623630953,39.49276351928711,856239
2021-11-02,39.749738598030966,39.749738598030966,39.394345357863926,39.59664535522461,581323
2021-11-03,39.72240880707599,40.12701303341652,39.427155721429024,39.870033264160156,1042536
2021-11-04,39.77708515179293,40.45507141454485,39.77708515179293,40.37852478027344,1439006
2021-11-05,40.46053805696423,40.92528664629583,40.2965071800338,40.78312683105469,2113766
2021-11-08,40.62455772918097,41.85477645241553,40.51520245089594,41.42283248901367,2860216
2021-11-09,41.329888823411814,41.49938850028657,40.979960196573636,41.242408752441406,1912962
2021-11-10,41.242410118118165,42.09536065284555,40.979961553559825,41.832916259765625,1227136
2021-11-11,41.93680641349267,43.25450994745618,41.86025977026848,42.2593994140625,3744687
2021-11-12,42.428898926049676,42.428898926049676,41.06745730536215,41.43378829956055,1735663
2021-11-15,41.390035050296945,42.100829951841504,41.17133277734028,41.88759231567383,974847
2021-11-16,42.10083354041831,42.51090659438342,41.887595886074756,42.35234451293945,2049391
2021-11-17,42.510909741601075,42.78429179781716,41.55407254484478,41.77824783325195,2411350
2021-11-18,41.936803443112915,42.10083433639172,40.89795502394352,41.14399719238281,2075454
2021-11-19,40.73938532532416,42.100826467761266,40.73938532532416,41.729026794433594,1827040
2021-11-22,41.77277175471715,41.800107452694256,41.29708555794871,41.61967849731445,551729
2021-11-23,41.74543017142226,41.827445604943286,41.14399061139846,41.28068161010742,1194975
2021-11-24,41.06198492832041,41.38457793104411,40.733927287815064,40.84874725341797,1356659
2021-11-25,40.89794874145668,41.14399087210053,39.913771875924766,40.23089599609375,1139217
2021-11-26,40.29650615006954,41.001832228476964,39.913773008985686,40.487876892089844,1159076
2021-11-29,40.64643649504986,41.9914796965335,40.077805567655936,41.0783805847168,1629524
2021-11-30,41.253343006116005,41.93679802060751,39.941112715475,40.340248107910156,13914693
2021-12-01,40.50428542580707,41.00183858636845,40.50428542580707,40.78860092163086,567977
2021-12-02,40.5753581587096,40.87061123543598,37.754057933566045,38.62887954711914,6116068
2021-12-03,39.09362223874022,40.20902119200329,38.87491582548665,39.73880386352539,2500448
2021-12-06,39.85909802576405,40.24183117245426,39.64039158273602,39.957515716552734,1038499
2021-12-07,40.05047002889186,40.460543100860036,39.913779004902466,40.362125396728516,516963
2021-12-08,40.269171296722114,40.4660066795439,40.18715585863329,40.38399124145508,513469
2021-12-09,40.41133475843337,40.42773701323574,40.03406621206338,40.14341735839844,385871
2021-12-10,40.35118831885687,40.706581612062486,39.91377541286417,40.602699279785156,849029
2021-12-13,40.73391813057605,41.444713001445876,40.356649634493635,41.26974868774414,3540346
2021-12-14,41.28067949930827,41.28067949930827,40.73391553243002,41.00729751586914,784392
2021-12-15,41.143992303110544,41.55406531609836,40.76125915957995,40.91435241699219,1820363
2021-12-16,41.17679301072844,41.182261818411064,40.799528710187495,41.00729751586914,859188
2021-12-17,41.08931203876316,41.30801845498539,40.870605622540936,41.08384323120117,491530
2021-12-20,41.22601941586883,41.49940150195353,40.952637329784125,41.43378829956055,609256
2021-12-21,41.29162009843925,41.4337799224757,40.903418115263236,41.01823806762695,537035
2021-12-22,41.17133798989281,41.19867369173404,41.007307092929494,41.06745147705078,235227
2021-12-23,41.280682455491984,41.280682455491984,41.02370270521995,41.176795959472656,234687
2021-12-24,41.26974718187453,41.472047185395304,41.1166497629283,41.171329498291016,462852
2021-12-27,41.384575734077465,41.384575734077465,41.06745155744967,41.187740325927734,475750
2021-12-28,41.06197142725383,41.417368825730584,40.98542480868688,41.373626708984375,281840
2021-12-29,41.47205740341458,41.68529507513735,41.280690796929946,41.49939727783203,711247
2021-12-30,41.33535919929543,41.58140551190625,41.33535919929543,41.368167877197266,320166
2021-12-31,41.39003385436863,41.71809559728151,41.28615152915935,41.603271484375,262035
2022-01-03,41.63608695125218,41.82745355150575,41.444720350998615,41.800113677978516,336250
2022-01-04,41.794646802312876,42.095364537613605,41.71810016631059,42.01881790161133,349179
2022-01-05,42.100831261829924,42.642126495753736,41.827449240649216,42.54370880126953,1180777
2022-01-06,42.62025392241506,43.18888900688788,42.43982496515648,43.15061569213867,1131139
2022-01-07,43.08500571414098,44.56126687452152,43.08500571414098,44.4519157409668,3322477
2022-01-10,44.53393150615644,44.99868429942953,42.65853059295738,43.12328338623047,3807656
2022-01-11,43.35838751613634,43.6044296512196,42.90457238820395,43.506011962890625,922186
2022-01-12,43.369318353470156,44.42457299264693,43.3310450420587,43.85593795776367,1619567
2022-01-13,43.850475426562106,44.315228209267254,43.850475426562106,44.06371307373047,845812
2022-01-14,44.178538707603536,44.4027098080632,43.90515667147104,44.00357437133789,939353
2022-01-17,43.93795069991683,44.282410481543515,43.68643978724814,44.01996612548828,684932
2022-01-18,44.15119629473537,44.20587186451982,43.74112326413411,43.768463134765625,948787
2022-01-19,43.768456836404,43.93248352215361,43.52241055056261,43.71924591064453,1185985
2022-01-20,43.74112396256909,43.74112396256909,43.085008771722016,43.51694869995117,1006574
2022-01-21,43.47320489916765,43.631766952782804,43.167014236006814,43.27090072631836,775951
2022-01-24,43.44039348589631,44.183992780094115,43.18888257337026,44.085575103759766,956180
2022-01-25,43.877810031214096,44.28788302216002,43.850470163226426,43.899681091308594,1051953
2022-01-26,43.95982539624962,44.069176525076145,43.74111896711839,43.87234115600586,982305
2022-01-27,43.959830320077,44.15119690269699,43.74112386644903,44.036376953125,1081870
2022-01-28,44.03636864744243,44.615937094487535,44.01449758905686,44.353492736816406,10252501
2022-01-31,44.53393246758067,45.31580526568263,44.348034683441185,44.9494743347168,1211577
2022-02-01,45.10803577578826,45.92818188080259,44.95494250362219,45.479835510253906,1914520
2022-02-02,45.53451154427628,45.86803796407942,45.3814182705592,45.44156265258789,1016673
2022-02-03,45.62746196543246,45.98285946074822,45.44156417582425,45.72587966918945,2019567
2022-02-04,45.81883617577582,46.392936014565365,45.65480526670492,45.977394104003906,2382337
2022-02-07,46.108602345126975,46.201551210312616,45.84615382824545,45.92816925048828,826434
2022-02-08,45.928180415179526,46.31091358338122,45.660267197438344,46.20703125,1217231
2022-02-09,46.3327870421788,46.47494687121071,46.272642659568334,46.3874626159668,1569739
2022-02-10,46.584293476626925,47.02170636723915,45.791487305305566,45.9992561340332,5586259
2022-02-11,46.09220691996962,46.114073809093114,45.38141205058599,45.41968536376953,3011772
2022-02-14,45.38142310450691,46.037538396462274,45.25020088041169,45.671207427978516,3530082
2022-02-15,45.71493840911723,46.20155803577578,45.60011846960572,46.03206253051758,1524470
2022-02-16,46.11408470679753,46.36559987741697,45.769624806742804,45.85710906982422,2126160
2022-02-17,45.87349886975582,46.52961397878736,45.862561254101024,46.42573165893555,1151188
2022-02-18,46.39291995764014,47.705154261595645,46.39291995764014,47.49191665649414,2872386
2022-02-21,47.0490464719026,47.39897511754654,47.03810885526957,47.13105773925781,397990
2022-02-22,47.049044129123736,47.79264350695966,46.52961582336046,47.13652420043945,2338353
2022-02-23,47.13106545810016,47.40444751799977,46.85768339820056,47.344303131103516,895793
2022-02-24,46.96703489722036,47.37710795364869,46.474946395210594,47.15840148925781,2137587
2022-02-25,47.021706008623134,47.84185204365726,47.021706008623134,47.66141891479492,1668855
2022-02-28,47.56847758543245,48.66200580578722,47.382579790282115,48.39409255981445,1817361
2022-03-01,48.662001818638814,48.662001818638814,48.00588660877676,48.2464599609375,1376359
2022-03-02,47.984017842438355,48.22459120611464,47.847326819550865,48.05509567260742,877867
2022-03-03,48.115239299271984,48.55265223422057,47.70516623706228,48.37221908569336,537203
2022-03-04,48.333936654499794,49.203289380178134,48.333936654499794,49.04472732543945,1211634
2022-03-07,49.19782168959459,49.19782168959459,47.562994487821,48.16990280151367,2248420
2022-03-08,48.33394652731201,48.79869517083368,47.56847596484628,48.05509567260742,1480205
2022-03-09,48.05508780666939,49.07753799223961,48.05508780666939,49.03926467895508,1943275
2022-03-10,49.15408275988677,49.64617117741968,48.60731877851201,49.09940719604492,2147192
2022-03-11,48.99005221566197,49.334516195915505,48.66199465899806,49.00645446777344,2707032
2022-03-14,49.80556845276383,51.50802292577377,49.006452931906125,50.64521408081055,3806822
2022-03-15,50.67417800966983,50.75524707399514,50.10089823174172,50.402015686035156,962214
2022-03-16,50.37884942819161,50.58152207678751,50.08931581078821,50.181968688964844,614337
2022-03-17,50.199340114855644,50.257245954883324,49.793990398797064,49.904014587402344,530891
2022-03-18,49.62606778200782,52.110267126231975,49.51604799490307,51.2995719909668,3721406
2022-03-21,51.53118844858026,52.863044764319035,51.14321448821475,51.42695617675781,6465931
2022-03-22,51.5948931484096,51.71070925378649,51.259033069715656,51.5369873046875,2799991
2022-03-23,51.5369873046875,51.5369873046875,51.5369873046875,51.5369873046875,0
2022-03-24,51.53698103984225,52.347676007201486,51.247447438494824,52.23765182495117,1354123
2022-03-25,52.20291546740055,52.926749557581005,52.20291546740055,52.69512176513672,1918283
2022-03-28,52.78197929691228,52.78197929691228,52.11605109379399,52.67195510864258,776645
2022-03-29,52.781984001101264,53.04256251262131,52.57931133459314,52.753028869628906,1832489
2022-03-30,52.69511923785377,52.926747019189065,52.11605199348175,52.579307556152344,517181
2022-03-31,52.521397068273934,53.39578984048272,52.521397068273934,53.14099884033203,1417420
2022-04-01,52.73564980295844,53.563716076864004,52.13341938394238,52.451908111572266,1959997
2022-04-04,51.88442305622728,52.69511806387334,51.536983600931066,52.41716384887695,747892
2022-04-05,52.28977513442876,53.60425586544065,52.28977513442876,53.38999938964844,2020261
2022-04-06,53.39578224559093,54.403357866066955,53.38999033697521,53.72005844116211,2414208
2022-04-07,53.85324613301178,54.57708008641248,53.274178970291224,53.45948028564453,1292159
2022-04-08,53.28576971671048,53.85325760091159,53.100468361897775,53.39579391479492,1615027
2022-04-11,54.37440956461819,54.57708219581732,53.50580878696593,54.05012893676758,3704900
2022-04-12,54.322292397646386,54.54812825129465,53.85324938128956,54.385990142822266,909603
2022-04-13,54.34545090544079,55.06928483976454,53.88219983823263,54.30491638183594,3266291
2022-04-14,54.142790500834906,54.94190175413476,54.142790500834906,54.7276496887207,1168290
2022-04-15,55.011379312243534,55.011379312243534,54.43231216158834,54.55970764160156,998160
2022-04-18,54.43231620251674,54.7797556351166,54.11382747883982,54.40915298461914,1216903
2022-04-19,54.66394343534063,56.05949306121224,54.40915245886115,55.74100875854492,7999936
2022-04-20,55.90894304644625,56.05370985452308,55.01138706919692,55.20248031616211,2021276
2022-04-21,55.59045987510031,56.9396877219561,55.532554029650306,56.18110656738281,3450156
2022-04-22,56.57487012231353,56.57487012231353,55.51518038313823,55.61362075805664,1073984
2022-04-25,56.16373983272511,57.64615522106805,55.66574156899061,57.31029510498047,3331907
2022-04-26,57.327658356007134,59.296487910406015,57.21763416360567,58.49158477783203,3529401
2022-04-27,59.40407794444095,59.94912529612323,57.71994171405731,58.191497802734375,2282966
2022-04-28,58.197623086557236,58.846779554831855,56.225651921788995,58.271114349365234,2105185
2022-04-29,58.27111434936523,58.27111434936523,58.27111434936523,58.271114349365234,0
2022-05-02,58.27111434936523,58.27111434936523,58.27111434936523,58.271114349365234,0
2022-05-03,58.27111434936523,58.27111434936523,58.27111434936523,58.271114349365234,0
2022-05-04,58.27111434936523,58.27111434936523,58.27111434936523,58.271114349365234,0
2022-05-05,58.27111434936523,58.27111434936523,58.27111434936523,58.271114349365234,0
2022-05-06,57.90366712525005,58.332354475556315,57.566838012622505,57.64645004272461,733383
2022-05-09,57.873047679643236,57.873047679643236,55.72960146928608,56.20728302001953,2625545
2022-05-10,56.22564954086512,56.82581648086154,56.20727789402652,56.33588409423828,805505
2022-05-11,56.04192438856518,56.21952474919465,54.510891630388215,55.71734619140625,2676999
2022-05-12,55.71734731157011,55.71734731157011,54.1373203520041,54.92733383178711,1985288
2022-05-13,54.994696417696495,55.411137498723285,54.19855754527025,55.04368591308594,1844672
2022-05-16,54.53539506720848,54.53539506720848,53.37180910099711,54.37004089355469,8319330
2022-05-17,54.38228284619506,54.74360431717165,53.89235051800409,54.49863815307617,4372771
2022-05-18,54.627245333435546,55.53974419451139,54.22305512680215,55.22128677368164,996449
2022-05-19,55.2274184476331,56.02355741724572,55.03144642512959,55.76021957397461,1081627
2022-05-20,55.72960018696846,56.02968134125796,55.515256505333106,55.63773727416992,883854
2022-05-23,55.27028471618789,55.27028471618789,54.45577413585056,54.52313995361328,1100062
2022-05-24,54.41290866325842,54.780355627030225,53.89848384844622,54.01483917236328,1357271
2022-05-25,53.892357175677745,53.892357175677745,50.84866307397675,52.01224899291992,5985362
2022-05-26,51.75503783590314,52.973738724902454,51.36309378444263,52.60016632080078,1995143
2022-05-27,52.97373101849662,54.13731679614567,52.97373101849662,53.335052490234375,1749331
2022-05-30,53.892359024671634,54.076084844828785,53.31056838141016,53.45754623413086,685100
2022-05-31,53.01048541262113,53.45754910711462,52.6736609540199,53.10234832763672,1121003
2022-06-01,53.24931804821204,56.18890284529474,53.00435654207284,54.749732971191406,4254807
2022-06-02,54.566012922533524,54.902842037501095,54.1434510092508,54.37004089355469,1121689
2022-06-03,54.137330066187424,54.137330066187424,52.65529118190745,53.46367645263672,1135695
2022-06-06,53.0656001872145,54.137323195781214,52.9124969002764,53.855613708496094,700936
2022-06-07,54.13732041591258,54.1924353536563,53.65351349334995,53.80049133300781,438590
2022-06-08,54.063829124080776,54.25980113427514,53.59839384774119,54.167938232421875,584337
2022-06-09,54.167941888357596,54.53539352057091,53.67801416597583,53.89848327636719,610623
2022-06-10,54.16793774526703,54.50476682491932,53.67801006035789,54.382286071777344,464947
2022-06-13,54.50476132671177,54.566001697105094,53.77598830371119,53.88622283935547,730586
2022-06-14,54.19856268659548,54.31492267790806,53.769875359140904,54.18019104003906,658487
2022-06-15,54.321040832155866,54.65786991062562,54.04545680238332,54.437400817871094,294629
2022-06-16,54.106695038363895,55.42338410346695,54.04545466443048,54.89058303833008,1454325
2022-06-17,54.99470854723523,55.239670095233755,54.627256880553375,54.817108154296875,1014050
2022-06-20,55.05593908789786,55.15392275510523,54.51701256506314,54.55376052856445,675735
2022-06-21,54.566002466577174,55.821451102877624,54.566002466577174,55.46012496948242,1297551
2022-06-22,55.852071910218214,56.40324462540177,55.72346572206556,55.827579498291016,1974175
2022-06-23,55.76022056242031,56.299142465772874,55.76022056242031,56.072547912597656,1689519
2022-06-24,56.035802658830036,56.15828341865591,52.05511722404976,53.9903450012207,3874324
2022-06-27,54.44353256926952,56.219531723545785,54.10670345174856,54.56601333618164,1046162
2022-06-28,54.810980591375895,55.01919883357994,53.91073245308252,54.20469284057617,1143800
2022-06-29,54.25980224996567,54.780352474716004,53.73925202521533,54.48639678955078,2069644
2022-06-30,54.20468592049656,54.96407687208938,54.045457202917966,54.284297943115234,2437595
2022-07-01,55.12943155561016,56.12766801387872,55.12943155561016,55.551998138427734,1903952
2022-07-04,55.36214164026455,55.72958854233927,54.5108878593941,54.95794677734375,636553
2022-07-05,54.99470417156329,55.09881328841339,54.1679426596527,54.308799743652344,1653327
2022-07-06,54.804845277231216,54.804845277231216,54.16793511269616,54.29042053222656,1784127
2022-07-07,54.627256454315095,55.117188891173434,53.837247525202564,54.970211029052734,2396926
2022-07-08,54.97021102905273,54.97021102905273,54.97021102905273,54.970211029052734,0
2022-07-11,54.97021102905273,54.97021102905273,54.97021102905273,54.970211029052734,0
2022-07-12,54.97021102905273,54.97021102905273,54.97021102905273,54.970211029052734,0
2022-07-13,54.8722186034796,55.04369354196103,54.32104582097385,54.694618225097656,971263
2022-07-14,55.11719312041132,55.72960637730478,54.81098649196459,55.496891021728516,1216318
2022-07-15,55.60711253576401,55.60711253576401,55.11718017637087,55.34989547729492,705845
2022-07-18,54.688496694238964,55.233544029236846,54.688496694238964,54.982452392578125,1366653
2022-07-19,54.96407249646309,55.11717576246995,53.12683330438076,53.7392463684082,1637769
2022-07-20,53.89236122969054,53.89236122969054,52.36745368042435,52.67366027832031,1997248
2022-07-21,52.422568089564365,52.967615454461466,50.29137280650063,50.78742599487305,2383588
2022-07-22,51.136496295444125,52.05511598937426,50.34035735843479,51.944881439208984,1669421
2022-07-25,51.74278648013168,52.6062912767866,51.381464959154044,52.42256546020508,287546
2022-07-26,51.93263484926635,53.18807895163602,51.93263484926635,52.447059631347656,875061
2022-07-27,52.936993781024256,52.979862514306575,50.891531445867315,51.448829650878906,1956832
2022-07-28,52.03675708526039,52.97374865493472,47.95196163403976,49.213531494140625,8106151
2022-07-29,48.77870759854161,48.99305126335047,48.20303775104797,48.380638122558594,3097627
2022-08-01,48.0744353838462,48.56436780446544,47.155815599441496,47.33341598510742,2314076
2022-08-02,47.15581743756143,49.54422990458165,46.84961083082402,48.6990966796875,4253520
2022-08-03,48.99305565510818,49.58709720250106,48.74808944236426,48.888946533203125,977458
2022-08-04,48.99304681728897,49.89329480013122,48.99304681728897,49.34824752807617,1254257
2022-08-05,49.115532115344436,49.36049830659219,48.47862655937835,49.06041717529297,1707895
2022-08-08,49.06041717529297,49.06041717529297,49.06041717529297,49.06041717529297,0
2022-08-09,49.06041717529297,49.06041717529297,49.06041717529297,49.06041717529297,0
2022-08-10,49.08492036898242,49.605470669939294,48.686850842718194,48.93794250488281,1986954
2022-08-11,48.99305591987785,49.60546911887632,47.79885205076759,48.09280776977539,1735239
2022-08-12,48.380633578628554,48.91955540986671,48.013186663132494,48.6684684753418,959333
2022-08-15,48.59497996870578,49.10940941733605,48.3806363119187,49.04816436767578,1295799
2022-08-16,49.04817004364764,49.5136053753475,48.993055099384904,49.078792572021484,2053633
2022-08-17,49.02367478028402,49.26863630367921,48.99305225368884,49.08491516113281,1745612
2022-08-18,48.98692321777344,49.22576395618955,48.83994538005764,48.98692321777344,849984
2022-08-19,48.809325673109896,49.26863553078285,48.7480852932218,49.02367401123047,429225
2022-08-22,48.72358334717288,48.993046598614384,48.38675895521202,48.68684005737305,402994
2022-08-23,48.74195686776466,50.27911507220471,48.74195686776466,50.150508880615234,2763194
2022-08-24,50.18725431707918,50.4873401159563,49.91167027651352,50.06477355957031,1694123
2022-08-25,50.095395158868,50.095395158868,49.605462793208424,49.691200256347656,994247
2022-08-26,49.69732573476503,50.187253428467294,49.28088462533038,49.323753356933594,1106280
2022-08-29,49.60546063431731,51.53456281567565,48.686840992941065,50.903778076171875,6608766
2022-08-30,51.68154920751617,52.05512163065291,50.0954012734945,50.266876220703125,655587
2022-08-31,50.26687840977228,52.055123897598264,49.93004926855687,51.497825622558594,1562697
2022-09-01,51.90202021927175,51.96326060659599,50.83642252833539,50.95277786254883,491356
2022-09-02,51.13650006085828,51.41208412039328,50.891533856637324,51.246734619140625,530962
2022-09-05,50.87928377657477,51.2589769254943,50.830289604991165,50.9160270690918,584030
2022-09-06,50.83028817756452,51.42432964239499,50.27911544358051,50.36485290527344,320823
2022-09-07,50.76905190302359,50.76905190302359,49.39112229289996,49.59321975708008,561902
2022-09-08,49.85042227972309,49.85042227972309,48.77869946210397,49.329872131347656,1888277
2022-09-09,49.4829763789107,50.15662980039516,48.99304406928157,49.66057205200195,7325569
2022-09-12,50.028035332734866,50.06477862923995,49.36662796159203,49.95454406738281,1526322
2022-09-13,49.648341237037776,50.08927951791993,49.30539131739265,49.623844146728516,495223
2022-09-14,49.623835165620314,50.21175120961252,49.329879479794904,50.11988830566406,1522037
2022-09-15,50.09539717992519,50.27911832020362,49.00529785597056,49.29313278198242,1320236
2022-09-16,49.299262169349035,50.12601904765856,48.98693013182165,49.25639343261719,1707796
2022-09-19,49.256395621028425,49.599345530120104,48.392890735482766,48.82158279418945,1394724
2022-09-20,48.9195624642307,48.98080751926264,48.44188093796845,48.527618408203125,423927
2022-09-21,48.53986518116354,48.83994630159489,47.46201678211416,47.57837677001953,1596247
2022-09-22,47.61512603405101,47.76822933319586,46.78836915313715,47.492645263671875,1127403
2022-09-23,47.6763676554308,47.82334551816509,47.19868609728784,47.73148727416992,638898
2022-09-26,47.95194518397003,47.95194518397003,47.155806325128886,47.2476692199707,617296
2022-09-27,47.24767223316977,49.084911557811445,47.063946431769125,48.98692321777344,1743765
2022-09-28,49.268634657230216,49.268634657230216,47.768224351038015,47.89070510864258,652294
2022-09-29,47.89070642043648,48.503119569916954,47.651865665926415,47.76210021972656,308894
2022-09-30,47.76822940833466,48.25816183530562,47.46202280956328,47.78047561645508,956307
2022-10-03,47.78048135683539,48.13568217544631,47.5661376464124,47.79273223876953,677898
2022-10-04,47.82946693994302,48.037689844302015,47.5845007410731,47.786598205566406,980531
2022-10-05,48.22752857755014,49.054285275839966,47.82333371436705,48.96854782104492,1810380
2022-10-06,49.1461503877999,51.19773330129592,49.04204128404118,50.70780563354492,2441737
2022-10-07,50.69555701693085,51.197735585375376,49.91166897568488,50.19337844848633,1124616
2022-10-10,50.46284882029576,50.46284882029576,49.317634449581575,49.35437774658203,826029
2022-10-11,49.54422841430461,50.32811655639852,49.17678143174083,49.93617248535156,1613954
2022-10-12,49.97290973128245,50.830289035016044,49.611588232673036,49.691200256347656,1582544
2022-10-13,49.79531790891568,49.97291830512962,49.61771751270174,49.71570587158203,515419
2022-10-14,49.60545769564507,49.911664224630535,49.36049153798854,49.452354431152344,621314
2022-10-17,49.59934483569588,49.850436495866894,49.51360735962334,49.72795104980469,372411
2022-10-18,49.672831371199834,49.91167212784021,49.6054655503688,49.74632263183594,621538
2022-10-19,50.03415247479457,50.095397527654,49.7034534855296,49.8994255065918,771697
2022-10-20,49.6728361033332,50.14439222173216,49.605470276084496,49.72795104980469,1011612
2022-10-21,49.66670024235052,50.279113327144834,49.305378765045575,50.0831413269043,1728061
2022-10-24,50.85873783537232,51.329179802274695,50.083141307340135,51.10031509399414,2087076
2022-10-25,50.77609224842231,51.97127079710987,50.77609224842231,51.54533004760742,3741384
2022-10-26,51.335539991622774,51.653407112313936,50.922311764670795,51.36732864379883,2808617
2022-10-27,51.30376124420112,52.35272391504919,51.208404969798075,52.09207534790039,2102416
2022-10-28,52.092076181420076,52.09843003296976,51.50084301931951,51.672489166259766,397000
2022-10-31,51.189317929317994,51.81233960717834,51.189317929317994,51.32282638549805,222984
2022-11-01,51.27196753753801,51.615264609916544,51.18296513176587,51.36732864379883,437638
2022-11-02,51.774205303433966,52.11750242311014,51.30375840780292,51.81870651245117,395429
2022-11-03,51.7360631857437,52.13022025572511,51.52627452213814,51.82506561279297,168083
2022-11-04,51.52627452213814,52.066647786442566,51.367340923797514,51.82506561279297,372681
2022-11-07,51.983998192936504,51.983998192936504,51.38641117306312,51.608917236328125,380474
2022-11-08,51.52627452213814,52.066647786442566,51.52627452213814,51.82506561279297,242449
2022-11-09,51.82506561279297,51.82506561279297,51.82506561279297,51.82506561279297,0
2022-11-10,51.685199992991755,52.18107196579578,51.685199992991755,52.10478210449219,542505
2022-11-11,51.90770405354837,52.123851376961746,51.81234294310877,51.94584655761719,724860
2022-11-14,51.87593148182307,51.87593148182307,51.5262804355074,51.742427825927734,327928
2022-11-15,51.602545404325895,51.939483764432545,51.589832854060454,51.86955261230469,318657
2022-11-16,51.59620098044956,52.06664303049079,51.59620098044956,51.926780700683594,790308
2022-11-17,51.971287056792335,51.971287056792335,51.78056479721045,51.831424713134766,1021548
2022-11-18,51.831412364017545,51.93948602190615,51.55804644389099,51.93313217163086,541115
2022-11-21,51.93314955794356,52.12386698566631,51.62163618053907,51.805999755859375,743223
2022-11-22,51.6534147424972,51.996711865587194,51.6534147424972,51.926780700683594,506167
2022-11-23,52.060282876162724,52.060282876162724,51.780558224354905,51.875919342041016,498109
2022-11-24,51.570766063534414,52.03484936749957,51.43090374718296,51.952205657958984,813753
2022-11-25,51.97127638316345,52.034848839878336,51.81234281624246,52.015777587890625,230116
2022-11-28,51.49447882492548,51.65341240154562,51.01767809506506,51.20204162597656,2330439
2022-11-29,51.30375384111778,51.6534096310349,50.93503164933961,51.63433837890625,703161
2022-11-30,51.78055783810375,51.90770761082609,51.494479337447316,51.697914123535156,828195
2022-12-01,51.81870335038795,52.03485068091957,51.653411076867016,51.85684585571289,234331
2022-12-02,51.558056387186674,51.971284697341524,51.43091145341671,51.66613006591797,460370
2022-12-05,51.68519761164618,52.028489846026154,51.50083409302433,51.55168914794922,428551
2022-12-06,51.7805503187097,51.81233896984102,51.430899407601146,51.62797546386719,1029086
2022-12-07,51.564410499877624,51.81234649385131,51.494479337447316,51.697914123535156,1002201
2022-12-08,51.8759259270014,51.9267858429257,51.57077613199263,51.831424713134766,269912
2022-12-09,51.68519592285156,52.32093016618175,51.55804616402511,51.68519592285156,725154
2022-12-12,51.685200120772556,51.964919912375144,51.52626654703128,51.64705276489258,137587
2022-12-13,51.5707685364768,52.352719015003444,51.56440983535566,52.219215393066406,377947
2022-12-14,51.964917682411695,52.13020995008444,51.532618186375906,52.015777587890625,271460
2022-12-15,52.22556841646144,52.63879663959056,50.42008066549958,50.58537292480469,2619687
2022-12-16,50.79516657563248,51.20839480029954,50.731594121899235,51.11939239501953,709145
2022-12-19,51.049469651091435,51.14482592226732,50.79517494399679,50.8714599609375,229850
2022-12-20,50.85874653181886,50.85874653181886,49.26941070269952,50.19758224487305,1271107
2022-12-21,50.095862015789514,50.68709507617566,49.89242724502587,49.97507095336914,522243
2022-12-22,49.84157259224988,50.21029966882536,49.55548923272696,49.809783935546875,1388830
2022-12-23,49.58727435424025,49.90514149753666,49.23761855650712,49.49827194213867,1072440
2022-12-26,49.89878305642777,50.18486639704484,49.58727461245016,49.91785430908203,376336
2022-12-27,50.00049554615566,50.00049554615566,48.35394145437785,48.51923370361328,2135618
2022-12-28,48.62730480276039,48.62730480276039,47.425767621897194,47.62284851074219,1713219
2022-12-29,47.83900134385982,49.39654828471578,47.699139035648955,49.110469818115234,904296
2022-12-30,49.11683047888565,49.58727247506133,48.665459734542196,48.88160705566406,620014
2023-01-02,48.945188621489926,51.30376259231116,48.945188621489926,50.731605529785156,1549597
2023-01-03,51.144825404350335,51.144825404350335,50.381946141059814,50.76338577270508,698470
2023-01-04,50.69980018740136,51.170242116332005,50.69980018740136,50.85237503051758,239447
2023-01-05,51.170242116332005,51.170242116332005,50.540866644494145,50.85237503051758,809828
2023-01-06,50.73159986979168,51.36097547851352,50.73159986979168,50.890533447265625,1002386
2023-01-09,50.795167070851925,50.95410063186819,50.2230052811399,50.83966827392578,268270
2023-01-10,51.017669138566305,51.494469784721126,50.826946939997576,50.90959548950195,588557
2023-01-11,51.14481905555949,51.17660770852891,50.19121766968628,50.88417053222656,696162
2023-01-12,50.85874294054301,51.157538831361535,50.19121999934131,50.273868560791016,898347
2023-01-13,50.223008635678084,50.50908712450842,49.466483282624615,49.669918060302734,873124
2023-01-16,50.00050058640395,50.00050058640395,48.47473739029525,48.9515380859375,503798
2023-01-17,49.17404848469833,49.17404848469833,47.68007380874459,48.284019470214844,1544902
2023-01-18,48.25223499259778,49.70170844015704,48.24587629143681,49.409271240234375,944686
2023-01-19,49.0850365927899,49.96870673543817,49.0850365927899,49.21854019165039,778609
2023-01-20,49.55549309340948,49.619070411768554,48.12509073516172,48.32852554321289,916441
2023-01-23,48.32852161124092,48.88797092556657,47.947081983462176,48.226806640625,399545
2023-01-24,48.195003778039535,48.951528959498916,48.195003778039535,48.72902297973633,441222
2023-01-25,48.856181729040095,49.17404889038749,48.32852107713912,48.50653076171875,4789938
2023-01-26,48.57009909129236,50.79516903140147,48.50652663448561,50.61080551147461,6019882
2023-01-27,50.66802031564921,50.85874254028233,49.65084643489709,50.095863342285156,962927
2023-01-30,50.095863068306585,50.852383561273804,49.90514084471654,50.191219329833984,408877
2023-01-31,50.22300663733952,52.13020942103596,49.911498207410666,51.9077033996582,2415203
2023-02-01,52.123865449359705,53.33176185707815,52.00307920377607,52.14293670654297,809383
2023-02-02,52.06027971775549,52.435365464493614,51.716982625073484,52.130210876464844,516322
2023-02-03,52.28913769333114,52.38449879291646,51.65340349645174,52.02848434448242,235056
2023-02-06,52.047566007243695,52.98845000303352,51.55804790717934,52.54343795776367,896019
2023-02-07,52.575220186112944,53.02023706832118,52.00306324512252,52.734153747558594,699754
2023-02-08,52.51165192780591,53.38896836126355,52.51165192780591,52.740516662597656,1147424
2023-02-09,52.70236905078331,54.863866419805184,52.13020726923821,54.41249084472656,4470983
2023-02-10,54.0056336606304,54.80030163592083,53.33811547154748,53.967491149902344,1936039
2023-02-13,53.96112311182269,54.9846556749295,53.47160985785609,54.05648422241211,1103286
2023-02-14,54.228123449883505,56.008176110970666,54.02468872146593,55.569522857666016,2177095
2023-02-15,55.62674923719113,55.944616375689364,55.1181598754869,55.71575164794922,764425
2023-02-16,55.63311686928711,55.715760592467795,54.68586915230006,54.74308776855469,976682
2023-02-17,54.921078007599284,55.499598466761356,54.55235100177734,54.99736785888672,1366376
2023-02-20,54.80029760781065,54.99101984796863,54.06920700449718,54.20906448364258,1022184
2023-02-21,54.66043734886686,54.66043734886686,54.234491680878236,54.4697151184082,295944
2023-02-22,54.35528985765215,54.60958458142585,54.22814492089952,54.36164855957031,365249
2023-02-23,54.36798529015354,54.36798529015354,53.81489965415697,54.304412841796875,633739
2023-02-24,54.34891841153277,54.603213075677274,54.03740999434609,54.45699691772461,369915
2023-02-27,54.16455470994665,54.450638024948844,53.814903791967,53.922977447509766,521057
2023-02-28,54.03106273642672,54.03106273642672,53.560620660804574,53.68141174316406,663312
2023-03-01,53.68140844452817,54.35528528308651,53.40168378689201,53.78948211669922,559533
2023-03-02,54.10098843091947,56.02726260064569,53.7831212781523,55.81111526489258,2782464
2023-03-03,55.63310871896457,55.92554590845581,55.245310416531744,55.683963775634766,444740
2023-03-06,55.30887363518141,55.849246717885556,55.054578993242146,55.14358139038086,279124
2023-03-07,55.30888326762968,55.404244381248105,54.87658375612485,55.30252456665039,1680467
2023-03-08,55.40423844214378,55.43602224309768,55.14994378317655,55.21351623535156,798464
2023-03-09,55.62675238337165,56.25612799511993,55.022806726173634,55.84925842285156,835759
2023-03-10,55.912842998749454,57.21610056278718,55.308897210694276,56.910945892333984,2127584
2023-03-13,56.898213000213346,57.53394722367941,56.61848838980276,57.22243881225586,2222651
2023-03-14,57.502171000225744,57.502171000225744,56.89822529751031,57.120731353759766,715890
2023-03-15,57.08893191905232,57.34322171357796,56.90456842283439,57.15886306762695,1061939
2023-03-16,57.216079517726186,58.36040304818757,57.12071841514321,57.74374008178711,1432422
2023-03-17,57.69288914116299,57.85182272006427,56.42142050995279,57.08894348144531,2355317
2023-03-20,56.987955368004386,57.76215778322689,55.89733938981049,56.045448303222656,1084140
2023-03-21,55.809827275881474,55.877148113828724,55.203929461854884,55.5405387878418,1188078
2023-03-22,55.271241421460665,55.54052986624394,55.00195297667739,55.156795501708984,379451
2023-03-23,55.156795501708984,55.156795501708984,55.156795501708984,55.156795501708984,0
2023-03-24,54.96829436295516,55.37222445635949,54.194092021117804,54.28160858154297,215069
2023-03-27,54.35567572208347,55.13661186974641,53.89115831752631,54.90771484375,2179404
2023-03-28,55.15680167220325,55.52034034289294,55.06928510076424,55.19719314575195,425887
2023-03-29,55.500141484382134,56.55036082757999,55.203923665018564,56.0723762512207,236901
2023-03-30,56.31474293802222,56.38206377796962,55.61459490281733,55.84348678588867,451510
2023-03-31,55.87714408069349,57.66117440690545,55.87714408069349,57.10240173339844,734764
2023-04-03,57.22358326736843,57.560192580705895,57.0552786106997,57.210121154785156,239597
2023-04-04,57.22358181413823,57.82947959000859,57.02161417676464,57.50633239746094,305083
2023-04-05,57.863140762308106,57.863140762308106,57.18992211406135,57.35822677612305,1088601
2023-04-06,57.290895771049016,57.66116801637224,57.223574945422,57.48612976074219,788873
2023-04-07,57.42556097115902,57.762170343472384,56.920646912688994,56.99470138549805,603203
2023-04-10,57.35821972127459,57.56018734540761,57.16299085719605,57.49286651611328,390697
2023-04-11,57.49287629232984,57.560197133071554,57.15626695237036,57.44575119018555,140115
2023-04-12,57.230321179310494,58.50270406814919,57.22358755438914,58.36805725097656,517927
2023-04-13,58.57001109882215,58.70465274799773,57.96411340503268,58.31418991088867,862693
2023-04-14,58.31418991088867,58.31418991088867,58.31418991088867,58.31418991088867,0
2023-04-17,58.87296767517309,59.034543845945,57.99778652995288,58.18628692626953,904606
2023-04-18,58.23340161066362,58.77197847774766,58.05836335842386,58.49595642089844,517325
2023-04-19,58.73832107186878,59.27016436611881,58.24686924879592,58.78544616699219,880982
2023-04-20,59.236506902855005,59.51252901162174,58.570021885071604,59.08839797973633,1420767
2023-04-21,59.08839797973633,59.08839797973633,59.08839797973633,59.08839797973633,0
2023-04-24,59.08839797973633,59.08839797973633,59.08839797973633,59.08839797973633,0
2023-04-25,59.08839797973633,59.08839797973633,59.08839797973633,59.08839797973633,0
2023-04-26,59.42496296910095,59.59324455219438,58.548488589025716,58.71677017211914,1079842
2023-04-27,58.89907860176049,59.179551474541036,58.55550214113125,58.864017486572266,987256
2023-04-28,59.00425477062088,59.00425477062088,58.61860391379283,58.88505554199219,410313
2023-05-01,58.88505554199219,58.88505554199219,58.88505554199219,58.88505554199219,0
2023-05-02,58.88505580578994,59.64933888055951,58.54848729745268,59.03230285644531,1293696
2023-05-03,58.941146337150904,59.42496189809675,58.899077279529514,59.34783172607422,331762
2023-05-04,59.24967389149356,62.475098855908264,59.24967389149356,61.14285659790039,1821198
2023-05-05,61.01663453349932,61.7739096376489,60.40661182424669,60.967552185058594,916667
2023-05-08,61.24101151641721,61.7037925281744,60.86237931534737,61.00261306762695,1756505
2023-05-09,60.99558735696596,60.99558735696596,60.09106539506366,60.3785514831543,726333
2023-05-10,60.21729202407276,60.66604646485326,59.81761993307842,59.95785903930664,445422
2023-05-11,59.810617147645864,60.23132380345986,59.62129567530558,60.0069465637207,326174
2023-05-12,60.02096778271501,60.0560288996787,59.74049489573157,59.82463836669922,446533
2023-05-15,60.29441503554383,60.29441503554383,59.25667252055454,60.070037841796875,621754
2023-05-16,60.23131750918934,60.995600563265484,59.88072777438565,60.574893951416016,456073
2023-05-17,60.51179061791988,60.897436118058515,60.30143463633529,60.371551513671875,570390
2023-05-18,60.785249392073645,60.785249392073645,60.161200097633504,60.280399322509766,217441
2023-05-19,60.09108034437771,60.48374449773813,59.78957294873533,60.06303787231445,252226
2023-05-22,60.091088785541785,60.30144480259042,59.60026521186262,59.621299743652344,638320
2023-05-23,59.93681780525389,59.93681780525389,58.89205664164359,59.31276321411133,480350
2023-05-24,58.98322016223897,59.52312601149331,58.96919357678696,59.039310455322266,292128
2023-05-25,59.35484582802538,59.53014070327083,59.109434072596756,59.27070236206055,217835
2023-05-26,59.17956026388012,59.42497205792096,58.68873132622256,58.94816970825195,537616
2023-05-29,59.10943647751537,60.79226306867893,58.92011500878554,59.74049377441406,1002816
2023-05-30,59.733481762679,60.02096256842012,59.60025594928135,59.94383239746094,218341
2023-05-31,59.950849262265756,60.65202878580103,59.67738967605302,60.32948684692383,1191602
2023-06-01,60.47673578926589,60.630996145182166,59.9157900131295,60.32247543334961,419365
2023-06-02,60.476730591935144,60.476730591935144,59.77555110681126,59.92279815673828,251647
2023-06-05,59.95083862783818,60.25935927533059,59.81060488783669,60.070037841796875,390120
2023-06-06,60.05602269798054,60.652024177789514,59.88774112299825,60.58892059326172,743848
2023-06-07,60.65201648037748,60.65201648037748,60.371543657952245,60.4066047668457,340780
2023-06-08,60.44868388045241,60.44868388045241,59.98590819355279,60.17522430419922,523656
2023-06-09,60.12614146487203,60.525813561501,59.77555171872117,60.41362762451172,815079
2023-06-12,60.392589312942654,60.392589312942654,59.84567015068988,59.894752502441406,203260
2023-06-13,59.95786362740085,60.266378985561325,59.46002679873874,59.516117095947266,362531
2023-06-14,59.26368912383135,59.84566939408105,58.82896125654969,58.934139251708984,567031
2023-06-15,58.934137268062045,58.934137268062045,58.19789667630296,58.39422607421875,339023
2023-06-16,58.338137295389025,58.520445479005225,57.5037372560822,57.77018356323242,596896
2023-06-19,58.1628344127514,58.1628344127514,56.77450206946432,56.921749114990234,890226
2023-06-20,56.93576431324347,56.970825422563955,56.10136447707268,56.76748275756836,521502
2023-06-21,56.86565644596243,57.00589555586992,56.30471605505762,56.46598434448242,253850
2023-06-22,55.470308081985756,56.48000822668736,55.470308081985756,56.19953536987305,604590
2023-06-23,55.610546413515365,56.487020819728,55.610546413515365,56.12240982055664,560032
2023-06-26,56.09436090143557,59.214607586747874,56.09436090143557,58.85700988769531,1767678
2023-06-27,58.1978909017828,59.42495486657942,57.35647775146628,57.86833572387695,1361451
2023-06-28,57.86833572387695,57.86833572387695,57.86833572387695,57.86833572387695,0
2023-06-29,57.86833572387695,57.86833572387695,57.86833572387695,57.86833572387695,0
2023-06-30,57.86833572387695,57.86833572387695,57.86833572387695,57.86833572387695,0
2023-07-03,62.138524901000686,62.19461519142879,60.336493925115185,61.079742431640625,2285289
2023-07-04,61.00262031083894,61.00262031083894,58.33813590455836,58.60458755493164,2110148
2023-07-05,58.211912141155956,59.2145989093163,57.58085495315136,57.70005416870117,1902381
2023-07-06,58.33814003606742,58.68872983279758,57.91743334990639,58.232967376708984,1486866
2023-07-07,58.19789831459655,58.23295942931487,57.84730856571343,58.071685791015625,809095
2023-07-10,58.527455743140756,58.58355138897696,58.12778362831451,58.225948333740234,835781
2023-07-11,58.23996573312066,59.004254145949844,58.23996573312066,58.39422607421875,1280791
2023-07-12,58.54848591586464,58.625616085755716,57.847306443818354,58.282039642333984,1415401
2023-07-13,58.23295969124918,58.688722087187244,57.57384924852022,58.21893310546875,1384430
2023-07-14,58.21894072983718,58.3732010961736,57.98755018033255,58.0366325378418,821970
2023-07-17,57.88938446004545,58.12778829921879,57.81225427821663,57.98054122924805,608380
2023-07-18,58.17686625959148,58.17686625959148,57.42660437905941,57.67201614379883,970914
2023-07-19,57.672012583753684,57.84029416210494,57.36349189879729,57.46866989135742,1488583
2023-07-20,57.601889712574874,58.15582208949278,57.36348593093614,57.49671173095703,2488114
2023-07-21,57.496716388524234,57.8473061226006,57.46165527528668,57.60189437866211,1349454
2023-07-24,57.60190007304094,57.84731184124023,57.39855736522572,57.594886779785156,765668
2023-07-25,57.566827004117776,58.12777265745814,56.802544034755115,57.98753356933594,1053265
2023-07-26,58.19790107578297,58.793902607246416,58.19790107578297,58.53446960449219,1603566
2023-07-27,58.534469604492195,58.534469604492195,58.534469604492195,58.53446960449219,0
2023-07-28,58.534469604492195,58.534469604492195,58.534469604492195,58.53446960449219,0
2023-07-31,57.650981068125326,57.98754424241737,57.28636472147121,57.54580307006836,1524023
2023-08-01,57.503729451838176,58.19789562466102,57.496716159303666,58.155826568603516,1123920
2023-08-02,58.19789608661039,58.583546935447984,57.85431964373907,58.0857048034668,1081815
2023-08-03,58.19088665333448,58.47135953022007,57.496720428963414,57.566837310791016,2358586
2023-08-04,57.60190061709048,57.98754615659597,57.040954841986554,57.188201904296875,2173868
2023-08-07,57.7632851581927,57.8724796267513,57.144523908175806,57.45026397705078,1157380
2023-08-08,57.45025837816354,57.50849616290068,56.81694051919494,57.02076721191406,751422
2023-08-09,57.14451845354369,57.32650736581612,56.65678950158018,56.744140625,1357185
2023-08-10,56.78783183531861,57.31923644345586,56.63496178829851,56.722312927246094,611872
2023-08-11,57.10084334292671,58.054463473532316,57.086281119667795,57.95983123779297,1735197
2023-08-14,57.95983123779297,57.95983123779297,57.95983123779297,57.95983123779297,0
2023-08-15,58.1272581898002,58.76786272341337,58.1272581898002,58.21461486816406,982978
2023-08-16,58.41115919845309,58.4839536519301,57.87247357809025,57.9161491394043,832819
2023-08-17,58.04718660136208,58.78242342152987,57.77056543170965,58.60771560668945,778706
2023-08-18,58.600433115449775,58.673227573765054,58.09086635338163,58.15637969970703,481771
2023-08-21,58.09814701994968,58.41844932933378,57.79968804845585,57.88703918457031,948454
2023-08-22,58.04719138831721,58.054472501078884,57.479386777864974,57.552181243896484,449117
2023-08-23,57.85792310049995,57.87247977120879,57.326512980914366,57.60313415527344,380265
2023-08-24,57.60313533993606,58.847938980944534,57.58129755649299,58.09086990356445,2579087
2023-08-25,58.16365956437407,58.236454021128274,57.79968172674202,58.047183990478516,906337
2023-08-28,57.945280669875046,58.07631293625712,57.632259453176864,57.73417282104492,184073
2023-08-29,57.83608464584558,57.83608464584558,56.853345451130515,57.028053283691406,414998
2023-08-30,57.07901393653243,57.39202958233305,56.61311713952608,56.75143051147461,422763
2023-08-31,56.91885821725375,56.91885821725375,55.65949240686811,55.98707580566406,1010668
2023-09-01,55.7250090791766,56.234575829550444,55.324631236839274,56.023468017578125,771979
2023-09-04,56.161779069977065,56.52575689213653,56.11809795469258,56.38744354248047,415445
2023-09-05,56.45296521244029,56.671348584150316,56.41656520689141,56.482078552246094,260164
2023-09-06,56.598560309233456,56.634960318758345,56.05259348953024,56.118106842041016,571637
2023-09-07,56.263693408848184,56.263693408848184,55.90699669191774,56.05258560180664,326320
2023-09-08,56.161792673559894,56.23458714485199,55.98708483168642,56.059879302978516,251656
2023-09-11,56.05986492129404,56.22729160692776,55.22999594296321,55.43382263183594,671785
2023-09-12,55.68861097542846,55.68861097542846,55.288233119420106,55.44110870361328,471739
2023-09-13,55.4702207974654,55.535739696912955,55.25911853689057,55.331912994384766,256803
2023-09-14,55.46294277986272,55.47021833758672,55.28822942499115,55.3537483215332,162079
2023-09-15,55.47022345185754,55.77596907414165,55.43382899829943,55.5139045715332,356666
2023-09-18,55.68133144311673,55.688612555394705,55.39742915675108,55.47750473022461,170383
2023-09-19,55.61581658326847,55.61581658326847,55.25183873331758,55.30279541015625,568170
2023-09-20,55.477504752968514,55.477504752968514,55.21544024946796,55.28823471069336,221127
2023-09-21,55.43382372861125,55.43382372861125,54.88785699238828,55.20087814331055,804476
2023-09-22,55.43382640940989,55.50662086698782,54.96065410436171,55.193599700927734,547323
2023-09-25,55.61581411511533,56.0161863999766,54.96065290350663,55.32463073730469,777162
2023-09-26,55.32463796312483,55.61582137896625,54.81507115079863,54.86602783203125,802853
2023-09-27,54.82963564866739,55.64494821862773,54.81507897503529,55.41200256347656,647260
2023-09-28,55.41200256347656,55.41200256347656,55.41200256347656,55.41200256347656,0
2023-09-29,55.41200256347656,55.41200256347656,55.41200256347656,55.41200256347656,0
2023-10-02,55.608544547304916,55.79781461525213,55.32464222231516,55.3755989074707,654428
2023-10-03,55.47022580220863,57.32651518202849,55.404712450711315,57.08628845214844,2212410
2023-10-04,57.43571187859062,59.08816904760304,56.92613950270606,58.7969856262207,2432917
2023-10-05,58.97168537790598,61.00995774863755,58.79697203315086,59.83067321777344,3360393
2023-10-06,59.84524506326093,60.12914737816123,59.546786076203006,59.72877502441406,799743
2023-10-09,59.58318334859889,60.60232261750352,59.08089760443146,60.165550231933594,682311
2023-10-10,60.05634736762954,60.79158420563566,60.05634736762954,60.565914154052734,1290246
2023-10-11,60.43488371647107,61.876238540285044,60.43488371647107,61.76704406738281,2467800
2023-10-12,61.87623726152125,65.21755140778988,61.366670470323896,64.59151458740234,9900552
2023-10-13,64.71526088501675,64.78805534204457,63.659721819599376,64.30760192871094,2382455
2023-10-16,64.53327170976944,64.72981729835179,63.62332711587495,64.05281829833984,1442153
2023-10-17,64.05282151149015,64.06010262368765,63.4631791623032,63.630611419677734,2060608
2023-10-18,63.47774357309797,63.69613253476195,63.04825231671734,63.303035736083984,1564006
2023-10-19,63.404933396418386,64.78805018530375,63.33213894518455,64.52598571777344,1685194
2023-10-20,64.4968750183705,66.24396983918727,64.31488609024086,65.75624084472656,3328902
2023-10-23,65.95278500547037,68.42055437279572,65.95278500547037,67.65620422363281,3934442
2023-10-24,68.48109065986651,69.56278013963552,67.74958620065699,68.27098083496094,1884765
2023-10-25,68.27097863272444,68.40327021958838,66.69123944602678,66.80018615722656,1346654
2023-10-26,66.65233110693462,67.08033433338616,66.146503714628,66.92469787597656,1105308
2023-10-27,66.92470105960079,67.19706784159929,66.6134221928237,67.08033752441406,738218
2023-10-30,66.97138609500064,68.47330102956003,66.96360842831314,68.26319122314453,1143971
2023-10-31,68.09198607764739,68.24762252810771,67.3137919510457,67.75736236572266,998365
2023-11-01,67.70289959506857,68.67564240534254,67.70289959506857,68.42662048339844,1392956
2023-11-02,68.52001048550567,68.63673488077718,67.70290409569706,68.09978485107422,573875
2023-11-03,68.09977829213943,68.55891003505698,67.71068117963951,68.12312316894531,412800
2023-11-06,68.09977584009201,68.87018643269971,68.0141740034522,68.75345611572266,1429568
2023-11-07,68.823496622355,71.86623284264465,68.823496622355,70.25537109375,3259549
2023-11-08,70.232030729381,71.74950713482303,70.084171922694,71.08804321289062,8411588
2023-11-09,71.08804321289062,71.08804321289062,71.08804321289062,71.08804321289062,0
2023-11-10,70.971304635948,76.37975758118898,70.971304635948,74.5510025024414,2825596
2023-11-13,74.71442420319822,79.37580563650873,74.71442420319822,78.87776184082031,6586730
2023-11-14,79.04118766224646,80.50419067650648,76.46536666218282,76.98675537109375,3478030
2023-11-15,76.9867549671321,77.69490862502727,73.96736350952986,75.43036651611328,1482332
2023-11-16,75.95174381507897,79.50809065404242,75.09573148301345,78.72989654541016,7139523
2023-11-17,78.79215375209503,79.06452050356118,75.60934268739791,76.03734588623047,1758501
2023-11-20,75.57044131653431,76.84667936468205,75.09574236649941,76.27859497070312,1337151
2023-11-21,76.4964823989769,77.03343229067373,75.9517429667289,76.09960174560547,611525
2023-11-22,76.09961255619992,77.43032394367842,76.09961255619992,76.2552490234375,2160832
2023-11-23,76.41867117252099,76.76886213905101,76.18521646531846,76.47314453125,838144
2023-11-24,76.65212489552488,76.83888983185302,75.52374573638996,76.10739135742188,2543078
2023-11-27,76.30194149572169,76.76885681489556,75.99066263722231,76.18521118164062,1713146
2023-11-28,76.3330716298648,78.59761976194746,76.3330716298648,78.50423431396484,7148610
2023-11-29,78.01396722042651,79.29798881597334,77.04900809127423,78.13848114013672,3356408
2023-11-30,77.90500409689325,79.7648873363993,77.90500409689325,78.53533935546875,2921068
2023-12-01,78.58205988578284,79.1812668604887,78.24743611267016,79.01006317138672,1092486
2023-12-04,79.18127133885066,79.92055356125701,78.55871351366007,78.85443115234375,2446322
2023-12-05,79.3758101140608,79.3758101140608,77.75716471819123,78.72212982177734,6315632
2023-12-06,78.98670965181697,79.64817352058436,78.55870047588783,78.81550598144531,2378404
2023-12-07,79.37581349123019,81.32129911601525,79.36802988632878,80.86216735839844,6740451
2023-12-08,81.32129212684069,85.60136013351651,81.32129212684069,84.65196228027344,8022357
2023-12-11,85.59356952920439,88.5584931613388,85.25116815393515,87.71025848388672,5648655
2023-12-12,87.70247389301478,89.8036015540027,87.70247389301478,89.27442932128906,2659301
2023-12-13,89.49232553736066,89.632400719166,84.04496659160826,85.69474029541016,5568049
2023-12-14,85.60136153450581,87.35229847498434,84.04497314296934,86.65970611572266,5966681
2023-12-15,87.07993129740292,88.01376195321266,85.99045824085788,87.59353637695312,3052430
2023-12-18,87.78808379678878,88.71413677352335,85.95154505176836,86.32508087158203,2227826
2023-12-19,86.84648807903783,86.84648807903783,82.48860091617944,83.76483917236328,4257120
2023-12-20,83.77259854634836,86.72973265209265,82.79985589238973,84.50409698486328,5763963
2023-12-21,85.328998265816,85.44572858741631,84.0449766025141,84.80760955810547,1409780
2023-12-22,84.80759838165825,85.44571732687399,83.65586846394812,83.91267395019531,1311071
2023-12-25,83.91267395019531,83.91267395019531,83.91267395019531,83.91267395019531,0
2023-12-26,83.61696461084917,84.5508012153252,80.16178639202455,81.0489273071289,3580379
2023-12-27,81.01002247924825,84.66753911774823,80.1540099679912,83.9671630859375,2705225
2023-12-28,84.83873871009199,87.07994206048906,84.20840323636843,85.68697357177734,3442565
2023-12-29,85.97489872226612,89.29778537846941,85.72587681316294,87.33673858642578,3979673
2024-01-01,87.66358508255871,90.34835292019889,87.66358508255871,89.97482299804688,2518691
2024-01-02,90.34834711237878,90.65962598559636,88.98650723705866,89.3678207397461,1484435
2024-01-03,89.10324426710636,90.65963281325669,88.71414713056878,90.16937255859375,1808192
2024-01-04,90.85417586878741,92.51172743248823,90.77635763363187,91.37556457519531,2796089
2024-01-05,91.74909989489302,91.74909989489302,89.88143257601325,91.32109069824219,989507
2024-01-08,91.8269178269521,96.79957841057517,90.97090537362251,94.58172607421875,4946862
2024-01-09,95.32878575027334,96.68284194260981,94.43386126804478,96.07585144042969,1882529
2024-01-10,96.41825981726649,96.4882944434366,94.23931374455692,94.76848602294922,1970341
2024-01-11,95.00973974148796,95.01752334693165,93.89692758624633,94.5116958618164,579611
2024-01-12,94.16929313592237,97.00191988980419,94.16929313592237,95.9046630859375,4231999
2024-01-15,96.49607741747474,96.80735627399343,93.25878680912082,93.55450439453125,1507186
2024-01-16,94.08368406075556,94.08368406075556,91.82691959513976,92.90082550048828,642443
2024-01-17,92.9086101595525,95.63229000896062,91.8269206371882,95.42218017578125,6132570
2024-01-18,95.5233508320469,95.6789873180125,93.81132573781984,94.5116958618164,2344364
2024-01-19,94.9007810825079,95.32879027082902,94.1614989613903,94.33270263671875,505878
2024-01-22,94.35604236537965,95.13423652921783,94.16149382442009,95.03307342529297,558328
2024-01-23,95.25097590495699,99.60886244970125,95.02529886351128,99.0174331665039,5102626
2024-01-24,99.60885151235688,101.54655922668135,98.46490515832562,99.03298950195312,4192497
2024-01-25,98.83067549653568,101.16525838228061,97.85793262747528,100.69055938720703,11294695
2024-01-26,100.23141931465906,101.2041621032829,99.21976443962997,99.90457916259766,5227550
2024-01-29,99.99796454423775,99.99796454423775,95.11090543707833,95.77236938476562,2212702
2024-01-30,95.71789209813237,97.2353685004375,94.47278249404212,94.82296752929688,1199993
2024-01-31,95.09533639793835,95.83462450879001,94.78406344300191,95.04086303710938,536473
2024-02-01,94.93969174484432,95.48442530622502,93.46112158761746,93.74127197265625,735646
2024-02-02,94.16149380296056,97.11863399973184,93.85021495006617,96.62059020996094,1090638
2024-02-06,97.27427198763557,98.96295192442483,96.22371103759917,98.37152862548828,872956
2024-02-07,98.83066642819337,100.19250631992044,97.6633750924273,99.4532241821289,947362
2024-02-08,99.4532241821289,99.4532241821289,99.4532241821289,99.4532241821289,0
2024-02-09,98.83067407881218,98.83067407881218,95.13425122940778,97.12642669677734,1424135
2024-02-12,96.87739890765899,96.87739890765899,93.5389449182665,94.45721435546875,1506655
2024-02-13,94.47276801572609,98.28592041780725,93.42220713381342,97.71005249023438,1820765
2024-02-14,97.66337692253445,101.00961452262905,97.66337692253445,100.18473052978516,4763095
2024-02-15,101.07963910662426,101.16524093931416,97.99020733722577,98.97073364257812,2672703
2024-02-16,101.64771734574671,104.66711448532251,99.02520682719175,101.07186126708984,10886102
2024-02-19,100.38705590495228,102.72163860041628,99.60886167313095,101.96678924560547,2123177
2024-02-20,102.33253410532734,103.03290411374235,100.62828696064327,101.11076354980469,1913074
2024-02-21,101.90453954768445,103.07183097864144,101.90453954768445,102.73721313476562,1974214
2024-02-22,102.76054506764135,106.25462937790006,102.08350804845391,105.01730346679688,3579931
2024-02-23,105.83440968172832,106.22350677614644,103.26636648370854,105.18850708007812,3154586
2024-02-26,105.21185189767402,106.22350671746243,104.3947456249872,105.35971069335938,1564344
2024-02-27,105.05622474027146,107.00171038360983,104.74495178705814,106.254638671875,878412
2024-02-28,106.48808420161201,110.50356884905774,105.83440396811164,109.1806411743164,5551847
2024-02-29,109.70203762248065,115.09491774349195,109.68647041363396,114.25447845458984,9034636
2024-03-01,114.16110447370873,116.30113885566897,112.56580374138687,114.1221923828125,4169314
2024-03-04,114.39453768914865,116.65129592785398,114.04435270373578,114.53460693359375,3133766
2024-03-05,115.08712455777354,115.09490222399755,113.61633818906516,114.58908081054688,1062272
2024-03-06,115.01710211172062,115.44511128533094,113.96653521961353,114.26225280761719,1223008
2024-03-07,113.8498154317165,114.31672483368467,112.9237624208395,113.6786117553711,408651
2024-03-08,114.00544612525327,115.56183446826014,113.26616403718515,114.58131408691406,477816
2024-03-11,114.78363035131395,115.56182445539065,114.38675563298271,114.86923217773438,505096
2024-03-12,114.51128269006534,115.32838905277342,114.51128269006534,114.74474334716797,233439
2024-03-13,114.83034641955372,115.63967512291896,114.20778861872716,114.4256820678711,746782
2024-03-14,114.4256945892517,115.85758125013206,114.4256945892517,115.31283569335938,4434394
2024-03-15,117.13898517676257,117.26238349817491,112.53240320578803,116.83462524414062,3161462
2024-03-18,116.80995953163948,119.02276992826395,116.3986568572323,117.92870330810547,2694558
2024-03-19,117.61610232102142,119.30244569700959,117.50917216731693,119.14614868164062,9633401
2024-03-20,119.31891632080078,119.77135180324237,118.45517813649636,119.31891632080078,1865014
2024-03-21,119.5903761495372,120.10038747698967,118.86647938647265,119.20375061035156,1561652
2024-03-22,119.0721308095857,119.31891493823635,117.22126867264913,118.75953674316406,1311547
2024-03-26,121.2520229322515,121.29315570992772,119.68907779624661,119.7960205078125,392590
2024-03-27,119.79602476559282,121.74559548751509,119.27777936276816,120.98880004882812,692997
2024-03-28,121.08751744281312,121.9019013416398,120.848967389682,121.45768737792969,1010900
2024-03-29,121.04637174483888,121.64688268533577,120.04279221771858,120.69265747070312,442653
2024-04-01,121.64688918237815,121.75381934782526,120.1826525912211,120.40474700927734,250590
2024-04-02,120.90653944556743,120.90653944556743,119.27778425103382,119.46697998046875,508338
2024-04-03,119.27775314979237,125.28277357738064,118.98983631106094,124.13111877441406,1880353
2024-04-04,124.9126254450535,127.33930867882715,124.7892271133259,125.13471984863281,1684907
2024-04-08,125.85862505758294,125.86684659280189,124.1311487124783,124.6576156616211,633717
2024-04-09,125.03601032576974,127.50382631904151,122.56819433249797,126.90332794189453,2442002
2024-04-15,125.94088781186423,126.43444350521125,122.89723788572911,125.14295959472656,2224622
2024-04-16,125.46378585735931,126.68123840016189,123.3908166235343,123.81034088134766,1847270
2024-04-17,122.56821189820589,123.26743155062516,121.33430372473401,121.7620620727539,1334065
2024-04-18,122.11576032165641,129.97164383606395,120.68443506203351,126.79638671875,3488713
2024-04-19,128.31821281277016,130.54746627778619,127.67658164518934,129.45339965820312,2566591
2024-04-22,129.97163287583447,134.08465923266468,129.96341134182651,132.71913146972656,5040996
2024-04-23,132.71914303429529,133.6322354671529,131.69912044217565,132.7438201904297,1227165
2024-04-24,132.7767478500218,135.31859566183687,132.7767478500218,134.15049743652344,1540645
2024-04-25,134.0846509116112,136.14116396240277,133.92013237793978,135.7380828857422,1561364
2024-04-26,136.55251640117163,145.59295559005267,136.55251640117163,143.9641876220703,7583099
2024-04-29,146.53293698952578,146.54155234568265,137.51631568719424,137.99903869628906,3383447
2024-04-30,138.18007794021156,138.69727557033863,135.46474105748223,136.02505493164062,1232437
2024-05-02,136.02505549967051,136.06815859066526,133.1804224858346,133.68038940429688,2318621
2024-05-03,134.4734272701451,135.16303722012233,132.74940897180988,133.5510711669922,1762736
2024-05-06,134.47343242100152,134.90443701209446,132.79251714638227,133.9131317138672,1964570
2024-05-07,133.913138754438,134.0424348772772,131.37020101071994,131.835693359375,1113771
2024-05-08,131.89604639844498,131.89604639844498,129.30140298046248,130.24961853027344,2385283
2024-05-09,129.3617364959975,130.15478344008662,126.7326056114959,128.02561950683594,2770043
2024-05-10,127.80149485246307,129.2927804207606,124.87066847610083,125.11203002929688,2548298
2024-05-13,125.42236500035933,125.8275104618964,124.12935092819069,125.7326889038086,2990537
2024-05-14,125.98263430560098,133.60280532682305,125.98263430560098,131.2064208984375,2776338
2024-05-15,131.88741928583485,134.90445175315787,130.16340073307884,132.93907165527344,2846740
2024-05-16,132.74942449266732,133.3959314301316,131.0771244432449,131.42193603515625,702666
2024-05-17,131.42194006400652,133.18043320040186,131.03402536706224,132.93907165527344,857800
2024-05-20,133.22354277492238,135.85267382640106,132.62013888275146,133.6028289794922,1739596
2024-05-21,133.87004679692362,134.45620680683723,132.8356382685232,133.24078369140625,399842
2024-05-22,132.8787016852129,134.01656004656283,132.23219483986827,133.64588928222656,786040
2024-05-23,133.87002649354685,134.24931263218684,132.87870805788032,133.59417724609375,1119697
2024-05-24,133.6114477879871,136.6284804799739,133.00804388023346,136.29229736328125,5898450
2024-05-27,136.6974333770396,136.84397337644242,135.0768517195204,136.3009033203125,2363989
2024-05-28,136.3009033203125,136.3009033203125,136.3009033203125,136.3009033203125,0
2024-05-29,136.6284790385371,138.78350236722065,136.1974743728004,136.30953979492188,1149552
2024-05-30,136.60262423928748,136.8870889062818,135.98197644824873,136.3354034423828,1144060
2024-05-31,136.36126655840687,138.65421467660155,136.35263804650654,138.2490692138672,1146375
2024-06-03,138.35248221508712,138.74038374018696,136.36985834397828,136.6284637451172,558258
2024-06-04,136.6284790385371,137.48187301185447,135.34408039948303,136.30953979492188,980765
2024-06-05,136.19746011828752,137.31807476256245,135.42165706244492,137.06808471679688,504813
2024-06-06,136.9819074663791,136.9819074663791,136.19747580969008,136.29229736328125,1059588
2024-06-07,136.1112401741596,137.39563854895516,132.87870584621203,136.7318878173828,3413841
2024-06-10,136.73192627318977,136.73192627318977,135.1630760111262,135.62855529785156,439913
2024-06-11,136.6284794249497,136.6284794249497,134.45621222059185,135.77508544921875,987027
2024-06-12,134.54240875609582,136.88707502826207,134.54240875609582,136.31814575195312,1826361
2024-06-13,136.97326339269617,142.83492887322686,135.36131031800667,142.13670349121094,1847033
2024-06-14,143.0935368281158,144.12794530707313,142.23152757011508,142.6366729736328,902250
2024-06-20,143.1021694907483,147.05880245988865,142.7142679083829,145.0244598388672,1938785
2024-06-21,145.24855886119775,147.80872739011838,140.49026411055914,141.48158264160156,1332631
2024-06-24,142.23151703171465,143.09352622584626,139.47309024113682,141.4901885986328,1308257
2024-06-25,141.36951412850883,142.27462645326767,140.29200258789518,141.0419464111328,477051
2024-06-26,140.5075051292884,144.90375748357752,140.5075051292884,142.15394592285156,1396914
2024-06-27,142.2487417229956,145.58471264555803,142.23149785853687,143.5331268310547,1330569
2024-06-28,143.9555540724957,144.38655872540735,142.92114553615133,143.28318786621094,978742
2024-07-01,143.52454571258428,149.37758296053448,143.09354107080475,146.61915588378906,2781277
2024-07-02,146.90359357853643,148.6965741378306,146.1105467615205,147.23977661132812,1607730
2024-07-03,146.97257128068136,148.00697970890496,144.9899474538763,145.35198974609375,1365050
2024-07-04,145.89507118253584,147.00705737045513,144.86066267333277,145.58474731445312,600352
2024-07-05,146.11056707158713,146.2829662899957,144.73134701788408,144.9985809326172,454529
2024-07-08,144.81753964980896,145.36060963252487,143.52452590293566,144.1279296875,446587
2024-07-09,144.55894581650543,146.11056506733289,144.1710442921028,145.3950958251953,927856
2024-07-10,145.07614162540483,145.98125385761958,144.3779163229927,144.54168701171875,343917
2024-07-11,144.81757129750042,145.24857597398108,143.96417730290995,144.24864196777344,307796
2024-07-12,144.602043096172,147.40357299222302,141.80051320012097,145.70541381835938,960823
2024-07-15,145.80886120882894,147.12773432564796,145.722668174676,146.532958984375,600436
2024-07-16,146.532958984375,146.532958984375,146.532958984375,146.532958984375,0
2024-07-17,146.532958984375,146.532958984375,146.532958984375,146.532958984375,0
2024-07-18,146.97257949215117,148.14491261716154,145.6795655963258,147.74838256835938,876936
2024-07-19,147.40358614179607,148.25698005988065,145.24856295258854,147.03292846679688,1486280
2024-07-22,146.54157135535468,149.0413928995415,145.6795621120879,146.48985290527344,3393924
2024-07-23,147.32601872814303,147.9294226325175,145.55889695923173,146.35194396972656,812872
2024-07-24,146.54155805145595,149.04137936869438,145.72265197534102,148.61900329589844,1924886
2024-07-25,147.8346095836757,148.69661896900325,146.36919625926274,146.93812561035156,2374490
2024-07-26,146.63638405868218,147.8345763084647,146.282957133476,146.75706481933594,456474
2024-07-29,146.97257366121795,149.12759673542936,146.80017444592443,147.4208221435547,1438417
2024-07-30,146.62776430711975,147.74836569965325,143.09352146742114,144.5244598388672,1625018
2024-07-31,137.92148756873775,148.61039759402772,136.2836751651462,144.65377807617188,13227280
2024-08-01,144.7744617861304,146.0674757582957,143.36076703602507,143.98141479492188,823064
2024-08-02,143.95553208546266,146.3088134480311,143.95553208546266,144.82615661621094,433681
2024-08-05,143.98140867356938,148.52420125220826,143.24008016825002,147.5328826904297,9511945
2024-08-06,147.40359305117158,148.69660702530467,146.55019909308515,147.87770080566406,2803435
2024-08-07,148.60180399861937,148.60180399861937,143.6969682741389,144.34347534179688,1476069
2024-08-08,144.60204421711433,146.8863633503156,142.99870656881674,146.22262573242188,2942502
2024-08-09,146.54732994269645,148.30238778632156,144.79227209907134,145.03797912597656,571428
2024-08-12,145.23102202698453,145.8014104130735,143.40576044546145,143.83575439453125,341933
2024-08-13,143.47594999863827,143.9147143717228,141.7296629733525,143.07228088378906,333734
2024-08-15,142.15966090668562,145.80139995044507,141.2909026029575,143.74798583984375,772167
2024-08-16,143.9147189335757,143.9147189335757,142.15966138560526,142.37904357910156,596221
2024-08-19,142.68617443025474,142.730040153989,139.87807182993427,141.25579833984375,831192
2024-08-20,141.28211705988738,141.50149922923504,139.52705970510618,140.3080596923828,561935
2024-08-21,140.50116242217698,142.16846209136352,140.50116242217698,142.01051330566406,1005463
2024-08-22,142.1596459539069,143.91470331136253,142.02802200810774,142.21229553222656,1502065
2024-08-23,142.37905845060223,143.4408742696427,141.29091783679468,141.8086700439453,409162
2024-08-26,141.9402769183139,142.2474173402991,140.8433659684042,141.77354431152344,1224591
2024-08-27,141.89641678906978,141.89641678906978,138.4740595234261,140.04483032226562,894423
2024-08-28,139.9658383205194,139.9658383205194,137.77201640326987,139.202392578125,703746
2024-08-29,138.64954063971214,140.36071900124773,137.58772497484725,137.956298828125,1178756
2024-08-30,137.94751820602684,142.2474171581835,137.94751820602684,141.6068115234375,4301403
2024-09-02,142.15966558736721,142.24742382337018,140.71174842350663,141.3523406982422,511218
2024-09-03,141.36990701087203,142.01926980825968,140.4046198930958,141.58050537109375,187700
2024-09-04,141.70334535685822,144.09022473849197,140.81704609876198,143.554931640625,530582
2024-09-05,144.3534903901483,144.792254798629,142.95822278478622,144.5991973876953,393441
2024-09-06,144.60797784910437,145.66979368262017,143.91473592740786,144.35350036621094,4491544
2024-09-09,144.65185567751155,145.23102794515938,143.91473464052046,144.7834930419922,349406
2024-09-10,144.79224367154873,150.9349449182205,144.79224367154873,149.1184539794922,1569948
2024-09-11,149.17990065111414,149.53090682604702,146.1085497553559,146.53854370117188,1256038
2024-09-12,146.98607197597207,147.11769593814884,145.66977879409768,146.75791931152344,814847
2024-09-13,148.17074601327243,150.92618596131837,148.17074601327243,150.4786376953125,4808782
2024-09-16,151.03150977754007,153.1288034554549,150.05745209674947,151.56680297851562,485973
2024-09-17,151.56680297851562,151.56680297851562,151.56680297851562,151.56680297851562,0
2024-09-18,151.46148965641814,158.82395640517632,151.46148965641814,157.34970092773438,5912074
2024-09-19,157.95520283192266,167.34475943337014,157.95520283192266,165.8441925048828,3061228
2024-09-20,166.73046396108379,166.73046396108379,159.7541130154542,163.44850158691406,6926154
2024-09-23,162.9570850907633,171.98686336537938,160.32449885863454,167.98532104492188,2905824
2024-09-24,166.7480297114336,169.79305578047243,162.69383746788506,164.64195251464844,3645870
2024-09-25,164.11542561749457,168.39775668293927,164.11542561749457,165.50192260742188,2218213
2024-09-26,166.90596610347566,167.0814691760293,162.34281926695039,164.24705505371094,894296
2024-09-27,164.24707277955616,168.0467742960295,163.22036563478582,167.3271942138672,716138
2024-09-30,168.92430285834035,168.92430285834035,164.98419351931253,166.95863342285156,621044
2024-10-01,168.00288119378942,168.39776646429448,165.85293837434943,166.82699584960938,965912
2024-10-02,166.6427305322179,166.82701749037338,163.3081314686993,164.2032012939453,936552
2024-10-03,164.20316356003158,169.97730392495262,164.11541872538226,167.12533569335938,2414396
2024-10-04,167.60799391820296,170.59158635968925,164.18563709473185,170.16160583496094,1825470
2024-10-07,170.2406019835959,174.10172368288275,168.49431469953964,172.04830932617188,2029155
2024-10-08,173.31194486444724,180.41993378198742,172.08340985179882,178.61221313476562,3426176
2024-10-09,178.61221313476562,178.61221313476562,178.61221313476562,178.61221313476562,0
2024-10-10,176.3832893243195,176.3920597919359,170.33711640994764,171.04791259765625,4426719
2024-10-11,170.15284688861536,175.40924977475692,170.15284688861536,173.89112854003906,1144460
2024-10-14,174.01397347881962,175.418011603559,162.43059534708865,167.66065979003906,1948035
2024-10-15,164.9754357535597,173.75072488938736,162.43937772890666,172.69769287109375,9476557
2024-10-16,172.706431907809,173.66293503592686,168.4855207440726,173.4962158203125,3309568
2024-10-17,173.75069545961068,176.89225004492602,171.55687354724188,174.17190551757812,1472084
2024-10-18,174.18947332732532,174.62823774376696,171.0742432925843,171.9956512451172,437789
2024-10-21,171.9956508400166,173.79458762119572,171.1181220092002,173.5313262939453,907345
2024-10-22,174.62824695922936,174.62824695922936,172.03075558520837,172.75033569335938,366242
2024-10-23,172.87316301785253,174.67209962573895,172.87316301785253,173.8296661376953,1057995
2024-10-24,173.18033691374282,180.33219222251736,172.09219623758597,177.9453125,2524270
2024-10-25,180.09542057951475,191.02375928738985,177.270052414705,182.680908203125,2714461
2024-10-28,185.69285217924696,188.35829981818353,179.08253986553746,179.6422882080078,907003
2024-10-29,179.46460609369768,181.87238635894127,170.57978005215517,175.4930877685547,1628764
2024-10-30,175.91067965778169,179.47349010048273,174.14259435492383,176.57704162597656,1733486
2024-10-31,176.57704478724486,177.60767434638927,171.04178817784657,172.2678985595703,731354
2024-11-01,172.35672895997777,174.1425739448524,168.85610566153142,172.6321563720703,757811
2024-11-04,174.80896058735894,175.0133077999162,171.40607042657444,173.96490478515625,899489
2024-11-05,174.14259731923153,175.83070891119314,173.12084770680778,173.8582763671875,1613686
2024-11-06,174.14257973879558,176.274932435179,172.3656146394201,173.20079040527344,1614100
2024-11-07,173.7427792474429,176.85246842093323,172.90760341455848,176.05282592773438,2118295
2024-11-08,177.60765703671913,178.67384694674308,175.92842555274962,177.3322296142578,2724313
2024-11-11,178.35400388166798,178.38953722088777,176.18610414570495,177.41220092773438,1279786
2024-11-12,177.6965200697479,178.14076136992227,176.2749424863225,177.0745849609375,938262
2024-11-13,176.80803052613922,177.8297800535487,176.15054854711983,177.34112548828125,917858
2024-11-14,176.82580397345544,177.6698596992069,176.82580397345544,177.34112548828125,358343
2024-11-15,177.34116338762618,178.55838042413967,177.1634559908225,177.82093811035156,840966
2024-11-18,178.4250742116493,178.58499456501315,174.98663748547855,175.33314514160156,564666
2024-11-19,175.96397480038775,177.46551250515864,175.47530667795226,177.34112548828125,2193675
2024-11-20,177.56322537147497,177.69649231784678,175.9195273946683,176.15052795410156,764416
2024-11-21,176.15054674565926,190.12638711854592,175.8840128244821,185.47073364257812,6782895
2024-11-22,189.2467960465538,189.2467960465538,180.81509119188013,181.4281463623047,1951257
2024-11-25,180.36193994253335,181.25042240530445,175.91952762867786,176.35488891601562,2107474
2024-11-26,175.91955096102754,177.6876361770245,169.7001728967488,172.29454040527344,2163482
2024-11-27,176.6303394625208,182.13892874231823,173.52953038042466,180.8506317138672,2117588
2024-11-28,180.89506277099625,182.1478129334659,177.72317338176347,178.6649627685547,975574
2024-11-29,178.7005200885482,179.47349565729283,176.00841873826235,177.88311767578125,3907792
2024-12-02,178.09634053767786,179.47349132611902,178.09634053767786,179.12698364257812,818285
2024-12-03,179.47348952506277,183.9159026321188,177.20785612903043,182.6009521484375,2713218
2024-12-04,181.92568470602302,183.02740796464312,179.9354924416358,182.3077392578125,1313166
2024-12-05,183.6049276584747,187.91407378032366,181.70357539749955,186.8301239013672,3381293
2024-12-06,187.36320057669352,187.87852207181174,184.89322022375387,185.64842224121094,942618
2024-12-09,185.648429734415,188.34053082888403,181.25044373751194,186.64353942871094,1237091
2024-12-10,186.58133558213356,187.4698181325247,177.69651007822245,181.01943969726562,2001080
2024-12-11,181.0283466897875,183.02743272685265,179.48238194054267,180.25537109375,919245
2024-12-12,181.25043287888764,188.3582929917852,180.36195036477542,186.04823303222656,4535437
2024-12-13,187.0256007495776,187.2832547569521,178.6916290239625,181.819091796875,2535058
2024-12-16,181.25046149052656,183.91590945362253,179.02925485461324,181.70358276367188,3415722
2024-12-17,182.14781045304386,184.79549832597624,179.9177240381394,180.76177978515625,1761823
2024-12-18,180.3619484071575,183.2050897100241,173.69832962364183,174.94219970703125,1614232
2024-12-19,174.14257642090655,178.5849890847052,170.15328496823506,171.38827514648438,1765284
2024-12-20,171.47715325931355,174.1426012374376,168.4118907959048,172.7210235595703,1815666
2024-12-23,177.6965165539746,181.25044688505406,175.03994875091206,179.26913452148438,1216947
2024-12-24,182.13895139417656,182.13895139417656,178.40732680875425,178.9937286376953,1030952
2024-12-26,178.99369280921954,179.4734674004831,175.0399347856038,177.065673828125,1691562
2024-12-27,177.6965001361059,178.58498263678644,175.91953513474485,177.9985809326172,516935
2024-12-30,177.69651605675574,183.8270404378465,177.69651605675574,183.07183837890625,1944509
2024-12-31,183.82703055944805,184.7954868233629,180.71734169556163,181.41925048828125,678368
2025-01-01,181.41925048828125,181.41925048828125,181.41925048828125,181.41925048828125,0
2025-01-02,183.92477078570988,195.46616417846423,183.92477078570988,194.36444091796875,4958698
2025-01-03,196.3546601438449,213.80445835823286,196.3546601438449,212.74716186523438,5638473
2025-01-06,216.78975162071168,221.05447075747085,204.5819959726369,207.61172485351562,6480375
2025-01-07,209.59304381924062,209.59304381924062,194.2489587927328,199.82862854003906,3740511
2025-01-08,200.79706854413774,205.7903364413219,195.60833338946102,197.4830322265625,2483809
2025-01-09,197.2431390013314,199.00233076939008,192.80072596076087,193.7958221435547,1043755
2025-01-10,193.6892066044298,194.5776892035327,190.13527620801827,194.19564819335938,1200947
2025-01-13,195.45730069041866,197.2431459147415,192.82738611306766,195.63499450683594,958465
2025-01-14,196.3546456519666,197.24312821147777,193.33381037249583,194.46217346191406,1336562
2025-01-15,195.4661710152025,195.6882916640834,193.24496452639337,194.83534240722656,893421
2025-01-16,193.69809725128613,197.0210272360971,193.69809725128613,194.80870056152344,1076331
2025-01-17,195.4661590009516,197.24312408277845,193.69807386395354,196.64784240722656,1320401
2025-01-20,197.6784917261059,198.93124184538362,195.46616524794635,196.37242126464844,1203874
2025-01-21,197.6873833302398,198.56698600631248,195.91041808682192,196.77224731445312,762628
2025-01-22,195.4661766981009,198.17605140466745,194.5776940767459,194.97750854492188,873483
2025-01-23,195.02192466053128,196.19472816365263,193.68920080180328,194.79092407226562,525526
2025-01-24,195.3595634923606,199.6953494739216,193.70698527121917,198.25601196289062,1520635
2025-01-27,198.3537513400058,203.00940530019093,198.3537513400058,201.47232055664062,1297792
2025-01-28,202.1297917674691,203.0182743686448,198.57586136276635,199.91746520996094,1367523
2025-01-29,200.78817149814145,201.5966802956366,196.4434924760232,197.26089477539062,955892
2025-01-30,197.90949553405386,199.46434005564575,196.37242446014443,197.6696014404297,647829
2025-01-31,197.67847860885104,198.93122864500063,196.36351473236934,197.76731872558594,849119
2025-02-03,197.90950918202165,197.90950918202165,193.2449752955767,194.37335205078125,1285146
2025-02-04,194.57767734884612,195.00414517442567,192.80071225890234,193.59146118164062,774482
2025-02-06,193.6891968141778,193.6891968141778,186.68794994883947,190.43734741210938,1442741
2025-02-07,191.37915484402632,192.1343705093585,185.82613835531652,188.54490661621094,1369837
2025-02-10,191.02375814495204,195.4661711250672,190.17970239016384,190.71278381347656,1637928
2025-02-11,191.08595426757688,194.577684286371,190.71277965507582,192.89845275878906,2008428
2025-02-12,192.80072592125708,195.02193244108724,190.8460668952403,193.36935424804688,2027890
2025-02-13,194.55989841501233,196.12363632665011,192.57858619160842,193.65365600585938,1233488
2025-02-14,192.57858547015465,195.39507342087424,191.46798232442134,194.29335021972656,2500591
2025-02-17,194.3555580173099,196.26579007895575,192.80959349810036,195.28846740722656,1978426
2025-02-18,195.2884884444933,201.13470588629235,193.42266946366644,200.29953002929688,3809432
2025-02-19,200.79708098704586,204.25327798918215,199.06454251297208,201.48121643066406,1085602
2025-02-20,202.54738431263917,202.54738431263917,199.46434853138896,200.15736389160156,301760
2025-02-21,200.1573730567207,201.1968961446389,198.35375433702035,199.6953582763672,347463
2025-02-24,199.69535742137182,202.4851924264606,198.13163282316907,201.27685546875,732544
2025-02-25,201.7210684769053,206.56330913108377,200.33503789354324,202.02316284179688,1869120
2025-02-26,200.79706707070892,203.01827356485393,200.79706707070892,201.07249450683594,401757
2025-02-27,201.95209410422623,202.0231743378239,200.57494338725436,201.05471801757812,342713
2025-02-28,199.90859350233467,201.57894519967053,198.13162822675835,198.3892822265625,587283
2025-03-03,199.0200958826759,201.2324223648094,198.5758545972235,199.44656372070312,287252
2025-03-04,199.11783254431055,199.908581502188,199.02009891773383,199.46434020996094,242194
2025-03-05,199.6864523615165,199.6864523615165,195.9104015382175,196.2391357421875,758437
2025-03-06,196.3546620941818,199.9085926298231,196.3546620941818,199.1178436279297,405160
2025-03-07,199.90857406060277,201.20576455077207,198.91347794135035,199.41102600097656,602573
2025-03-10,199.1089498282671,200.7970612923711,199.05562948592043,200.077392578125,260690
2025-03-11,199.8997012463225,199.8997012463225,196.807772096065,198.40704345703125,1258797
2025-03-12,199.02898773671484,199.5976160738311,197.69626380061402,198.8868408203125,717709
2025-03-13,199.6153695496815,200.93921340766445,198.806847188957,199.8108367919922,1270069
2025-03-14,201.29407360174412,202.32587396582986,199.912192089604,201.89288330078125,848931
2025-03-17,201.75469564784342,203.5972042838968,196.60488738380832,198.152587890625,8823073
2025-03-18,198.03283615764082,199.4147176470281,197.14842581925376,197.9867706298828,1614845
2025-03-19,198.06968978571336,198.30000337848745,196.2271810435207,197.22213745117188,1621347
2025-03-20,197.60905717508058,199.1751867515032,196.687802829276,197.0194549560547,2196418
2025-03-21,198.06966458041484,198.06966458041484,195.76652894575884,196.13502502441406,767510
2025-03-24,195.40725010553354,195.98764481275717,190.0086993460666,191.0128631591797,2657622
2025-03-25,191.012854658152,194.8360682667527,191.012854658152,192.38552856445312,1423007
2025-03-26,193.46339722454832,196.11661402765398,190.23900727080584,191.06813049316406,14419464
2025-03-27,191.16027623715235,193.37128103820987,190.69964906549657,191.23397827148438,920485
2025-03-28,191.23397827148438,191.23397827148438,191.23397827148438,191.23397827148438,0
2025-03-31,191.23397827148438,191.23397827148438,191.23397827148438,191.23397827148438,0
2025-04-03,191.6209002692903,194.60576935331696,191.6209002692903,193.15939331054688,1054087
2025-04-04,194.19117147190173,194.84526815537959,191.43663034188393,191.7866973876953,1116850
2025-04-07,190.76413353304721,190.76413353304721,177.80207886036987,185.48533630371094,3887226
2025-04-08,186.73825994248133,187.93589344746437,180.65798947116383,181.82797241210938,2100818
2025-04-09,183.2190845316532,183.2190845316532,175.95959516476296,178.4654083251953,1711920
2025-04-10,180.5658445791699,182.4083531973247,176.2820176648501,176.7886962890625,2812771
2025-04-11,175.96876950169187,177.34144339689715,169.05936261609847,170.03590393066406,3923319
2025-04-14,170.43205576996087,174.82644298178258,168.5987545418881,173.98809814453125,1930472
2025-04-15,174.76193157721528,175.83058990029468,173.19580213530898,173.8959503173828,1098398
2025-04-16,173.66564064191917,179.17475140128914,173.66564064191917,176.11618041992188,7651359
2025-04-17,176.77026197029966,177.52568311127834,174.34735890438682,175.03829956054688,1632898
2025-04-18,174.1170769086983,174.9830582705221,172.11795660142855,172.36669921875,1053450
2025-04-21,172.36668288443846,172.87336149699024,167.77882640961545,169.2989044189453,1468853
2025-04-22,166.84835886830697,174.11705438593893,165.37434643580082,166.0745086669922,4250782
2025-04-23,166.07453124382002,167.2076701967332,162.14997858307353,165.99160766601562,4052166
2025-04-24,164.44391016218339,165.8165842767998,161.42219685913147,162.33424377441406,2810254
2025-04-25,162.08548673632876,163.3291716295921,158.93479865994624,161.9104461669922,2228507
2025-04-28,163.06202462779817,163.9832790042264,156.1526168045864,156.53033447265625,2234086
2025-04-29,156.53032977749265,158.8242441093677,147.4006958072,157.19363403320312,1954814
2025-04-30,157.77244423302807,157.77244423302807,150.20123346955756,150.92941284179688,2271580
2025-05-02,151.72295109325154,158.79937379117257,151.72295109325154,158.2765655517578,1878181
2025-05-05,158.70601971555752,159.6862656275203,154.8130561178253,158.75270080566406,760070
2025-05-06,158.69667658006205,160.43310758048077,155.43853048256358,155.81195068359375,612940
2025-05-07,150.30391700232596,154.41159599256156,146.47629602660024,150.65867614746094,1560999
2025-05-08,151.42418695904038,154.97173556187983,135.60026861664485,145.33734130859375,4048451
2025-05-09,149.37035072041581,152.3110738021973,147.5032213364106,151.8349609375,1879536
2025-05-12,167.0147247314453,167.0147247314453,164.77417507435354,167.0147247314453,2428562
2025-05-13,171.77591145201225,171.77591145201225,163.8592864780601,167.25746154785156,3520678
2025-05-14,165.24095936240664,167.56554069861056,164.87686968276677,166.20252990722656,1088633
2025-05-15,166.17451545934506,171.0290490170092,166.17451545934506,170.60894775390625,5678639
2025-05-16,170.6089550346502,171.309128584724,168.13501418908302,169.0405731201172,1491058
2025-05-19,169.50736259573299,170.3755709966036,167.11742481206053,169.51669311523438,676578
2025-05-20,169.68472064954722,170.37556367981563,168.78850648359247,170.23553466796875,997243
2025-05-21,170.6089611392602,170.6089611392602,168.60180258859015,169.619384765625,1489347
2025-05-22,169.90877599864686,170.3755583502915,168.50842894371294,170.0394744873047,1478633
2025-05-23,169.8714381696861,169.8994439709307,168.57378381344137,169.1712646484375,408012
2025-05-26,169.9087691760732,170.8423338418758,167.5748575115667,169.9274444580078,520886
2025-05-27,170.23553749576809,171.26245017152718,168.0416546399418,170.41290283203125,847556
2025-05-28,170.41290283203125,170.41290283203125,170.41290283203125,170.41290283203125,0
2025-05-29,170.84234694389448,172.24269404999197,170.11416758832917,170.3755645751953,735894
2025-05-30,170.36622417270897,171.91593072063694,169.4419900080773,171.421142578125,715881
2025-06-02,171.30911899052634,172.24268367167363,168.69513503430065,169.25527954101562,1018700
2025-06-03,169.441992422779,175.51016295031653,169.441992422779,175.28610229492188,6430095
2025-06-04,175.2861030289377,175.88358386742533,172.70946958390994,174.81932067871094,1586000
2025-06-05,174.81931475618114,175.2300854896753,170.35687677879693,174.84732055664062,4207981
2025-06-06,174.84732055664062,174.84732055664062,174.84732055664062,174.84732055664062,0
2025-06-09,174.84732055664062,174.84732055664062,174.84732055664062,174.84732055664062,0
2025-06-10,176.44373257009022,176.72380483588157,172.7281489627886,173.55902099609375,925509
2025-06-11,174.57660444402916,176.4437339033236,174.57660444402916,175.6221923828125,681625
2025-06-12,176.3970712247674,177.05056375469857,174.29655036387294,174.7073211669922,1514998
2025-06-13,173.64304591853121,174.43658166511077,169.9087868665198,171.6452178955078,1287329
2025-06-16,171.6452178955078,171.6452178955078,171.6452178955078,171.6452178955078,0
2025-06-17,170.93571105676784,172.8961884805266,169.90878413594115,170.41290283203125,425096
2025-06-18,171.2904591276104,174.85668336825145,170.37556964634763,172.61611938476562,4249934
2025-06-19,172.7187822402445,174.0164364698699,169.32060765183286,169.75938415527344,553596
2025-06-20,169.90878883385022,170.8423536076626,167.57487689931932,168.3217315673828,787152
2025-06-23,167.94829463274698,167.94829463274698,164.30739776662722,164.9422149658203,1060173
2025-06-24,166.65063454105797,172.89618485336212,166.65063454105797,171.55184936523438,1272212
2025-06-25,172.70949043682995,174.57662006317406,171.55186494027194,172.62547302246094,797868
2025-06-26,173.63370940610363,173.6430399251872,170.85167625192904,171.6732177734375,537644
2025-06-27,171.68254402817928,179.70187569264718,171.12241375066412,176.032958984375,2105530
2025-06-30,174.1098317940255,176.02364244560079,172.7094846214194,173.26028442382812,1042899
2025-07-01,172.70946280106386,178.77763311569583,172.70946280106386,176.8544921875,1257111
2025-07-02,178.32019247716755,180.17799140275693,177.38662775487347,180.019287109375,1583592
2025-07-03,180.1779871245783,182.96000594233908,180.1779871245783,181.62501525878906,1428858
2025-07-04,181.82106722521053,184.3697092721957,181.11156313702182,183.24942016601562,651715
2025-07-07,183.76288068453113,184.28567466165987,181.85841487569536,182.36253356933594,1289835
2025-07-08,182.04512592206257,182.97869067038081,180.59809771315574,180.70079040527344,463836
2025-07-09,180.7007964466962,180.87817603401786,178.7776552800744,178.8710174560547,545586
2025-07-10,179.2444210721,180.6447681117258,179.20708475220601,179.45913696289062,302969
2025-07-11,180.17799676626836,180.59809805479279,179.05772191518074,179.2631072998047,1618981
2025-07-14,179.2444212559109,181.11155064399333,178.87100107632114,181.0181884765625,550880
2025-07-15,181.0181991928799,181.57834374049202,179.25376238648965,179.50582885742188,527836
2025-07-16,180.17800914894616,185.77939803440563,179.71122674182453,184.61244201660156,2115630
2025-07-17,184.8458116414497,197.44893516245762,184.8458116414497,193.83604431152344,3905675
2025-07-18,195.11502503718472,200.52970322215828,193.1545334416551,195.4137725830078,2925294
2025-07-21,199.493452442065,200.62305780516627,196.04859625719212,196.96348571777344,1482593
2025-07-22,196.04859851655507,210.05206983916614,195.59114665845874,205.8510284423828,6257296
2025-07-23,206.31780415193595,209.491918517785,204.92678758395436,205.39356994628906,1974303
2025-07-24,206.31781411982385,206.78459650471035,202.58355504073202,202.7889404296875,971562
2025-07-25,202.58355153261286,204.45068103982587,200.71642202539982,202.02340698242188,834241
2025-07-28,202.58353234465338,203.98387934242746,201.27654751142407,201.94871520996094,588747
2025-07-29,203.51710069774853,204.9174477208982,188.68275846898595,191.61415100097656,5435976
2025-07-30,196.04859474048743,196.97282895820257,190.72727858940198,192.63174438476562,1912304
2025-07-31,192.7811050539786,194.18145206405592,190.073773199189,191.23138427734375,773561
2025-08-01,190.91396846300574,193.71466237688847,190.4471861440253,193.1451873779297,760990
2025-08-04,193.22921391239052,193.22921391239052,190.02709389042028,191.61415100097656,1049109
2025-08-05,192.3143258253484,196.2259641492591,191.6234828276547,195.82452392578125,1105869
2025-08-06,196.9821576750506,202.21012585165704,196.0485929467328,200.37100219726562,1642267
2025-08-07,202.5835400143591,210.0520576185751,198.94264338033054,207.10198974609375,3304372
2025-08-08,207.50175004235393,207.72067432745388,199.68748630359647,201.629150390625,2152275
2025-08-11,201.62914437316712,201.78143573478624,197.68869616191995,199.60182189941406,741785
2025-08-12,199.68748147482168,201.78143687737904,196.0991943091093,197.3079833984375,1644353
2025-08-13,197.02245685578748,198.9260554727516,190.26467595624288,191.95887756347656,1779105
2025-08-15,191.78754112482991,198.92603521136203,191.31164151906108,198.19314575195312,2071038
2025-08-18,198.54534549347375,201.78145739712443,198.35497400936063,200.61074829101562,1202243
2025-08-19,201.78144255183332,201.78144255183332,198.45014515121343,200.07772827148438,763761
2025-08-20,199.84928653258802,200.11578915652078,197.40315552747947,197.7458038330078,726740
2025-08-21,198.92602924389317,199.68747149494186,195.11883251195263,196.4894256591797,795321
2025-08-22,196.54653718453392,197.974236001855,194.16703915566546,195.13787841796875,835706
2025-08-25,196.07065310112077,196.96534675453424,195.02366807621044,195.62330627441406,1223348
2025-08-26,196.83208223958118,196.83208223958118,192.77740825430536,193.9766845703125,2750498
2025-08-27,193.9766930894768,195.59474893513092,192.92970808877487,193.50079345703125,728981
2025-08-28,193.691148621359,194.33836514433779,191.31165048104745,192.73934936523438,497168
2025-08-29,192.26344980541975,194.54776221160807,190.88334378821,192.90115356445312,660340
2025-09-01,192.2729596980389,197.97424238749116,190.35984844951074,194.59535217285156,1810455
2025-09-02,194.64295289352802,201.02000516924187,193.45320379271183,199.63038635253906,1878874
2025-09-03,201.21035090775106,204.9223766094181,199.40193818461066,200.7344512939453,2334134
2025-09-04,200.82964478009683,201.78144404445746,197.97424698701488,198.4311065673828,543561
2025-09-05,198.43110283481943,201.3055406256445,197.4983436398167,199.8492889404297,831197
2025-09-08,199.8778373582375,200.82963658375294,198.18363589868437,199.7636260986328,1711866
2025-09-09,200.8296492904428,205.5886457191263,197.99329148547272,204.14190673828125,3802414
2025-09-10,204.16094091754468,213.10784813677745,204.1419008658524,210.79498291015625,4148240
2025-09-11,211.29942830337706,212.25122752996884,205.58863294382633,206.56898498535156,1344333
2025-09-12,205.58862846437248,209.39582528778678,203.68503005266533,204.77008056640625,1691680
2025-09-15,204.63683591059964,207.39704788797926,203.68503667380617,206.6356201171875,725688
2025-09-16,207.49225589187932,209.77656849604574,206.5880494245345,207.75875854492188,785215
2025-09-17,207.96814150303035,208.91994077764375,206.54044259111024,207.1781463623047,298265
2025-09-18,206.54043827867125,208.4154839723742,206.54043827867125,207.25428771972656,491768
2025-09-19,208.15848445658366,208.15848445658366,206.4547702598384,206.921142578125,704386
2025-09-22,207.4922248235831,207.4922248235831,203.68502803782928,205.0746612548828,557686
2025-09-23,205.0746612548828,205.0746612548828,205.0746612548828,205.0746612548828,0
2025-09-24,205.16983391738907,205.5886278905242,201.32457152672714,202.0860137939453,761007
2025-09-25,202.62854351610778,208.7295802473301,200.82964349887467,207.36849975585938,1173923
2025-09-26,207.96815086668366,209.39584984288516,205.5886525730145,208.8533172607422,1156628
2025-09-29,209.3958404365072,212.2512382606414,206.96874938133226,210.7664337158203,2557058
2025-09-30,210.34764124774057,213.20303909273252,208.4440426844126,210.99485778808594,1462399
2025-10-01,212.20364563047286,215.01145058936277,208.5392271327028,213.12689208984375,1591634
2025-10-02,213.203037855739,218.91383351258918,212.29883144806527,216.87698364257812,3629257
2025-10-03,217.49564034207145,226.5377331735422,217.4861275780067,219.1327362060547,2787324
2025-10-06,223.67280234369892,223.67280234369892,216.05840907242404,218.5616455078125,1508126
2025-10-07,218.5616455078125,218.5616455078125,218.5616455078125,218.5616455078125,0
2025-10-08,223.10174178256912,227.4800242084552,220.36056977674087,222.64488220214844,2266960
2025-10-09,222.7210277517509,224.6722191473993,221.6740427521432,222.32127380371094,714372
2025-10-10,221.76923523621585,222.14994914403772,216.53433912548974,217.33384704589844,1088167
2025-10-13,213.2125516937525,216.0584367721363,200.82964827718396,212.38449096679688,2153311
2025-10-14,214.15482701239418,219.77043666695326,214.15482701239418,218.30467224121094,679815
2025-10-15,217.01021974460895,218.24756162149765,211.29942448817187,212.43206787109375,2481654
2025-10-16,211.4802894125143,212.7271441754515,207.50176077469834,208.02525329589844,1109707
2025-10-17,210.1572650024354,210.1572650024354,203.99912305355755,205.607666015625,882435
2025-10-20,209.3863258577212,209.3863258577212,205.58864155614182,206.4167022705078,666725
2025-10-21,207.49224311793986,209.77655558147612,206.5880367062611,208.47259521484375,1065104
2025-10-22,209.21498754543057,210.14774672931168,207.51127330484036,209.04367065429688,2314375
2025-10-23,209.01511555068012,209.96691477536754,207.77777365392575,208.8152313232422,650326
2025-10-24,209.89384967412082,209.89384967412082,206.86205436805164,208.5528564453125,482373
2025-10-27,208.5528608661002,208.5528608661002,205.5210654957647,206.26930236816406,348860
2025-10-28,206.00693219766544,206.97866300991856,201.20657961274526,202.08114624023438,478700
2025-10-29,202.1200076783944,204.06346929068664,196.3868018531064,198.2039337158203,1040601
2025-10-30,199.20479914646128,200.46805205775496,196.28960696383015,197.8152313232422,815401
2025-10-31,200.17654930405723,204.06347259151465,200.14739856559618,201.58555603027344,692965
2025-11-03,203.0917322597041,207.56169976194428,202.1297134532289,203.91770935058594,929732
2025-11-04,205.9874897587152,206.96894735115848,200.27372276715127,200.8956298828125,953833
2025-11-05,200.1765483247146,202.24633970993884,197.16417686069855,198.07760620117188,747853
2025-11-06,199.41859235030267,200.64296779824994,196.77548343598014,197.90269470214844,441297
2025-11-07,198.22337529135436,199.19510611126455,197.1641774288012,197.54315185546875,704121
2025-11-10,202.1200154058769,215.918590415214,202.11030343532087,212.70216369628906,5203500
2025-11-11,212.71186053221362,214.73306232175446,206.97865489565535,207.75604248046875,2252837
2025-11-12,207.8046360873348,212.80904374207623,207.8046360873348,208.9609832763672,1763666
2025-11-13,211.6332419636805,212.80904274217218,209.55373866879503,210.2145233154297,1099986
2025-11-14,211.35143427726166,211.78871014131397,208.5917225560876,209.36911010742188,716128
2025-11-17,209.55374689503424,211.25427584215,207.46453154812343,208.02813720703125,714967
2025-11-18,208.09613951711702,209.69950419218804,205.86117059676,206.66769409179688,430013
2025-11-19,206.66769905130798,213.77106364144655,206.50250659490038,211.17654418945312,1842397
2025-11-20,211.35145397943168,214.7330730914206,209.89385774509077,210.20481872558594,666140
2025-11-21,209.98130133205007,211.51663774842498,208.91240636725098,209.08731079101562,470109
2025-11-24,208.9221181163677,210.8655796802409,207.95038733443113,210.7295379638672,1046405
2025-11-25,210.7295448284073,212.69244522354273,210.7295448284073,211.9927978515625,1595688
2025-11-26,212.7993206198571,213.4600904075324,205.52105202127458,211.62351989746094,1537283
2025-11-27,211.83731658371477,216.21010522879143,211.54579437522256,214.90798950195312,1263647
2025-11-28,215.72423050545675,219.12528819360583,211.83730743328636,213.58642578125,1642096
2025-12-01,213.7807742567473,217.1235305538788,212.8090434646712,215.18006896972656,1111138
2025-12-02,215.72423522997744,216.9388987166327,214.7525044406532,216.26840209960938,944741
2025-12-03,216.3558630673188,216.69597478831963,211.34174326035057,212.07054138183594,1195334
2025-12-04,212.80904157446065,213.78077235790568,210.85586803761277,211.83731079101562,552063
2025-12-05,212.80904631027192,213.66417416351263,210.3797192975976,211.95391845703125,1156712
2025-12-08,213.68359810386053,213.68359810386053,211.5457932981942,211.95391845703125,1118381
2025-12-09,212.76045151811488,214.7525025844988,211.83731024172283,212.37176513671875,2797956
2025-12-10,212.51752461237632,213.78077762748032,210.3797198015886,210.6809539794922,758637
2025-12-11,211.3514472428272,211.74013362862155,208.9221202630246,209.8647003173828,852960
2025-12-12,210.03960708768076,213.68359759806685,209.87441463050217,213.2268829345703,595484
2025-12-15,212.9062139691281,213.7807657160837,210.8655734563189,211.68182373046875,658406
2025-12-16,212.26487930923298,213.29491158962236,211.3514499806053,211.769287109375,610170
2025-12-17,212.66329370055277,212.80904739107933,208.92212415105962,210.14649963378906,1099216
2025-12-18,210.37971471737592,215.72423402890277,207.96009972755348,214.58731079101562,2419197
2025-12-19,214.7525035248032,215.7242343099833,212.1968468150003,212.39120483398438,628403
2025-12-22,212.80903746557868,213.29490284792018,211.35144131855418,211.9247589111328,347246
2025-12-23,213.68358983208398,214.0237015316667,211.8567460719268,213.40179443359375,477029
2025-12-24,213.77106209463287,215.2383702514728,213.2949086690667,214.25692749023438,664646
2025-12-26,215.7242357838647,216.16151167469633,213.7807742002263,215.73394775390625,560341
2025-12-29,215.82141227736426,224.96538765290595,215.82141227736426,220.6217498779297,3295755
2025-12-30,220.6217491303999,221.55461720057897,217.37617189315125,217.66769409179688,1232788
2025-12-31,218.63942097093488,220.6800614976375,217.66769021106407,219.95126342773438,1225196
2026-01-01,220.58288360113048,222.2639736724882,219.95126453500862,221.44772338867188,566112
2026-01-02,222.52635291206786,243.59346951163968,222.52635291206786,239.23040771484375,9387783
2026-01-05,240.98923259340097,255.85670161322332,240.98923259340097,247.71360778808594,6243690
2026-01-06,249.73481521184476,250.70654601033445,240.02721919705627,245.0996551513672,3691814
2026-01-07,245.84789084346428,247.79135243115965,243.64205778974818,246.72244262695312,1803398
2026-01-08,246.8196261009457,247.69417790025042,240.9892412324194,242.42739868164062,1800484
2026-01-09,244.33199751693118,244.87616439876098,238.07404872101762,238.9388885498047,1448746
2026-01-12,239.04577003981453,239.43445641784842,235.54753332777014,236.69418334960938,739437
2026-01-13,237.10231788453643,238.8028468037903,234.18712545152982,236.1888885498047,2022270
2026-01-14,236.18888911692318,237.34525115718202,232.72952979383868,235.65443420410156,2556428
2026-01-15,235.2560304829843,236.2277612741946,230.7860629124429,231.310791015625,1740111
2026-01-16,231.66061380420507,236.665036256187,231.66061380420507,235.3143310546875,3949811
2026-01-19,236.60673460055952,238.559908144025,234.52723131003893,235.68357849121094,2742412
2026-01-20,237.10231938879784,237.58818479738144,233.16680661378354,235.6738739013672,2885367
2026-01-21,235.26574815562893,236.56786388882827,233.2153955433793,233.4583282470703,2184108
2026-01-22,234.18711401953593,238.9388768602789,232.83640885127582,238.11289978027344,6927000
2026-01-23,239.04577738379248,250.20125767078957,236.13058497667305,247.8690948486328,7105182
2026-01-26,248.28693356227657,249.7348178049368,242.93270214488015,244.78871154785156,2531585
2026-01-27,243.95301992766005,244.85672245309146,235.15885323579312,236.48040771484375,4602100
2026-01-28,237.5881672996068,238.80283073160885,232.97244625799888,234.7118377685547,2825001
2026-01-29,234.91592417458415,235.64472228474312,226.89914496283515,232.35055541992188,2299510
2026-01-30,232.72952642229453,237.97686680731368,232.72952642229453,237.40354919433594,1898013
2026-02-02,237.5978932593697,238.85143429836987,233.71097004809414,236.68447875976562,974912
2026-02-03,236.12086535668706,237.91855838637454,233.21538501384634,233.57492065429688,1871493
2026-02-04,233.7012595453132,235.1394169908332,229.76574680369922,231.40797424316406,1787300
2026-02-06,231.27192998172268,232.2436607799652,225.93712256149448,228.4150390625,1850400
2026-02-09,229.3381870702583,230.2904939561725,226.41328261978515,228.75515747070312,799880
2026-02-10,229.32848072384394,230.25162206635525,224.36293548456496,225.95657348632812,971402
2026-02-11,227.38501288877742,228.84260912524394,224.47953238621065,226.53961181640625,2238508
2026-02-12,209.89385405589917,215.72423889078524,207.0758406500117,214.8885498046875,6904218
2026-02-13,215.72422725826317,215.72422725826317,209.89384273776957,211.12794494628906,1951813
2026-02-16,210.8655889050276,211.1085216111394,206.39562118159654,209.3011016845703,1938380
2026-02-17,209.84527154937032,211.83732273322036,206.49280312297856,211.0210723876953,1256139
2026-02-18,211.7207140474164,212.51752560293005,208.0475727645275,211.43890380859375,998784
2026-02-19,211.43890860373833,212.78961386985145,205.52107138347947,207.51312255859375,1226973
2026-02-20,207.5228229799498,207.950386895489,202.12000221617623,206.87176513671875,707263
2026-02-23,206.9689378262376,209.8938420465093,205.03518829543268,207.08554077148438,1061554
2026-02-24,206.97865156754327,210.9627536085027,206.96893959783444,209.50515747070312,1452698
2026-02-25,209.90355310399534,210.86557188040447,204.11204616124246,206.51222229003906,632059
2026-02-26,206.58996051338823,212.16768545140815,202.62529732912787,209.9424285888672,1623368
2026-02-27,209.39828563792432,214.02371913353485,206.97867049009275,209.78697204589844,1177861
2026-03-02,189.49722946492167,206.00694209626852,188.80730885843522,189.6527099609375,3889200
2026-03-03,189.6526942054514,199.78785393252792,189.4875017524466,198.62176513671875,2135555
2026-03-04,199.20481525594215,207.95039251108108,199.20481525594215,206.26930236816406,941914
2026-03-05,205.03520558533484,211.83732141044072,204.06347475317685,209.709228515625,1525320
2026-03-06,209.89384988611434,209.89384988611434,203.09173438054583,205.6182403564453,507471
2026-03-09,189.48749289679049,200.60409485245833,187.55374340063406,194.36558532714844,3322300
2026-03-10,213.80021385441722,213.80021385441722,200.18625591501174,201.8187713623047,3123820
2026-03-11,202.1200127613829,205.0352052531336,197.9512940222511,199.42831420898438,733410
2026-03-12,198.23307108933395,208.92210923630782,198.23307108933395,201.91592407226562,11917223
2026-03-13,200.7887519301015,206.43450584260123,200.17655674479175,201.76048278808594,538080
2026-03-16,201.62176598349595,205.09953526924303,200.43277107538228,202.2459716796875,365944
2026-03-17,202.25588682217807,204.1087135097443,200.64084701807388,201.55239868164062,263059
2026-03-18,201.63165867673365,204.80227632997472,200.92817056180166,203.02871704101562,570903
2026-03-19,203.02872263041783,203.02872263041783,195.686750294672,199.13479614257812,960676
2026-03-20,199.13479614257812,199.13479614257812,199.13479614257812,199.13479614257812,0
2026-03-23,199.13479614257812,199.13479614257812,199.13479614257812,199.13479614257812,0
2026-03-24,206.09034792959562,209.55821436110324,199.65992730386887,200.8291015625,1626859
2026-03-25,203.10798553015036,203.60339501375302,200.64084085907797,201.89918518066406,1188813
2026-03-26,202.12707782242006,203.1178968313535,197.1729827777529,198.1142578125,1799288
2026-03-27,198.16379088969657,199.15460984414506,195.19133402635114,195.9344482421875,408813
2026-03-30,196.1920563736514,197.143249225281,185.28314509198287,188.91944885253906,3712180
2026-03-31,189.24642462878597,192.21888156012815,186.17487975225328,188.4735870361328,1260367
2026-04-01,190.23724304588663,199.15461381366256,190.23724304588663,195.4984893798828,2992139
2026-04-02,193.20969936415077,194.6959278207981,191.22806142195435,193.7150115966797,428753
2026-04-03,190.78220192381434,193.48713356696007,190.25706906207134,192.77374267578125,537248
2026-04-06,190.72275038578243,195.19133853073455,189.31578925224116,194.34913635253906,833944
2026-04-07,194.34912986122072,196.41995294484985,190.2471400368989,192.92236328125,1774805
2026-04-08,210.78683843900794,212.21360509210143,203.72229416667534,212.10462951660156,4781938
2026-04-09,215.99853700726086,215.99853700726086,204.62393938341663,208.43858337402344,1640280
2026-04-10,207.08117196219308,212.03526698521208,207.08117196219308,208.07199096679688,1762623
2026-04-13,201.1461511880497,205.81291513169563,201.1461511880497,202.99899291992188,728179
2026-04-14,206.09034271846969,207.56666840471289,205.10942650991512,205.91200256347656,569715
2026-04-15,209.0132634848334,212.03526443628644,208.67638865580534,209.1519775390625,785914
2026-04-16,212.03525398153346,212.53066345345295,210.0536160938556,211.68846130371094,767135
2026-04-17,212.2334207304462,212.2334207304462,208.86464227389058,210.1527099609375,1703589
2026-04-20,208.07198083866732,210.74718899713926,205.0995239695435,205.92190551757812,1503520
2026-04-21,206.09034493908328,208.51784838217432,204.05916303493453,204.23751831054688,5139485
2026-04-22,204.60412103689637,206.08044677185512,202.12707356671604,202.65220642089844,989855
2026-04-23,202.62248676065505,203.10799351640705,197.1828849740802,198.0944366455078,1696237
2026-04-24,194.19061699588468,198.46104437328108,193.209700764656,197.2918701171875,1024687
2026-04-27,197.65848305269202,200.82910075355957,197.37113708305375,199.0357208251953,1016827
2026-04-28,197.39095255600444,200.13552528251262,195.69664549818313,198.25296020507812,602024
2026-04-29,198.25296020507812,198.25296020507812,198.25296020507812,198.25296020507812,0
2026-04-30,198.16378820711955,198.99607248910212,193.31868419020336,197.00453186035156,523987
2026-05-04,196.1821529807996,199.14470709733166,195.20123677316454,195.9344482421875,677969
2026-05-05,194.49776124541296,196.67755989303205,193.70510306845222,195.2507781982422,351382
2026-05-06,195.2507781982422,195.2507781982422,195.2507781982422,195.2507781982422,0
2026-05-07,199.1744423993479,200.15534354710223,198.1638027719753,198.7384796142578,1077305
2026-05-08,196.4298618837137,198.64930183146137,195.19133816439646,196.09298706054688,950878
2026-05-11,196.0929931385181,199.15462023907907,194.20052520825618,198.0944366455078,623834
2026-05-12,199.1347938125422,199.1347938125422,197.17297647084158,197.28196716308594,346032
2026-05-13,197.28196640169887,198.18361529599528,196.08306879163794,197.2522430419922,433041
2026-05-14,197.47022243775467,198.16379268842462,195.28050587632063,196.58839416503906,213777
2026-05-15,197.8071062387703,197.8071062387703,194.20052565282296,195.17152404785156,1068475
2026-05-18,194.2104245299727,196.4199617602091,189.24642683937788,190.91099548339844,1297401
2026-05-19,191.2280575690979,193.25923944266458,190.9109882477599,191.802734375,823709
2026-05-20,191.80274019374752,195.09225134958822,191.24788398327064,194.3788604736328,804339
2026-05-21,195.19134036094115,199.06544622704936,195.19134036094115,198.5303955078125,1759570
2026-05-22,198.75829025456824,201.63165920310394,197.37113463354947,200.11570739746094,1399151
2026-05-25,202.22615402336064,205.09952293487265,199.15460922661546,200.60121154785156,1661902
2026-05-26,200.60121154785156,200.60121154785156,200.60121154785156,200.60121154785156,0
2026-05-27,200.60121154785156,200.60121154785156,200.60121154785156,200.60121154785156,0
2026-05-28,200.60121154785156,200.60121154785156,200.60121154785156,200.60121154785156,0
2026-05-29,201.14615886265327,208.07198908492566,199.15461812414316,206.2389678955078,2130258
2026-06-01,206.6055706176735,208.07197842284688,199.69956136242894,200.55166625976562,1731711
2026-06-02,199.65001893988062,200.64083789243588,198.26287845378226,199.4419403076172,877507
2026-06-03,199.4419403076172,199.4419403076172,199.4419403076172,199.4419403076172,0
2026-06-04,201.12635661285174,201.9289175932777,198.66911457855454,199.89773559570312,536660
2026-06-05,200.7399335027471,201.0173616105636,198.163798080225,198.56011962890625,539209
2026-06-08,198.16379038400873,198.36195115065325,196.18215248016864,196.4992218017578,608269
2026-06-09,198.1638023403474,200.0265469203301,197.27207127729514,198.1340789794922,1362512
2026-06-10,197.1729793057366,198.1637982972227,196.18216031425047,197.39096069335938,350245
2026-06-11,196.1821596307806,197.27206656509745,195.6867501367635,196.1920623779297,507771
2026-06-12,197.9160843194493,199.15460800104788,196.08306322320453,196.44967651367188,1361951
2026-06-15,201.62176268428058,201.62176268428058,196.95499856678393,198.00526428222656,1583144
2026-06-16,198.16380256586834,201.13625960435635,197.1828863004359,198.72857666015625,3543043
2026-06-17,200.63093769976507,200.63093769976507,198.7582904603439,200.1256103515625,2042261
2026-06-18,200.16525911656464,203.9600977103508,200.0463505555509,200.4129638671875,1774001
2026-06-19,201.13624810532704,201.13624810532704,194.7058276369626,198.2926025390625,1940377
2026-06-22,198.322334933906,199.8481895437209,197.4603121220376,198.0548095703125,1521899
2026-06-23,198.16380246136555,199.20416544802737,197.1234394747037,197.54949951171875,1527882
2026-06-24,197.54949039174937,199.15461227960174,197.27206229060693,198.3718719482422,2149768
2026-06-25,198.3718719482422,198.3718719482422,198.3718719482422,198.3718719482422,0
2026-06-26,198.3718719482422,198.3718719482422,198.3718719482422,198.3718719482422,0
2026-06-29,198.1637933612039,198.1637933612039,197.07388645023823,197.20269775390625,686004
2026-06-30,197.3017836185946,199.0555222858954,196.182153359921,197.12342834472656,935368
2026-07-01,197.24234529943433,198.94654006774766,197.24234529943433,198.0349884033203,1158607
2026-07-02,198.1638027910535,198.46105151897976,196.57848632124575,196.97482299804688,2153991
2026-07-03,197.18287896243433,198.064707246288,195.0030802390689,195.50840759277344,2553789
2026-07-06,195.50840553545302,197.17297414056944,195.50840553545302,196.6082000732422,1293185
2026-07-07,196.9748130486602,197.16307107079433,195.19133588988618,196.00381469726562,1000924
2026-07-08,195.30032205823974,196.3406849699918,192.0306165293178,193.48712158203125,1424799
2026-07-09,192.86291101544708,194.63648548008203,191.23796847103907,193.88345336914062,861248
2026-07-10,194.20051600473067,196.17225117628533,193.25924101722276,194.79501342773438,531242
2026-07-13,194.6959228309144,194.6959228309144,191.3370472097244,192.34768676757812,1039084
2026-07-14,191.72347135402643,191.84236479285187,185.7785575135915,187.27468872070312,2047602
2026-07-15,187.36386982016506,191.92162792691786,187.36386982016506,190.04898071289062,589996
2026-07-16,190.74256026191438,192.9124562910727,190.2372480146069,192.16934204101562,978826
2026-07-17,192.2188873356497,192.2188873356497,190.2372493218801,190.45523071289062,830997
2026-07-20,189.74184081666422,189.74184081666422,188.15652434982894,189.3157958984375,643503
2026-07-21,189.75174016623134,191.56494074014512,188.2556089274863,189.18698120117188,520132
2026-07-22,189.2563279322836,191.22806314526912,187.7800173280095,188.493408203125,399307
2026-07-23,188.5528604962042,189.23652803162264,183.41050741887256,185.76866149902344,645706
2026-07-24,185.29305431387078,187.26478955134908,183.8464670515323,185.64974975585938,517485
2026-07-27,188.2457092062679,189.84092841757035,187.26479294335704,189.30587768554688,743805
2026-07-28,190.23724412663321,190.23724412663321,187.51249193211112,187.9088134765625,609065
2026-07-29,186.273966531081,187.2350621423595,185.283147560171,185.49122619628906,787746
2026-07-30,178.4960307119663,189.84091996982005,178.4960307119663,188.39431762695312,3312646
2026-07-31,188.3943144832386,189.60311481131723,186.17487459327347,186.5117645263672,528437
2026-08-03,188.23578863102824,188.94917951765996,186.07581047667531,188.6123046875,2279425
2026-08-04,189.14733203689377,189.24641997965006,184.82736079805545,185.36241149902344,768014
2026-08-05,187.1458860768226,188.55284715626354,186.17487263093037,188.19615173339844,2582928
2026-08-06,188.26550170280686,191.81263532896057,188.19615223859822,191.14878845214844,1441457
2026-08-07,191.1289693529772,191.1289693529772,188.45376121248015,188.86000061035156,554481
2026-08-10,190.6999969482422,191.0,189.0,189.1699981689453,502599
2026-08-11,188.9499969482422,189.5,187.0,187.85000610351562,617124
2026-08-12,187.60000610351562,188.6300048828125,185.11000061035156,185.8699951171875,702099
2026-08-13,186.5,187.0,184.5,184.97999572753906,1400308
2026-08-14,184.97999572753906,184.97999572753906,184.97999572753906,184.97999572753906,0
2026-08-17,185.1199951171875,187.1999969482422,184.89999389648438,186.07000732421875,653022
2026-08-18,186.07000732421875,186.07000732421875,186.07000732421875,186.07000732421875,0
2026-08-19,185.8000030517578,185.99000549316406,184.0,185.3800048828125,631338
2026-08-20,186.10000610351562,186.39999389648438,183.89999389648438,185.97999572753906,741760
2026-08-21,183.22999572753906,184.5,182.0,184.00999450683594,355603
2026-08-24,182.00999450683594,184.5500030517578,182.00999450683594,182.77000427246094,825270
2026-08-25,182.99000549316406,183.5,180.75,182.02999877929688,390626
2026-08-26,182.02999877929688,182.02999877929688,182.02999877929688,182.02999877929688,0
2026-08-27,182.02999877929688,185.6999969482422,182.02999877929688,184.13999938964844,1651724
2026-08-28,184.0,185.4499969482422,181.5500030517578,182.61000061035156,1232014
2026-08-31,182.49000549316406,183.97999572753906,180.00999450683594,181.35000610351562,665969
2026-09-01,181.50999450683594,185.52000427246094,180.75999450683594,185.14999389648438,1018839
2026-09-02,185.0,192.6999969482422,183.0,190.36000061035156,3267077
2026-09-03,191.89999389648438,192.0,188.3000030517578,191.39999389648438,1542907
2026-09-04,191.39999389648438,191.5,189.3000030517578,190.92999267578125,619769
2026-09-07,190.92999267578125,191.0,188.0500030517578,189.52000427246094,373908
2026-09-08,189.0,189.0,185.6999969482422,187.7100067138672,432265
2026-09-09,187.5,187.5,185.8699951171875,186.4499969482422,185779
2026-09-10,185.0,186.08999633789062,183.50999450683594,183.9600067138672,541355
2026-09-11,182.99000549316406,191.27000427246094,180.9600067138672,189.19000244140625,1114933
2026-09-14,188.5,190.00999450683594,186.1699981689453,187.05999755859375,427992
2026-09-15,187.10000610351562,190.10000610351562,187.10000610351562,189.10000610351562,663500
2026-09-16,189.0,190.5,187.10000610351562,187.7899932861328,257412
2026-09-17,188.10000610351562,188.99000549316406,186.50999450683594,187.02999877929688,238844
2026-09-18,187.60000610351562,188.80999755859375,187.0,188.22000122070312,229791
2026-09-21,188.0,190.10000610351562,188.0,189.85000610351562,352719
2026-09-22,190.0,191.89999389648438,190.0,191.00999450683594,621727
2026-09-23,191.05999755859375,193.5,191.05999755859375,192.8699951171875,956125
2026-09-24,192.8699951171875,194.8000030517578,192.1999969482422,194.11000061035156,736425
2026-09-25,194.0,196.39999389648438,192.0,195.27000427246094,706971
2026-09-28,195.35000610351562,195.5,193.00999450683594,193.9600067138672,231682
2026-09-29,193.9600067138672,195.0,192.00999450683594,193.02000427246094,262622
2026-09-30,193.0500030517578,199.10000610351562,193.0500030517578,194.52999877929688,451153
2026-10-01,194.8000030517578,194.8000030517578,192.9499969482422,194.30999755859375,337434
2026-10-02,194.3000030517578,194.75,192.16000366210938,193.9199981689453,380985
2026-10-05,194.0,194.0,191.00999450683594,191.57000732421875,277829
2026-10-06,192.9499969482422,195.1999969482422,189.8000030517578,194.02999877929688,1254338
2026-10-07,193.89999389648438,194.88999938964844,192.0,193.0,607705
