date,open,high,low,close,volume
2021-10-08,54.33689846846298,54.39128892744522,53.5210291345513,53.72771453857422,1230782
2021-10-11,53.847396422027245,53.847396422027245,52.75957023168326,52.911865234375,1037945
2021-10-12,52.87378290812682,53.03151817811099,51.88930169345091,52.26459884643555,2306128
2021-10-13,52.650769374141056,52.813940751188454,52.221077693382014,52.449520111083984,3052154
2021-10-14,52.35161572772013,55.42472438999384,52.35161572772013,54.1030158996582,880796
2021-10-15,54.1193377582504,55.20716364283835,53.0369521650088,54.652374267578125,448944
2021-10-18,54.663262311552685,54.663262311552685,53.521045720062716,53.94529724121094,865481
2021-10-19,53.94529724121094,53.94529724121094,53.94529724121094,53.94529724121094,0
2021-10-20,54.65780623875013,54.69044383461146,53.87457448342219,54.23355484008789,722796
2021-10-21,54.304268833151326,54.733960576628995,54.119340415559904,54.33690643310547,4940251
2021-10-22,54.82642830743845,54.85362146574116,53.84738331455589,53.967044830322266,1216962
2021-10-25,54.255318036635856,54.5272745180225,54.255318036635856,53.967044830322266,184163
2021-10-26,54.282510608100985,54.66324798892941,54.27707031702452,54.45112228393555,320509
2021-10-27,54.63605760926682,56.023037379026626,54.391298426239445,55.544395446777344,1156362
2021-10-28,55.48456007675529,55.75107625497764,55.386655581733095,55.696685791015625,361594
2021-10-29,55.61511515976786,56.1046377857407,55.61511515976786,55.90882873535156,1340401
2021-11-01,56.02302814313178,56.62133149723943,56.02302814313178,56.55606460571289,1502190
2021-11-02,56.403769116527116,56.64853242458266,56.403769116527116,56.56150436401367,1232905
2021-11-03,56.83890242389441,57.11085889482214,56.430967717502824,57.06190872192383,1381543
2021-11-04,57.08367200826846,57.426339880015156,56.83891279964412,57.21965026855469,822730
2021-11-05,57.52420723234078,57.81185768030573,56.96583049474028,57.39448547363281,667451
2021-11-08,57.247842641052095,58.65788802629969,57.247842641052095,58.42100143432617,1116785
2021-11-09,58.59585156490005,59.27831308346744,58.545091991433836,58.781978607177734,2145962
2021-11-10,59.171146413933855,59.306509565591696,58.65788782992584,59.13730239868164,764631
2021-11-11,58.97374023722684,59.78028641650858,58.968103153603046,59.543399810791016,780033
2021-11-12,59.729507465627236,59.75770578394893,58.7988768986938,58.97936248779297,506321
2021-11-15,58.93989444440034,59.780280251222905,58.65788538007307,59.61671447753906,777170
2021-11-16,59.64492394544159,59.89873041119654,59.447518438396926,59.76900863647461,962951
2021-11-17,59.769000355256615,60.067929267809006,59.44751020172259,59.825401306152344,746088
2021-11-18,59.983328784772496,60.0679323670396,59.22754653691809,59.63364028930664,1101426
2021-11-19,59.27266900424043,60.2371438874652,59.27266900424043,59.949493408203125,1472457
2021-11-22,59.78592890621663,59.78592890621663,59.08090615968106,59.23883056640625,387223
2021-11-23,59.503913051285146,59.503913051285146,58.663527237708436,58.71428680419922,470257
2021-11-24,58.9342678979138,58.9342678979138,56.96584533813253,56.982765197753906,1233337
2021-11-25,57.80621173668032,57.80621173668032,56.43001054944806,56.480770111083984,1007375
2021-11-26,56.90943425532182,57.38884883954967,56.34541608490856,56.86995315551758,715598
2021-11-29,56.86994758684189,58.234870392841344,56.52025480630523,57.88517761230469,741128
2021-11-30,57.89647270073272,58.20668014820515,56.458224479804436,56.85867691040039,10728365
2021-12-01,56.960200579287026,57.54113867519938,56.5146256554519,57.332454681396484,1175149
2021-12-02,57.47344419459698,57.47344419459698,55.30761249277169,55.86599349975586,1680465
2021-12-03,55.84344005513575,57.10683954741061,55.273780500209774,56.0521240234375,1536719
2021-12-06,56.40181709724016,56.57102426977874,55.58399247057704,55.61783218383789,454995
2021-12-07,56.28901456248461,56.40181647418614,55.83779830944428,55.956241607666016,780006
2021-12-08,56.39617155184566,56.39617155184566,55.27377667925193,55.770111083984375,649092
2021-12-09,55.837797783269366,56.40181594269633,55.55578870355588,56.26645278930664,211230
2021-12-10,56.40180920216491,57.07862919134427,56.119800156154085,56.71202087402344,429324
2021-12-13,56.824833244696,56.965837793690284,56.339777251906284,56.63870620727539,473128
2021-12-14,56.5146302539429,56.90944563404357,56.43003095395947,56.616153717041016,357369
2021-12-15,56.88122419180271,57.07862966502519,56.54281419440465,56.7458610534668,795547
2021-12-16,56.68382694890953,56.68382694890953,55.9731628390056,56.09160614013672,547028
2021-12-17,55.843446962643824,56.40182381352478,55.612197419511894,55.86036682128906,1123166
2021-12-20,56.20439686417896,56.345401369958076,55.69677978275094,55.87162399291992,1097887
2021-12-21,55.89420607586635,56.26081878824284,55.55579599641022,55.8265266418457,469785
2021-12-22,55.8378003138635,56.114168019635045,55.7813993559881,56.06904983520508,283791
2021-12-23,55.97879158912222,56.14799872575145,55.83214569091797,55.83214569091797,985160
2021-12-24,56.114154716555866,56.114154716555866,55.80958445249299,55.83214569091797,219565
2021-12-27,56.057753940546625,56.057753940546625,55.273769191166124,55.39785385131836,407004
2021-12-28,55.38659299660671,55.69116338210144,54.85077735551213,55.04254150390625,704103
2021-12-29,55.04816556381564,55.612183662426695,55.04816556381564,55.307613372802734,480311
2021-12-30,55.52759494318161,55.837806701660156,55.27378845214844,55.5557975769043,306942
2021-12-31,55.696782016042725,56.909421674989936,55.696782016042725,56.5484504699707,780087
2022-01-03,56.554094762957,57.247838941032505,56.401811764564044,57.106834411621094,341757
2022-01-04,57.33245095223435,57.38885191167149,56.79663107978812,56.988399505615234,757324
2022-01-05,56.9658385048736,57.46781436131072,56.740230363042706,57.146324157714844,304109
2022-01-06,57.05043510715261,57.52984966036561,56.96583152644046,57.400123596191406,907855
2022-01-07,57.247842995517225,58.646609919715154,57.247842995517225,58.516883850097656,1003110
2022-01-10,58.54508760324746,59.15986534132909,58.15027230348315,58.49432373046875,978888
2022-01-11,58.23487235345513,58.96809764912795,58.23487235345513,58.652244567871094,646293
2022-01-12,58.29127535617354,59.216264784498414,58.29127535617354,59.047061920166016,761744
2022-01-13,58.93989426259263,59.04705908370382,58.38151752181973,58.770687103271484,386159
2022-01-14,58.7706901820447,59.36291096757612,58.65788827199921,59.204986572265625,737440
2022-01-17,59.21627334384553,59.53212648186459,59.02450920926043,59.43060302734375,509980
2022-01-18,59.30650588834348,59.49826998270883,59.221902310134226,59.391109466552734,367877
2022-01-19,58.93989426259263,59.39111048537117,58.669163668302154,58.770687103271484,157210
2022-01-20,58.57328172112162,58.82709246054381,58.37587623698224,58.70864486694336,306981
2022-01-21,58.708643745513456,58.93989323902865,58.48867702408604,58.731204986572266,333382
2022-01-24,58.65788932086462,59.61671848274729,58.65788932086462,59.5264778137207,969123
2022-01-25,59.61672493069795,60.34995034775887,59.36291844954786,60.14126205444336,1349241
2022-01-26,60.400707952127426,60.400707952127426,59.50956245204337,59.75209045410156,370904
2022-01-27,59.56031034587809,59.78591844591997,59.509550782504874,59.594154357910156,464406
2022-01-28,59.92127085991236,60.01151580502359,59.61106354310309,59.78590774536133,224451
2022-01-31,60.06793740049393,60.43455008562745,59.78592830471696,60.17510223388672,1320640
2022-02-01,60.3499383113362,61.1846870149952,60.23713640957105,61.10572052001953,967013
2022-02-02,61.19596818025701,61.19596818025701,60.885756482059634,61.1282844543457,763788
2022-02-03,61.472340632445146,61.472340632445146,60.519152828176146,60.637596130371094,881667
2022-02-04,60.88575209182382,63.0572252163951,60.806789902179396,61.50053405761719,4942075
2022-02-07,61.900989922112096,62.04199445496428,61.506178951372696,61.68666458129883,707098
2022-02-08,61.759984532548835,62.606011717926215,61.62462138776115,61.867149353027344,2096094
2022-02-09,62.0419975104009,63.11363287347669,61.765629817272796,62.43117141723633,5668246
2022-02-10,62.606022313934545,62.71882423649643,61.75435359830451,62.075843811035156,1050429
2022-02-11,61.76563437757278,62.60602029193398,61.75999299069163,62.59474182128906,487711
2022-02-14,62.04764600615786,62.6567824175028,61.195977283332574,61.5174674987793,1181222
2022-02-15,61.5343808491223,61.84459256065659,60.9985653144181,61.49489974975586,475072
2022-02-16,61.39337544337688,61.759988105540025,61.30877185932123,61.675384521484375,359964
2022-02-17,61.87278466376802,62.041991817243535,61.1959646560993,61.946109771728516,308772
2022-02-18,61.703587196999216,62.10403957183931,61.47797907371996,61.957393646240234,506503
2022-02-21,62.041989705315764,62.1829942273733,61.48361300284055,61.551292419433594,170671
2022-02-22,61.47799337021261,61.55131419850412,60.789890370597575,61.291866302490234,261579
2022-02-23,61.3087837982804,61.3087837982804,60.63196360026874,61.11701965332031,253751
2022-02-24,60.63193474175795,61.179032887926304,59.67310586708811,59.78590774536133,543116
2022-02-25,59.9269214269958,61.054957595033365,59.77463843768198,60.86319351196289,1279826
2022-02-28,61.05496826498857,61.97995774018105,60.36122400703559,61.60770797729492,1035021
2022-03-01,62.041994395299895,62.041994395299895,61.252368151463614,61.40465545654297,228198
2022-03-02,61.20160828038585,61.336971426246926,60.490944234160764,60.930877685546875,349436
2022-03-03,61.026753214386844,61.026753214386844,60.49093777122625,60.90830993652344,306805
2022-03-04,60.91395687513897,61.252366886044165,60.631947815531845,61.173404693603516,387676
2022-03-07,60.91395243619564,60.91395243619564,60.34993435808272,60.57554244995117,92990
2022-03-08,60.51914954369162,60.91396052958098,60.12433425468524,60.3273811340332,361974
2022-03-09,60.82372056595933,60.9421681745925,60.237145425247924,60.902687072753906,511458
2022-03-10,60.913976247593524,61.049339434381764,60.34995794900469,60.457122802734375,595788
2022-03-11,60.80116675000689,60.823723692402105,60.34995044598613,60.39507293701172,393418
2022-03-14,62.04198117627552,62.38039112206839,61.1959541602354,61.7656135559082,1355051
2022-03-15,61.618981928314504,62.041995534229706,61.48925586246239,62.008155822753906,266648
2022-03-16,62.0250756784918,62.041995534229706,61.75998646361957,62.008155822753906,797895
2022-03-17,61.9256997616938,62.426287013643254,61.9256997616938,62.24372100830078,218762
2022-03-18,62.426305879576816,64.41687892121833,61.336791062385934,63.445152282714844,1784972
2022-03-21,64.18130556844362,65.37093685677509,63.604154779564944,65.02935791015625,1642185
2022-03-22,65.02935122304889,65.28259014113428,64.64654758038606,64.81733703613281,2638601
2022-03-23,64.81733703613281,64.81733703613281,64.81733703613281,64.81733703613281,0
2022-03-24,64.81732564271734,66.46043305591657,64.19306425383915,65.57115173339844,1370683
2022-03-25,65.57116745649228,66.68424425562844,65.38271088863262,65.9068603515625,2041721
2022-03-28,65.25315147901259,65.90097065844868,64.48754413494144,65.60061645507812,1761070
2022-03-29,65.95986178048928,66.69602095214653,65.75373811105706,66.4074478149414,1269171
2022-03-30,66.24844494041824,66.24844494041824,65.42983617714081,65.83030700683594,564909
2022-03-31,65.49460015473898,67.43217138255201,65.49460015473898,66.97280883789062,2160915
2022-04-01,66.13654591906568,68.29790830399341,66.13654591906568,67.50874328613281,841120
2022-04-04,66.25432092637504,67.43217552062171,65.75373362245195,67.16716003417969,428939
2022-04-05,66.69602173376722,68.9987298064132,66.69602173376722,67.3497314453125,1732889
2022-04-06,67.16716217686248,68.6100323035798,67.16716217686248,67.29672241210938,507183
2022-04-07,67.72665301046601,67.72665301046601,67.1377255929837,67.43807983398438,510108
2022-04-08,67.1377168267223,68.16244914125616,66.84325315642965,67.90921020507812,437230
2022-04-11,68.40391654956652,69.66422079186151,67.90921521056846,69.19307708740234,1241790
2022-04-12,69.46398422036042,69.81734425075548,68.54525892491587,69.52288055419922,1336867
2022-04-13,69.02817536166114,70.57705270171458,69.02817536166114,69.47576141357422,1492130
2022-04-14,69.49342927130952,69.78789295466252,68.9045019046035,69.56410217285156,402667
2022-04-15,69.2578533821055,70.37681621214375,69.2578533821055,70.22369384765625,226503
2022-04-18,69.61119398710656,71.73133552430413,69.61119398710656,71.47220611572266,1098830
2022-04-19,71.25431966400077,74.44041882202704,71.25431966400077,72.67952728271484,3150366
2022-04-20,73.46867186057182,73.54523078284949,71.6135501895089,71.99046325683594,896780
2022-04-21,72.32616542275366,72.67363489092612,71.6842367767828,71.85502624511719,561837
2022-04-22,72.14359926349574,72.14359926349574,71.6135637580301,71.76079559326172,89684
2022-04-25,72.72662317451324,74.21072232660497,71.76667339659198,74.03404235839844,721065
2022-04-26,73.63358345269528,75.08823467870982,73.47457505036559,74.72898864746094,853478
2022-04-27,74.0576101416181,75.90684155826624,70.96574172616288,71.94924926757812,1708789
2022-04-28,71.84912837816327,71.84912837816327,67.13771012385747,70.84795379638672,3634183
2022-04-29,70.84795379638672,70.84795379638672,70.84795379638672,70.84795379638672,0
2022-05-02,70.84795379638672,70.84795379638672,70.84795379638672,70.84795379638672,0
2022-05-03,70.84795379638672,70.84795379638672,70.84795379638672,70.84795379638672,0
2022-05-04,70.84795379638672,70.84795379638672,70.84795379638672,70.84795379638672,0
2022-05-05,70.84795379638672,70.84795379638672,70.84795379638672,70.84795379638672,0
2022-05-06,70.96574841295117,72.11415499249455,70.93630024705138,71.3603286743164,529409
2022-05-09,71.84912831486619,71.85501884576328,68.93982610758464,71.20130920410156,1301128
2022-05-10,72.29485558046332,72.30093207621356,71.14056704335344,71.808837890625,1390001
2022-05-11,71.56581402365434,71.74806713102791,69.95588608264976,70.70313262939453,1719186
2022-05-12,70.70921185106769,70.70921185106769,68.80160051659577,70.10169219970703,1175214
2022-05-13,69.74325991643695,71.04942349792798,69.4091222441907,70.37507629394531,233465
2022-05-16,70.35078995097703,70.35078995097703,68.95956914657167,69.68859100341797,352384
2022-05-17,69.25726465490845,70.3082760614438,69.25726465490845,70.16246795654297,256964
2022-05-18,69.87084048288402,71.32281216366457,69.86476398821341,70.9947509765625,553741
2022-05-19,70.48444935267695,71.96072273996279,70.47230099535736,71.4382553100586,243029
2022-05-20,71.68732536393759,72.2887685755448,71.53544543731908,71.86958312988281,176740
2022-05-23,70.92793259841766,71.65695446277078,70.47229277444495,70.80035400390625,531674
2022-05-24,70.77603871323187,71.1284012200857,69.40911951061581,69.59137725830078,1029910
2022-05-25,69.409132374994,69.409132374994,67.43469316082567,68.58898162841797,1438889
2022-05-26,68.58898167583168,68.89274155514448,67.79920413561523,68.63150787353516,432588
2022-05-27,69.1964956676463,70.50266396683733,69.1964956676463,69.7068099975586,740796
2022-05-30,70.4419082880318,70.4419082880318,69.28762455084708,69.7068099975586,141581
2022-05-31,69.86477320755445,70.16853309106556,68.64973367351001,69.95590209960938,1721838
2022-06-01,69.56101521763779,70.04703289848916,68.95349543407764,69.04462432861328,1025865
2022-06-02,69.22688378501196,69.22688378501196,68.04222195322266,68.30953216552734,277076
2022-06-03,68.64365147031819,68.64365147031819,66.28647663887396,66.71173858642578,512855
2022-06-06,66.21964028442626,67.12484324372335,65.30836083097086,66.62060546875,502471
2022-06-07,66.82716866412711,67.34963598993816,66.46265776205158,66.58415985107422,99858
2022-06-08,66.52341693219952,66.52341693219952,65.02284231094039,65.994873046875,1770456
2022-06-09,66.45050624536594,66.72996476431976,66.0373926445195,66.34722900390625,385107
2022-06-10,66.34724356804827,67.88426807719635,66.28041601243237,66.8089599609375,283165
2022-06-13,66.827184388632,67.36180019513793,65.61822116885827,65.82477569580078,137349
2022-06-14,65.9158978208507,66.76642646166978,65.46633446992094,66.04955291748047,957157
2022-06-15,66.21965751162031,68.04221689267408,66.21965751162031,67.99361419677734,640499
2022-06-16,68.12118433292822,69.25724787456105,68.04220843816525,69.2147216796875,983153
2022-06-17,68.74086002893011,69.04461990123205,67.14915662946514,67.33748626708984,1071351
2022-06-20,67.58656697590871,68.33989011001786,66.83324384179956,66.94866943359375,527585
2022-06-21,67.2463507085766,68.16370203150628,66.46264981358514,68.0604248046875,929387
2022-06-22,68.6497318398618,70.32041115454871,68.6497318398618,69.85262298583984,2897902
2022-06-23,69.85262876978352,70.47229692750102,69.01424847786141,69.27548217773438,540654
2022-06-24,69.26333583487082,70.29004117677309,64.09334087940289,67.30712127685547,2320816
2022-06-27,67.58656864951682,69.56100773366,66.83931735673005,69.2147216796875,311683
2022-06-28,68.07259802363143,69.19650876922066,67.7384602669659,67.77490997314453,720687
2022-06-29,68.6193587062952,68.6193587062952,67.31319486047579,67.86603546142578,411310
2022-06-30,67.43470305721229,68.16372502004359,66.67530324800946,66.9608383178711,870362
2022-07-01,67.44076607666314,68.95348889650232,67.44076607666314,68.0361328125,393257
2022-07-04,67.73844489347104,67.73844489347104,65.84905830187499,66.76033782958984,467337
2022-07-05,66.70567133180563,66.82717342949245,66.0981515733557,66.12852478027344,156662
2022-07-06,66.38975874638933,66.5234138354225,66.21965395489546,66.38368225097656,518128
2022-07-07,66.51733359099906,67.73844953969619,66.1285213366391,67.14915466308594,432991
2022-07-08,67.14915466308594,67.14915466308594,67.14915466308594,67.14915466308594,0
2022-07-11,67.14915466308594,67.14915466308594,67.14915466308594,67.14915466308594,0
2022-07-12,67.14915466308594,67.14915466308594,67.14915466308594,67.14915466308594,0
2022-07-13,67.22205368626703,67.98145328815662,67.0397959278106,67.3496322631836,685220
2022-07-14,67.43469588039495,67.8599578742861,67.2463662309586,67.42861938476562,516725
2022-07-15,67.46507022437548,67.73845225841076,67.19168355533232,67.4346923828125,159514
2022-07-18,67.13092945497813,67.42861282172747,65.6242785011101,65.87944030761719,366165
2022-07-19,65.94627643057406,66.50519353660086,64.33634802657643,64.61580657958984,524550
2022-07-20,65.00461750990284,65.31445390050933,64.46392526777066,64.98031616210938,461973
2022-07-21,65.01677559002253,65.01677559002253,63.78958747047071,64.111572265625,271277
2022-07-22,64.45784927671882,65.00461801883213,64.09333832697934,64.39102172851562,358569
2022-07-25,65.00461520178293,65.00461520178293,63.48581578118053,63.728824615478516,359852
2022-07-26,63.72882502563279,64.64010468385916,62.63528758175793,63.81995391845703,208104
2022-07-27,63.80173271544228,64.29382694657994,63.182064506798625,63.64985275268555,673673
2022-07-28,64.24522350176325,64.33635240536321,62.064229486649346,63.73490905761719,916457
2022-07-29,63.789575870977075,64.09333575607697,62.45303423054076,62.88437271118164,767837
2022-08-01,63.06054738893627,63.18204947623371,62.580606264598586,62.80538558959961,180268
2022-08-02,62.57453822859799,63.48581791153874,62.30115617771902,63.03017807006836,1219465
2022-08-03,63.24281523768016,63.78958402777712,62.87830425595173,63.30964279174805,1606503
2022-08-04,63.861441482395435,64.48145547737015,63.30962940529445,64.07844543457031,721821
2022-08-05,64.48146197835247,64.79146900709455,64.04125256517854,64.18385314941406,1013506
2022-08-08,64.18385314941406,64.18385314941406,64.18385314941406,64.18385314941406,0
2022-08-09,64.18385314941406,64.18385314941406,64.18385314941406,64.18385314941406,0
2022-08-10,64.48146517032275,65.40528483721228,64.48146517032275,64.8968734741211,1556768
2022-08-11,65.07047376065833,65.41148338608346,64.60546321525963,64.74186706542969,349279
2022-08-12,64.6674604930906,65.00846534645967,64.32645090939023,64.82246398925781,181353
2022-08-15,65.0394798046955,65.1014802684085,64.0288537978781,64.4566650390625,1252088
2022-08-16,64.48766934575038,64.79147493723096,63.5514467087672,63.811851501464844,665656
2022-08-17,63.68163245054676,63.861437064289824,63.55763155226308,63.7126350402832,233715
2022-08-18,63.7250363898071,63.85523875854406,63.24142624011803,63.390228271484375,296747
2022-08-19,63.40263981589048,63.73744797971019,63.06163018690783,63.34683609008789,452356
2022-08-22,63.69403371752754,63.69403371752754,62.46640404307728,63.14841842651367,1223717
2022-08-23,63.54524329826913,65.10148000185407,63.54524329826913,64.80387115478516,2466530
2022-08-24,64.9464596652776,65.09526168512544,64.18384044418697,64.30784606933594,675542
2022-08-25,64.48146482023381,64.48146482023381,64.01645425662635,64.22725677490234,531886
2022-08-26,64.45044858316896,64.48765263700928,64.10944374689511,64.2210464477539,1153175
2022-08-29,63.55763495402455,64.48145446757688,63.241426497046554,64.40705108642578,340377
2022-08-30,64.78526043073222,64.78526043073222,64.17144790569229,64.3946533203125,526184
2022-08-31,64.5744712643472,64.79147525934073,63.892456681367975,64.4814682006836,529041
2022-09-01,64.4814553446223,64.6302573786171,64.17144834777315,64.5372543334961,122115
2022-09-02,64.78526111572468,64.78526111572468,63.7684385407398,63.904842376708984,291355
2022-09-05,63.861447549044996,63.89245014387144,63.55144052210788,63.756046295166016,570328
2022-09-06,63.427430481404556,63.86143836456526,62.96242000787617,63.018218994140625,449533
2022-09-07,63.24142786850712,63.54523340338264,62.90041827708358,63.1422233581543,394650
2022-09-08,63.24142782787369,63.70023686213214,62.93142082871745,63.272430419921875,149275
2022-09-09,63.70024483733745,64.20245945547268,63.24143574563657,63.985450744628906,532351
2022-09-12,63.86144380690229,63.86144380690229,62.93142278058818,63.185630798339844,407416
2022-09-13,63.53283883717213,63.55143850134384,62.50361326990823,62.65242004394531,336574
2022-09-14,62.68342817428137,63.241441842487454,62.62142770677679,62.75783157348633,178436
2022-09-15,62.776427866460686,63.17943797907725,62.46642081526829,62.50362014770508,197589
2022-09-16,62.62140513235785,62.77640861040824,62.01378941705479,62.10679244995117,1118689
2022-09-19,62.621419460858135,62.93142648789209,62.001405406790234,62.038604736328125,474023
2022-09-20,62.31140557554861,62.47880727037595,62.00139858263544,62.05719757080078,213426
2022-09-21,62.05100258363007,63.0864248338296,61.90839728152963,62.84461975097656,155750
2022-09-22,62.77641208461786,62.931415571246546,62.00759611543226,62.36100387573242,186073
2022-09-23,62.55942783987608,62.584228973182505,62.31142123714432,62.330020904541016,172873
2022-09-26,62.46641632573522,62.714422894931054,62.2494123515633,62.3114128112793,492391
2022-09-27,62.49741473179032,62.99342310660455,62.31761009943327,62.43540954589844,222188
2022-09-28,62.49740485418339,62.621405745705935,62.31139878656877,62.31760025024414,148218
2022-09-29,62.3114128112793,62.43541373071128,62.1936086265866,62.3114128112793,532607
2022-09-30,62.01380283357772,63.08642921509185,62.01380283357772,62.813621520996094,191552
2022-10-03,63.08642222180393,63.173223800242816,62.156401255389135,62.32380294799805,542953
2022-10-04,62.3114128112793,62.93142686910297,62.001405782367456,62.3114128112793,528900
2022-10-05,62.342402980639186,62.68340780627632,62.31140039179448,62.354801177978516,449596
2022-10-06,62.50361591681793,63.8552467577378,62.33001273675458,63.55144119262695,880436
2022-10-07,63.24143285840033,64.19005359442325,62.931425834584644,63.036827087402344,616991
2022-10-10,63.24143946755899,63.48944605859627,62.627626820749256,62.968631744384766,673887
2022-10-11,63.05543166826899,63.737450958104446,62.93763220666008,63.216636657714844,211637
2022-10-12,63.24142700047699,63.55763545997215,62.962422597019184,63.53903579711914,158446
2022-10-13,63.551447122272855,63.72505031853419,63.12983733263863,63.29104232788086,407621
2022-10-14,63.29723161690891,63.50183738714656,63.11743170645594,63.229034423828125,371398
2022-10-17,63.23522636339777,63.359232001259116,62.93142082871745,63.272430419921875,114416
2022-10-18,63.24143306513619,63.86144711479439,63.24143306513619,63.7684440612793,159357
2022-10-19,63.30341863557205,64.29543993564324,63.30341863557205,63.818031311035156,228928
2022-10-20,63.61962768219866,64.1652382200682,63.61962768219866,63.89863204956055,160723
2022-10-21,63.85524453156151,63.923446454256094,63.28483275114475,63.58863830566406,159613
2022-10-24,64.16526287798901,64.16526287798901,63.73745633232205,63.892459869384766,325444
2022-10-25,63.861445513067686,64.26445558130386,63.588637824354265,63.73124313354492,1420360
2022-10-26,63.54522590120412,63.85523286395998,63.24142040219601,63.365421295166016,434635
2022-10-27,63.79945680108062,63.98545820735635,63.54524872973814,63.892459869384766,173975
2022-10-28,63.61344605616209,64.35746581836409,63.551445591894975,64.02885437011719,526082
2022-10-31,63.5824563947961,64.29546892138369,63.5824563947961,63.954463958740234,261432
2022-11-01,64.13424878496048,64.32645160859094,63.892443706737815,64.04744720458984,419452
2022-11-02,64.41946485149282,64.48146531438253,63.867652690209766,64.32646179199219,662636
2022-11-03,64.36364709047739,64.47524979147902,63.86763876517206,64.33264923095703,1510869
2022-11-04,65.13857622015539,65.49676496655349,64.33266252051031,65.14497375488281,1776419
2022-11-07,65.27289623448303,65.38162991904737,64.85714433950827,64.97866821289062,1023849
2022-11-08,65.20893490212671,65.36883911216614,64.9211092760114,65.25370788574219,171509
2022-11-09,65.25370788574219,65.25370788574219,65.25370788574219,65.25370788574219,0
2022-11-10,65.24090953734053,65.56071791742552,64.92749869122603,65.33685302734375,199841
2022-11-11,65.43918147937758,65.43918147937758,64.9210935261029,65.26648712158203,91653
2022-11-14,65.56072216206346,65.56072216206346,64.93389554936284,65.20893096923828,107530
2022-11-15,65.24090924711803,65.56071762578037,65.04902226796519,65.17694854736328,406747
2022-11-16,65.49675808080501,65.86773697776735,65.1769496965041,65.48396301269531,442135
2022-11-17,65.55432888190222,66.00845625490925,65.24091799515722,65.88693237304688,896574
2022-11-18,65.56071490404484,66.20033163481601,65.30486723575869,65.84214782714844,739654
2022-11-21,65.87413338563553,65.91251371226296,65.31766988837177,65.50955200195312,467788
2022-11-22,65.86774441231229,65.88053460197695,65.62468688968075,65.7973861694336,289379
2022-11-23,65.62468350058569,65.880531199669,65.5607227957871,65.6694564819336,180106
2022-11-24,65.74620379128623,65.97646620282772,65.49675365876435,65.59269714355469,357228
2022-11-25,65.81018849272382,65.86775655655185,65.40083402953167,65.82937622070312,301949
2022-11-28,65.84855235052461,65.84855235052461,65.40082251023422,65.7142333984375,383201
2022-11-29,65.37521862002615,66.45617234338935,65.24089970621753,66.30266571044922,436230
2022-11-30,66.48176857398045,66.48816122815468,65.50954835174045,65.62467956542969,416870
2022-12-01,65.75260958595872,65.8805309951588,65.57991031566078,65.6502685546875,356300
2022-12-02,66.04041629673803,66.04041629673803,65.40079967400933,65.64385223388672,215864
2022-12-05,65.65666090847625,65.65666090847625,65.05541959692118,65.15776062011719,127420
2022-12-06,65.2281232537866,65.24091344260462,64.4733752364119,64.97866821289062,833723
2022-12-07,64.7611972905812,65.24090986310402,64.69723659022254,65.23451232910156,601863
2022-12-08,65.3688235621003,65.56071052045687,64.88911104609696,65.4263916015625,145895
2022-12-09,65.24090599261955,65.8677325306799,65.17694529605542,65.59269714355469,1127131
2022-12-12,65.72064138244538,65.88054561938564,65.25371886342822,65.31128692626953,271011
2022-12-13,65.40081405883558,65.62467895005192,65.27289265810872,65.5671157836914,937728
2022-12-14,65.33684986553416,65.56071474478257,65.24090638017388,65.29846954345703,382353
2022-12-15,65.50957046492422,65.56074099492322,64.34546774684414,65.0042724609375,1368797
2022-12-16,64.92750300741976,65.84215523046186,64.66525777597022,65.42000579833984,297564
2022-12-19,65.30487735295088,65.56072506087358,64.9594836792386,65.08740997314453,222176
2022-12-20,65.04903069208727,67.15976821656353,64.12158822581422,65.25370788574219,1351420
2022-12-21,65.24091267068373,65.6246817692394,64.31347027585014,64.6396713256836,456537
2022-12-22,64.56931745934818,65.54793531476312,64.56292480452652,65.1961441040039,315690
2022-12-23,64.60769210847108,64.98506366512301,63.961677796359005,64.05122375488281,765904
2022-12-26,64.85713490604363,64.85713490604363,63.955273009048454,64.01923370361328,422444
2022-12-27,64.49895702595498,64.49895702595498,63.763401595539065,63.916908264160156,338700
2022-12-28,63.9616841355244,63.9616841355244,62.98946868381569,63.392425537109375,550063
2022-12-29,63.002246889693225,63.69942677181147,62.6184778338555,62.90630340576172,511106
2022-12-30,63.13017625713003,64.12158424985645,62.61848574466553,63.136573791503906,1602951
2023-01-02,63.32206174225757,64.76119950912705,63.290078951038275,64.31986236572266,559916
2023-01-03,64.5373258174501,64.5373258174501,63.64825899743831,64.08319854736328,303162
2023-01-04,63.96169077561926,65.56073304500974,63.96169077561926,64.8443603515625,602703
2023-01-05,64.92110458571955,65.23451544838517,64.57571093140096,65.2025375366211,351326
2023-01-06,65.40081750115932,65.554324166089,64.6076940391523,65.43280029296875,289156
2023-01-09,65.24090495279806,65.49035508134416,64.76119241638042,64.90190887451172,67408
2023-01-10,65.20892115255391,65.36882532887688,63.96167052918999,64.28147888183594,417149
2023-01-11,64.60128919702566,65.33684940643482,64.53732850053103,65.18973541259766,566551
2023-01-12,64.88273271347009,65.07461483429027,64.76120395436159,64.94669342041016,304643
2023-01-13,64.79318245919997,64.92110386461314,63.968076218585225,64.6012954711914,364037
2023-01-16,64.60129953822045,64.85074971040265,64.28149112466491,64.52454376220703,228308
2023-01-17,64.60129851780054,64.60129851780054,63.64187329228865,63.85934066772461,410251
2023-01-18,64.42859301624196,64.60128737990873,63.6546525067949,64.4925537109375,354890
2023-01-19,63.84014904431532,65.17695064774554,63.84014904431532,64.38382720947266,238794
2023-01-20,64.92110448036946,65.06821848988987,64.5373353806012,64.65885925292969,633870
2023-01-23,64.8571341966902,64.86992438350799,63.9616698429118,63.98725509643555,347130
2023-01-24,64.59489749300202,64.59489749300202,63.73781334686902,64.15995788574219,499649
2023-01-25,64.5885046287478,64.92110320738828,64.12158223192783,64.47337341308594,138870
2023-01-26,64.74840665729235,67.79937645040981,64.74840665729235,67.44119262695312,1870634
2023-01-27,67.79938118898681,68.39422501159518,66.59050582044222,67.49236297607422,920823
2023-01-30,67.79298031974592,69.71822817045485,65.24091076501279,65.78458404541016,689686
2023-01-31,65.24090716924347,66.3922192477149,65.08100298500513,66.23231506347656,709916
2023-02-01,66.23231092332792,66.3282495239631,65.88051978803847,65.9061050415039,133364
2023-02-02,65.88692061983436,66.26429214759321,65.40081053943169,65.56071472167969,446220
2023-02-03,65.72062692326654,65.88053112502631,65.36883572743945,65.52873992919922,125970
2023-02-06,65.72061748034557,67.47956344697282,65.40080912277698,66.67364501953125,618037
2023-02-07,66.52654286814081,66.8271635364899,66.32825834737869,66.54573059082031,192571
2023-02-08,66.52014795163194,66.5521307439489,65.88053114440471,65.93170166015625,331684
2023-02-09,66.4561892463342,67.28768819281328,65.95728890246895,67.1917495727539,505940
2023-02-10,66.52655664016109,67.22373673458385,65.24092527571175,65.65667724609375,1102803
2023-02-13,65.69504060373579,66.34745246911021,65.24091326366363,65.36244201660156,409993
2023-02-14,65.56072886632077,65.56072886632077,64.76120778258515,64.7803955078125,554522
2023-02-15,65.2025301334822,65.24090557519746,64.85713651837985,64.95947265625,710986
2023-02-16,64.98506549260546,66.34105485678077,64.98506549260546,65.22172546386719,993314
2023-02-17,65.24091402403319,66.2642999347069,65.2217263006907,65.7014389038086,2901535
2023-02-20,66.16195981421559,66.16195981421559,65.24091010992291,65.32405853271484,139470
2023-02-21,65.56072533469752,65.85494849207629,65.2345193837364,65.247314453125,353216
2023-02-22,65.52873931721015,65.84215506325229,65.08740704279938,65.47117614746094,399293
2023-02-23,65.25368831814072,65.52872367212936,64.92108980814615,65.24089813232422,527576
2023-02-24,65.52873937002883,65.56072216206346,64.96587834139747,65.20893096923828,274055
2023-02-27,65.20893019104058,65.29847615180219,65.06182106117032,65.2025375366211,304563
2023-02-28,65.24090509498146,65.49035522407121,65.0810009158271,65.11298370361328,347798
2023-03-01,65.1129767546081,65.24089813232422,64.79316843043003,65.24089813232422,394690
2023-03-02,65.43279989510921,65.55432376749054,64.86354133956281,65.06182098388672,258105
2023-03-03,64.9211090069844,65.8741367285012,64.6972440898347,65.49676513671875,1006487
2023-03-06,65.25370317142139,65.81656907322449,65.11299157585948,65.2025375366211,117859
2023-03-07,65.24090920435962,65.5543200488745,64.92110082590688,65.1065902709961,511632
2023-03-08,65.10659424540052,65.46477808956843,65.10659424540052,65.22172546386719,552180
2023-03-09,65.24091735815676,65.5287429827812,65.08741068368302,65.35604858398438,116228
2023-03-10,65.24090986798268,65.63747401805777,65.08100567712978,65.5671157836914,343370
2023-03-13,65.56072351440312,66.13637962367812,65.56072351440312,65.93809509277344,552989
2023-03-14,65.8805267156167,65.88692424962781,65.56071833350205,65.70783233642578,169961
2023-03-15,65.86135213105848,66.36025252589249,65.7270331693639,66.23872375488281,368360
2023-03-16,66.45618752659517,66.48816543915774,66.04043562416982,66.09160614013672,96461
2023-03-17,66.20032966892005,66.20032966892005,64.28147953358904,64.67164611816406,4809963
2023-03-20,65.0810000070971,65.24090418401872,64.60768500977782,64.63327026367188,2096680
2023-03-21,65.1065826964489,65.1065826964489,64.639660371079,64.9146957397461,950646
2023-03-22,67.2910815624616,67.2910815624616,66.44614826645716,66.55836486816406,696266
2023-03-23,66.55836486816406,66.55836486816406,66.55836486816406,66.55836486816406,0
2023-03-24,65.02033336981653,65.02033336981653,64.32722120266305,64.37342834472656,193965
2023-03-27,64.68366697132358,65.35037421945601,64.55825048582135,65.2249526977539,465779
2023-03-28,65.35037175424769,65.97087184511435,65.21835281568868,65.85865020751953,243918
2023-03-29,65.87847413670752,65.94448362257579,65.3239833757721,65.5088119506836,295826
2023-03-30,65.51540566260361,65.51540566260361,65.11934376407477,65.38998413085938,265738
2023-03-31,65.36357430559325,66.03688401388732,65.22495290357973,65.99067687988281,405197
2023-04-03,66.01047945465568,66.01047945465568,65.03352214279882,65.11933898925781,143440
2023-04-04,65.02031874979328,65.25135440816175,64.6968688280774,65.16554260253906,487635
2023-04-05,65.15233720054674,65.61441355003265,65.03351814338747,65.20514678955078,206062
2023-04-06,65.35037228939018,66.01047705999008,65.32396749422222,65.88505554199219,503440
2023-04-07,65.94447863463964,65.91147137610166,65.3503832343599,65.64083099365234,213495
2023-04-10,65.68043056495867,65.68043056495867,64.86190198614447,65.00712585449219,1010331
2023-04-11,65.32398048244625,65.32398048244625,64.88831386605152,64.98072814941406,290473
2023-04-12,64.98071288485409,65.84544849155532,64.95430809063883,65.51539611816406,469839
2023-04-13,65.51541554404861,66.01049425093059,65.38339657002716,65.69364166259766,516931
2023-04-14,65.69364166259766,65.69364166259766,65.69364166259766,65.69364166259766,0
2023-04-17,65.52200119350256,66.66397963078889,65.52200119350256,66.11609649658203,527524
2023-04-18,66.46595776629916,66.83561486408682,65.96427667915859,65.99728393554688,305608
2023-04-19,65.85206831974396,66.33394209173304,65.68043963017209,66.22172546386719,68033
2023-04-20,66.50556753427406,66.8356199786129,65.918074586247,66.63098907470703,160300
2023-04-21,66.63098907470703,66.63098907470703,66.63098907470703,66.63098907470703,0
2023-04-24,66.63098907470703,66.63098907470703,66.63098907470703,66.63098907470703,0
2023-04-25,66.63098907470703,66.63098907470703,66.63098907470703,66.63098907470703,0
2023-04-26,66.67059013764006,67.37029967007474,66.53857118155062,67.21187591552734,413647
2023-04-27,67.32409456822515,68.37366393482462,67.00064459068213,67.85218048095703,1423698
2023-04-28,67.99080297168877,68.15582919249384,67.50232676824193,67.90499114990234,637672
2023-05-01,67.90499114990234,67.90499114990234,67.90499114990234,67.90499114990234,0
2023-05-02,67.99080113443465,68.31425110833612,67.66074870174322,68.16242980957031,486320
2023-05-03,67.99740448300089,68.17563058305824,67.70695672684765,68.05020904541016,738401
2023-05-04,68.01721795091304,68.32086563829463,67.8125870180736,67.93800354003906,866028
2023-05-05,67.99078198973345,68.41985103865605,67.7993510283311,68.3142318725586,936593
2023-05-08,68.73421104039645,69.18858636754821,68.31426524888855,68.83747863769531,1067823
2023-05-09,68.844340509688,68.9131837997164,68.29358368464796,68.56896209716797,477404
2023-05-10,68.35556434702032,68.70667204687702,68.2247583847897,68.40375518798828,777927
2023-05-11,68.83745106946542,70.22122371331324,68.40373363739644,68.74795532226562,348438
2023-05-12,68.8374739921109,69.01647079852191,68.5001380992811,68.8787841796875,324991
2023-05-15,69.18855971175938,69.87700309197588,68.84433802165113,69.8701171875,397048
2023-05-16,70.15240493795007,70.46220246161262,69.87702644335674,70.22813415527344,506638
2023-05-17,70.45529715458453,71.11620746058642,70.29007220428728,70.978515625,1113551
2023-05-18,71.08178926448585,71.08178926448585,70.64807176323005,70.74445343017578,155388
2023-05-19,70.82705705859736,70.90967215974689,70.42776386739081,70.90278625488281,623447
2023-05-22,70.9096811369482,70.9096811369482,70.0147024779462,70.18681335449219,518258
2023-05-23,70.46217215531581,70.46217215531581,69.70488556020459,70.2487564086914,250964
2023-05-24,70.35204296351492,70.35204296351492,69.97339693745658,70.1455078125,286190
2023-05-25,70.22124015291742,70.32450773303553,69.80817508485231,70.13174438476562,116352
2023-05-26,69.87701865767292,70.32450800497692,69.70490777427965,69.89078521728516,205854
2023-05-29,69.73933701300153,70.34516547477635,69.70491273291108,70.2625503540039,151348
2023-05-30,70.18681169243658,71.08179033024507,69.1816848274987,70.75133514404297,611480
2023-05-31,70.90967444519687,72.01118290066036,69.32625242943857,69.58097839355469,2002288
2023-06-01,69.87701349284048,70.11796766129991,69.53279175149643,69.5740966796875,360767
2023-06-02,69.87701853098143,70.25566457472307,69.54656332440624,70.07666778564453,279536
2023-06-05,69.67046748959538,70.22122429087844,69.67046748959538,69.77373504638672,458521
2023-06-06,69.8907741872845,70.21434343738409,69.80816433783372,70.01469421386719,67129
2023-06-07,70.20747386484726,70.20747386484726,69.80128944878729,69.89078521728516,193458
2023-06-08,69.93897152745589,69.93897152745589,69.58098322422933,69.74620819091797,271645
2023-06-09,69.470834192447,69.93897071724048,69.39510498934054,69.49836730957031,351063
2023-06-12,69.18856207394853,69.656703798575,69.18856207394853,69.4226303100586,83245
2023-06-13,69.60163331277852,69.60163331277852,69.11972498788288,69.26429748535156,140563
2023-06-14,69.53279184743838,69.53279184743838,68.42439741858864,68.77550506591797,290620
2023-06-15,68.84434843424391,68.84434843424391,67.7428399097774,67.84610748291016,371533
2023-06-16,67.53630072769899,68.35555010588027,67.46745743386005,67.79791259765625,382907
2023-06-19,67.74283479195822,68.01821321537236,65.40212607154783,67.21273040771484,388555
2023-06-20,66.98556206181381,67.46747046416623,66.46922937969009,67.13013458251953,269324
2023-06-21,66.9855535945684,67.46746193600565,66.47610163086961,66.62067413330078,348552
2023-06-22,66.95113308057007,67.12324396252527,66.46922471205843,66.6482162475586,167966
2023-06-23,66.95113998500753,67.4674726841207,66.46923156679837,66.66199493408203,558972
2023-06-26,66.58626075543181,68.67224386399813,66.58626075543181,68.43128967285156,696062
2023-06-27,68.47258815403646,68.67223739429366,67.7084154681029,67.77037811279297,164896
2023-06-28,67.77037811279297,67.77037811279297,67.77037811279297,67.77037811279297,0
2023-06-29,67.77037811279297,67.77037811279297,67.77037811279297,67.77037811279297,0
2023-06-30,67.77037811279297,67.77037811279297,67.77037811279297,67.77037811279297,0
2023-07-03,69.18858222471434,70.84084792533835,69.18858222471434,69.7944107055664,1022901
2023-07-04,70.11797203193908,70.11797203193908,68.53455507450207,68.76862335205078,580921
2023-07-05,68.8443511494177,69.18857290516479,68.46570511713304,68.47947692871094,886747
2023-07-06,68.80991951640154,68.8443437892588,68.15590035136621,68.5001220703125,605561
2023-07-07,68.8443442709939,69.01645513167138,68.16278673338492,68.59650421142578,375410
2023-07-10,69.0026962284868,69.0026962284868,68.32801926872884,68.46570587158203,516440
2023-07-11,68.83746961758314,69.53279907904772,68.50013374619057,68.54832458496094,1336311
2023-07-12,68.80992689422615,68.87877544732267,68.2454034247221,68.61028289794922,728448
2023-07-13,68.70665675679379,69.18856505922878,68.43127833294241,68.5345458984375,699093
2023-07-14,68.5070235448106,68.84435943536973,68.43129432923907,68.65159606933594,444557
2023-07-17,68.7135462847525,68.82369976948361,68.03198866830232,68.6171646118164,422841
2023-07-18,68.7755153550587,68.8443586632404,68.2247583847897,68.40375518798828,326459
2023-07-19,68.76173603717183,68.77550784874973,68.29359423925949,68.47947692871094,229697
2023-07-20,68.74797417654143,69.01646674418156,68.39686649100915,68.8305892944336,481154
2023-07-21,69.11283058162343,69.18855977370754,68.57584558495874,68.8856430053711,527643
2023-07-24,68.87878073153674,68.88566138544851,68.70666984040587,68.7410888671875,262019
2023-07-25,68.8443532063608,69.7049076214403,68.83058664677874,69.07154083251953,1248274
2023-07-26,69.19544683289037,69.87011841601777,69.11283173494556,69.15413665771484,946895
2023-07-27,69.15413665771484,69.15413665771484,69.15413665771484,69.15413665771484,0
2023-07-28,69.15413665771484,69.15413665771484,69.15413665771484,69.15413665771484,0
2023-07-31,69.25741158002253,69.87012584413564,69.11972498788288,69.26429748535156,1070662
2023-08-01,69.56721960655197,69.69802030335704,69.39510872702306,69.52590942382812,851928
2023-08-02,69.53279097001526,69.94585600450426,69.18856923253993,69.45706176757812,1449047
2023-08-03,70.9920190953993,70.9920190953993,69.5067978812982,69.73419952392578,1052068
2023-08-04,69.99714400970021,69.99714400970021,69.44996059942909,69.48548889160156,290573
2023-08-07,69.64183488591384,69.74132278773043,68.90277802835921,69.00226593017578,606980
2023-08-08,68.93830149925509,69.27229887214813,68.29873263857512,68.4906005859375,391947
2023-08-09,68.55457366098416,69.07333125653233,68.22057622242572,68.45508575439453,261639
2023-08-10,68.78195844345294,68.78195844345294,65.44909812758175,67.51703643798828,538185
2023-08-11,67.6520592659857,68.9383048770659,67.50993525517451,68.39822387695312,620035
2023-08-14,68.39822387695312,68.39822387695312,68.39822387695312,68.39822387695312,0
2023-08-15,68.71800227166865,69.92607799157187,68.64694026971746,69.3433609008789,1073640
2023-08-16,69.63471119408192,69.63471119408192,67.77996435582928,67.86524200439453,737529
2023-08-17,68.46927556987363,68.92407884198951,67.5099250871818,68.6185073852539,712712
2023-08-18,68.22057837735721,69.28652491450342,68.22057837735721,68.56168365478516,487560
2023-08-21,68.56167644706866,68.56167644706866,67.55257637750756,67.8865737915039,283351
2023-08-22,67.95053424743482,68.10686850419121,67.44598691717624,67.50994110107422,437287
2023-08-23,67.50993324939586,68.14950212241101,67.16172563807557,67.78707885742188,243904
2023-08-24,67.86525264067117,67.86525264067117,67.47440346726087,67.59521484375,521439
2023-08-25,67.5952039639159,68.20634688850855,67.5454600245506,67.91498565673828,386195
2023-08-28,67.84393170709478,68.39822293195714,67.84393170709478,68.32005310058594,595903
2023-08-29,68.32005910477358,68.32005910477358,67.79419371980266,67.8865737915039,192012
2023-08-30,67.54545685647798,68.19212803789642,66.69269667947725,66.9982681274414,396486
2023-08-31,67.15462225552169,67.86525317886054,65.4491069551717,67.26832580566406,1529852
2023-09-01,67.15461527779262,67.50993070254285,66.87746968022209,67.50282287597656,74007
2023-09-04,67.61652305874122,68.24187622346167,67.08354994806541,68.2205581665039,206370
2023-09-05,68.22055338006184,68.2276612057767,67.52413284543343,67.72311401367188,485360
2023-09-06,68.00027395339575,68.00027395339575,67.50993688738023,67.64495849609375,67221
2023-09-07,67.52414334128981,67.72312454045762,67.29674167820993,67.332275390625,85963
2023-09-08,67.68758747970736,67.68758747970736,66.87036092973649,67.31806182861328,115231
2023-09-11,67.48861746880868,67.86525097849749,66.08867372775147,67.16172790527344,769241
2023-09-12,67.61653000141331,67.61653000141331,66.97696111859666,67.13330078125,368767
2023-09-13,66.97696775136741,66.99828581262521,66.79931001197386,66.8277359008789,67580
2023-09-14,67.50282939433173,67.50282939433173,66.65718228851149,66.7424545288086,94780
2023-09-15,66.97695781413134,67.43176112576586,65.24301679997278,65.53437805175781,1874930
2023-09-18,65.65518006880237,65.87547388485191,65.62675418581487,65.72624206542969,160802
2023-09-19,65.37803554671848,65.8044129550779,64.52528072999965,65.29986572265625,648119
2023-09-20,65.37803653588423,65.40646241976268,64.5608099948491,64.64608764648438,478148
2023-09-21,64.66741292260502,65.96076096418977,64.276563752751,65.42778778076172,616395
2023-09-22,65.5201722062239,66.08867914170787,65.20039044356663,65.9749755859375,407623
2023-09-25,66.05313984488703,66.08867355848433,65.42778660603216,65.62676239013672,215958
2023-09-26,65.59123498080004,65.91101672074478,65.3780435397145,65.47753143310547,390086
2023-09-27,65.43489613039168,66.7993061896572,65.3780443558347,66.28765106201172,433998
2023-09-28,66.28765106201172,66.28765106201172,66.28765106201172,66.28765106201172,0
2023-09-29,66.28765106201172,66.28765106201172,66.28765106201172,66.28765106201172,0
2023-10-02,66.08156150032295,66.44398475341285,65.37803847394633,65.76177978515625,840346
2023-10-03,66.06735434461444,66.08156457679499,65.5912329521572,65.71914672851562,582701
2023-10-04,66.07445391330675,66.21657790408251,65.74045657113275,65.92521667480469,584293
2023-10-05,66.24500474604308,66.79929590845248,65.86837128551785,66.62874603271484,587366
2023-10-06,66.65718228851149,66.97696403299291,66.15973739281596,66.7424545288086,269334
2023-10-09,66.79930108474669,68.5971962996647,66.23079422599045,68.4906005859375,648962
2023-10-10,68.22767221371538,69.99714158442806,68.22056438685375,69.65603637695312,742707
2023-10-11,69.64182243252353,71.41839953539402,69.64182243252353,71.15546417236328,1356403
2023-10-12,71.06308928215343,73.5289793477135,71.06308928215343,73.13813018798828,2101321
2023-10-13,72.83966892083522,73.19498437898564,72.0935042900459,72.96758270263672,1085609
2023-10-16,73.37264381061703,73.53609131069969,72.30669741143132,72.54830932617188,250939
2023-10-17,72.30669250001574,72.484350221146,71.95137705775521,72.32801055908203,314718
2023-10-18,72.12903059030279,72.50566406975823,72.05796859031398,72.46302795410156,133780
2023-10-19,72.4772546806711,72.55542452495453,72.04376933389356,72.49147033691406,220120
2023-10-20,72.4701483389815,74.54518945966444,72.3422345481622,74.21829986572266,1705183
2023-10-23,73.55030830772128,76.49942803434841,73.55030830772128,75.99488067626953,2428982
2023-10-24,75.61113363541955,76.03751111810017,74.26093375552773,75.29845428466797,517756
2023-10-25,74.65888638197973,76.00197845291831,72.49146522268661,72.77571868896484,1664284
2023-10-26,72.76860234141898,72.83966434424744,71.91584204242757,72.07218170166016,404980
2023-10-27,72.09348982533713,72.12902353269621,71.56051674504627,71.73817443847656,421285
2023-10-30,71.77372518893208,72.91073361253879,71.77372518893208,72.8538818359375,258814
2023-10-31,72.49145782604232,73.89140153173048,72.48434999914753,73.45791625976562,536234
2023-11-01,73.54319638869771,73.91272752331903,72.91784309692527,73.18077850341797,408883
2023-11-02,73.20209219666201,74.37463429274202,73.19498436942851,74.15433502197266,725751
2023-11-03,75.69106061564867,75.69106061564867,74.51635575693852,74.95964050292969,409646
2023-11-06,75.26994201567122,75.46203414607577,75.00397003101003,75.37337493896484,236650
2023-11-07,75.37337051668132,75.72800168764662,75.17389435822481,75.40292358398438,2184784
2023-11-08,74.98920269799797,76.09741751619498,74.98920269799797,75.36599731445312,1554408
2023-11-09,75.36599731445312,75.36599731445312,75.36599731445312,75.36599731445312,0
2023-11-10,75.80187424273954,77.68584123613773,75.76493713966883,76.85098266601562,2359039
2023-11-13,77.57501189075525,79.05263116486488,77.1021741739738,78.80882263183594,3194930
2023-11-14,79.05265261742034,79.11914279719704,77.75973540171486,78.24735260009766,1696846
2023-11-15,78.48377075124486,78.79406952716309,77.77450835390077,78.14391326904297,1503877
2023-11-16,78.31383592055002,79.23734813659424,77.57502614771464,78.4837646484375,2937260
2023-11-17,78.90489136877666,79.05265107874118,77.57503143240956,77.81884002685547,686877
2023-11-20,77.6710630380084,78.68323437323173,77.57501980459466,78.44681549072266,851699
2023-11-21,78.6832372294783,79.42204696872223,77.72278231379279,77.94442749023438,904403
2023-11-22,78.31382114666943,79.79144041358772,78.31382114666943,79.1043472290039,2850518
2023-11-23,79.13390988371854,80.45637996432673,78.94181777746523,80.17562866210938,2699952
2023-11-24,80.2716711439925,82.00048305264731,80.08696872793945,81.79361724853516,5505692
2023-11-27,82.38467045457399,83.20474966483596,81.97093319350837,82.65064239501953,1663813
2023-11-28,82.74668804519293,83.09392951296418,82.08175817463847,82.4659423828125,1056047
2023-11-29,82.0891542348176,82.9978870980295,81.97094196567097,82.5472183227539,953727
2023-11-30,82.7393043662336,85.25864838151298,82.37728915806699,82.97572326660156,2838100
2023-12-01,83.12348695518251,83.85490703297313,82.93139484098005,83.39684295654297,1007777
2023-12-04,83.74408677914325,84.70454174028215,83.55938433559123,84.06177520751953,1059661
2023-12-05,84.22431348060806,84.37207317941433,83.2638585283537,83.80319213867188,1091872
2023-12-06,82.76885494382594,84.70453850757823,82.76885494382594,84.03221893310547,791006
2023-12-07,84.66758407168003,85.33251387858749,83.85489459064658,84.66019439697266,1350589
2023-12-08,84.9631170606141,87.54895105811104,84.9631170606141,86.0639419555664,4249105
2023-12-11,86.07133616748155,89.94269769236904,85.7758111391431,89.2260513305664,3804972
2023-12-12,89.39598739667308,90.13479720986872,88.1030702235807,88.58329772949219,1339699
2023-12-13,88.58328496222758,89.02656965892126,85.55416629203826,85.80535888671875,1688346
2023-12-14,85.70193534556013,87.8444848565334,85.33253045182926,87.65978240966797,1070692
2023-12-15,87.84447753562434,89.3959768326586,87.62283236318906,89.08567810058594,1164771
2023-12-18,89.50679951668137,89.50679951668137,87.07611483944758,87.34208679199219,527324
2023-12-19,87.54896599546521,87.54896599546521,84.40902417706245,84.9779052734375,1106095
2023-12-20,84.96312481503915,85.7019345960395,82.63587287755382,84.32035827636719,1436987
2023-12-21,84.6675884695054,84.70453120829092,82.96832958211218,83.60370635986328,555717
2023-12-22,83.65543454508729,84.22431560014587,82.74669602821349,83.02005767822266,397211
2023-12-25,83.02005767822266,83.02005767822266,83.02005767822266,83.02005767822266,0
2023-12-26,83.47811433585649,83.47811433585649,80.53026493176,81.1213150024414,2907638
2023-12-27,80.53025774675653,82.08175699802962,80.16085289470719,81.71974182128906,3281503
2023-12-28,82.00788514576992,83.7810297357154,81.71974978402929,82.31818389892578,2564222
2023-12-29,82.52503926584535,84.15042394905743,82.52503926584535,83.62586975097656,2292219
2024-01-01,83.84013231534941,85.88663282819569,83.84013231534941,85.6871566772461,1015897
2024-01-02,86.44073770053643,86.44073770053643,84.97050792817122,85.93834686279297,1493329
2024-01-03,86.36686050595827,88.65716959311281,85.82752691079824,88.09567260742188,1731439
2024-01-04,89.32209619368655,90.31948818744068,88.65716631896018,88.87142181396484,1555011
2024-01-05,88.87881441026633,89.46985882314716,86.81014487350588,87.54156494140625,983207
2024-01-08,88.0291719867615,89.28514615224465,87.17953975167802,87.70409393310547,1460218
2024-01-09,88.3616514548398,89.00441801369448,87.21649964033458,87.79277038574219,656869
2024-01-10,87.69670786968463,88.21387803422319,87.17215366665553,87.393798828125,830443
2024-01-11,87.40120011139064,88.0809037630543,86.84709277079433,87.65978240966797,524471
2024-01-12,87.91096578381526,88.28776031405098,87.10566590579953,87.18693542480469,1048863
2024-01-15,87.9109702440753,88.3247075354578,87.11306000094193,87.24604034423828,1444701
2024-01-16,87.88880037232883,87.88880037232883,86.40379131164725,87.05394744873047,629325
2024-01-17,86.44074127894665,87.17955103346755,86.40379853655216,86.49984741210938,698466
2024-01-18,86.86924381914969,86.86924381914969,85.62804332711146,86.26342010498047,474281
2024-01-19,86.44074283283987,87.2164953437005,86.44074283283987,86.9948501586914,409948
2024-01-22,87.24605025315992,87.9922497608746,87.0096313326635,87.86665344238281,317007
2024-01-23,88.02918564025774,88.5389605510386,87.17955327339465,88.14739227294922,2605017
2024-01-24,88.14739282408232,88.68672644224723,86.81014892941506,86.9579086303711,1769486
2024-01-25,87.17954895770387,87.84447884827479,87.03178926498633,87.21649169921875,2291175
2024-01-26,87.82970462204544,87.98485399945345,84.78581193574709,85.08133697509766,2000174
2024-01-29,85.33252320668892,85.36946594759392,83.97311601878178,84.19475555419922,1410951
2024-01-30,84.22430866892347,84.74147322187132,82.77624228399863,83.3672866821289,2273164
2024-01-31,83.11610200944816,84.40901915181735,83.11610200944816,83.83274841308594,2834118
2024-02-01,84.00266664729338,84.59371670426235,83.67020451316777,84.17998504638672,986980
2024-02-02,84.22430540413879,84.40900782827067,83.50026942140671,84.1208724975586,596889
2024-02-06,83.57415330369092,84.81535379561055,83.54460023999395,83.67019653320312,3839057
2024-02-07,84.00267593709755,84.11349853961893,83.68498748276122,83.86968994140625,670013
2024-02-08,83.86968994140625,83.86968994140625,83.86968994140625,83.86968994140625,0
2024-02-09,83.0569783338343,83.92877393405853,81.2690603587428,83.1899642944336,1663532
2024-02-12,82.9313952714443,83.63326228633373,82.39945134422778,83.07915496826172,904332
2024-02-13,82.74668443018764,83.7810191128991,82.11869732747122,83.67019653320312,311896
2024-02-14,83.81796106541383,84.22430866892347,82.74668921859148,83.3672866821289,424317
2024-02-15,83.4781040236008,83.48549369865604,81.89705176201123,82.24429321289062,828170
2024-02-16,82.26646518014218,82.66542312467057,80.17563221844881,80.7149658203125,1358006
2024-02-19,80.1608533281398,81.08436546325662,79.79144847409307,80.5745849609375,309586
2024-02-20,80.53026901009494,81.63109404490069,79.9761616545209,80.62631225585938,798244
2024-02-21,81.26907313746567,81.54981881546622,80.30861820026354,80.73712921142578,602733
2024-02-22,81.12130937569302,81.64586359961973,80.46376917692075,81.27645874023438,1458865
2024-02-23,81.26906817961763,84.57893816379537,81.26906817961763,83.65542602539062,1496539
2024-02-26,84.1504276002858,84.22430744439409,83.11609287275732,83.40422821044922,360446
2024-02-27,83.48551178415151,83.8549167035504,83.33775207106065,83.4411849975586,221420
2024-02-28,83.91400781524739,87.17954536510545,83.30818408139739,86.65499114990234,2079428
2024-02-29,87.17954452777482,89.80232121527021,86.66237999287155,88.16216278076172,3414841
2024-03-01,88.2138872096903,89.02657682515833,87.40119759422227,88.76060485839844,637892
2024-03-04,89.10046403817738,89.35904635037811,87.91836944192283,88.18434143066406,388961
2024-03-05,88.65717326569238,88.65717326569238,87.17955371126416,87.74105072021484,409390
2024-03-06,87.91835948688457,87.91835948688457,87.1795497432973,87.4750747680664,118534
2024-03-07,87.07611404905768,87.50462503945339,86.73626225426239,87.10566711425781,470451
2024-03-08,86.82492430848477,87.36425793698379,86.44074569663513,86.53678894042969,287027
2024-03-11,86.81014089288746,87.438128018821,86.81014089288746,87.1647720336914,453500
2024-03-12,87.07611246251152,87.40119053711918,86.6254380905948,86.72148132324219,124947
2024-03-13,86.72149659049981,87.54896563668976,86.40380813529643,86.63284301757812,222341
2024-03-14,87.47507598174091,87.80753811629953,86.81014607595259,87.41596984863281,267056
2024-03-15,86.81013568890424,87.51200261640167,86.36685101697583,86.98006439208984,991183
2024-03-18,87.03178837451858,89.07089916917823,86.84708594217594,88.7458267211914,855092
2024-03-19,88.73104374262785,90.68150089749518,88.73104374262785,89.97224426269531,2268635
2024-03-20,90.20867180839771,91.819277332799,90.20867180839771,91.61241149902344,3207061
2024-03-21,92.43760680829985,94.36306930116113,92.10905499779925,92.93424987792969,1112002
2024-03-22,93.21695620032217,93.21695620032217,92.0708460831051,92.55985260009766,226320
2024-03-26,93.21695745828636,97.61037963357444,93.21695745828636,97.24362182617188,3355357
2024-03-27,97.80139163958276,99.10031404052908,97.61037329653671,98.29803466796875,4035570
2024-03-28,98.56546717217438,99.67337125435824,97.8013937832428,98.19871520996094,14651169
2024-03-29,98.2216350161535,98.25984101679802,96.27324557162747,96.46426391601562,688287
2024-04-01,96.464276838359,96.65529520833594,95.43277880636708,96.02875518798828,578543
2024-04-02,96.26560530576104,97.34295158973404,95.43276810417967,96.93035125732422,1102039
2024-04-03,97.03732641473245,97.45756913648458,96.5788835188141,96.92271423339844,1134308
2024-04-04,97.04497035696805,97.80140143898572,96.37258199124763,96.63236999511719,694820
2024-04-08,96.65529639040967,102.92069667051089,96.65529639040967,101.36199188232422,3250425
2024-04-09,100.87297354755152,108.96450805664062,100.87297354755152,108.96450805664062,3786880
2024-04-15,110.31692772853032,111.4783109706593,107.19950667362694,109.65217590332031,4881164
2024-04-16,110.17939157775277,112.31879961650091,106.89387333883624,107.1460189819336,3382388
2024-04-17,106.97028241846758,108.11639258723687,105.82417224969828,106.0228271484375,898888
2024-04-18,106.4965531237469,106.97027489603079,104.21960602088468,106.3819351196289,1564517
2024-04-19,106.38193573105919,108.30740395472809,105.90057741926805,107.88716125488281,1457153
2024-04-22,108.26920964720178,110.02658098074477,107.57389998316114,108.88810729980469,2153745
2024-04-23,109.33892090612215,109.63690910038792,107.78785265663161,108.55956268310547,903225
2024-04-24,108.872817174051,110.71422510942274,108.07817435135729,108.64359283447266,3602518
2024-04-25,108.84226475647648,109.26250750171181,108.30741565292062,108.88810729980469,935937
2024-04-26,108.52899358179019,115.75713393987071,108.38382941185569,112.48690032958984,3468073
2024-04-29,112.8536336661961,114.91662941970006,109.10967884164575,110.57669830322266,4646319
2024-04-30,110.79065651663133,112.89185862298123,110.63784414975495,111.2796630859375,2832211
2024-05-02,111.27966137308208,111.36370992239581,109.07148947802403,109.5375747680664,3072687
2024-05-03,110.02657016034107,112.12777202104203,109.64453345839544,111.60820770263672,2823345
2024-05-06,112.31879053084167,115.60430850398701,112.31879053084167,114.5957260131836,3430657
2024-05-07,114.61099276062589,115.37506604569673,113.88512547157521,114.19075012207031,1106218
2024-05-08,113.92335110026592,116.4447840484575,113.09050221529881,115.41329193115234,9933330
2024-05-09,115.53222620616911,115.53222620616911,112.28115496637739,112.96308898925781,3508992
2024-05-10,112.99480939364658,114.09700389252805,112.99480939364658,113.45471954345703,542503
2024-05-13,114.58070088837054,114.58070088837054,111.81331489867503,112.5428237915039,1356545
2024-05-14,112.59833010433125,115.69081461250889,112.59833010433125,112.93136596679688,2246006
2024-05-15,113.49436114305514,114.23179509124742,111.82124465375315,113.37541198730469,1586598
2024-05-16,113.39920349294559,114.16836208353389,112.5983323859827,113.60537719726562,997743
2024-05-17,113.43091825034172,114.81857363449629,113.39126853377265,114.55690002441406,1136130
2024-05-20,114.58068961009444,115.29433612430935,113.39919579051265,114.3983154296875,633851
2024-05-21,114.58069465635722,114.96924254419231,112.75691647378179,113.2326889038086,652521
2024-05-22,112.6776258337828,114.69962835366684,112.6776258337828,114.16043090820312,1271233
2024-05-23,114.18422283906165,116.80094703233594,114.0256360605532,115.1278305053711,1195328
2024-05-24,115.53222872838118,117.2767074926213,115.37364194970402,116.99918365478516,1991344
2024-05-27,117.35600181183577,117.35600181183577,114.18421797908346,114.32694244384766,1245160
2024-05-28,114.32694244384766,114.32694244384766,114.32694244384766,114.32694244384766,0
2024-05-29,114.43003533174769,115.06439455166925,111.80538600747552,112.28115844726562,1218053
2024-05-30,112.59832114970803,112.95514439544438,110.14018394682276,110.44943237304688,1080693
2024-05-31,112.20185945448239,112.7965689568913,110.81420394886159,112.43180847167969,450893
2024-06-03,112.59833838301385,112.94723657869564,110.65562299276368,110.79834747314453,656697
2024-06-04,110.79834833361785,111.0124471552483,109.06973174991076,109.29175567626953,664562
2024-06-05,109.41067079834544,110.37806575460785,108.63358721195885,109.52168273925781,471045
2024-06-06,109.4265457606247,110.21949174439735,107.68206701620399,108.35606384277344,501062
2024-06-07,107.84065111153464,111.2106714587701,106.45299567443769,110.78248596191406,1066634
2024-06-10,109.14901383768938,109.86267250894848,108.23713076259803,108.79219055175781,393719
2024-06-11,109.82301951994587,109.82301951994587,107.04770855734797,107.88822937011719,367301
2024-06-12,108.15783043143115,108.411578961185,107.84065686863468,107.97545623779297,907812
2024-06-13,110.45737254016979,115.9683444371323,109.51376492987215,115.1119613647461,2288206
2024-06-14,115.84941389921573,116.56306044996751,114.18422248160083,114.25558471679688,798796
2024-06-20,115.09612211845325,119.0212150114961,114.69964906658204,118.5533676147461,3261132
2024-06-21,118.94190072815789,121.40003818296482,116.95953571602192,120.71016693115234,1882011
2024-06-24,121.89958083094264,124.73040375737367,120.09166498357648,120.8370361328125,1988571
2024-06-25,121.24143577672987,122.11368119646279,120.13131624197476,120.35334014892578,389437
2024-06-26,119.77448818946176,128.9330163335293,119.73483847207545,128.227294921875,4716580
2024-06-27,128.4969077926353,130.99468297092173,127.75946168609786,130.28103637695312,1390547
2024-06-28,130.31275035953445,131.6290437003935,129.2502055612298,129.55152893066406,805447
2024-07-01,130.04315833617855,132.42199659842572,127.2678470302235,129.7735595703125,1378804
2024-07-02,129.5277297811653,136.78318060846487,129.5277297811653,135.44309997558594,2771716
2024-07-03,135.55410914799538,137.97259674062678,133.2307832979462,133.4448699951172,2225488
2024-07-04,133.76998263020698,134.80081481040085,132.3030398463192,132.79466247558594,1050132
2024-07-05,133.21493745314842,134.00788350941716,131.70040758181995,132.2237548828125,1247733
2024-07-08,132.1444503142707,132.42198626296351,131.47045345221065,131.97000122070312,517428
2024-07-09,132.38231407103427,134.80872656137976,131.86690408168684,134.22195434570312,934423
2024-07-10,134.79289691515552,134.95940880198847,132.97704377229005,133.30215454101562,514035
2024-07-11,133.21492394881085,136.54529462765205,133.21492394881085,136.0695343017578,644230
2024-07-12,136.2677537340952,137.0686247136831,132.50918592321213,135.1338348388672,1901378
2024-07-15,135.59378990623742,139.8756942214121,135.59378990623742,138.7972869873047,2015734
2024-07-16,138.7972869873047,138.7972869873047,138.7972869873047,138.7972869873047,0
2024-07-17,138.7972869873047,138.7972869873047,138.7972869873047,138.7972869873047,0
2024-07-18,138.76555694448433,140.43074846757668,137.49683844123336,139.09066772460938,706243
2024-07-19,139.36026976947278,140.3514523425131,130.91539908692766,132.50921630859375,1744824
2024-07-22,132.5092117911351,134.00787930650418,126.87136502390928,129.21849060058594,1705663
2024-07-23,128.45725631210516,131.27221712647807,128.45725631210516,129.6863250732422,523748
2024-07-24,130.08280797467387,135.05458332732408,129.64668520700332,132.47750854492188,1380009
2024-07-25,133.61141913245163,133.61141913245163,131.62905386342416,132.00173950195312,1436087
2024-07-26,131.7876467285906,132.46165579082992,129.8449310954392,130.82025146484375,690924
2024-07-29,131.2722102452135,137.02106863683946,130.83608753355588,134.99905395507812,2142547
2024-07-30,137.5761379581519,144.31617929904118,133.76999454577043,141.79461669921875,7815600
2024-07-31,148.2808830963223,148.2808830963223,142.7302618039466,143.158447265625,5092509
2024-08-01,143.0474647776736,149.06593458516804,142.96817743109352,148.54258728027344,5628254
2024-08-02,149.0738531296953,151.7698647827079,147.5038233835007,147.97958374023438,3997309
2024-08-05,146.98046521930337,151.2861560209637,146.78222872715926,148.90731811523438,3661164
2024-08-06,150.42185768911907,150.42185768911907,147.28972332760375,149.3355255126953,1873055
2024-08-07,149.70819611900848,149.93814511822362,146.33817586889566,147.4086456298828,2933307
2024-08-08,146.654431444001,146.654431444001,140.67093115257583,141.06480407714844,6905115
2024-08-09,140.37763366173172,142.12072807180056,138.27419445853124,139.13735961914062,1410166
2024-08-12,139.11221315518804,139.95023853564098,138.27418777473508,139.27981567382812,683624
2024-08-13,139.27981803944058,139.4893243881122,137.4529288169054,138.014404296875,636205
2024-08-15,138.70157399221918,145.79964987898396,138.70157399221918,142.14585876464844,2105338
2024-08-16,142.46431150647447,143.63754189809748,142.12910647665424,142.74923706054688,987930
2024-08-19,143.38613583070526,144.26605217747684,138.69318897408343,143.93084716796875,4635076
2024-08-20,143.93087448983005,143.93087448983005,142.0034133511472,142.2045440673828,294428
2024-08-21,143.05932063266297,144.97839315848526,141.62629158256652,144.53424072265625,922356
2024-08-22,144.7688838807143,153.94525920166507,144.72698005441265,150.1071014404297,2382176
2024-08-23,150.00654230092425,153.19104128710944,150.00654230092425,151.59878540039062,1283839
2024-08-26,152.18539025536933,152.6127785287303,149.168494245614,150.35011291503906,1609597
2024-08-27,150.42554984254855,150.50935749218058,147.25781505268841,147.76063537597656,1554638
2024-08-28,148.41430211377462,149.67134020241554,147.4924690672035,149.2858428955078,680635
2024-08-29,149.59588803193677,150.76074265888792,149.41990988411197,149.7132110595703,539059
2024-08-30,150.00651864246353,153.86143987890188,150.00651864246353,152.44517517089844,4745944
2024-09-02,152.34463639963224,154.40618457173034,151.22168539896043,151.85020446777344,867534
2024-09-03,152.39492225917286,152.89772982073143,150.09035243708462,151.9340057373047,420702
2024-09-04,152.35301387448337,153.19103923926355,150.84456566042863,152.4703369140625,443877
2024-09-05,152.52063767430116,154.31401169370662,151.68261219257423,153.37542724609375,788061
2024-09-06,153.3753990237201,154.85869464661485,151.77476757921042,152.277587890625,1226281
2024-09-09,152.45357832210684,154.78328789719876,152.10160919068136,154.42294311523438,808073
2024-09-10,155.03470177929853,157.4649703679647,150.42556199667072,151.23007202148438,3385059
2024-09-11,151.68258193978443,152.85581226530203,148.68244977910192,149.12660217285156,1492568
2024-09-12,149.78866974264602,151.68260260826625,149.16852632194139,150.97027587890625,298847
2024-09-13,153.35862829436786,155.8308003460345,152.35300050234684,152.9228515625,2337619
2024-09-16,152.56253055417582,153.44245980427442,152.10161401486198,153.06533813476562,352237
2024-09-17,153.06533813476562,153.06533813476562,153.06533813476562,153.06533813476562,0
2024-09-18,153.27485930459187,157.3392881069433,152.68824401024588,155.6548614501953,1722155
2024-09-19,155.87271006864464,167.38718260938413,155.87271006864464,163.708251953125,3220277
2024-09-20,163.71662852762262,171.59406149294125,160.3142477431903,164.9317626953125,10713110
2024-09-23,164.8814969866102,178.3485712646431,164.04347158896542,176.4713897705078,5873555
2024-09-24,177.66138317982492,186.04163710340157,177.66138317982492,183.5946044921875,5960361
2024-09-25,183.94658348422854,187.69255821187625,179.33744357915677,181.3068084716797,2353746
2024-09-26,182.68952642669495,182.68952642669495,174.81209324613278,176.65574645996094,1987864
2024-09-27,175.98532088349407,183.5275489213581,173.89025753964296,181.72579956054688,2911252
2024-09-30,181.7258123988277,188.5473386168334,181.5163060496417,186.4187469482422,4588796
2024-10-01,186.09191577196202,189.39373784945724,184.03875612706224,186.30142211914062,1967188
2024-10-02,185.45502513541362,190.5669724460062,184.784602252331,188.5808563232422,2159363
2024-10-03,187.6338777428616,207.41128185482916,187.6338777428616,204.08432006835938,4978307
2024-10-04,207.09284127362736,211.09860182740059,197.56449617565573,200.15399169921875,3016956
2024-10-07,200.1204716667531,210.17677664712005,199.0226604190235,205.21566772460938,2441217
2024-10-08,205.32459583106055,210.31923277286515,205.31622018058658,207.62916564941406,2678460
2024-10-09,207.62916564941406,207.62916564941406,207.62916564941406,207.62916564941406,0
2024-10-10,205.31619900365953,206.90844196266494,201.12607249338078,201.7462158203125,972933
2024-10-11,201.96409198467546,206.0704107317042,199.45839180021045,204.26866149902344,1530637
2024-10-14,204.31060499536017,216.1686726533415,203.64018208536507,212.09585571289062,3619974
2024-10-15,212.18800385852632,217.04855316642153,212.0204013556164,213.78863525390625,2202073
2024-10-16,217.03180787049502,217.03180787049502,212.85843254526662,213.09307861328125,1135200
2024-10-17,213.69647841819008,214.95351652653238,211.2662098569628,211.8444366455078,631253
2024-10-18,211.84442459945978,212.02041555101167,205.73522536669313,206.71571350097656,652093
2024-10-21,208.4923239532091,209.48957617883795,205.4000211121676,207.26881408691406,850268
2024-10-22,207.28557511100288,209.0286565834764,202.38312170632162,203.22952270507812,955940
2024-10-23,203.64015520348153,216.1853954173922,198.88855311653717,214.425537109375,4372606
2024-10-24,216.6295208677446,235.87057289111436,216.2105082548476,228.79763793945312,6772870
2024-10-25,230.44858806277307,242.0636329771309,226.2668496548454,238.3846893310547,4236762
2024-10-28,239.21435993724793,240.0439968969002,220.44257057434422,233.2224578857422,5869262
2024-10-29,234.64711364481718,245.2481299142265,232.9710628330685,240.580322265625,3683312
2024-10-30,242.18931137897943,249.73153906898224,234.6470836889766,236.256103515625,4549801
2024-10-31,236.2644993609976,240.93230706532734,233.8928986868416,235.8287353515625,2355333
2024-11-01,237.1695614346257,239.64172086145018,236.7421603241815,237.79808044433594,943166
2024-11-04,238.82885379890524,240.93230576525423,237.16119141414592,237.92379760742188,1755726
2024-11-05,238.83723301010463,239.4238610051946,236.91814773137256,238.3260498046875,1134129
2024-11-06,238.8372308308784,242.1893323162241,237.42096590735952,237.9321746826172,1581226
2024-11-07,238.16681071031073,239.67524608524155,236.323144741392,237.18630981445312,1244433
2024-11-08,237.1695517626183,240.29536980908733,236.5745353773818,238.98805236816406,1321904
2024-11-11,238.98804287575032,239.67522974226245,233.39004015111922,236.29798889160156,2022329
2024-11-12,235.48514229736043,240.09428209321624,234.0604888579298,236.94329833984375,1015736
2024-11-13,236.94331035477757,237.90706009329494,233.39847902698818,234.21136474609375,881551
2024-11-14,234.22808395010853,235.48512196772987,232.13302058740632,233.10513305664062,765121
2024-11-15,232.13300562110746,236.31474363961087,232.13300562110746,234.11073303222656,686633
2024-11-18,235.39295712971176,239.16407127347898,232.97105154828574,238.31765747070312,1684034
2024-11-19,238.31765550051048,240.8820110511121,238.31765550051048,239.5244140625,3203575
2024-11-20,239.80093653756586,250.36006052306251,239.75065706509466,248.20632934570312,4315488
2024-11-21,250.90479129687617,273.0286560058594,250.36007991990118,273.0286560058594,8039216
2024-11-22,276.5316113423418,287.86170475044327,268.25191687797764,270.1206970214844,5795649
2024-11-25,272.95321514756563,272.95321514756563,259.7878447564158,262.22650146484375,2548796
2024-11-26,260.6259024398187,260.6259024398187,248.69242878847402,251.29867553710938,3203674
2024-11-27,276.4310224162601,276.4310224162601,261.52257024489353,274.1767578125,5071638
2024-11-28,276.54837743890187,281.40055158573676,269.0061489632954,272.91973876953125,3183787
2024-11-29,273.1962786760393,276.5483802548864,269.173767011225,272.2660827636719,2314462
2024-12-02,273.1962639485593,280.2356717697564,273.1962639485593,278.6350402832031,3626862
2024-12-03,279.1462537630814,284.92862365770446,275.41703066481847,282.2888488769531,3372629
2024-12-04,283.2609805960592,284.6772456028097,279.07085349313,282.0374450683594,1061778
2024-12-05,285.33927790919086,293.7279208658349,284.92865362163724,292.5714416503906,4797836
2024-12-06,294.9849431778465,296.6526055534476,289.1355166318728,290.8618469238281,2473577
2024-12-09,290.8031993543915,299.1750648335387,283.2944734312,291.9429016113281,2973076
2024-12-10,293.3004748373433,302.0243215253886,285.85044300891474,292.30322265625,4695198
2024-12-11,292.30326596384833,297.7504313745672,292.30326596384833,293.660888671875,1862609
2024-12-12,293.93741038164956,323.02526498656715,293.93741038164956,322.7906188964844,7953893
2024-12-13,325.15382621171193,339.2661696206201,325.15382621171193,334.7156982421875,4595243
2024-12-16,339.31644720979926,364.54101447578284,336.05654201127476,352.06280517578125,3823082
2024-12-17,352.8086648240112,355.31435238321944,329.34395552455203,334.0620422363281,3239947
2024-12-18,335.21018540535897,345.2832422699673,311.74547242698384,314.80426025390625,3010980
2024-12-19,313.8404944524611,337.72421699423717,300.1890543019321,310.5638122558594,7411503
2024-12-20,314.2595264237166,325.99188207686865,305.8876608236306,322.7906188964844,3876964
2024-12-23,327.6679209324703,336.88620003798735,325.15384481278386,334.46429443359375,3292625
2024-12-24,337.724213127193,339.3164561635122,313.4214781875191,322.2542724609375,7635691
2024-12-26,320.9637259372608,320.9637259372608,311.0750365167766,312.8348693847656,2532108
2024-12-27,314.25114649051864,316.56410485143533,312.40750589697456,313.639404296875,1885688
2024-12-30,314.2595155127329,316.6897839844637,306.5077807967521,311.6951599121094,3713151
2024-12-31,314.242776735893,314.242776735893,305.87927395624,306.9854736328125,3274817
2025-01-01,306.9854736328125,306.9854736328125,306.9854736328125,306.9854736328125,0
2025-01-02,318.449610304694,325.1370613279134,314.23434411758825,317.4439697265625,3606962
2025-01-03,318.44962381156375,327.8774087270377,318.44962381156375,325.6566467285156,5494609
2025-01-06,327.081299714093,333.1150927560808,320.1340876398176,321.44976806640625,5516192
2025-01-07,322.22077857656916,322.22077857656916,310.23702512979196,319.3966369628906,4914860
2025-01-08,322.64815016553354,333.95310402250414,317.6116095973126,320.72906494140625,7099700
2025-01-09,322.6314035924305,324.3158428983026,315.60038350120817,319.9497375488281,1699265
2025-01-10,318.449596053464,324.19843701172124,315.95227159338225,321.575439453125,2363368
2025-01-13,323.4777899496033,325.5728533560126,320.9637138619121,323.5029296875,1975797
2025-01-14,325.48904088699965,326.40248544973286,321.7682062863317,322.2710266113281,1630106
2025-01-15,322.5559596561241,327.667919525775,322.01124828076485,325.60638427734375,2795920
2025-01-16,325.60635708486984,330.1400770248888,322.01122138853276,322.7486877441406,3177510
2025-01-17,322.8074241516133,329.33562420746625,320.963757871374,324.3326110839844,3573120
2025-01-20,326.8298593360567,332.2770236583243,325.6649919206109,327.5757141113281,3858034
2025-01-21,328.5059600049142,336.7940435675357,327.2908129332569,331.1960144042969,5473618
2025-01-22,332.6960623753393,333.52569928407127,328.5143240824729,330.66802978515625,2914788
2025-01-23,331.1038430752806,333.3664963271173,329.1763692964874,329.9725036621094,2792304
2025-01-24,331.02002085061224,348.53474595287025,331.02002085061224,341.9646301269531,8399194
2025-01-27,347.6799744727513,350.2946095718935,342.40039922301736,343.30548095703125,3659868
2025-01-28,344.0094097967799,346.3139795335427,326.9220604546199,334.0955810546875,5986835
2025-01-29,335.21014464229455,337.72422072711174,321.80173885660275,326.1510925292969,9273783
2025-01-30,326.8299382703808,331.02006568410366,322.648199295328,328.85797119140625,2914119
2025-01-31,328.8328033678199,331.82453464910014,326.8718014000986,328.0953369140625,1477425
2025-02-03,328.50591226980106,328.50591226980106,320.96368469217805,322.0782470703125,1946531
2025-02-04,325.1454719190929,325.15386035706774,318.8686697573822,319.2625427246094,1348815
2025-02-06,319.11169073439976,319.11169073439976,312.25662370820817,315.44952392578125,2573724
2025-02-07,316.27078386825383,321.8017566760242,315.09755341194034,320.80450439453125,1067512
2025-02-10,321.80172010771247,323.46938229630473,318.466370156025,321.3324279785156,927817
2025-02-11,321.8017413091609,327.5673599328707,321.5922349671627,326.05889892578125,1300398
2025-02-12,327.66793668905314,330.1820129296341,324.31583503494517,325.8913269042969,1429695
2025-02-13,325.89128560131525,328.8411254762497,324.9443129121267,325.1873474121094,900614
2025-02-14,325.5728852453484,328.67358962034496,325.1622609613136,327.36627197265625,951558
2025-02-17,327.6679168985975,329.34396762442157,325.57285349131746,327.2656555175781,1050356
2025-02-18,327.7098169430996,329.1344703290043,325.9918751317191,328.6148986816406,1357158
2025-02-19,329.3439506956063,333.5256888577477,329.3439506956063,332.49493408203125,3874273
2025-02-20,333.5340639126376,334.37208919885023,332.31891701782837,333.11505126953125,4448109
2025-02-21,334.2799663424392,334.2799663424392,331.85806064429755,332.3944091796875,2255486
2025-02-24,331.8580303177892,341.8305266190039,331.8580303177892,339.4756774902344,2649788
2025-02-25,339.4841119942138,345.1826747754683,336.0063115214846,337.6488342285156,2365345
2025-02-26,337.72424525060876,338.53713093337336,335.62918169446357,336.8526916503906,417315
2025-02-27,337.3052232591289,338.47009084005975,335.4196661104754,336.58453369140625,465521
2025-02-28,333.9530975283258,337.7242115531124,331.85803418122214,333.07318115234375,873235
2025-03-03,334.7911456048812,334.7911456048812,331.8580567197321,332.0508117675781,758785
2025-03-04,332.0508117675781,332.0508117675781,332.0508117675781,332.0508117675781,0
2025-03-05,334.37215009048725,337.07059302647843,331.8664622122478,332.67095947265625,1159512
2025-03-06,333.5340807103388,335.20174293004936,330.600992060876,333.6262512207031,2749521
2025-03-07,333.6597537637062,334.2882727117383,329.34392876878655,331.874755859375,1509104
2025-03-10,332.69604517753515,335.20173264880975,329.34394396667835,330.3830871582031,1613423
2025-03-11,329.3439497566658,331.6904104157161,328.5059244392188,329.1847229003906,480872
2025-03-12,328.6735315183077,330.18196682221225,324.3157897466907,325.40521240234375,1033336
2025-03-13,328.3802473961655,331.39714385268326,326.87178638065416,329.6959533691406,673213
2025-03-14,331.8580702639058,334.37214655378386,331.02004483394643,333.1067199707031,960831
2025-03-17,334.70735004126766,336.8778328257432,326.82991615149194,330.6596984863281,1859547
2025-03-18,331.80777965691163,337.707485646841,330.1820083313501,335.3861389160156,2116605
2025-03-19,336.89455848798497,337.09567637581654,333.9530815059363,334.6821594238281,2459057
2025-03-20,336.1239547741597,344.0847852819687,336.1239547741597,338.2291564941406,1798871
2025-03-21,338.2291563386822,339.5648154279879,333.4703444516188,334.53179931640625,846847
2025-03-24,335.2394255763315,335.99128720661895,329.0476683757132,329.7464599609375,905239
2025-03-25,329.54299155822446,331.7012632707529,325.60679243651106,330.5779113769531,1273893
2025-03-26,331.70129401744026,334.3549043695798,329.8702963959231,330.8963623046875,725327
2025-03-27,330.81677271667843,331.7013095421241,325.51840577031385,327.06634521484375,1526604
2025-03-28,327.06634521484375,327.06634521484375,327.06634521484375,327.06634521484375,0
2025-03-31,327.06634521484375,327.06634521484375,327.06634521484375,327.06634521484375,0
2025-04-03,328.16310877120327,329.04764545252726,322.86474268812606,325.3856506347656,1415857
2025-04-04,325.06730605707753,330.95832496530113,325.06730605707753,327.6147766113281,1747673
2025-04-07,326.39404274936544,326.8363110999743,304.2806252189206,322.749755859375,2699575
2025-04-08,323.7404787034349,326.61522339137525,320.20233139520064,320.901123046875,1957241
2025-04-09,320.202297142833,322.76744826812165,314.0989990877893,319.4062194824219,1810470
2025-04-10,327.2786379051196,329.93224848272865,320.20234303149533,320.66229248046875,951478
2025-04-11,321.08686883067986,321.08686883067986,314.0105742008026,314.73590087890625,1293884
2025-04-14,314.9924014265414,317.19491651604477,307.7303615217255,311.18890380859375,2034307
2025-04-15,311.7992249310123,316.52264824814347,310.4724197185399,312.0115051269531,1260194
2025-04-16,312.6837654771576,315.77964434326805,311.3569602488245,312.5953063964844,851256
2025-04-17,311.3569336170291,314.8950805899499,309.6320761701625,311.4100036621094,868913
2025-04-18,311.4099958922922,311.4099958922922,300.74248519460866,304.82904052734375,2144220
2025-04-21,305.2271080623122,306.9254035349913,300.1233136507285,303.73223876953125,1781417
2025-04-22,302.962713909202,322.8470842845343,302.962713909202,318.601318359375,3244836
2025-04-23,315.79730984842683,326.3763891182665,314.01055527985693,317.17718505859375,1729427
2025-04-24,309.58788268589814,318.38903471982286,309.58788268589814,313.5152282714844,1424330
2025-04-25,313.1259881286805,319.76001330089827,309.5878413701643,317.4513854980469,1460600
2025-04-28,318.3447799949514,322.3163684714558,313.5682868076666,316.96490478515625,1293660
2025-04-29,316.6730232353892,318.34478372325367,310.47241173057864,315.4612121582031,1015748
2025-04-30,312.23260872208675,314.1874543124601,307.81877911932054,310.1893310546875,2490268
2025-05-02,313.117191593034,318.3448076274846,310.04784763691936,311.2331237792969,1181451
2025-05-05,312.6748922352599,315.770770910913,309.5878675653059,315.25775146484375,520825
2025-05-06,314.89506909604717,320.15807332373095,314.4528007405752,315.45233154296875,822914
2025-05-07,291.9059651407558,325.05838339606044,291.9059651407558,314.97467041015625,4727615
2025-05-08,315.7957442669232,319.4048384871166,283.47629891664235,298.9232177734375,5731517
2025-05-09,297.660090387528,306.321923480468,293.23895473093404,304.6617431640625,3507282
2025-05-12,335.1315002441406,335.1315002441406,330.23216085951066,335.1315002441406,3064636
2025-05-13,342.8639917659887,342.8639917659887,330.277263159444,332.74951171875,1503139
2025-05-14,333.7510260471324,341.6008180142332,329.3389221056405,335.9706115722656,10549653
2025-05-15,337.441315790186,338.3345854335508,334.29238954206807,337.0533447265625,874562
2025-05-16,336.45784134501514,336.45784134501514,332.0367059306967,332.36151123046875,825762
2025-05-19,334.0217496908075,334.0217496908075,329.33894677558607,330.3585205078125,723490
2025-05-20,331.22467560940595,332.0367164196952,326.62307430415666,326.9839782714844,664767
2025-05-21,328.60809672831135,331.13445210631977,326.18097824166364,327.083251953125,570082
2025-05-22,326.71330795827873,329.7720014425382,325.8200382831452,326.5779724121094,551933
2025-05-23,326.57796024203566,326.6230629106754,324.3854143349665,324.8546142578125,306606
2025-05-26,324.81851586420566,326.153890786544,321.5793567463402,322.5086975097656,405528
2025-05-27,322.56283282033326,323.9162433076913,321.01092102675443,322.1207275390625,415111
2025-05-28,322.1207275390625,322.1207275390625,322.1207275390625,322.1207275390625,0
2025-05-29,320.30712815107427,324.81849615320203,320.30712815107427,324.24102783203125,375871
2025-05-30,323.0139951070869,334.2924167239545,320.3071739190387,331.4863586425781,1950609
2025-06-02,334.7435353417244,337.34208794623675,328.0215854104019,329.6817932128906,2067310
2025-06-03,329.3930290736663,338.3525992945364,329.3930290736663,335.5916442871094,4787806
2025-06-04,336.5480390671241,339.254859756672,334.8337248041179,338.1631164550781,1677490
2025-06-05,338.16316771663395,338.3526374837666,333.9315018610203,336.48492431640625,299701
2025-06-06,336.48492431640625,336.48492431640625,336.48492431640625,336.48492431640625,0
2025-06-09,336.48492431640625,336.48492431640625,336.48492431640625,336.48492431640625,0
2025-06-10,336.49395650978227,347.19490939488435,334.7706104353361,341.9888000488281,1435155
2025-06-11,346.48211586990107,350.08217895041884,344.67756855572367,348.4310302734375,1163351
2025-06-12,348.71974861972524,353.37548415077083,345.1287169665322,345.85052490234375,1299086
2025-06-13,337.4593652949353,345.5707963242839,337.4593652949353,341.5917663574219,896241
2025-06-16,341.5917663574219,341.5917663574219,341.5917663574219,341.5917663574219,0
2025-06-17,341.5917898245437,342.8639990198687,338.39773328171106,340.7165832519531,365382
2025-06-18,340.15717575795304,341.05944943370355,337.4503547307014,337.94659423828125,855820
2025-06-19,338.35263281872193,341.8714946929951,337.4413275830637,338.7586669921875,779533
2025-06-20,339.25489753909443,339.7150659188312,336.548076548091,337.4954528808594,517905
2025-06-23,333.84125212275325,338.2443519617891,333.5795850531234,335.474365234375,2266260
2025-06-24,344.668530902783,344.668530902783,339.2548890561424,340.89703369140625,1675741
2025-06-25,342.8549736737922,344.2174157689674,340.1571841281801,341.1767578125,598595
2025-06-26,342.8639725588783,342.8639725588783,339.2639096582758,341.149658203125,646232
2025-06-27,341.0594374309527,354.59354209091117,341.0594374309527,348.7648620605469,2555814
2025-06-30,349.17988424924823,357.0747782729715,345.7963582390811,354.0611877441406,1691136
2025-07-01,357.44472889997274,383.4482618403827,357.44472889997274,371.9172058105469,5743151
2025-07-02,368.4073661243023,378.4135779868569,368.4073661243023,373.36083984375,2404409
2025-07-03,373.90217502390317,375.7969550944456,368.12762948027324,373.3066711425781,1245585
2025-07-04,376.24814132670895,376.24814132670895,363.61630924379784,365.2945251464844,1818337
2025-07-07,366.422337905651,371.4390047200074,366.422337905651,368.45245361328125,1426719
2025-07-08,369.9231990240172,369.93223057261514,364.06745130743957,366.5216369628906,1089933
2025-07-09,367.2163274124101,367.2163274124101,361.54104623565246,362.7230224609375,1257874
2025-07-10,362.6237964169493,366.3140925649988,362.2628924421059,365.1952819824219,729807
2025-07-11,366.2960660185961,371.73677549050757,365.51109228181025,366.0975646972656,1215743
2025-07-14,368.4885408470467,374.3533193761886,366.32308966640466,372.2149353027344,1645667
2025-07-15,372.21496403368786,382.56404435381853,369.48107585586956,374.9308166503906,4398897
2025-07-16,377.5293664640267,399.88770722189065,376.6992625603783,395.32220458984375,5384435
2025-07-17,396.98236548475467,415.0458738196213,396.98236548475467,406.87127685546875,5014390
2025-07-18,424.068602938854,442.11407540433714,419.55723482248317,423.6716003417969,6741644
2025-07-21,423.6174691908551,426.73032422774565,416.85041696735897,417.4188537597656,1430727
2025-07-22,415.50605364597106,434.8778703053501,415.50605364597106,423.5272521972656,2299489
2025-07-23,426.78448433013165,429.48227383560567,422.2731159074888,422.841552734375,1113464
2025-07-24,423.1663430023718,424.9528547469112,416.8504274351722,417.9512023925781,579790
2025-07-25,417.7527104432706,421.13623671575925,416.8504367706069,417.6895446777344,404751
2025-07-28,417.6895265525374,421.12718689339573,415.40677536116425,418.60986328125,891725
2025-07-29,422.2640889912257,429.9334153938441,419.6565047974356,421.7497863769531,4320236
2025-07-30,421.361800493657,424.5197583132026,417.30156901138406,418.78131103515625,1217782
2025-07-31,419.55725170272547,423.5182462851623,410.53451510696794,412.88043212890625,2066423
2025-08-01,415.0458828693992,416.3992933570168,410.3540488315754,413.6654052734375,2146032
2025-08-04,413.66541825830825,416.8504432710707,410.994695855434,415.8038024902344,2673024
2025-08-05,416.39927795004814,429.2566771066856,416.39927795004814,424.44757080078125,4778350
2025-08-06,424.9618370895503,426.77541584977587,406.00508734202305,420.0354309082031,6692036
2025-08-07,426.0276324721479,426.84264637820996,413.52464760611747,416.19195556640625,2787767
2025-08-08,416.19195766937503,439.9198401017114,407.5046939889537,419.75762939453125,10147069
2025-08-11,425.1014987319263,430.6583810682913,417.78494264179864,418.8500061035156,2716599
2025-08-12,418.51657385037157,421.4894977529133,413.2467952542894,414.21923828125,1834615
2025-08-13,414.2655513519817,419.54460067927954,408.4771324684375,409.8015441894531,1415239
2025-08-15,410.2831285937911,412.8763289362824,408.5697509593261,409.66259765625,2249571
2025-08-18,410.28312491697847,413.8487965537727,407.5602504498821,411.5056457519531,1140487
2025-08-19,411.50565686182296,413.0523065806379,407.04162137538106,408.93096923828125,1540546
2025-08-20,408.9309791095966,410.2831458977983,403.70749614600606,404.411376953125,1817922
2025-08-21,404.7262500680411,409.8200587073414,401.48473547939545,401.8922424316406,7185967
2025-08-22,404.70775645122734,409.35700456339447,402.68873436002303,404.83740234375,5105826
2025-08-25,404.82808878445314,407.31018414631745,401.9477852722648,404.4020690917969,692494
2025-08-26,404.4854390027378,412.0150187702193,402.8739522381895,409.19952392578125,2316037
2025-08-27,411.68163763938855,418.8037107738007,407.0416318361687,407.93072509765625,2492253
2025-08-28,407.5046922419316,409.3569862975767,401.94781007499614,404.2076110839844,1235448
2025-08-29,404.95779973093664,407.50470413176015,403.38333843219425,404.08721923828125,725022
2025-09-01,401.9478138488921,408.3197099823396,393.61249052022845,401.5310363769531,2576761
2025-09-02,401.48475034723594,407.64362264098605,398.71557968336344,406.8193664550781,1246210
2025-09-03,407.96777510794146,415.35843873434146,407.96777510794146,412.7374267578125,4199286
2025-09-04,413.9877275580453,421.1190710832312,413.52465403728684,417.40521240234375,3414581
2025-09-05,417.69230685743815,419.54460090115185,411.39451841431725,414.0617980957031,1351142
2025-09-08,413.0615739252951,418.72031869205944,412.1354268985568,416.7939453125,2271795
2025-09-09,418.60922463649496,425.93505169330757,415.8863498626791,423.33258056640625,3184024
2025-09-10,424.17533438997106,427.31498634867825,421.39689333501497,422.20263671875,1778983
2025-09-11,420.4707646393078,424.6013726071524,418.2480173512363,419.4983215332031,747686
2025-09-12,418.61846028474974,421.26722724118343,412.1354310325523,413.97845458984375,604518
2025-09-15,414.92315857880135,425.1015058509585,413.99701150723064,422.5175476074219,863105
2025-09-16,423.3881147263126,426.0276394495683,418.5721670647067,419.1648864746094,1595164
2025-09-17,420.4522256414979,420.9338119070087,415.3676593872224,419.0444641113281,865622
2025-09-18,420.4707327902643,421.85995327305153,418.1553653189523,419.6835021972656,977164
2025-09-19,419.81317563107325,421.3968790649141,417.6922911170907,418.2942810058594,514239
2025-09-22,419.5353637453521,420.46151084085034,414.4508252354719,415.5899963378906,1335828
2025-09-23,415.5899963378906,415.5899963378906,415.5899963378906,415.5899963378906,0
2025-09-24,414.91385334142075,418.61844131768345,410.29238888543733,411.12591552734375,1320212
2025-09-25,413.9877170507395,413.9877170507395,409.07914916078886,409.523681640625,1914578
2025-09-26,410.74621452240774,421.76735870689635,410.5239482759773,420.04473876953125,6755801
2025-09-29,423.2491626298084,435.1872105646818,418.61842780891334,433.0848388671875,4126708
2025-09-30,434.3629671784381,439.2622929950086,427.87993781756586,428.65789794921875,3227258
2025-10-01,430.65835598012166,432.96445297096574,424.63840046642105,430.28790283203125,2236492
2025-10-02,432.5013908838893,432.88111455642627,425.2033477924779,429.2413635253906,2343001
2025-10-03,432.5106809939016,448.2551811585618,432.5106809939016,446.11578369140625,5450020
2025-10-06,449.18128703381075,458.3501365184494,444.55055211593645,450.681640625,4486357
2025-10-07,450.681640625,450.681640625,450.681640625,450.681640625,0
2025-10-08,446.40290944769976,446.40290944769976,438.16020577662636,440.2718200683594,2927164
2025-10-09,440.2717771576407,442.55936143937464,435.3817219974026,440.0680236816406,1630983
2025-10-10,438.53063713182985,452.88591670003126,433.8906312721546,445.5137939453125,3039458
2025-10-13,440.0124447587455,442.69826540236704,432.5106484161201,439.0307312011719,3481489
2025-10-14,442.69826552928083,449.17202400799306,440.84597153125037,441.994384765625,2705867
2025-10-15,445.4767402464761,452.87664628433583,441.7721519699981,446.8103942871094,3445854
2025-10-16,447.3290451124168,450.8854465514722,441.957403288209,442.84649658203125,1247476
2025-10-17,443.62443856654926,445.9305356850478,440.3921943946759,441.98516845703125,971397
2025-10-20,444.5505492554554,445.77307004921096,440.3828878561855,445.124755859375,1280352
2025-10-21,446.39358293988437,456.11812642799623,446.39358293988437,451.01507568359375,3777246
2025-10-22,452.5617517699869,452.5617517699869,440.3829236764818,441.5220947265625,2933956
2025-10-23,442.6890021905334,447.2363874210594,433.9091465863629,442.6982727050781,4572921
2025-10-24,443.6151671673067,445.4582190192089,437.15992108760133,442.0314636230469,1077724
2025-10-27,441.76284171110177,444.541282668494,437.2339976477092,441.24420166015625,928332
2025-10-28,440.8459657613861,445.93977418930126,439.9198187744924,440.5032958984375,1091260
2025-10-29,439.94765693387944,445.0136827146889,438.09536272903165,438.9196472167969,896031
2025-10-30,440.84598356566516,448.4866965161205,440.16064381208946,441.5035400390625,1488695
2025-10-31,444.64316681473525,454.73816315462096,441.7813760635196,452.7561950683594,3301015
2025-11-03,457.13872848827833,475.0653774324593,454.77747472542563,467.70770263671875,5474556
2025-11-04,471.58957572919167,486.8905111794232,469.4172338626059,475.9720764160156,4594263
2025-11-05,476.97324904075,478.3805470271437,463.8446841883683,466.87652587890625,1735687
2025-11-06,466.67819825301933,471.49516168161205,458.30047453581926,465.8753662109375,1727305
2025-11-07,462.81516718067024,467.52822021739655,461.01116594278193,462.27679443359375,438145
2025-11-10,463.7502283591039,474.98036483243584,463.277977617394,472.8268737792969,1770586
2025-11-11,472.2507476147003,472.2507476147003,460.91672967194745,467.39599609375,3047641
2025-11-12,467.5282407248121,495.7499500494791,466.5837392283984,484.2270202636719,6959776
2025-11-13,491.14083902269,505.29890898548393,486.4277851949477,502.78656005859375,4281336
2025-11-14,502.4748157823454,506.25282191604725,495.4854813758775,502.2575988769531,2205142
2025-11-17,518.7580073192119,526.0873483620508,502.94706104630524,506.7250671386719,5321290
2025-11-18,506.23390454514316,513.8088251574434,502.5692340480052,506.66839599609375,2038737
2025-11-19,507.1972931952788,538.8380926776658,507.1972931952788,535.211181640625,8869346
2025-11-20,538.3658156519277,553.4778385474204,533.1710577816021,534.3516845703125,4861261
2025-11-21,529.8653124469582,533.6905317826584,525.1522594440271,526.436767578125,1138827
2025-11-24,525.8983992317781,538.3563757437639,520.4203023159063,534.1722412109375,3571848
2025-11-25,537.1191262127062,543.8911860798779,534.9184214939258,539.4331665039062,2112989
2025-11-26,542.1438776227653,559.1449051440368,540.5382134939745,556.717529296875,3794944
2025-11-27,557.255912366064,565.7564262835124,551.5889030877651,560.1932983398438,2747356
2025-11-28,561.1283240009989,564.6608080723541,551.6077902871368,553.6478881835938,2209831
2025-12-01,557.24645228581,557.24645228581,549.6998942329607,553.1661987304688,1202893
2025-12-02,553.9501584117307,559.1449169305108,545.9218952463434,547.886474609375,2118929
2025-12-03,549.6998296603166,549.6998296603166,533.6527596641544,534.852294921875,3757579
2025-12-04,536.4768600301903,540.065954254354,527.9763464029514,530.2620239257812,1560313
2025-12-05,535.5418144874606,537.4213632830276,525.1428435595138,535.9573974609375,3436193
2025-12-08,538.3563620346008,557.2558449137109,534.5027800504257,547.7730712890625,21031396
2025-12-09,557.1331189889422,561.1283420572877,550.6443980186256,554.0823974609375,2160163
2025-12-10,553.4778893255907,558.200396913693,545.921877184627,547.9619750976562,1575523
2025-12-11,546.1579842385577,548.6231192813619,539.0270095493514,540.4059448242188,1644729
2025-12-12,542.2761402723844,554.42241651595,538.3658899728987,552.4767456054688,2156839
2025-12-15,554.4223734593926,556.3019221968767,550.1721167633666,551.3905029296875,1107217
2025-12-16,552.9961983816964,552.9961983816964,544.2879218388682,545.5440673828125,1714865
2025-12-17,546.8758402724865,550.6443921546656,539.206492458417,543.296142578125,3069421
2025-12-18,545.4496276792195,561.0339027557685,539.6881914676144,556.3019409179688,3917911
2025-12-19,559.1448968349359,561.0338998647836,550.6538374394179,552.5333862304688,1543331
2025-12-22,553.4779263415758,556.1980955060684,547.8109168568498,550.663330078125,1078977
2025-12-23,552.5334003319493,552.5617630490636,547.2914283198983,547.9808959960938,714823
2025-12-24,554.5734550866773,556.3113631481289,548.755351424555,550.65380859375,939677
2025-12-26,552.5333448537951,557.1614249894656,551.5888434096006,552.7694702148438,1203244
2025-12-29,559.3338046535829,580.7740004180552,559.3338046535829,568.0892944335938,5105482
2025-12-30,569.0527020931746,571.3289830012684,560.2971547011554,563.3007202148438,2085783
2025-12-31,564.273536215781,566.7009120400885,555.3668937992867,557.926513671875,1663489
2026-01-01,557.926513671875,557.926513671875,557.926513671875,557.926513671875,0
2026-01-02,560.0799015173878,570.0066209079655,558.2003528692752,562.8378295898438,1938546
2026-01-05,562.8378837092879,574.7291833862887,562.8378837092879,568.6182861328125,2807134
2026-01-06,571.2344704509057,577.0809367837008,566.7008749806196,568.1365356445312,4332251
2026-01-07,571.0550399630707,572.8307074007513,560.561642098931,561.572265625,7004933
2026-01-08,562.9228776577943,571.8956416473061,561.9783761852141,563.7823486328125,7096938
2026-01-09,565.7469598540387,572.367924775168,563.6312856593755,566.1719970703125,3556030
2026-01-12,564.8023812020402,566.1341604546521,561.5060805499602,562.2805786132812,1344535
2026-01-13,562.2806291412415,565.7469334385477,553.4684141734372,558.8048706054688,2397561
2026-01-14,558.2004129976135,561.0339176321193,551.5416886360852,553.4779052734375,2395990
2026-01-15,556.0280563697465,557.1614697233391,548.783745852519,554.1673583984375,1396240
2026-01-16,555.6029802850022,561.5061143721782,554.205136580453,560.2026977539062,1842666
2026-01-19,562.4506662288845,570.4789293068786,561.9784154595908,565.8792114257812,2043751
2026-01-20,566.7009085982589,568.5899116269197,561.9784010266068,566.5686645507812,1467232
2026-01-21,568.589905180583,571.4234096914496,563.0362317274604,565.9453125,2798823
2026-01-22,566.7008980563785,569.5344025466603,563.0928954210173,565.2274780273438,1445914
2026-01-23,566.7009252056286,621.746502744879,562.9229190375911,614.7005004882812,13093752
2026-01-26,628.1406937636044,646.9835096997473,612.981456635235,616.0510864257812,12628028
2026-01-27,615.7110906368973,646.8796398314655,607.3144585487076,635.8005981445312,9142429
2026-01-28,638.4829954414449,641.3164998590845,620.9246877017754,626.1194458007812,6148225
2026-01-29,628.0934634217347,639.4274808067885,563.5084497440793,563.9617919921875,21286706
2026-01-30,563.9617796064282,566.7008568067778,543.1072295823491,555.9052124023438,8150395
2026-02-02,557.2558917090148,559.1448947317572,540.254864504333,548.3587036132812,3809888
2026-02-03,549.6054479214315,561.0338930541567,548.358699019131,557.3031005859375,4113507
2026-02-04,559.1448838160732,561.0338868019383,554.4223763514104,557.2936401367188,1502927
2026-02-06,557.6714508021762,557.6714508021762,542.7105221376057,544.7601318359375,2569225
2026-02-09,547.810856026536,551.5888619301674,533.6433338879187,543.6456298828125,1775118
2026-02-10,544.9773252178136,549.2181274157058,542.6160716423465,546.5546264648438,1152696
2026-02-11,547.8108793413511,552.53338692188,544.1367546082282,545.61962890625,1032204
2026-02-12,545.9124553681484,552.4200850465201,537.6103072883978,548.3209228515625,1960264
2026-02-13,547.8107979716168,549.6053736447774,542.143789716738,547.4141235351562,1556166
2026-02-16,547.4330511819187,548.7553763527309,533.6433522190928,537.7802734375,2540401
2026-02-17,538.3658636143657,541.1993681597045,526.0684354403002,534.1250610351562,1854274
2026-02-18,534.1250453143824,543.0883552053416,527.8629958416694,539.9998168945312,2034292
2026-02-19,542.6161023682436,542.6161023682436,492.08527299191456,522.4037475585938,1431956
2026-02-20,524.2267186316691,528.9208636254009,518.5313466613305,524.8972778320312,1033649
2026-02-23,524.6705365618149,530.3375450575321,500.6801775374956,511.05084228515625,1120583
2026-02-24,511.25867120293276,515.688385723911,492.6047658196578,504.4015808105469,2140937
2026-02-25,504.3638585642558,509.0863666032469,500.5858521330628,502.2764892578125,1611639
2026-02-26,502.47483875444715,540.2549018186913,495.8633277182044,525.029541015625,2252885
2026-02-27,522.3093422230096,529.8653544070676,510.03082242391537,521.9315185546875,1444677
2026-03-02,469.73837215087036,500.58579457345326,469.73837215087036,469.8894958496094,5316323
2026-03-03,469.88947514266226,516.8689684187057,469.88947514266226,497.3083801269531,4224327
2026-03-04,495.86328124999994,502.47479166666665,487.40998140198843,495.86328125,2820087
2026-03-05,495.8632601693072,514.7532891281379,495.8632601693072,510.37078857421875,2591944
2026-03-06,510.5051695069847,512.4243618735522,495.1516305744438,501.1874694824219,1263260
2026-03-09,477.8789344224885,477.8789344224885,451.0678127468641,452.3536682128906,6139627
2026-03-10,479.7980982798389,497.0708298179131,477.8789058867195,489.33648681640625,2261379
2026-03-11,485.65164057600083,497.0516187836613,485.65164057600083,487.0526428222656,1068523
2026-03-12,479.7980878859563,493.4915440563343,479.7980878859563,484.3945617675781,2305733
2026-03-13,483.62685722304934,484.5960587115286,475.95969330874885,480.77685546875,1025062
2026-03-16,480.77688847594,480.949638052114,453.88901288510084,461.5082092285156,1184612
2026-03-17,467.3233302504678,475.0000995358964,453.8889840009677,461.91119384765625,1886653
2026-03-18,463.868790896916,475.9501033760066,459.64657353140836,473.666259765625,1422072
2026-03-19,468.2829510120455,478.83850933403835,457.7273926900527,474.00213623046875,2193855
2026-03-20,474.00213623046875,474.00213623046875,474.00213623046875,474.00213623046875,0
2026-03-23,474.00213623046875,474.00213623046875,474.00213623046875,474.00213623046875,0
2026-03-24,503.78802894299866,503.78802894299866,478.3587284344473,481.95721435546875,2374727
2026-03-25,485.6516362242761,494.09610024280954,483.6364783741402,492.4551696777344,2432358
2026-03-26,489.374851023326,491.2940433072622,475.959686416174,478.4834289550781,1894019
2026-03-27,479.7981152377149,485.98752263810263,475.9597303158132,478.3011474609375,2385620
2026-03-30,477.878888477283,479.5485764274124,461.57535906273876,464.1950378417969,1990759
2026-03-31,465.5097010467225,474.42435799268094,462.53497623825234,466.10467529296875,2309803
2026-04-01,471.40164332188215,487.9067100283472,471.40164332188215,479.577392578125,3192388
2026-04-02,470.9410205218533,474.04052681655423,463.49457386025483,471.3152770996094,1022403
2026-04-03,463.8304033059769,470.1061706283574,457.7273855551597,466.459716796875,994140
2026-04-06,466.36374293148026,470.96979287624225,460.59656052540697,469.4536437988281,2008067
2026-04-07,469.24255652813054,474.76023485131407,464.4445753775361,472.370849609375,1825835
2026-04-08,514.3435814175567,519.6117553710938,504.31578905856117,519.6117553710938,4974951
2026-04-09,521.0607165638373,521.5309093127005,498.98039947982727,514.5546264648438,3089771
2026-04-10,515.3031534847935,523.4597210911636,513.383961106824,515.811767578125,2231555
2026-04-13,496.1112391449427,503.78800880289157,491.3132581087247,493.3092346191406,2091089
2026-04-14,503.78797865038473,508.58595939943604,500.90919020095396,505.4096984863281,1048345
2026-04-15,514.3435371731942,527.2501171239164,513.3839410217518,514.9864501953125,3062153
2026-04-16,518.6521577331795,522.9607354410657,515.3031762566836,518.047607421875,1169325
2026-04-17,519.1415161722002,520.5809103944891,516.1763383038807,517.5869750976562,3383605
2026-04-20,514.4011559698077,516.5026740695853,506.66681264977433,508.1925964355469,2338629
2026-04-21,512.4243763568237,514.7178253562793,508.58599151519957,509.49761962890625,1045051
2026-04-22,509.5455720015382,515.3031490863013,504.7475910975689,510.84100341796875,1110391
2026-04-23,510.4476038846779,510.4476038846779,500.4294172352296,502.5981140136719,996250
2026-04-24,500.9092062068247,511.464764192026,495.25717064725495,503.548095703125,959101
2026-04-27,503.05873412035965,510.4956051375626,499.01887134879183,503.6824951171875,777862
2026-04-28,498.9900099824622,502.828394674635,494.6718272037678,496.13043212890625,910076
2026-04-29,496.13043212890625,496.13043212890625,496.13043212890625,496.13043212890625,0
2026-04-30,490.35366186435556,491.3132580715265,479.99003454073016,483.89556884765625,1488508
2026-05-04,489.3940394344215,500.1415280926839,485.5556548114064,488.5879821777344,1742261
2026-05-05,485.5556823552357,495.63144256221193,484.69205162297675,494.5950622558594,1790744
2026-05-06,503.7880126702272,509.54558995788693,498.27033443621997,508.0582275390625,2326805
2026-05-07,511.4551809730485,516.2627674161405,508.2501623903908,514.11328125,2001619
2026-05-08,508.5859809024348,515.3031542351084,506.66678852167087,511.4071960449219,1476906
2026-05-11,511.95327605690846,512.8309340517856,508.0526796679034,510.24676513671875,440264
2026-05-12,510.24675144148136,512.1872885699861,507.0872779741293,508.98883056640625,494613
2026-05-13,508.0526933923007,510.9781407630817,503.713267888633,506.3949279785156,582011
2026-05-14,508.0526793113462,509.6128940585022,503.7132539279481,504.1813659667969,469735
2026-05-15,503.1769196022602,505.12721774025346,498.3206665253494,499.3835754394531,976592
2026-05-18,497.3260452701291,499.1690913693644,490.5000015115195,492.2065124511719,665286
2026-05-19,493.42544445593035,499.26657804028446,493.42544445593035,497.1700134277344,762431
2026-05-20,497.32603507612663,507.95518394686917,497.1700076508825,505.1272277832031,977555
2026-05-21,511.95327486156185,519.2668930738698,511.95327486156185,518.0089721679688,2216544
2026-05-22,521.7047658113058,521.7047658113058,514.9762132486316,518.0089721679688,1163738
2026-05-25,524.6302298950033,530.286082923281,522.6799316426055,528.2675170898438,1664906
2026-05-26,528.2675170898438,528.2675170898438,528.2675170898438,528.2675170898438,0
2026-05-27,528.2675170898438,528.2675170898438,528.2675170898438,528.2675170898438,0
2026-05-28,528.2675170898438,528.2675170898438,528.2675170898438,528.2675170898438,0
2026-05-29,536.3319990693298,555.2888997444426,531.5537447248158,549.4769897460938,6661441
2026-06-01,549.4965107848118,552.8120414895333,535.9419146617398,538.5748291015625,3782878
2026-06-02,538.5748581608113,545.4984527663856,531.4562813419258,542.04638671875,2010455
2026-06-03,542.04638671875,542.04638671875,542.04638671875,542.04638671875,0
2026-06-04,543.6456438999213,546.571091311042,540.2326219202806,545.4496459960938,1605292
2026-06-05,546.5710822723972,549.886613090857,542.1829112282834,544.2014770507812,1015528
2026-06-08,539.2574215477445,542.5729521060207,536.4392265250472,540.4276123046875,955351
2026-06-09,545.1083596804075,548.9114650669247,540.2326140660925,541.0712280273438,880385
2026-06-10,539.2476949210666,543.8894141912964,538.2823068284995,539.8230590820312,476441
2026-06-11,537.3266724172634,539.823051715289,536.4392534121001,537.7654418945312,780428
2026-06-12,544.1234122211507,545.1083222906265,538.7796144402818,542.6217041015625,1130158
2026-06-15,550.9592312738773,552.9095294376787,542.5729729768822,549.603759765625,2239550
2026-06-16,551.0567520864267,555.7375155466272,551.0567520864267,552.8023071289062,2589640
2026-06-17,554.7526075035523,554.8500986100183,548.033815657082,549.9451293945312,1785672
2026-06-18,550.910481056434,560.5059146107582,550.1791192512042,553.81640625,1866573
2026-06-19,553.8847069672426,556.8101543631963,538.3310664084125,546.8051147460938,1967496
2026-06-22,548.0435711256862,549.9841083680868,542.8167860823438,544.07470703125,823983
2026-06-23,547.0586329197463,547.5462074588905,540.1350982712498,541.8318481445312,1284790
2026-06-24,541.8318329601323,548.0337666398315,540.232574232147,544.7962646484375,1279546
2026-06-25,544.7962646484375,544.7962646484375,544.7962646484375,544.7962646484375,0
2026-06-26,544.7962646484375,544.7962646484375,544.7962646484375,544.7962646484375,0
2026-06-29,544.6207445619251,544.7182356595997,536.3319776348411,538.7991333007812,1422560
2026-06-30,539.257421218796,583.1391281895841,539.257421218796,559.2284545898438,1169014
2026-07-01,559.2284927585129,560.7107384521282,552.909545569316,557.9510498046875,2106457
2026-07-02,558.7604283851217,566.5518600887034,555.9812772868921,558.058349609375,1941762
2026-07-03,558.1753478740749,564.1237333553463,557.4536875714952,562.387939453125,1340806
2026-07-06,563.636183929711,568.2583811746371,562.3977255177562,565.9862670898438,1223473
2026-07-07,567.0296576570965,567.0296576570965,560.7107107797544,560.88623046875,1423943
2026-07-08,554.8598173860844,559.2479881738478,543.1677896322949,548.4920654296875,2143597
2026-07-09,544.1331950705592,550.9397167085359,541.2077477852336,547.8485107421875,1565920
2026-07-10,548.0337703952893,553.2898381003943,547.0586213376464,547.936279296875,792472
2026-07-13,545.1083135553024,546.9123154725991,539.2574193132061,542.3291625976562,1247556
2026-07-14,539.2672066471126,539.2672066471126,526.6682970960156,529.720458984375,2613575
2026-07-15,529.7204365641768,536.3319756694306,528.1895049370717,533.2114868164062,1135813
2026-07-16,534.3816827226054,541.2077261150474,533.6015753814298,537.5802001953125,1872699
2026-07-17,537.5801919270932,547.4974410095788,536.4392246958179,538.2432861328125,2327318
2026-07-20,535.8444098811362,539.7352451178426,529.9935155057279,537.7264404296875,867773
2026-07-21,539.4719529754245,542.1828960243674,535.854187930045,536.5368041992188,684161
2026-07-22,535.3568455580765,543.5481216471901,528.0529884631114,530.393310546875,973892
2026-07-23,530.3933211225141,533.3870360035797,519.7544706229891,521.83154296875,987188
2026-07-24,521.5974850698587,526.2392040301385,515.8538429312615,520.2615356445312,704777
2026-07-27,531.4562792548048,536.2345338297688,526.5902945878713,534.5474853515625,1173860
2026-07-28,534.5474684850394,541.1102624374073,533.4065606967754,534.0989379882812,878650
2026-07-29,534.0989292443332,549.9840864859007,533.4065519641625,544.8450317382812,4987103
2026-07-30,546.0737526025132,553.9334522213337,545.1083644853101,551.0275268554688,2381799
2026-07-31,552.8997486304644,556.810105831838,550.8519594391331,551.3297729492188,1105927
2026-08-03,555.9909792138086,559.8330690108539,554.9573235586836,558.6044311523438,1332730
2026-08-04,558.7506526229523,560.2718827819607,555.9324575437611,556.9368896484375,833385
2026-08-05,560.4572089957902,564.8063956007375,559.7356081528197,564.123779296875,1509453
2026-08-06,564.6113279158859,570.4524614917644,564.1237533667357,569.2432861328125,1591095
2026-08-07,567.5367788399178,570.4622261535255,565.5864806308459,568.97998046875,1463399
2026-08-10,570.0,570.010009765625,563.0,563.510009765625,937927
2026-08-11,559.989990234375,561.0,553.0,554.3099975585938,1062699
2026-08-12,554.5,556.489990234375,552.510009765625,553.739990234375,727150
2026-08-13,555.989990234375,562.8800048828125,554.0,557.1599731445312,1242968
2026-08-14,557.1599731445312,557.1599731445312,557.1599731445312,557.1599731445312,0
2026-08-17,561.989990234375,561.989990234375,550.0,552.9600219726562,799265
2026-08-18,552.9600219726562,552.9600219726562,552.9600219726562,552.9600219726562,0
2026-08-19,548.0,550.0,541.0700073242188,542.8900146484375,595755
2026-08-20,552.9600219726562,552.9600219726562,544.5,545.719970703125,928671
2026-08-21,545.9500122070312,546.739990234375,542.0,544.239990234375,372619
2026-08-24,547.0,550.5,543.5,544.8300170898438,619873
2026-08-25,545.260009765625,550.2000122070312,545.010009765625,547.739990234375,635125
2026-08-26,547.739990234375,547.739990234375,547.739990234375,547.739990234375,0
2026-08-27,548.0,552.0,547.7999877929688,549.8099975585938,522096
2026-08-28,550.0,552.1099853515625,547.02001953125,550.030029296875,479275
2026-08-31,549.0,555.0,546.0,552.7000122070312,568749
2026-09-01,552.7000122070312,554.5,550.0,552.4500122070312,279593
2026-09-02,549.030029296875,551.0,545.5,548.7000122070312,423668
2026-09-03,548.010009765625,551.0,548.0,548.6799926757812,269105
2026-09-04,550.0,551.0,547.0,548.1099853515625,269874
2026-09-07,548.8800048828125,549.0,544.0,545.5,500240
2026-09-08,546.0,549.0,540.2000122070312,546.25,494397
2026-09-09,546.4000244140625,547.1599731445312,540.0,541.3800048828125,404983
2026-09-10,541.3800048828125,541.3800048828125,526.0,532.3400268554688,1051038
2026-09-11,529.989990234375,544.0,525.0,541.3699951171875,1056605
2026-09-14,538.9500122070312,540.9500122070312,532.0,535.1099853515625,684779
2026-09-15,537.0,542.0,536.0,540.4099731445312,582743
2026-09-16,538.010009765625,538.010009765625,530.97998046875,531.760009765625,834691
2026-09-17,534.030029296875,534.9000244140625,529.5,531.010009765625,494913
2026-09-18,530.75,540.4000244140625,530.5,539.030029296875,712149
2026-09-21,539.1199951171875,541.5,535.1099853515625,540.510009765625,430725
2026-09-22,540.510009765625,541.9400024414062,536.7999877929688,538.2000122070312,415322
2026-09-23,539.0499877929688,546.8800048828125,539.0499877929688,544.1500244140625,715961
2026-09-24,546.0,546.97998046875,540.0,541.6199951171875,588056
2026-09-25,541.5999755859375,543.97998046875,538.0999755859375,540.260009765625,450075
2026-09-28,541.0,544.0,537.0,542.510009765625,287606
2026-09-29,543.0,544.489990234375,538.5,539.4199829101562,374104
2026-09-30,541.0,550.0,540.0,541.02001953125,466853
2026-10-01,542.0,543.97998046875,537.6199951171875,538.4600219726562,327125
2026-10-02,540.510009765625,542.0,537.0,537.9000244140625,288713
2026-10-05,537.9000244140625,538.5,532.5,534.4600219726562,450592
2026-10-06,534.4600219726562,540.5,533.25,539.3300170898438,442444
2026-10-07,540.9000244140625,543.0,538.25,539.510009765625,313780
