date,open,high,low,close,volume
2021-10-08,71.43431355067212,72.41286579109229,70.78194539039201,71.93011474609375,5834015
2021-10-11,71.45387956097086,72.0801523604326,71.12117042535333,71.53216552734375,1206108
2021-10-12,71.58434866658705,74.95056523292169,71.09507262669392,74.38300323486328,6622254
2021-10-13,74.69614888165053,76.04655067544583,73.81545292520556,74.98319244384766,2676084
2021-10-14,75.02233142640092,77.95798787352096,74.4351991415422,77.72966003417969,2542510
2021-10-15,78.2189368605759,78.28417267570426,76.84243975952087,77.65137481689453,1357210
2021-10-18,78.11455532316207,80.1108051044442,76.35968850914244,79.45191192626953,1824940
2021-10-19,79.45191192626953,79.45191192626953,79.45191192626953,79.45191192626953,0
2021-10-20,79.91507887165237,81.87218284401936,78.93652688546887,81.09586334228516,2318448
2021-10-21,80.89363349293505,86.04733680631111,79.73241922785188,83.33348846435547,6216289
2021-10-22,83.37264148732226,85.46021732422011,82.19837696833385,84.61213684082031,1951983
2021-10-25,83.50963320783528,84.1554811818656,82.55718139835069,84.61213684082031,544116
2021-10-26,84.61213874730545,84.61213874730545,81.54601073455557,82.01571655273438,722456
2021-10-27,82.96178201205453,83.69613310893413,81.30783900961099,81.94956970214844,1529652
2021-10-28,82.03554939732443,82.63096971695272,81.02995456106603,82.32664489746094,755674
2021-10-29,83.02793337390732,85.34345342815972,81.4070713549039,83.4645767211914,1933104
2021-11-01,83.98721826435154,85.3368413210055,83.36533916752909,83.99383544921875,465436
2021-11-02,84.02029235281091,85.27728481463117,83.35871524767066,84.66864013671875,2460565
2021-11-03,85.3103564462288,85.3103564462288,82.6971291830183,82.869140625,717179
2021-11-04,83.21978267541762,83.42486995793864,81.71138771928179,82.24064636230469,1660552
2021-11-05,83.2859460737708,83.62335182976044,82.06864655421822,83.0610122680664,1356774
2021-11-08,83.0940840803394,84.0269102290359,82.82945222661772,83.78874206542969,705569
2021-11-09,84.2849178510949,84.2849178510949,82.86252617277437,82.9088363647461,854225
2021-11-10,83.35872185807145,83.94090793968681,82.10172424913772,82.41266632080078,453390
2021-11-11,82.67730949826336,82.67730949826336,82.03557876005097,82.10835266113281,2398042
2021-11-12,82.10170258152814,83.00806486532149,81.37396890970817,81.64521789550781,415477
2021-11-15,80.81163450122645,83.31901202819293,80.81163450122645,82.63758850097656,495611
2021-11-16,82.99483405292656,83.68287475040617,81.40705326366965,83.32562255859375,878994
2021-11-17,83.68949785047661,84.51646917310977,81.8106214282216,82.47219848632812,4162783
2021-11-18,82.6971318333254,83.31901587989036,80.91748794109388,81.89000701904297,1242516
2021-11-19,81.77093978711521,83.95414653609492,81.77093978711521,83.26610565185547,3135415
2021-11-22,84.68186348878847,85.40960229109116,81.71799604581062,82.48542785644531,4487112
2021-11-23,82.36635441252515,82.36635441252515,80.97704341987279,81.5526123046875,1852315
2021-11-24,81.40706960042216,81.40706960042216,79.10477891808522,79.48849487304688,3810386
2021-11-25,79.96481981190482,79.96481981190482,76.74293776288728,77.7551498413086,4966495
2021-11-26,76.80908582743491,79.87880258921587,76.80908582743491,79.01213836669922,3450455
2021-11-29,78.13224873162861,83.9541288007439,78.13224873162861,82.80298614501953,5093343
2021-11-30,83.94750534763092,84.5164619729262,79.39585739270069,81.60552215576172,31480344
2021-12-01,82.69713481869186,83.02792335796664,80.78517746547831,82.47881317138672,2901710
2021-12-02,82.02894388928223,82.06202476352695,77.73530988830711,79.07169342041016,2946383
2021-12-03,78.6615231975871,82.18773057602381,77.50376319902381,81.50630187988281,3277436
2021-12-06,81.96940298986173,82.00247881611577,80.09052141746255,80.32868957519531,1012588
2021-12-07,81.30781692469257,82.0355506386132,80.38160808541537,81.08287811279297,2059729
2021-12-08,81.34091521499963,81.93633570810223,80.15007927622791,80.97705078125,2355553
2021-12-09,81.34091178392808,81.34091178392808,78.66814443417915,79.7597427368164,1054086
2021-12-10,80.58010664082458,80.58010664082458,79.03201333623194,79.11140441894531,1030716
2021-12-13,79.67373026523555,79.72004046028611,78.49612383615,78.9195327758789,803835
2021-12-14,79.05182868286909,79.88541705674201,78.06608043640215,78.98567199707031,2087508
2021-12-15,79.36279732650152,79.3892610191999,78.40351244149284,78.6946029663086,1795873
2021-12-16,78.89307504309305,79.2238636176972,76.08137215895765,76.51139831542969,2280425
2021-12-17,77.20604389480562,78.42996554149627,75.75057632500135,78.09255981445312,1652856
2021-12-20,78.69459145060257,79.45540610019006,77.47067486514402,78.42334747314453,1565638
2021-12-21,78.06609496881342,78.74090136547014,77.54344847307605,77.86100769042969,533753
2021-12-22,78.52922090981771,78.52922090981771,77.40454155575895,78.05950164794922,761750
2021-12-23,77.12004341322124,78.39688743580294,77.12004341322124,77.62945556640625,801572
2021-12-24,77.93377858876327,77.93377858876327,77.08034358769764,77.27220153808594,321524
2021-12-27,78.006568363171,78.006568363171,76.7429535161288,76.84880828857422,379513
2021-12-28,77.32512883499018,77.33836320341628,76.21367911653341,76.7429428100586,745571
2021-12-29,77.12004335133065,77.12004335133065,75.9490540899225,76.08136749267578,1639485
2021-12-30,76.08136189709597,76.67678226055972,75.61825997408661,75.98212432861328,2189778
2021-12-31,76.27984793556269,77.7353156565417,75.62488291843232,77.15312957763672,2886976
2022-01-03,77.40450805105507,77.99992835324187,77.07371955511039,77.42435455322266,405791
2022-01-04,77.47067821800476,78.72767573075548,77.47067821800476,78.08594512939453,916386
2022-01-05,78.52919919166217,78.68798132868272,77.40452014864637,77.8080825805664,184922
2022-01-06,78.05948985318643,78.52920904408052,77.07374127081528,77.2060546875,1361906
2022-01-07,77.999952883926,79.05847539436384,77.10682467347637,78.25135040283203,1340981
2022-01-10,78.72767080617984,80.202989883334,78.08594024496045,79.634033203125,2955003
2022-01-11,79.9515932885698,81.04319653712787,78.59536323212245,80.82487487792969,1852575
2022-01-12,81.2085940153017,81.27475071988052,80.37500540479618,80.441162109375,496255
2022-01-13,80.7124108836484,80.8447242923533,80.05083374525783,80.38162231445312,143600
2022-01-14,80.38163006203337,82.035573067425,80.38163006203337,81.45999908447266,1138299
2022-01-17,81.38060222981065,81.44014174732001,80.71240793119742,80.8116455078125,449851
2022-01-18,80.81162977357262,81.3739692016587,80.20298015840727,80.71900939941406,476441
2022-01-19,80.24929390735811,81.24165942947334,80.08389965367225,80.42791748046875,768005
2022-01-20,80.37499929470717,81.01011269576205,79.1907756972686,80.7388687133789,350340
2022-01-21,81.04318619714873,81.04318619714873,80.08390152235943,80.79840087890625,96511
2022-01-24,80.87780242343842,81.01011582765292,80.15006860539303,80.34192657470703,220830
2022-01-25,80.08390476232948,80.76532832339505,80.05082389050922,80.43453979492188,311993
2022-01-26,80.54702267628008,80.54702267628008,79.91852636636254,80.05745697021484,271685
2022-01-27,80.48086596693614,80.48086596693614,79.72005119089734,80.05745697021484,403396
2022-01-28,79.45541779420479,80.38162684969619,79.45541779420479,79.74651336669922,456985
2022-01-31,79.52155641215322,80.51392194997925,79.52155641215322,80.17652130126953,691880
2022-02-01,79.7531140382099,81.04318724476595,79.7531140382099,80.50069427490234,376741
2022-02-02,80.06405102301734,84.68186097519092,80.05082170311016,82.5052719116211,3470427
2022-02-03,83.35870034394334,83.35870034394334,81.67167700848604,81.73783874511719,750312
2022-02-04,81.44015247750195,82.63099345891709,81.44015247750195,81.96279907226562,2721987
2022-02-07,82.32665076559552,82.6971323031352,81.7378475873918,81.98262786865234,191597
2022-02-08,82.30020643145617,82.39944402304334,81.37399732236531,81.7577133178711,1701938
2022-02-09,82.13478874808773,82.6905110268944,81.4798289059421,82.18109893798828,1243444
2022-02-10,82.18110537027017,82.69051749904779,80.73224995544379,80.93072509765625,1544517
2022-02-11,81.24166758825258,82.00247719366705,80.42130837343414,81.5261459350586,1131428
2022-02-14,81.52614891857158,82.36634962155152,81.01011453652075,81.1093521118164,532437
2022-02-15,81.93631896115141,81.93631896115141,80.4477705563558,80.72563171386719,1420639
2022-02-16,81.36073776739383,81.36073776739383,80.12358701982565,80.31544494628906,363293
2022-02-17,80.22945355524288,81.00350260658041,79.72004140365839,80.63963317871094,117622
2022-02-18,80.71241737925136,81.30783786120794,80.05084018761816,80.66610717773438,318035
2022-02-21,80.97703329779412,81.10934669105696,80.38161293324656,80.54039001464844,83287
2022-02-22,80.84473129283487,80.84473129283487,78.06610908996213,80.2426986694336,1400159
2022-02-23,80.4808519744437,80.71240294060648,78.8732194844671,80.32207489013672,811166
2022-02-24,79.38924745499025,80.34853217609842,76.67678250976456,77.0340347290039,1874967
2022-02-25,76.74955597653725,77.73530438050688,76.74955597653725,76.95464324951172,1155499
2022-02-28,77.67576692331316,77.67576692331316,76.0945930678849,76.85540771484375,1270047
2022-03-01,78.05287127855301,78.13225730304359,76.74294635269686,76.94142150878906,748773
2022-03-02,77.36481735036517,77.36481735036517,75.95565508532466,76.38568115234375,674871
2022-03-03,77.40451709697174,77.40451709697174,75.94904956369398,76.18721771240234,147193
2022-03-04,76.08137664544299,77.40453102188548,76.08137664544299,76.92157745361328,849987
2022-03-07,76.14753561430771,76.67679939956292,74.2686587667754,74.75822448730469,453555
2022-03-08,76.74295128312788,76.74295128312788,73.53430303638031,74.3149642944336,609309
2022-03-09,73.43506280542802,76.06152486831054,73.43506280542802,74.28849792480469,1056162
2022-03-10,75.3536457680479,76.6437193178119,74.29512323395517,75.4462661743164,1116936
2022-03-11,75.41977988597955,75.98873652400168,74.80451305869664,75.50578308105469,325294
2022-03-14,75.41978431307291,75.75057284076182,74.79790026583939,75.37347412109375,487685
2022-03-15,75.49255674918315,76.4121484347768,75.43962937438138,76.09458923339844,268479
2022-03-16,76.08137154407355,76.67679198303551,75.08900582828129,75.3536376953125,280721
2022-03-17,75.74396674448445,75.98213492307862,75.4197953531775,75.55210876464844,767312
2022-03-18,75.38670256802817,75.71749109188514,72.77347524853111,73.19688415527344,1285603
2022-03-21,73.9464805667369,74.95944605395246,73.19688569402065,74.69607543945312,841768
2022-03-22,75.18905509534723,75.56047786453546,73.94648647153443,74.31790924072266,669559
2022-03-23,74.31790924072266,74.31790924072266,74.31790924072266,74.31790924072266,0
2022-03-24,74.74335600723167,75.89813618423175,73.9599934625292,75.62126159667969,893817
2022-03-25,76.20201812610283,76.98538061241231,74.65556194423613,76.65447998046875,523841
2022-03-28,76.77604174322296,77.24200242008126,74.95945510151523,76.78279113769531,378809
2022-03-29,77.25551282192174,77.66069804213444,76.38436176474917,76.4924087524414,749914
2022-03-30,76.97187451962947,77.32303362808638,76.31006812204157,76.73551177978516,100466
2022-03-31,76.9786293963242,76.98538394279744,76.03994837270719,76.24929809570312,734793
2022-04-01,76.03994623960001,77.32303696642799,75.56723104392037,76.92460632324219,1802294
2022-04-04,75.64151751687936,76.3100733540886,73.60207727297534,73.85194396972656,720783
2022-04-05,73.95323708590269,74.75685289036792,73.62233130832561,73.98699951171875,477499
2022-04-06,73.98700017581619,74.87166023636587,73.94648320358962,74.14907836914062,848481
2022-04-07,74.1625851699373,74.78386947835283,73.54130086152176,73.62908935546875,369037
2022-04-08,74.95268161855961,75.83734153083805,74.66229801111704,75.32410430908203,990236
2022-04-11,76.85032453663678,79.68662611721314,75.7022937809106,78.14691925048828,2207391
2022-04-12,78.33599706468947,80.36192802325903,78.14691099957639,78.57910919189453,703976
2022-04-13,78.57912118474907,79.00456489618529,78.06588382096196,78.41029357910156,645792
2022-04-14,78.47105866357293,78.87624898529427,78.07262804001164,78.36976623535156,1093663
2022-04-15,78.53860461832255,78.6331476658022,78.09965181090439,78.50483703613281,191033
2022-04-18,78.93702550729569,78.93702550729569,77.66068937239565,78.03211212158203,1195300
2022-04-19,77.72822782963027,78.55210736127562,77.32304261058441,77.6269302368164,687019
2022-04-20,77.70797346556158,78.26848237696349,74.28414968177194,74.9999771118164,982556
2022-04-21,75.29710080265589,76.22227779735816,74.76360503072179,75.17554473876953,768991
2022-04-22,75.63474315719172,75.63474315719172,74.66904935543569,75.16877746582031,430165
2022-04-25,75.31062032858969,76.3100820776409,75.31062032858969,75.8441162109375,430122
2022-04-26,76.64096831627447,76.64096831627447,75.29710219505303,75.4929428100586,913201
2022-04-27,76.80928158614381,76.8437427668329,75.1207888931371,75.62389373779297,633532
2022-04-28,76.84375024312781,76.84375024312781,74.43161458527179,75.01741790771484,1643917
2022-04-29,75.01741790771484,75.01741790771484,75.01741790771484,75.01741790771484,0
2022-05-02,75.01741790771484,75.01741790771484,75.01741790771484,75.01741790771484,0
2022-05-03,75.01741790771484,75.01741790771484,75.01741790771484,75.01741790771484,0
2022-05-04,75.01741790771484,75.01741790771484,75.01741790771484,75.01741790771484,0
2022-05-05,75.01741790771484,75.01741790771484,75.01741790771484,75.01741790771484,0
2022-05-06,75.78928724945851,75.78928724945851,73.16350752605486,73.76309204101562,314657
2022-05-09,74.43160046049164,74.43160046049164,70.64110228889253,70.93055725097656,1731876
2022-05-10,69.95882261508255,73.03257178509355,69.95882261508255,70.40679168701172,288350
2022-05-11,71.6679905011814,71.6679905011814,69.26274827704513,70.48259735107422,1093343
2022-05-12,71.61284789906851,71.61284789906851,69.68313771144797,70.2965087890625,508998
2022-05-13,70.29651909698313,71.3165101189859,69.60733753720879,70.82718658447266,321289
2022-05-16,70.64110815781342,70.64110815781342,68.74585891455501,69.56598663330078,10735709
2022-05-17,70.15867823860222,70.53772490572925,69.02152772114611,70.09664916992188,1015919
2022-05-18,70.28961290318095,71.12352180642841,69.82096931826105,70.41366577148438,478743
2022-05-19,70.9719045631132,70.9719045631132,69.60732304532212,69.90367126464844,573923
2022-05-20,69.6142313024445,70.50327615161468,69.60733801454883,70.3585433959961,1150428
2022-05-23,70.36542799756332,71.15109446346347,69.0559821350506,70.33786010742188,579563
2022-05-24,69.60734348408862,71.18557002177167,69.60734348408862,70.52395629882812,533064
2022-05-25,70.60664737395456,70.9167822248703,69.62111755160423,70.7169189453125,2212379
2022-05-26,70.72381072909116,71.65420474597772,70.71002415394562,71.26826477050781,284727
2022-05-27,71.67486935093942,73.3564737375141,71.01325580327982,71.47500610351562,865427
2022-05-30,71.67489575226242,72.6259645914657,70.4412598963309,71.28895568847656,84055
2022-05-31,72.28134572969073,72.28134572969073,70.41366470488474,71.26136016845703,1211963
2022-06-01,70.98571070145637,71.53705813050843,70.08977244375646,70.31031036376953,597954
2022-06-02,70.97879302291635,70.98568630937149,68.43571715681273,68.67003631591797,1278137
2022-06-03,68.81478272621098,68.89059312397534,66.16143457857378,66.65764617919922,3428620
2022-06-06,66.23033857648771,68.22896590199193,66.23033857648771,67.67073059082031,338817
2022-06-07,68.56667126932524,68.84923823005195,66.26480740503528,66.90574645996094,263677
2022-06-08,67.76722169581718,67.76722169581718,65.98913207103413,66.08561706542969,282448
2022-06-09,66.08561384244429,66.77479534482292,65.50670390430427,65.71345520019531,159495
2022-06-10,66.56114648023433,66.56114648023433,65.47223851458907,65.63075256347656,328567
2022-06-13,66.15452863500646,66.15452863500646,61.33715157355836,62.32957458496094,1666847
2022-06-14,62.71551035122228,64.67967638204325,62.033222205365945,64.4246826171875,496900
2022-06-15,65.25169909585975,66.15452510171261,64.09387406374164,65.66520690917969,373084
2022-06-16,64.78995863502524,66.16142843980815,64.78995863502524,65.45846557617188,301742
2022-06-17,66.49913128725885,66.85061537643725,64.78307057098043,65.97535705566406,660783
2022-06-20,66.49224218457609,66.67831890052909,64.85887992171585,65.7479248046875,85696
2022-06-21,66.45776326017827,66.91951354075076,64.93467298229498,66.82302856445312,4839780
2022-06-22,66.26480136662664,68.4977479237122,66.26480136662664,66.6645278930664,3538321
2022-06-23,65.50671439362515,67.3330414609407,65.47225320977306,65.68589782714844,623293
2022-06-24,66.49222542637021,66.49222542637021,62.02632753062869,64.00428009033203,1533544
2022-06-27,64.09387688204485,67.18830021840066,62.784431033922495,65.63764190673828,992359
2022-06-28,64.5142738126057,66.4646585132618,64.5142738126057,65.4515609741211,573062
2022-06-29,65.46534488175789,65.56182986473172,60.854724527248294,62.08146667480469,3443169
2022-06-30,61.9574151753931,63.74928594494073,61.52322748435394,62.949832916259766,2566730
2022-07-01,63.05322040207912,63.390923157354166,61.83337133603819,62.812007904052734,652624
2022-07-04,62.88780649364815,63.81130710076555,62.0263296923653,63.487396240234375,204822
2022-07-05,63.404699377279165,63.78375131372797,62.37092710482352,62.48808670043945,96954
2022-07-06,63.33577645686808,63.39091223492781,62.10214102747689,63.19793701171875,121903
2022-07-07,63.1290303069323,63.38402937889435,62.79822610020983,63.2806510925293,45485
2022-07-08,63.2806510925293,63.2806510925293,63.2806510925293,63.2806510925293,0
2022-07-11,63.2806510925293,63.2806510925293,63.2806510925293,63.2806510925293,0
2022-07-12,63.2806510925293,63.2806510925293,63.2806510925293,63.2806510925293,0
2022-07-13,61.37160958864637,64.76238102551952,61.37160958864637,64.13522338867188,92146
2022-07-14,64.78306367164467,64.9898202333863,63.68726756531221,64.63833618164062,488639
2022-07-15,65.45846123582828,65.45846123582828,63.76307011740085,63.99739456176758,119617
2022-07-18,62.212400796803486,63.99049001735282,62.212400796803486,62.66726303100586,212336
2022-07-19,62.7155247926033,63.3633571708354,60.51014580421057,61.047706604003906,536224
2022-07-20,61.50945008848992,62.02633622368731,60.28960112296064,60.875404357910156,147724
2022-07-21,61.88849881357306,61.88849881357306,59.2696070945523,59.63487243652344,477633
2022-07-22,61.30268771132702,61.30268771132702,57.82232455290102,58.33231735229492,353168
2022-07-25,58.89055366125052,58.89055366125052,57.546651917295065,57.59489440917969,94226
2022-07-26,57.61557509587903,58.22205820994415,55.89262126371735,57.83611297607422,311482
2022-07-27,59.95191001493894,59.95191001493894,57.19518342626485,58.19449996948242,1366469
2022-07-28,58.318529265255464,59.889861943338396,57.925696095734736,59.57972717285156,2531280
2022-07-29,59.889871170564106,59.889871170564106,58.58042531773664,59.44190216064453,628902
2022-08-01,61.302681829353446,61.302681829353446,57.45016042760052,59.248924255371094,734281
2022-08-02,59.26961140054867,59.26961140054867,58.511512771451535,58.614891052246094,710610
2022-08-03,58.99393227907427,60.61350766820399,58.03597046455782,59.621089935302734,1646552
2022-08-04,60.94662247696827,61.360411699486356,59.621086490086846,60.673099517822266,438995
2022-08-05,61.9916213090846,63.085713158425264,60.31541429341422,62.195011138916016,1594932
2022-08-08,62.195011138916016,62.195011138916016,62.195011138916016,62.195011138916016,0
2022-08-09,62.195011138916016,62.195011138916016,62.195011138916016,62.195011138916016,0
2022-08-10,62.41943885131021,65.14765884045397,62.41943885131021,64.0255126953125,1378718
2022-08-11,65.14064859112653,65.14064859112653,61.577834993787334,61.781219482421875,505366
2022-08-12,62.40542947669297,63.94136521100727,60.59596536966475,63.77304458618164,580206
2022-08-15,63.82214068731764,68.54918565318269,63.82214068731764,66.87297821044922,1772521
2022-08-16,66.97816572666542,69.99393867981519,65.9261526524246,67.99510955810547,1572294
2022-08-17,67.3288412152206,71.11608960373988,67.18857493634846,67.61639404296875,1225443
2022-08-18,68.65438522049168,69.0751894561731,67.67952002335016,67.75666809082031,292307
2022-08-19,68.72451154778255,68.72451154778255,65.99629118036886,67.58834075927734,506768
2022-08-22,68.37384125281214,69.08219828677292,66.24176058237121,66.43814086914062,811424
2022-08-23,65.23182067197689,68.73151574053733,65.23182067197689,66.32591247558594,1247637
2022-08-24,66.94309540027567,67.32883566157952,65.68769786071977,65.93316650390625,1771932
2022-08-25,66.1014979882466,67.10441748210093,66.1014979882466,66.83089447021484,725249
2022-08-26,66.66958293887429,67.4691125602756,65.49834283481643,65.77186584472656,504502
2022-08-29,66.27682469956164,66.27682469956164,63.141824833832885,64.83206176757812,411039
2022-08-30,65.30197213803585,66.5363358982078,63.408350353790134,63.75200653076172,664612
2022-08-31,64.51645628200339,64.51645628200339,62.60880497297336,63.583675384521484,680614
2022-09-01,63.948371861156765,63.948371861156765,62.94545246029165,63.29612350463867,258339
2022-09-02,63.787062721240595,63.787062721240595,61.760184452770076,63.02961730957031,170854
2022-09-05,63.82213433044779,63.82213433044779,61.71810792394951,62.06877899169922,274439
2022-09-06,62.664923332842,62.664923332842,61.5778461535762,62.033714294433594,118957
2022-09-07,62.4194452429669,62.4194452429669,61.08689421817868,61.704078674316406,298849
2022-09-08,62.237105174036174,62.237105174036174,61.121973647218404,61.40251159667969,142679
2022-09-09,61.84436232063466,61.84436232063466,61.08691137579979,61.38848876953125,77062
2022-09-12,61.36743950986262,62.41945275860312,61.03079291590658,61.11495590209961,312556
2022-09-13,61.38848095241486,62.24411927920038,60.88351372016004,61.711097717285156,409207
2022-09-14,62.06175702308677,62.06175702308677,60.68011231695079,60.84843826293945,193026
2022-09-15,61.36041728706304,61.4375653441874,58.421797600547585,59.305484771728516,422866
2022-09-16,58.91274441014964,60.31542880086749,58.00099741585652,58.31660461425781,1606236
2022-09-19,58.49193522836676,59.45978545001455,57.15938409944356,57.43290710449219,715849
2022-09-20,57.790592419839676,58.421801405229886,57.166398353958186,57.538108825683594,619915
2022-09-21,57.53811775492882,58.21140566022621,57.075229310202516,57.44694519042969,257611
2022-09-22,58.000994632964634,58.000994632964634,56.18452100253138,57.376800537109375,604518
2022-09-23,58.00099813604341,58.00099813604341,56.45804742742178,56.766639709472656,4937798
2022-09-26,56.53518827495324,57.85370952385063,56.53518827495324,56.843780517578125,522497
2022-09-27,57.362774045685164,57.362774045685164,56.54220502932837,56.850791931152344,937046
2022-09-28,57.29965715434914,58.982879550182226,56.91392214437304,57.13835144042969,1037680
2022-09-29,56.114379612982226,56.114379612982226,52.8531379699707,52.8531379699707,1825607
2022-09-30,48.89055633544921,48.89055633544921,48.89055633544921,48.89055633544922,697317
2022-10-03,47.17227549854178,49.76022444787201,47.02499428604462,47.82452392578125,13165202
2022-10-04,48.04193387051806,49.51475121098396,47.964785811419866,48.652103424072266,3411030
2022-10-05,48.41365099720615,49.507743112138975,48.41365099720615,48.820430755615234,940289
2022-10-06,49.07992400638409,50.06881361506244,48.743277433777486,49.8864631652832,2492074
2022-10-07,49.79528863049707,50.49663072388435,49.16407967628541,50.20206832885742,2131520
2022-10-10,50.840283414654024,50.840283414654024,49.58488051025714,50.15998077392578,1457962
2022-10-11,50.3212917988592,51.12783622189593,50.075823152930234,50.15998077392578,1303660
2022-10-12,50.14595697996954,50.49662800780149,49.10095881525858,50.244144439697266,883409
2022-10-13,50.489628060155944,50.489628060155944,50.040769439501105,50.16701126098633,1179978
2022-10-14,50.496628244945036,50.847299274423825,49.52176321105924,50.181026458740234,2259053
2022-10-17,50.426496155653155,50.426496155653155,50.07582511889731,50.15297317504883,1290144
2022-10-18,50.45454943366847,50.45454943366847,50.00569094400085,50.181026458740234,1366844
2022-10-19,50.145971849208266,50.35637666862258,50.0758386930091,50.16701126098633,1289881
2022-10-20,50.314285890794956,50.314285890794956,50.05479271183332,50.13895034790039,3777764
2022-10-21,50.13895034790039,50.419488286694914,49.44462309626644,50.13895034790039,3101946
2022-10-24,50.39144193431138,50.39144193431138,49.655035748076465,50.145973205566406,1516345
2022-10-25,50.15298148257697,50.27220837062745,49.65502916999883,49.85841369628906,524964
2022-10-26,49.79529116162203,49.86542430436256,48.75730245628842,48.988746643066406,646270
2022-10-27,49.78827479869218,49.78827479869218,48.715222228505056,48.93965148925781,399202
2022-10-28,49.71112797656565,49.71112797656565,48.48377925576988,48.77834701538086,356998
2022-10-31,48.743279557392285,49.43059722061815,48.63807716444335,48.90459060668945,491769
2022-11-01,49.437602023614396,49.444616942685656,48.88354113492474,49.072906494140625,992103
2022-11-02,48.98874673744573,49.437605272828854,48.44871565140585,48.59599685668945,517560
2022-11-03,48.729255605434915,49.09395117408333,48.18220422623823,48.469757080078125,1513917
2022-11-04,48.756516984783495,49.03610838705048,48.24751711220696,48.33354187011719,257254
2022-11-07,48.398062487904326,49.22966608293554,48.398062487904326,48.49842834472656,302170
2022-11-08,48.74935508478277,48.92858065494742,48.39807449872857,48.46259307861328,369854
2022-11-09,48.46259307861328,48.46259307861328,48.46259307861328,48.46259307861328,0
2022-11-10,48.74934875635504,51.07928086603378,48.39089766255831,49.91073226928711,3760847
2022-11-11,50.175982680218915,50.39105552474611,49.6526471451482,49.81753158569336,541124
2022-11-14,49.817532918107716,50.39105687249987,49.53794149446223,50.12580108642578,575232
2022-11-15,50.18315194382771,50.18315194382771,49.89638998167137,50.0110969543457,497806
2022-11-16,49.60963059519603,50.11146542240675,49.28702678947682,49.58095932006836,352781
2022-11-17,49.580957600919035,50.11146368486288,49.007433666715706,49.09346389770508,329673
2022-11-18,49.75301051518575,49.75301051518575,48.64180999015522,48.95724868774414,637019
2022-11-21,48.40522999879418,49.10062594846307,48.39089436261294,48.8425407409668,265275
2022-11-22,49.394561112948665,49.40889674990255,48.74934805943261,48.942909240722656,100657
2022-11-23,49.27268787636311,49.43040175719991,48.82820656801551,49.01460266113281,132930
2022-11-24,48.82103702341925,49.229671044386606,48.39806736554495,48.51993942260742,1192088
2022-11-25,49.093463135855394,49.093463135855394,48.57729269698843,48.74934768676758,1248248
2022-11-28,49.46625788127596,49.46625788127596,47.67400216093987,47.98944091796875,712640
2022-11-29,48.656149537412595,49.10779591033112,47.688327286184176,48.892723083496094,778638
2022-11-30,49.1006252704737,49.2870213554315,47.67399156561738,47.73851013183594,807766
2022-12-01,48.01811315974876,50.254844588330634,48.01811315974876,48.69199752807617,5477595
2022-12-02,49.07195651970178,49.394565811914795,48.3980721281705,49.17949295043945,1432799
2022-12-05,49.78885045107191,49.78885045107191,48.462582612192506,48.59162521362305,876686
2022-12-06,48.74935209672451,48.9572544017159,48.13998628942145,48.69916915893555,311749
2022-12-07,48.74934308087384,48.92856860690647,48.24751379579409,48.390892028808594,1709572
2022-12-08,48.99309365655615,48.99309365655615,47.85322178546759,47.960758209228516,665889
2022-12-09,48.49842951047287,48.57011862856493,46.957088858612586,47.15065002441406,1549529
2022-12-12,47.5234412037889,47.566453579845955,46.7420150650688,47.00727081298828,5508129
2022-12-13,46.95708818386413,47.88906311425625,46.6703262460874,47.29403305053711,3577369
2022-12-14,46.99294423592622,47.638151879269415,46.99294423592622,47.208011627197266,738520
2022-12-15,47.31554081904175,47.31554081904175,44.52679195681512,46.12548065185547,2313381
2022-12-16,46.51977507616191,46.84954937337545,45.30821155739162,46.23301315307617,470757
2022-12-19,46.59864388300275,47.315546096587404,45.89607730709666,46.433753967285156,705108
2022-12-20,45.95342987370512,46.59864294687549,44.6988510251354,45.13616180419922,663578
2022-12-21,46.23301144691242,46.23301144691242,44.45509469977969,44.87806701660156,503372
2022-12-22,45.16483747261937,45.75269704316434,44.80638638156683,45.121822357177734,508933
2022-12-23,45.12898909579103,45.48744015654431,44.05363591353119,44.4837760925293,313705
2022-12-26,45.47310525149154,45.47310525149154,44.60565427470282,44.935428619384766,413864
2022-12-27,45.451600748165134,45.451600748165134,44.40492145373093,44.89958572387695,232433
2022-12-28,45.08598123427992,45.08598123427992,44.232868557012964,44.41209411621094,256561
2022-12-29,44.98560207982496,44.98560207982496,42.47644499170723,42.95676803588867,3057746
2022-12-30,43.25788088193354,45.881742947344186,42.72737202580828,45.68817901611328,3213843
2023-01-02,45.45159838819697,46.491104340396575,44.98561088669977,46.24736022949219,958977
2023-01-03,46.039453045981794,46.99293413735512,45.021450657186485,45.602142333984375,1449704
2023-01-04,44.51962227022416,45.88173744451404,44.51962227022416,45.72401809692383,109780
2023-01-05,46.3835739013002,46.45526850271895,45.16484225060391,46.27604293823242,199038
2023-01-06,46.5771426268667,46.5771426268667,45.53046320570938,45.910423278808594,145546
2023-01-09,45.70251588169996,45.70251588169996,44.3045560254244,44.44076919555664,280281
2023-01-10,44.5913111441865,45.71684722183069,44.5913111441865,44.79921340942383,289175
2023-01-11,44.80638404669479,45.52328619144191,44.663003070792435,45.3082160949707,288783
2023-01-12,45.83871957333057,45.8530579435911,45.02145161183214,45.093143463134766,277856
2023-01-13,44.6630090480169,45.12899659837123,44.26154554348027,44.713191986083984,133141
2023-01-16,45.2723763682205,45.2723763682205,43.7238676796298,44.283050537109375,134620
2023-01-17,45.150503513799826,45.150503513799826,43.65934825135399,44.017799377441406,426538
2023-01-18,43.946104920469885,44.73469899222874,43.73103480445016,44.44076919555664,461778
2023-01-19,44.426427975853514,44.80638524762869,43.0499743989687,44.584144592285156,729812
2023-01-20,44.80638170404441,45.738353896535635,43.731028543147346,44.23286056518555,1032972
2023-01-23,44.44792789999807,44.44792789999807,43.38691317507306,44.247196197509766,239903
2023-01-24,43.51595913378784,45.58780581839936,43.51595913378784,45.351226806640625,466645
2023-01-25,46.16850096196226,48.74934768676758,45.523287913378546,48.74934768676758,4073727
2023-01-26,50.54160352759832,52.405548095703125,50.54160352759832,52.405548095703125,8725035
2023-01-27,55.5599209704238,56.24097587837838,53.87520188006529,54.742652893066406,8556359
2023-01-30,54.44871200697713,54.843010347614694,51.79617643941388,52.37686538696289,1799948
2023-01-31,52.79984593051146,53.00774821621842,51.61695625574474,51.81768798828125,1474564
2023-02-01,51.48073921185301,53.40920765459717,51.48073921185301,51.910884857177734,6169725
2023-02-02,52.32668031087698,52.441387266909416,51.30151013683411,52.319515228271484,1219556
2023-02-03,52.33386266360325,53.12245402079265,51.65997281878124,52.52742385864258,1100144
2023-02-06,52.79984653975576,53.58843784218977,52.32668847657763,52.92171859741211,2747178
2023-02-07,52.72816039838632,53.767666428185976,52.692313099622254,53.20131301879883,4774538
2023-02-08,53.767663602688984,55.16562066854707,53.409212512004395,53.86085891723633,8611564
2023-02-09,54.298165344120555,57.16577384032276,54.298165344120555,56.31266403198242,6601780
2023-02-10,55.63161503170348,58.70712642488815,55.27316389687352,56.32701110839844,6746833
2023-02-13,56.62093744914301,57.352175277335995,55.84668177021186,56.52773666381836,2463261
2023-02-14,56.986554329734325,56.986554329734325,54.49173773740634,54.670963287353516,662428
2023-02-15,55.41653425735986,56.993716682135684,53.94688277145548,56.28398513793945,2352267
2023-02-16,56.92202580145971,56.92202580145971,54.84300869178688,55.05091094970703,1180501
2023-02-17,55.05810045171354,55.83952135638639,54.12612524641337,55.15846633911133,1178941
2023-02-20,55.201463055779705,55.201463055779705,53.280165161810366,53.71747589111328,399563
2023-02-21,54.40571542148757,54.47740455799266,53.072276698277044,53.3948860168457,373135
2023-02-22,53.409203703422705,54.84300782968909,52.62061252788193,54.06875228881836,735903
2023-02-23,54.04725622887867,54.09026861047671,52.333860414513815,52.60628128051758,634632
2023-02-24,52.69231026980594,53.62428529232182,49.68848838308727,49.867713928222656,1747078
2023-02-27,50.17598712777478,50.606127385426774,49.46625542917248,50.28352355957031,6188576
2023-02-28,50.54160384450201,50.70649375299908,49.638305563472414,49.73150634765625,2530013
2023-03-01,50.16881941672239,50.71366116210901,48.82103975190431,50.19749069213867,2117777
2023-03-02,50.72083496434354,51.975413921058745,49.824707138118384,51.2800178527832,2228981
2023-03-03,51.14380300505297,51.968241672199674,49.652650507686516,51.323028564453125,2962095
2023-03-06,51.86070572885006,51.86070572885006,50.20466329471678,51.3803825378418,1149366
2023-03-07,51.61695064391112,53.01490753603882,50.900048551634576,52.6994743347168,2982777
2023-03-08,53.55258394120566,53.9827295708771,52.83568185112511,53.581260681152344,3751825
2023-03-09,53.69597577757677,54.12611600289917,52.728158903218954,53.62428665161133,2483866
2023-03-10,53.695969505555404,54.47739018550452,53.5525858008429,53.961219787597656,1314955
2023-03-13,54.47739825771303,54.8358493683143,53.84652627208555,54.14045333862305,953150
2023-03-14,54.33401422151676,54.59209943125832,53.50240510800968,53.86802673339844,1293717
2023-03-15,52.72815674572697,55.17996085232024,52.72815674572697,54.23365020751953,4823752
2023-03-16,53.76765797127607,55.55991323698528,53.76765797127607,55.395023345947266,3058688
2023-03-17,55.567082564597676,56.92202707804317,53.409205740783825,54.2049674987793,9176555
2023-03-20,54.12452579286728,55.07536428888987,53.75881953751007,53.83927536010742,1059164
2023-03-21,53.75881496443057,54.73890496690236,53.21025562805883,54.05869674682617,318828
2023-03-22,54.30005072261559,54.63649973040054,53.034710495536686,53.378475189208984,204125
2023-03-23,53.378475189208984,53.378475189208984,53.378475189208984,53.378475189208984,0
2023-03-24,54.74621905828224,54.74621905828224,52.15701839644141,53.027400970458984,82419
2023-03-27,53.38579403333943,54.03675067803271,52.303306714623645,53.356536865234375,804895
2023-03-28,54.08064192096487,55.58734988209395,53.868531626786634,54.6730842590332,3527993
2023-03-29,54.6877062154953,54.85593353363479,53.42236580691723,53.75149917602539,756878
2023-03-30,54.1245108185609,54.1245108185609,52.73482631663232,53.34189987182617,885431
2023-03-31,53.94166127622032,54.12451436529226,53.21024891993259,53.597896575927734,1791061
2023-04-03,54.124521441686454,54.307374554665124,52.03999706977645,53.495506286621094,323949
2023-04-04,53.75881141281387,54.124517612901045,53.100539136610216,53.41504669189453,200392
2023-04-05,54.482907666135794,54.673076451039634,53.10053868790613,53.992862701416016,2104072
2023-04-06,54.5999406317733,54.89250672848043,53.91241114154669,54.49754333496094,1718970
2023-04-07,54.59993213000841,54.863241018021526,54.19765311214579,54.329307556152344,2316191
2023-04-10,54.62919190067441,54.62919190067441,53.02739701884424,53.4296760559082,744066
2023-04-11,53.539380974208854,53.75880690796735,53.385785052671224,53.39310073852539,319761
2023-04-12,53.539389911300795,54.512169823654204,53.39310965119942,54.439029693603516,877738
2023-04-13,54.36588446579133,54.84130363689321,53.91240677362384,54.3146858215332,334999
2023-04-14,54.3146858215332,54.3146858215332,54.3146858215332,54.3146858215332,0
2023-04-17,53.890464398655205,54.84861283108352,53.890464398655205,54.307369232177734,986977
2023-04-18,54.34394521532031,54.92907180508818,54.30737236210747,54.819358825683594,1068363
2023-04-19,54.30736637784395,55.16311747848125,54.30736637784395,54.76815414428711,1087505
2023-04-20,54.76084324028903,55.95304333114047,54.60724732038055,55.228946685791016,1068917
2023-04-21,55.228946685791016,55.228946685791016,55.228946685791016,55.228946685791016,0
2023-04-24,55.228946685791016,55.228946685791016,55.228946685791016,55.228946685791016,0
2023-04-25,55.228946685791016,55.228946685791016,55.228946685791016,55.228946685791016,0
2023-04-26,54.855927740869554,55.953046295686946,54.34394131404819,54.60725021362305,1410115
2023-04-27,55.07536457678762,55.07536457678762,53.76613550613686,54.117210388183594,2102744
2023-04-28,54.70965271618822,54.70965271618822,52.74946715477867,53.03471755981445,1504181
2023-05-01,53.03471755981445,53.03471755981445,53.03471755981445,53.03471755981445,0
2023-05-02,54.05137249820237,57.00627899169922,54.05137249820237,57.00627899169922,6029192
2023-05-03,59.61009824113392,59.98312005026136,56.68444924770404,57.22569274902344,23530334
2023-05-04,57.23302474371274,57.7888997733377,56.50161228692408,56.91120147705078,4781142
2023-05-05,57.343756721775534,58.75329848357317,56.530848862186694,57.39596176147461,2692466
2023-05-08,57.433249726282455,58.014964613113726,56.687460242668585,57.00069046020508,2168371
2023-05-09,57.313930562014704,57.313930562014704,54.442641692907635,54.81553649902344,4802446
2023-05-10,54.815524039815585,55.180959273569556,53.219535087591574,53.577510833740234,2522826
2023-05-11,53.928046614260715,55.62844606940862,53.80872323157976,54.59925842285156,2009034
2023-05-12,54.5917847943165,54.94230674190393,53.95786490757762,54.360591888427734,1814440
2023-05-15,54.44264172018115,54.81553652648376,53.56260974971006,54.51721954345703,1434377
2023-05-16,55.11385237628842,55.11385237628842,54.06974580212484,54.957237243652344,4289687
2023-05-17,54.9572347538565,55.926757772431046,54.91248351089999,55.2257194519043,2857483
2023-05-18,55.22572223478472,55.54641199083932,54.29348523345428,54.47247314453125,990829
2023-05-19,54.7409566359297,54.7409566359297,54.21890051286745,54.50975799560547,1091821
2023-05-22,54.442633483744586,54.59178910773112,54.21889435784246,54.28601837158203,965778
2023-05-23,54.14431163102327,54.74094545265599,54.0026155080749,54.129398345947266,758419
2023-05-24,54.405338968093055,54.96468106450219,54.293475100748864,54.539581298828125,1057146
2023-05-25,54.4426354830281,54.77823849428322,54.06228123099575,54.09211349487305,1323502
2023-05-26,53.78634552562586,54.44263829505707,53.47310958369651,53.83855056762695,2197486
2023-05-29,54.36805069141956,54.36805069141956,53.398522154552815,53.83108139038086,3047216
2023-05-30,53.77142456200883,55.89692360772724,53.71921952193584,55.42707824707031,5905853
2023-05-31,54.59178768966926,56.008788840422994,54.256184699455936,54.808067321777344,2100421
2023-06-01,55.098928654744135,55.18842544708451,54.293480283371096,54.412803649902344,475369
2023-06-02,54.726026432164154,54.726026432164154,53.69683906512118,53.83108139038086,3159408
2023-06-05,54.21890202679108,54.24128049448446,53.473112421526146,53.68939208984375,601559
2023-06-06,53.70429691313467,53.92057652444613,53.06291756646527,53.45072555541992,2155824
2023-06-07,53.36124498515931,53.8460036444157,53.100214088731704,53.5029411315918,1216068
2023-06-08,53.62226786230174,53.69684567664591,52.42154627461627,52.58562088012695,650557
2023-06-09,52.80190253591464,52.80190253591464,51.534056884080954,52.09339904785156,1121869
2023-06-12,51.9815385996504,51.9815385996504,49.222119050084835,50.16181564331055,3481955
2023-06-13,50.333336418411605,50.85539253066304,50.333336418411605,50.46012496948242,315133
2023-06-14,50.95980518958855,52.13069464446917,50.49741358507858,51.09404754638672,2204042
2023-06-15,50.4675765342647,51.64592536669639,50.34079367872933,51.34014892578125,737148
2023-06-16,50.90012895002752,51.974067557440456,50.78825939676837,51.07911682128906,788930
2023-06-19,51.07912342326578,51.75779462814688,50.63911033080908,51.12387466430664,4276332
2023-06-20,51.45947472606238,51.809996696178196,50.69877195106899,50.77334976196289,1338108
2023-06-21,50.75097916618515,51.26557006638758,50.63910960008114,50.788265228271484,1615439
2023-06-22,50.788269294540804,51.45948105498168,49.84111903086304,50.60182189941406,1688972
2023-06-23,50.71369031484319,51.795082905881756,49.66958378802362,50.84047317504883,1719662
2023-06-26,51.47438972455444,52.57070121992228,51.47438972455444,52.15306091308594,2341449
2023-06-27,52.115766943615526,55.33757727762978,51.31031862755361,54.614166259765625,6688542
2023-06-28,54.614166259765625,54.614166259765625,54.614166259765625,54.614166259765625,0
2023-06-29,54.614166259765625,54.614166259765625,54.614166259765625,54.614166259765625,0
2023-06-30,54.614166259765625,54.614166259765625,54.614166259765625,54.614166259765625,0
2023-07-03,58.544486925383005,58.7085615570903,57.239355051250264,58.64143753051758,6303547
2023-07-04,59.43942675456313,59.43942675456313,57.14239919165184,57.261722564697266,2601726
2023-07-05,57.68681586129498,58.529561625782335,57.052895933353284,58.01496505737305,1703209
2023-07-06,58.842790227352445,59.13364766499586,57.88818061765898,59.02177810668945,2958196
2023-07-07,59.03669580328653,59.43941710058858,58.417689192002086,58.95465850830078,1098658
2023-07-10,58.92483644939715,59.21569393109643,58.06717729236875,58.290916442871094,1306297
2023-07-11,58.46990962755683,59.58859410120936,58.05972304458152,59.17094802856445,3957277
2023-07-12,59.29026035714159,60.25978890310133,59.02923519166685,59.58857727050781,3194172
2023-07-13,59.99131836732789,60.595406133856144,58.842801679046175,59.2231559753418,4784952
2023-07-14,59.66315850107751,59.66315850107751,58.39531865889849,58.47735595703125,3772721
2023-07-17,58.47735595703125,59.431965582660936,58.20141180059178,58.47735595703125,3165527
2023-07-18,58.619054994150986,58.88008018754368,57.53020298033967,58.23124694824219,5530864
2023-07-19,58.678719521190025,58.99940924162176,57.947843289767995,58.23124694824219,3659248
2023-07-20,58.499730897578324,59.215688143315575,58.05971212857755,58.19395446777344,3842743
2023-07-21,58.46243473838632,59.47670884919009,58.20140956794167,58.95465850830078,8255291
2023-07-24,59.5811288161438,59.64825283679407,58.96212210201793,59.26789855957031,2161744
2023-07-25,58.99194296980202,63.71279144287109,58.99194296980202,63.712791442871094,12648864
2023-07-26,64.50333641479136,64.88369067745826,61.24423973150864,63.33244705200195,10322599
2023-07-27,63.33244705200195,63.33244705200195,63.33244705200195,63.33244705200195,0
2023-07-28,63.33244705200195,63.33244705200195,63.33244705200195,63.33244705200195,0
2023-07-31,68.23974261815304,72.77414436754181,68.23974261815304,72.53549194335938,14673538
2023-08-01,72.29683076975232,73.08736576232491,70.85745691030559,72.08055114746094,6095517
2023-08-02,71.96869753391385,77.48754179885147,71.23782121083225,76.21969604492188,18677605
2023-08-03,78.29298389832559,80.39611005226062,78.0095802479164,78.48688507080078,12084315
2023-08-04,79.06466707430889,79.74127770352901,77.69623782411685,79.30033874511719,4067599
2023-08-07,79.06468336177564,80.35708451974442,78.38046859573015,79.01146697998047,3719995
2023-08-08,78.32724495364545,78.68455739835765,76.22139026905978,76.71554565429688,2947084
2023-08-09,76.59390412256201,79.29274872187854,76.0237261762402,78.51730346679688,3628129
2023-08-10,79.06467724025487,79.21672237642608,76.78396539678599,77.21730041503906,2293921
2023-08-11,77.54419913144226,80.20502949379566,77.33133363047797,77.87110137939453,11415132
2023-08-14,77.87110137939453,77.87110137939453,77.87110137939453,77.87110137939453,0
2023-08-15,78.30443353669918,78.6465379651006,77.40735338650576,77.62782287597656,866453
2023-08-16,76.82197485604719,77.92431652586536,76.40384205706799,76.996826171875,1007952
2023-08-17,76.17576407907237,77.3921482225713,75.98570478166934,77.03483581542969,1319849
2023-08-18,76.9740219116211,77.88630429569885,76.82197678099145,76.9740219116211,1530212
2023-08-21,76.16817609296928,76.78396644304861,74.51085856545984,74.92898559570312,1396037
2023-08-22,74.72372407906009,75.50676756129684,74.19915849186644,74.92898559570312,1901474
2023-08-23,75.56757504852479,76.40383476653663,74.12312328096837,75.86406707763672,4511576
2023-08-24,75.45354514054544,76.59390098649827,75.45354514054544,75.94770050048828,10046060
2023-08-25,75.6436078143906,76.09974901304034,75.56758524797398,75.84886932373047,1378150
2023-08-28,75.30908722139405,75.93248142754176,74.69329701048504,75.21025848388672,808711
2023-08-29,74.50325126828233,75.14184778079562,73.09681350130903,74.1915512084961,1417854
2023-08-30,74.1991668641469,74.69332231942006,72.48863276522889,74.40443420410156,2201296
2023-08-31,75.26348170524507,75.26348170524507,71.46229576053572,73.08920288085938,2999070
2023-09-01,72.98277039724975,73.66698502975386,71.53831857310763,72.88394165039062,913660
2023-09-04,73.74301036222475,75.25588080643878,72.60265453188107,73.21844482421875,347198
2023-09-05,72.98277475722861,74.88336784986477,72.98277475722861,74.23716735839844,1186285
2023-09-06,74.4728365276763,74.88336531782241,73.90265861916495,74.22956085205078,1227413
2023-09-07,74.86055862516156,74.88336481332442,73.8190315645772,74.10792541503906,1186121
2023-09-08,74.49565270612352,74.49565270612352,73.30208035625017,73.97869110107422,3200703
2023-09-11,74.12312910517535,74.80734376463768,73.21084675932538,73.56815338134766,2835937
2023-09-12,73.74300656009031,74.22195389608659,72.90674682098513,73.1728286743164,1456006
2023-09-13,73.21084901730256,73.43891671072429,72.79271621247123,72.8763427734375,893778
2023-09-14,73.4769245555413,73.4769245555413,72.56463646009095,72.8231201171875,1058498
2023-09-15,73.3628872535222,73.3628872535222,71.88042708503926,72.32896423339844,4841767
2023-09-18,72.95996902589741,73.36289383604029,72.18452379115276,72.64067077636719,889980
2023-09-19,72.98276838970587,73.55294626775044,72.60264980434282,72.99797058105469,1715578
2023-09-20,73.59097447233141,73.59097447233141,72.5646494561205,72.61026763916016,882935
2023-09-21,72.60266084837502,73.55295745633805,72.23014620209557,73.1804428100586,3144597
2023-09-22,73.36289368484546,73.50734061654234,72.8003197510969,73.19564056396484,1863813
2023-09-25,73.43891317947482,73.43891317947482,71.65235689956856,71.78919982910156,2349224
2023-09-26,71.72837967923479,71.72837967923479,69.95702558602785,70.3067398071289,2075200
2023-09-27,69.94182626846583,70.32194488949011,68.73305183768059,68.80907440185547,1839908
2023-09-28,68.80907440185547,68.80907440185547,68.80907440185547,68.80907440185547,0
2023-09-29,68.80907440185547,68.80907440185547,68.80907440185547,68.80907440185547,0
2023-10-02,68.81667509952783,69.47047961546616,68.08684801665133,68.44416046142578,473314
2023-10-03,68.42135108174064,68.79386570247706,68.07924664639185,68.428955078125,2027775
2023-10-04,68.50497702686097,72.67867778135684,68.50497702686097,72.32136535644531,6427190
2023-10-05,72.89915475572523,73.70500444345564,72.41260334424834,73.24886322021484,2769647
2023-10-06,72.98276502662412,73.62136143653554,71.88042349992743,72.1693115234375,1659892
2023-10-09,71.56112949164843,72.45061147278103,70.70206349635951,71.36347198486328,884303
2023-10-10,71.08218001444271,72.169319470199,70.93013489062143,71.50031280517578,1548916
2023-10-11,71.5003145857429,72.14651507830018,71.31785347243392,72.03247833251953,1574495
2023-10-12,71.83480998976323,72.7546962876357,71.69036886870849,72.48101043701172,6603532
2023-10-13,72.98275956268711,74.57925626809116,72.64065519729645,73.88744354248047,4567050
2023-10-16,75.0354188359594,75.83367031725376,73.66699518250513,73.79623413085938,2261851
2023-10-17,74.1155226988146,74.46523111335686,72.83072578020597,73.00557708740234,893777
2023-10-18,72.97517042253577,73.66698908912028,72.10850044032316,72.35177612304688,564595
2023-10-19,72.60265861572928,75.26348903620104,72.29856255050251,74.68570709228516,3130496
2023-10-20,74.92138340099483,76.73834996674879,74.19915453250418,75.90208435058594,6108214
2023-10-23,76.78395387894899,76.78395387894899,75.36230828838401,75.52195739746094,1445805
2023-10-24,75.94769752860908,75.94769752860908,74.58687224300398,75.3547134399414,815048
2023-10-25,75.56757955959662,76.55588444891771,73.36289049857332,74.08511352539062,2706525
2023-10-26,74.31318343847654,75.0202042392578,72.83072327562037,72.99797058105469,1123703
2023-10-27,73.51493406392225,74.1231261369002,72.23013715498429,72.51142120361328,1515079
2023-10-30,72.97517339274933,72.97517339274933,70.55002046318155,71.22663116455078,8100776
2023-10-31,71.72838085901303,72.22253621419271,71.12019456045702,71.2722396850586,1751671
2023-11-01,71.46990615389623,73.4997382380299,71.46230215728431,72.56464385986328,3197497
2023-11-02,72.40893425512795,73.95832806680035,72.04299567996964,73.8026123046875,1403865
2023-11-03,73.81039471392072,74.35540578338332,72.40892919219527,72.75929260253906,818894
2023-11-06,73.1719415830545,73.91938778883969,72.64249977810154,73.38994598388672,1160523
2023-11-07,73.22644805908203,74.9393449972346,72.99286850379993,73.22644805908203,2191751
2023-11-08,73.22645896742007,75.52329919575682,73.18752705568187,74.79920959472656,7270220
2023-11-09,74.79920959472656,74.79920959472656,74.79920959472656,74.79920959472656,0
2023-11-10,74.93934317517618,75.99043926803981,74.78362743555738,75.26634979248047,3398014
2023-11-13,75.44542278802052,76.3018711743921,75.44542278802052,75.88143157958984,2758478
2023-11-14,75.67901176839008,76.29409911880501,75.52329600836056,75.73351287841797,2515511
2023-11-15,76.30188304837387,77.08826126140718,75.36757665242304,75.9748764038086,3705878
2023-11-16,76.30187894568584,76.69117424642914,74.94713296234814,75.95929718017578,1969654
2023-11-17,78.63764967143354,78.79336541352487,75.28970775489664,75.53885650634766,2955404
2023-11-20,75.91258235343125,76.06051646605283,74.60454992758052,75.0794906616211,405567
2023-11-21,75.52329145722304,76.06830252465872,75.25078592350519,75.32864379882812,1664356
2023-11-22,74.78363793800315,76.1072397311707,74.78363793800315,75.61672973632812,1455934
2023-11-23,75.13399156113891,76.61331486281287,74.82255413865364,75.45321655273438,3262230
2023-11-24,75.83472891072165,81.11357245680097,75.52329146920536,78.96466064453125,11462732
2023-11-27,79.61088187628667,84.88972473144531,79.49409210848219,84.88972473144531,10967560
2023-11-28,86.61819491251362,90.70579512186819,86.61819491251362,89.34326171875,7088651
2023-11-29,89.5379134861797,90.7057993142603,85.25566544988415,86.5636978149414,3955219
2023-11-30,87.96516335293623,88.83718097119241,84.90530223990625,86.94520568847656,3226380
2023-12-01,87.58365281670156,87.97294810730494,86.03425922334898,86.843994140625,885115
2023-12-04,87.20214063660663,88.05858904410984,86.5481274331158,86.82063293457031,1225196
2023-12-05,86.83619923473786,89.07075615246559,86.83619923473786,87.30335235595703,2229251
2023-12-06,87.98073173434808,91.8736844659564,87.55250455780138,91.06394958496094,2952670
2023-12-07,91.95933671282923,96.70095063986274,91.95933671282923,94.27953338623047,6384442
2023-12-08,94.98805839573254,101.34914252003422,94.36518350559209,100.84306335449219,8661913
2023-12-11,100.80412305444247,103.16325155466073,94.33403725402117,96.9500961303711,24836375
2023-12-12,97.30826591140588,97.63527257173789,95.37735840911955,96.32723999023438,2279126
2023-12-13,97.09024686158035,97.79097959984698,94.36517972179065,95.68099975585938,4172921
2023-12-14,96.49851554412831,96.92673678641215,94.20945740548626,96.02357482910156,4067144
2023-12-15,96.54523159470425,98.64742377755132,95.37734572863928,97.17588806152344,3642220
2023-12-18,97.40946618732762,98.49170659885203,95.76663961785611,96.21822357177734,1659917
2023-12-19,96.50630259589087,96.50630259589087,92.02940664116095,93.43865966796875,2757183
2023-12-20,92.73014362063466,94.20946701804394,90.51116149460833,92.77686309814453,2337889
2023-12-21,90.74473064486978,93.62551329320634,90.39436133455351,93.18171691894531,902675
2023-12-22,93.04158720888381,94.20947324079448,89.53792911315178,90.277587890625,1557241
2023-12-25,90.277587890625,90.277587890625,90.277587890625,90.277587890625,0
2023-12-26,90.31650034586589,92.49655617855994,83.5038332939148,84.08777618408203,5375214
2023-12-27,86.03426588346629,86.37684766657325,83.34813054643266,85.66832733154297,2964157
2023-12-28,86.62599172197525,88.36224543152765,85.80068164758309,86.54813385009766,3342584
2023-12-29,86.43134563166313,87.20214867545612,85.29460404925051,86.29898071289062,1490758
2024-01-01,86.29119989180084,90.70580728419657,86.29119989180084,90.12186431884766,2877447
2024-01-02,91.00944956937214,92.4965603818601,89.53791389449398,90.72915649414062,4163065
2024-01-03,91.10288240432112,92.81577924738096,90.69801198966549,91.63232421875,3264531
2024-01-04,91.17295607923512,91.67904114620879,90.39436549625245,90.70580291748047,1132175
2024-01-05,91.44546029493682,91.86589991659,89.69363150813594,91.41432189941406,1060265
2024-01-08,91.28974690945924,91.87368985344298,90.32429623865505,90.5968017578125,573038
2024-01-09,91.0873038753166,91.43767317574356,89.7481272216121,89.98949432373047,390894
2024-01-10,91.09510586680142,91.09510586680142,89.46006669312465,89.5690689086914,447283
2024-01-11,89.73255627149625,91.70238931123659,88.76710570240961,91.4220962524414,1236084
2024-01-12,91.87368551207166,92.65227606725871,91.48439023447814,92.2396240234375,1597241
2024-01-15,92.88586448274964,94.06153205646135,91.30532051499284,91.67904663085938,1911765
2024-01-16,91.67904663085938,91.67904663085938,91.67904663085938,91.67904663085938,0
2024-01-17,90.32430076037343,91.25081957189117,89.48342145329968,89.86492919921875,5075262
2024-01-18,89.53792454518927,90.19972540814041,87.71602527964083,89.26541900634766,872339
2024-01-19,89.73256043032369,90.70579861286517,88.81382334839756,89.24983215332031,358815
2024-01-22,89.25762500245246,89.91164418870238,88.05859477780658,89.53791809082031,563759
2024-01-23,89.61578990242897,90.78367597224388,89.61578990242897,90.32431030273438,9668921
2024-01-24,91.05616055675566,91.05616055675566,89.92720665875446,90.10628509521484,744945
2024-01-25,90.31651002609432,91.10288819905324,89.5457069917068,90.19193267822266,3340148
2024-01-26,90.31650422748766,91.00944934505355,88.37781541206027,88.75932312011719,2069564
2024-01-29,88.68146854201679,88.73596964518924,86.82063752490401,87.22550201416016,3150745
2024-01-30,87.97294795265694,88.74375690362244,85.95640120216014,86.46248626708984,1339104
2024-01-31,86.96856228833256,87.51357923887488,86.04204357070728,86.5636978149414,956494
2024-02-01,86.79727841724217,87.47464840409432,86.57926807025657,86.98413848876953,636327
2024-02-02,87.20214389595598,87.84837549511258,86.81284861070618,87.1009292602539,2207990
2024-02-06,88.52574438401922,88.52574438401922,87.04642707068685,87.43572235107422,1221222
2024-02-07,87.89509671748772,88.75933280155901,87.46686949018206,87.93402862548828,2244630
2024-02-08,87.93402862548828,87.93402862548828,87.93402862548828,87.93402862548828,0
2024-02-09,86.03425265285455,87.12428057133282,82.7408121321953,86.2055435180664,1497628
2024-02-12,85.64496180587955,87.51358034240637,82.02451450514154,84.41478729248047,3683386
2024-02-13,83.31698189132625,86.03426142605869,80.19483191750267,85.64496612548828,1386292
2024-02-14,86.42355772911858,87.63037555095553,86.42355772911858,87.1242904663086,961375
2024-02-15,86.50919889054892,87.5836517409544,84.36028724956331,85.36466979980469,939367
2024-02-16,86.03426267854836,86.7272078484376,84.09557371673323,85.69168090820312,524336
2024-02-19,85.64496194963606,86.79727859681707,84.48486367374896,86.08097076416016,448399
2024-02-20,85.64496612548828,86.64934871378091,84.79630522152875,85.64496612548828,347629
2024-02-21,86.07319132853706,87.98073588085745,86.07319132853706,86.99971008300781,528231
2024-02-22,87.20214430910646,88.29217230100522,85.68389506550885,87.94180297851562,725835
2024-02-23,88.00408303702365,89.54569483671416,87.20213577452506,88.58023834228516,3344363
2024-02-26,88.58024039932715,90.31649986383442,88.58024039932715,89.34326171875,3552299
2024-02-27,89.9272111847268,90.31650647124077,88.91504106372062,89.67806243896484,3449850
2024-02-28,89.53792553312387,91.07953764728435,88.8060484148666,89.38220977783203,5010576
2024-02-29,89.53791803121229,90.74473582422463,89.53791803121229,90.29315185546875,1616054
2024-03-01,90.35544294395869,91.71797651564164,90.19972125737567,91.14181518554688,2452549
2024-03-04,91.09510382177015,91.09510382177015,89.42113277718124,89.86492919921875,4070863
2024-03-05,90.31651107844826,90.63573608095778,89.57685237241026,90.08293151855469,1626318
2024-03-06,90.31651980109223,91.8347692665059,90.16080403957436,90.277587890625,1631771
2024-03-07,90.46444718253721,90.70580837693312,89.23427256174023,89.4834213256836,677456
2024-03-08,89.91942476705093,90.31650762762821,89.00068764150771,89.11747741699219,491915
2024-03-11,88.75933627792793,90.31651761613719,88.75933627792793,89.28099060058594,396401
2024-03-12,89.28098062534843,89.46784664198155,88.18317099345883,88.51017761230469,317710
2024-03-13,88.51016766016699,88.75931638082197,87.24884892050316,87.81722259521484,471491
2024-03-14,87.9729437965499,88.7593219082844,87.63036799692425,88.48681640625,1131221
2024-03-15,88.13644416765797,89.14082664762914,88.13644416765797,88.44009399414062,651359
2024-03-18,88.36747593983289,88.36747593983289,87.15696257079408,87.64116668701172,555706
2024-03-19,87.5604633757689,89.13412822709998,87.24573040550268,87.35063934326172,1222965
2024-03-20,87.96396903654517,88.36747348166693,86.74538388832045,87.32643127441406,734100
2024-03-21,87.75413871280387,87.8025634295011,85.69626988433997,86.34994506835938,2215557
2024-03-22,86.34994127349923,86.34994127349923,84.34049109305403,84.72785186767578,1356805
2024-03-26,84.32435780699886,84.73593406785687,83.12191627608817,84.09839630126953,898188
2024-03-27,83.92893225505141,85.86575500002748,83.52542777305597,84.30015563964844,1253860
2024-03-28,84.33242896304435,85.34119007504248,84.01769598866007,85.26049041748047,432652
2024-03-29,85.50259067653579,85.90609512740568,84.13067800637386,84.26786804199219,671014
2024-04-01,84.69557077695922,85.46223282825348,84.45347183206775,84.72785186767578,358080
2024-04-02,85.13136915937004,85.13136915937004,84.0096272542818,84.41313171386719,278078
2024-04-03,84.73592958227292,86.10784216985701,84.41312480960933,85.92223358154297,1048329
2024-04-04,86.09978235651737,88.69028021211075,85.54294423981406,87.8429183959961,1760545
2024-04-08,87.95590610133898,89.3358907041027,87.11661603193494,89.01309204101562,1508661
2024-04-09,90.21553168867923,91.06288739601806,87.76222373016506,88.48853302001953,4306345
2024-04-15,89.96534045245862,89.9814779187952,87.95588418070238,89.54569244384766,1519132
2024-04-16,89.82010305538671,95.61442785022697,89.57799789557565,93.45970916748047,15884192
2024-04-17,93.61303276700073,94.82354612174643,92.40251941225503,93.14496612548828,3631693
2024-04-18,93.45163791210581,94.20215647417001,91.6762145461635,92.2814712524414,3250009
2024-04-19,91.51480742767532,93.49197670368815,91.31305520942956,92.8705825805664,2278618
2024-04-22,92.8867221164815,94.01653579520368,90.7965720442863,92.42672729492188,48145538
2024-04-23,92.80602301005338,94.09723601183887,91.67620932462009,93.56461334228516,13143411
2024-04-24,93.60496167173038,96.11475987237287,92.78988710631764,95.3884506225586,12553982
2024-04-25,96.35685858453519,96.67966335815454,94.62986012620892,95.0091552734375,4556109
2024-04-26,95.22704661470128,95.71125070507313,93.8551339991495,95.13827514648438,3845181
2024-04-29,95.26741639229974,95.87267315169939,93.12884127768965,94.16181182861328,5594822
2024-04-30,94.37161998616686,95.38844673750337,93.61302967203626,93.99232482910156,4028185
2024-05-02,91.59550330494177,93.41127319424679,90.38499004540509,90.87726593017578,3468446
2024-05-03,90.16710888377376,91.90217312739017,90.16710888377376,90.4656982421875,6791235
2024-05-06,91.20814855375284,91.47446298415318,89.90079799904146,90.38500213623047,2726018
2024-05-07,90.36887349850382,91.58745269551224,89.9815064566997,91.09517669677734,3366186
2024-05-08,91.50672527397006,92.24110622074826,90.43340211651964,91.8053207397461,2989702
2024-05-09,91.6035894031431,92.48322622023372,91.11131344160054,91.64393615722656,1997634
2024-05-10,91.3534017796908,91.83761202812208,90.78849803250638,91.15972137451172,790046
2024-05-13,91.52288688329527,92.07971886540116,91.19201026238648,91.53902435302734,1666197
2024-05-14,91.2727080130444,93.01585024309425,91.2727080130444,92.72532653808594,4424900
2024-05-15,92.81409090780193,93.49197539627322,92.40251466437921,92.88671875,2513749
2024-05-16,93.20952633617843,93.93583556500103,92.64462257875483,93.59689331054688,4248282
2024-05-17,93.61303163502762,94.21021649219065,93.00777496497358,93.17724609375,1108541
2024-05-20,93.693740452552,93.693740452552,91.4099035832674,91.82955169677734,1263164
2024-05-21,91.59550538012883,92.56391354690288,91.43410607132948,91.76497650146484,1899860
2024-05-22,91.91830521152576,92.2007570652294,90.79656345182518,91.13550567626953,777246
2024-05-23,90.99024750377917,91.9747992822864,90.59481489268637,91.42603302001953,905976
2024-05-24,91.39375749446654,92.76567015520808,91.23235817802257,92.23304748535156,2939584
2024-05-27,92.48321512842811,94.2586383338922,91.86182100855856,93.43548583984375,6155777
2024-05-28,93.43548583984375,93.43548583984375,93.43548583984375,93.43548583984375,0
2024-05-29,92.604270654481,93.0884747598386,91.27270474700565,91.85375213623047,1996194
2024-05-30,92.32182243282257,92.40252209408325,91.48253241033451,91.7811279296875,1100479
2024-05-31,91.9990093903741,92.30567053849265,91.51480530919096,91.97480010986328,2288708
2024-06-03,91.99901562730449,92.39444826876307,91.11130705878976,91.2565689086914,1294625
2024-06-04,91.25656688624346,91.5955091428391,89.75552985618934,90.36885833740234,2328511
2024-06-05,90.3849976873507,90.3849976873507,87.47976685022658,87.8429183959961,2994912
2024-06-06,87.84290434660679,89.16639825136446,87.23764776246803,87.81869506835938,1251708
2024-06-07,87.8187055641917,88.3674718456773,84.0257663130633,86.22889709472656,2526399
2024-06-10,85.93031521985716,86.72118053847721,84.81663893467231,85.12330627441406,1047371
2024-06-11,85.12329836337206,86.55170135498047,84.33242696126302,84.73593139648438,619877
2024-06-12,83.98541349215063,85.89802674508526,83.97734167943241,84.54225158691406,391283
2024-06-13,84.73593001662638,89.09377907745068,84.57453070796173,88.37554168701172,5604030
2024-06-14,88.77097294162003,91.39375168762244,87.8832644436016,90.68358612060547,5185713
2024-06-20,91.47446672908687,98.39053344726562,90.43342440516625,98.39053344726562,20943162
2024-06-21,99.6656024880873,103.27293337702547,98.77789389975325,101.40067291259766,12901998
2024-06-24,101.52172521290044,104.8950166081956,101.52172521290044,102.35294342041016,5385468
2024-06-25,102.32874267221264,103.53925616049438,101.27962851957247,101.93330383300781,2583232
2024-06-26,102.44977479477525,102.44977479477525,99.46384440327384,99.83506774902344,2146667
2024-06-27,100.8761171206852,101.68312605765068,99.4638514809956,100.03682708740234,1148778
2024-06-28,100.55331762599515,100.55331762599515,98.13229068721361,100.09332275390625,3455006
2024-07-01,100.06103841073309,101.44102298224452,98.87473426408562,100.93260955810547,1963928
2024-07-02,101.67505532911947,102.3287367617887,101.22313228983379,101.70733642578125,2221151
2024-07-03,102.28837935936808,107.93744173029965,102.08662713183482,106.94482421875,7324743
2024-07-04,106.92061684152827,108.86549899097638,102.49013341292907,107.09815979003906,6996226
2024-07-05,106.92867484881724,113.58649799978133,105.15325780468909,112.17423248291016,10034650
2024-07-08,112.98124816642134,117.09699856093249,110.97179153385761,115.3861312866211,5278504
2024-07-09,115.4910585638939,117.74260825732831,112.17425107899884,113.42511749267578,3225650
2024-07-10,114.18369374116304,114.18369374116304,110.56021934563512,111.33495330810547,1934735
2024-07-11,111.28653186128325,114.5710642746953,108.46200047075342,112.94090270996094,4112879
2024-07-12,112.97317258024064,119.51801480202228,110.95565046888967,118.33171081542969,13200563
2024-07-15,119.43733829781581,123.68220142861053,119.43733829781581,120.0587387084961,7829515
2024-07-16,120.0587387084961,120.0587387084961,120.0587387084961,120.0587387084961,0
2024-07-17,120.0587387084961,120.0587387084961,120.0587387084961,120.0587387084961,0
2024-07-18,120.16362294268022,120.88186038701,118.30751228280202,119.55030059814453,3008807
2024-07-19,119.63905974413692,119.63905974413692,113.06194266693055,114.3531494140625,4105210
2024-07-22,114.30472919020634,116.41102271066728,110.9637131557487,114.9422607421875,5099615
2024-07-23,115.78962165731379,117.01627850751309,113.06194022836736,114.03841400146484,2318442
2024-07-24,114.27247203842167,115.71701263815189,113.78826174370778,114.18370056152344,988990
2024-07-25,114.59524343795114,114.59524343795114,111.77071278983263,112.77140808105469,2704698
2024-07-26,112.73913488291285,112.73913488291285,109.75320457420435,110.49565124511719,675443
2024-07-29,109.58372361474805,111.92405661028829,109.39004937648095,109.84197235107422,1836143
2024-07-30,111.35108025036064,112.0128334333747,107.4290166560939,107.8405990600586,1604367
2024-07-31,107.84061022101687,110.4795206285982,105.15326893256176,106.41220092773438,2350522
2024-08-01,106.41221014469343,107.88096016161838,105.71818189314106,107.52588653564453,1582379
2024-08-02,108.54270341195854,110.96373025386096,106.52518104370652,109.65637969970703,4088836
2024-08-05,108.94621033401997,109.34971481673855,105.33887927339738,106.18624114990234,1826989
2024-08-06,107.2272711657273,109.10760342535289,105.80693990080746,106.92061614990234,2048309
2024-08-07,105.85534455375196,108.90583688264462,105.85534455375196,108.21988677978516,1305601
2024-08-08,108.01814978527538,110.35040509133024,107.0093886267053,109.92269134521484,3188687
2024-08-09,109.95496472636395,111.36723032835394,109.04304071146291,111.2542495727539,1073467
2024-08-12,109.86618432044855,111.60932639139082,109.86618432044855,110.89915466308594,643068
2024-08-13,110.56022644042969,111.28652957174587,109.43848448954216,110.56022644042969,479120
2024-08-15,110.56021796942757,112.13388284269307,109.75320907913976,111.343017578125,428031
2024-08-16,111.75458311964162,112.12581261217865,110.17285265503881,110.85880279541016,181836
2024-08-19,110.9233738299072,111.36723119965815,108.62340579134509,110.83460235595703,702144
2024-08-20,111.35916571901917,111.36723137521685,109.76127918539689,110.48759460449219,186616
2024-08-21,110.51987705740554,110.94759083056177,108.98656492503189,109.74515533447266,403561
2024-08-22,109.75319505838567,109.75319505838567,106.9367299580469,108.0584716796875,842193
2024-08-23,108.62340772072578,108.62340772072578,107.33218849742079,108.19569396972656,515666
2024-08-26,108.23602962105831,108.90584848507686,103.70064354799278,104.16064453125,3044515
2024-08-27,104.1122153865296,104.89501501690776,103.2164411579305,103.68450164794922,635725
2024-08-28,104.10414553106062,104.10414553106062,102.08662333084627,103.23257446289062,514558
2024-08-29,103.29712762066006,104.08799280609213,101.68311000158725,102.52239990234375,1469353
2024-08-30,102.31258999793728,103.94275146593161,100.55331030424438,101.21505737304688,2262774
2024-09-02,101.31996073360563,104.18484453340929,98.44700512157185,99.44770050048828,4119350
2024-09-03,99.67291111991574,100.08995258903671,98.83882818167376,99.73963928222656,1820294
2024-09-04,100.08995129996399,100.63210647554834,99.58950281617372,100.05658721923828,471361
2024-09-05,100.46527572440723,100.46527572440723,98.42177530792425,98.86383819580078,1560409
2024-09-06,98.8388145159478,100.04823206376214,98.44679457100818,99.67289733886719,985098
2024-09-09,100.00654565537064,100.00654565537064,96.75362092067294,97.27909088134766,1674924
2024-09-10,96.83702376418066,100.42358279244745,96.83702376418066,99.87308502197266,2113941
2024-09-11,99.6645635190648,99.67290612982293,96.80365892958321,97.60437774658203,1837630
2024-09-12,97.79622958966596,97.92134330961183,95.91954288112225,97.1122817993164,1187511
2024-09-13,97.58771049202262,97.98807312989985,95.75273044699364,96.33658599853516,745390
2024-09-16,95.83611885930567,97.12894343333781,95.54419114023692,96.75360870361328,238665
2024-09-17,96.75360870361328,96.75360870361328,96.75360870361328,96.75360870361328,0
2024-09-18,96.37829134693695,97.50430210263103,96.37829134693695,96.97048950195312,904474
2024-09-19,97.33747752042048,101.8415267139144,96.7619646133106,99.81470489501953,3631265
2024-09-20,99.46438531754782,108.40575497809792,99.46438531754782,106.63749694824219,16166846
2024-09-23,106.7626231370387,107.91366174040577,105.43643423226145,107.02118682861328,6578961
2024-09-24,107.55498827174306,107.93032303433274,105.3279884381428,107.12126159667969,4258144
2024-09-25,107.58835962649631,108.5975928249617,105.97023673748413,107.97203063964844,3701632
2024-09-26,108.43078285286512,110.43257683007973,106.88772431373606,107.42988586425781,4352809
2024-09-27,106.76261460650142,108.13884634457517,106.42898016314655,106.64584350585938,2536054
2024-09-30,107.17964371376391,107.5049355085585,103.09263657181371,105.96188354492188,2427707
2024-10-01,105.93686311098584,107.48825133629815,103.50967899618918,104.21031188964844,1360816
2024-10-02,104.05184256923681,105.92852910856172,102.67560450102236,105.61157989501953,4590754
2024-10-03,105.13614477032854,108.26395542755513,104.73578220624283,106.92108154296875,7029524
2024-10-04,106.98781625382044,109.4733797114929,106.4289758791876,107.96369171142578,2129048
2024-10-07,107.59668611265879,108.27229117517066,106.97112398409682,107.68009948730469,2489854
2024-10-08,107.38817419200974,117.27206172304442,107.38817419200974,114.8949203491211,10525888
2024-10-09,114.8949203491211,114.8949203491211,114.8949203491211,114.8949203491211,0
2024-10-10,117.55563753929364,117.55563753929364,113.98576400124816,114.80316162109375,2862475
2024-10-11,114.6864074979254,115.85411855615679,112.4260370665895,113.47698974609375,4278696
2024-10-14,114.10255053897345,114.26936458418812,112.60119867784961,112.90980529785156,1370755
2024-10-15,112.80970900349712,115.08675169188508,112.27589647182499,114.47787475585938,674825
2024-10-16,115.06172581576409,116.35455676973554,111.7754373731727,112.46772766113281,2452858
2024-10-17,113.22675636534922,113.22675636534922,110.30746614598478,111.8338394165039,1650771
2024-10-18,110.31579658149799,112.55948155393739,109.76531155601232,111.7837905883789,1812545
2024-10-21,111.78378635977016,113.00154018530917,111.35005971713578,112.78468322753906,1067275
2024-10-22,112.76799627249878,115.10343074609929,112.69293187216692,112.83472442626953,1433632
2024-10-23,113.36854511439088,116.20443458247232,112.1841489354097,115.72066497802734,3975976
2024-10-24,117.63587955510071,120.1437027999124,115.94395559907606,118.73519897460938,4238144
2024-10-25,117.79047201273796,120.01488836029995,117.79047201273796,119.18180847167969,3277897
2024-10-28,118.94991424704597,121.52644668561014,118.94991424704597,120.1179428100586,3452345
2024-10-29,119.72287577932728,121.82705454520337,119.3879270668075,120.04065704345703,1472662
2024-10-30,120.2381598733046,120.66758187285211,116.88867351880174,117.64444732666016,619331
2024-10-31,117.66164478425998,117.66164478425998,111.64973592667006,112.29386901855469,3432757
2024-11-01,112.07057351357477,115.85806610873918,111.69268000541369,115.02498626708984,942345
2024-11-04,114.99922345643552,115.93537351536366,112.93800279193529,113.38460540771484,443202
2024-11-05,112.94659009821727,112.94659009821727,111.44361282707453,112.02763366699219,702163
2024-11-06,112.02763721318081,113.37601576455761,111.22890530924495,112.86930084228516,518233
2024-11-07,113.15273006380595,113.71097358495977,110.79090837366958,111.2890396118164,1417473
2024-11-08,111.22889830779951,112.45705222549019,110.32712245726941,110.7479476928711,1166098
2024-11-11,112.45705780788971,112.45705780788971,109.08179995495095,109.45110321044922,1128150
2024-11-12,109.93204482550549,109.93204482550549,107.3555125249077,107.7763442993164,1043642
2024-11-13,107.78493296510167,108.12847191054229,106.84020577948529,107.6561050415039,1150637
2024-11-14,107.78493465478758,112.49999348614305,107.57022362957883,112.10491943359375,2093410
2024-11-15,112.50858638889066,115.9439630725209,112.50858638889066,114.97346496582031,2916396
2024-11-18,115.25689449474592,119.89466125803469,113.41038461898923,118.82110595703125,2788981
2024-11-19,119.16462188011185,121.0970211538434,118.17695638217313,118.75238037109375,1966284
2024-11-20,118.94992058237618,121.0798505089856,114.66428334687087,115.16241455078125,4070058
2024-11-21,115.17099795462373,116.7169068359576,114.66426998071188,115.85806274414062,2979799
2024-11-22,116.37338595067267,127.44388686488294,116.37338595067267,124.27474975585938,19337975
2024-11-25,124.70417056161473,132.85460643298765,124.53240434901429,126.40467834472656,8325904
2024-11-26,126.88563183664326,139.04685431228458,123.7594398421404,132.6999969482422,15664430
2024-11-27,137.38930394728527,145.9691619873047,136.1268019595818,145.9691619873047,16437727
2024-11-28,150.52102345491934,156.65317026127715,147.5064851572505,152.393310546875,9935745
2024-11-29,152.87425796761698,157.0825890404872,148.1506151652468,155.45079040527344,4003513
2024-12-02,156.61025293968532,158.70582188429145,152.65956418025243,156.6875457763672,3552010
2024-12-03,156.69610976944483,156.69610976944483,150.3921969653481,153.08038330078125,3401122
2024-12-04,153.01167347631628,153.73309940094964,148.40826841139824,149.24134826660156,4623087
2024-12-05,149.26712915553023,151.9295383941708,146.75070875785053,149.885498046875,5266009
2024-12-06,150.2977351878217,152.23013464023654,148.62299161671334,149.57630920410156,3748921
2024-12-09,146.01207282868987,147.7039966626051,142.77424018229516,143.53001403808594,3592330
2024-12-10,143.4269636398341,144.67228495464488,138.65179257591797,140.6786651611328,3169807
2024-12-11,140.50690255117294,142.95460041762874,138.35979226221812,140.97067260742188,1676345
2024-12-12,140.85044549610382,146.00351057522957,140.85044549610382,145.49679565429688,3035039
2024-12-13,145.14465271869753,145.48818511630003,137.94753497611288,139.15850830078125,2530295
2024-12-16,139.13274639459382,139.77687947975397,136.16973682384133,137.0972900390625,4109609
2024-12-17,135.74889979381896,143.5128579935839,135.44831221414418,140.46395874023438,3255283
2024-12-18,143.4269846379887,143.51287430189674,137.42365882668634,138.8922882080078,1767041
2024-12-19,138.89227003488872,140.07747909614443,130.97372631981509,132.68283081054688,2194124
2024-12-20,131.4976457787526,134.83854944135092,131.40317238552032,134.4520721435547,1293668
2024-12-23,135.68881447981647,139.13277537471424,135.01032015003423,137.58685302734375,1939151
2024-12-24,137.78434516578835,139.5707423690513,135.48264939355278,135.93783569335938,1415722
2024-12-26,135.95502285480893,135.95502285480893,132.27057434862994,134.70970153808594,1519902
2024-12-27,134.409083190789,135.4311096262153,133.12081721771435,134.13424682617188,1197397
2024-12-30,136.63350486821895,147.54941915692055,134.94158094103716,147.29176330566406,7671167
2024-12-31,148.6744938901748,153.30366279144516,145.11029632774793,149.8339385986328,7407018
2025-01-01,149.8339385986328,149.8339385986328,149.8339385986328,149.8339385986328,0
2025-01-02,149.4388798107917,154.548999804027,149.4388798107917,152.0325927734375,4388527
2025-01-03,152.66813655826968,156.739062684955,149.43888716264203,155.88021850585938,4584507
2025-01-06,157.08258559443595,157.08258559443595,151.5859884233209,154.6348876953125,4291933
2025-01-07,154.6864202201218,156.0949241004628,146.94823915442637,151.6804656982422,2682335
2025-01-08,151.84365146868353,153.30368393277314,147.2917747589389,148.62298583984375,673197
2025-01-09,147.80706814708395,151.1565547431748,146.4329124074506,149.56768798828125,1870419
2025-01-10,149.85112405807948,149.85112405807948,147.30035587677338,147.91014099121094,543986
2025-01-13,148.67449951171875,149.4388702202577,147.7211820568065,148.67449951171875,832354
2025-01-14,149.37874429292924,149.39592484387813,147.08563217577446,147.60952758789062,812561
2025-01-15,148.83770271707843,150.12596901912195,147.2917805336417,147.4635467529297,1548222
2025-01-16,148.53708816061808,148.99227449652184,146.87092846847762,148.02178955078125,1232646
2025-01-17,148.5800426072538,149.43888678417434,147.30036006587022,148.74322509765625,1706111
2025-01-20,148.49413809570527,150.5124269515749,147.80707330682446,148.79473876953125,1662367
2025-01-21,151.07067726744103,151.58598898755426,148.79474556427067,149.3272247314453,2763327
2025-01-22,149.32722023767587,150.34066309542155,147.37765355624117,147.91871643066406,3466260
2025-01-23,148.91497138860737,148.91497138860737,147.29175663559556,147.4205780029297,713488
2025-01-24,148.3223711311348,151.50009163049134,147.5064718698693,149.8768768310547,3353657
2025-01-27,149.88549523655573,151.24247066129027,149.09536013574626,149.69654846191406,2683010
2025-01-28,150.62406724215404,151.05348924879272,148.32235847201255,150.0142822265625,2280815
2025-01-29,151.07071493211313,151.07071493211313,147.76417206925657,149.1984405517578,1520016
2025-01-30,148.58003377571382,150.6412544358361,148.58003377571382,149.2241668701172,1126862
2025-01-31,148.72604806845624,154.0766437480629,148.58004612751122,151.1479949951172,2648935
2025-02-03,151.15656535161614,152.01540947293213,147.72118886635212,148.02178955078125,1015872
2025-02-04,148.5800354298404,149.0008737739741,145.18760371586592,145.60842895507812,1734368
2025-02-06,146.00351608720098,146.8623602994786,140.16337282272838,141.5117645263672,2172957
2025-02-07,141.70927907101918,144.70664975217176,140.16335704198747,140.97067260742188,1574322
2025-02-10,140.8933877492677,144.2858195766632,137.50095592187222,142.6711883544922,516169
2025-02-11,143.42697646626982,145.10171997767597,141.06515499751387,142.1644744873047,493311
2025-02-12,142.13869214192897,144.16556465074785,139.85416379374186,140.352294921875,866334
2025-02-13,140.0345395957905,141.6148096676203,139.57935325015387,140.2148895263672,313059
2025-02-14,141.25408906396342,141.27985333836702,139.13274310526114,139.579345703125,313820
2025-02-17,139.57935587796158,140.83326100674492,137.86166756626352,139.8284149169922,246520
2025-02-18,140.72160068429892,141.96692191678687,139.56215599254668,141.63197326660156,410196
2025-02-19,142.38777163435316,143.4269788641454,139.1757027702944,139.52783203125,1208852
2025-02-20,139.75112326518402,139.75112326518402,136.6506953122592,137.78436279296875,898037
2025-02-21,138.01625097970899,139.1069867092792,135.2679523466658,135.869140625,468454
2025-02-24,136.1267973405942,136.1267973405942,128.48308967195538,132.58836364746094,7249879
2025-02-25,134.83853853072154,137.41507111411113,132.4337721652401,133.747802734375,2334637
2025-02-26,133.12943424235945,134.3146434276447,131.31727246272175,132.03871154785156,808789
2025-02-27,131.83256660493007,132.60552103686692,129.09285188619012,130.27806091308594,670014
2025-02-28,131.40315387668514,131.789631120044,130.14065193810364,130.94796752929688,1146474
2025-03-03,130.5443113393885,131.31726583561354,128.8266230322913,129.96888732910156,175840
2025-03-04,130.54429888190677,131.81538443848444,129.68545481031526,131.343017578125,217870
2025-03-05,131.40312831839933,132.26197229433657,129.7799137280747,130.2608642578125,286992
2025-03-06,131.27432113828723,132.26198657529036,129.94311021086352,131.72950744628906,380000
2025-03-07,132.25340270996094,132.77729811548275,131.5491442840475,132.25340270996094,213958
2025-03-10,133.10366737120975,136.12680255473734,132.03870897496643,135.19924926757812,1360061
2025-03-11,135.69736599861304,136.54762636409734,133.12941745593108,133.6790771484375,785703
2025-03-12,133.67910249512943,135.68880800324766,133.5932259329391,134.28030395507812,766770
2025-03-13,134.7354635887211,138.0591859878238,134.40909864444433,135.147705078125,1196969
2025-03-14,135.68879589396482,136.45316668533735,134.58947639861833,135.18206787109375,381403
2025-03-17,135.04966325898064,135.84406765542084,134.25525886254042,134.59950256347656,1343015
2025-03-18,134.60831033936628,135.84405337471833,134.60831033936628,135.38507080078125,1060902
2025-03-19,135.66754890079136,136.8150325123553,135.04967725413135,135.95001220703125,1120793
2025-03-20,136.02944761245004,136.81503015005185,135.82643553246527,135.95883178710938,1916112
2025-03-21,136.99154497462405,137.34462405492312,134.2111162437914,134.4670867919922,1177327
2025-03-24,136.28539863346546,136.28539863346546,133.2843005644825,133.69033813476562,191587
2025-03-25,133.3019644832472,136.02061289455872,133.2843071614245,133.8139190673828,818442
2025-03-26,135.0496707568685,136.3736871368378,134.22878706621125,134.95257568359375,754544
2025-03-27,135.90585477626314,135.93233402358575,134.60831778309628,134.86428833007812,568480
2025-03-28,134.86428833007812,134.86428833007812,134.86428833007812,134.86428833007812,0
2025-03-31,134.86428833007812,134.86428833007812,134.86428833007812,134.86428833007812,0
2025-04-03,135.47333612165383,136.72673652945136,134.23759303469555,135.6675262451172,1200284
2025-04-04,136.35603502646273,143.43511331318692,135.93235353988175,139.67491149902344,5435627
2025-04-07,137.26518324417142,139.46305522906906,126.31998682882003,134.17581176757812,1971965
2025-04-08,135.93233859955907,136.37367736124597,132.41928582773676,133.4167022705078,2340621
2025-04-09,133.19603420274888,134.6083236415057,131.29828289622276,132.62229919433594,987736
2025-04-10,135.88820548652473,135.88820548652473,132.99302421369566,133.31961059570312,2934385
2025-04-11,134.16698398585112,134.16698398585112,131.6160464738111,132.39280700683594,716336
2025-04-14,132.40163215939512,135.93234235031233,132.40163215939512,134.43179321289062,1745894
2025-04-15,135.84405281612018,136.46193779984438,134.21110763101893,134.5906524658203,1781141
2025-04-16,134.65245733829227,135.49099828215108,132.84296574243479,133.58441162109375,1080459
2025-04-17,133.28428334624118,135.0408161675091,133.27546142120124,134.32583618164062,916312
2025-04-18,134.6259821325658,135.40272920889677,126.13461504161192,129.4534912109375,9362714
2025-04-21,129.66533954791274,130.3097039206073,127.00848470800538,127.20267486572266,3660704
2025-04-22,127.89995546290832,128.77381097579521,126.54063813367314,127.27326202392578,1889245
2025-04-23,126.70835413947478,127.10555630922323,123.23060273548424,124.20155334472656,4346336
2025-04-24,122.6921723693382,123.11585379768186,121.58882549551322,122.0036849975586,1647520
2025-04-25,123.05406918524787,131.0776041459636,121.89776385583689,130.45089721679688,6914449
2025-04-28,133.84923798286817,136.80621349063867,131.96030835518974,132.93125915527344,5938523
2025-04-29,132.48989495750868,135.2261870606803,131.3424115413318,134.4847412109375,3484079
2025-04-30,134.07871853286497,134.07871853286497,129.64768679456967,130.0537109375,3494774
2025-05-02,131.51013566719624,136.373684216785,131.51013566719624,135.91468811035156,4361232
2025-05-05,136.3874947508442,136.3874947508442,133.75067540194925,134.00526428222656,1110494
2025-05-06,133.65065137765453,135.29639152091391,131.0229196511903,131.85032653808594,1129102
2025-05-07,127.29499444616593,130.4773693073201,126.38574448583618,127.74053192138672,1583584
2025-05-08,128.9225452514454,130.43190350928793,115.94755142207741,118.14794158935547,2473224
2025-05-09,119.11174912541821,127.74962406199435,118.65712412875632,127.2859115600586,1956686
2025-05-12,140.01539611816406,140.01539611816406,135.47823415418065,140.01539611816406,3231472
2025-05-13,140.93373988037226,144.7980521028986,140.02448994566018,143.7069549560547,10567032
2025-05-14,144.57075797471384,145.29816078964913,141.16107028663097,141.9066619873047,4540806
2025-05-15,141.84298851376488,144.79805077446832,141.02466912965275,143.2068634033203,2983095
2025-05-16,141.8702717538598,144.11612029039145,141.8702717538598,143.5796661376953,1867791
2025-05-19,143.6705886195212,144.56166361575043,142.29762610353316,144.12521362304688,1438626
2025-05-20,144.12520845885982,144.12520845885982,140.02449606865144,140.760986328125,1100499
2025-05-21,140.93375452945148,143.43419210981273,138.36057528186592,142.67042541503906,3248216
2025-05-22,143.61603578334993,143.6615010584957,140.9428385438052,141.34291076660156,1288445
2025-05-23,140.97920930983855,141.78844122063697,140.01540657046664,140.1063232421875,487379
2025-05-26,141.38837769594477,142.37945688506937,138.933405423945,139.04251098632812,777098
2025-05-27,140.57006393957892,140.61551534304854,138.6879096676962,139.7790069580078,168651
2025-05-28,139.7790069580078,139.7790069580078,139.7790069580078,139.7790069580078,0
2025-05-29,140.79736663238836,141.38837357681783,139.20617914840486,139.8426513671875,267857
2025-05-30,140.03357501346204,141.37927488273598,138.84245983956566,139.4062042236328,452399
2025-06-02,139.92447248660017,142.2976153811456,139.11524059626376,139.33346557617188,672839
2025-06-03,140.02450190973886,148.20775202134698,140.02450190973886,146.56201171875,5945782
2025-06-04,147.34396663487894,150.8445708427591,145.9437138524836,149.1897430419922,4475040
2025-06-05,149.10789625674857,149.92621561801167,145.92552160331047,146.8074951171875,964278
2025-06-06,146.8074951171875,146.8074951171875,146.8074951171875,146.8074951171875,0
2025-06-09,146.8074951171875,146.8074951171875,146.8074951171875,146.8074951171875,0
2025-06-10,148.5714301737377,149.38976341953415,146.68020256463848,148.15318298339844,774292
2025-06-11,150.0262543369199,151.74473633163518,149.11700431063554,150.17173767089844,1938183
2025-06-12,150.02624121228857,154.39064373145666,149.57161623891798,150.63543701171875,3992975
2025-06-13,149.1260653534523,149.9171221703017,146.84385318712228,147.81675720214844,1918468
2025-06-16,147.81675720214844,147.81675720214844,147.81675720214844,147.81675720214844,0
2025-06-17,146.5892678915811,149.0715161983483,146.5892678915811,148.58961486816406,949307
2025-06-18,151.61743286373076,153.61778002775188,149.12608294525367,150.19900512695312,1827120
2025-06-19,150.8445742590191,153.43594239124863,150.12627284070476,151.017333984375,1011245
2025-06-20,151.39012970153973,152.29937972977723,150.57181022574775,151.20828247070312,532303
2025-06-23,150.0262508024108,150.7536535811121,145.5254660531493,146.9257049560547,816594
2025-06-24,150.93550166493677,153.663251695026,150.02625165490704,153.1995391845703,2138870
2025-06-25,151.84476889879187,159.57339486070643,151.84476889879187,157.8458251953125,5944985
2025-06-26,157.8458059177455,158.20950036897213,153.66325035836948,153.75418090820312,2044629
2025-06-27,154.56341959655967,160.75541016122142,154.56341959655967,157.40936279296875,3202967
2025-06-30,158.20950277074877,163.6559153607921,157.75487776278683,162.9285125732422,3441747
2025-07-01,163.6649870845334,168.02938951493152,162.9375843671249,167.1110382080078,7442615
2025-07-02,167.7566182780779,175.03061798661244,167.71115300508887,172.03009033203125,6603701
2025-07-03,171.84824964020748,172.70294685826667,167.30199964972581,169.4478302001953,2102504
2025-07-04,168.93864586041371,179.5859551551656,167.574770916235,178.8585662841797,4952704
2025-07-07,180.94073757748464,189.8059244688438,179.66779321450042,185.41424560546875,6311350
2025-07-08,186.39624023251088,188.02379154264062,183.76850842517078,185.3415069580078,1801109
2025-07-09,185.21423377478658,185.38699350540816,181.94094189510287,182.6046905517578,1434607
2025-07-10,182.60467600325208,186.396246772718,181.85908435661543,185.7324981689453,2490100
2025-07-11,185.75976710264084,186.987246207688,182.07730203939306,183.45936584472656,2145453
2025-07-14,184.12311995838473,201.80802919933,183.48664775062326,200.7532958984375,8673875
2025-07-15,200.94425746823518,211.58248008880145,196.39800729927057,198.1983184814453,11574070
2025-07-16,198.19830677241077,200.48053310179793,194.57949573644007,196.5525665283203,3070646
2025-07-17,196.62530842796642,205.49049574437183,195.48874595150417,203.17190551757812,3176593
2025-07-18,203.17192379379247,205.49051422915366,200.0350138513885,202.2353973388672,2610289
2025-07-21,203.49014658869376,212.7644935319421,203.21736882217544,206.54522705078125,5321459
2025-07-22,206.93620950306172,217.7562931063323,206.93620950306172,215.67410278320312,10906148
2025-07-23,216.86520550296015,218.2199929538747,212.4917153640248,213.00999450683594,3665011
2025-07-24,212.76450546889257,214.12838050394956,205.5905233394549,207.3271942138672,2710121
2025-07-25,207.21806709741148,208.16369485614408,203.67199768729878,205.93603515625,3281185
2025-07-28,205.49048263782902,206.39973256100524,199.59854702038177,202.944580078125,2250610
2025-07-29,202.94461888812677,204.62673711730287,194.57952077002108,196.6616973876953,1463605
2025-07-30,196.94357465994852,205.03589489556143,196.72534964411372,202.97189331054688,2784711
2025-07-31,205.03586251964583,208.58193175417813,199.95315865879854,201.79893493652344,6469386
2025-08-01,201.85350084916874,212.76450089506977,200.48962584343113,210.3731689453125,6775996
2025-08-04,211.8552373307785,222.2570589285845,211.8552373307785,216.43785095214844,9247674
2025-08-05,214.56480335819626,217.76536712722276,213.66465477013347,215.4649658203125,2808951
2025-08-06,216.41968940860667,237.01421028289073,216.41968940860667,236.38682556152344,14442976
2025-08-07,238.23258817048833,249.95280559163982,236.87778687689246,243.1425323486328,10786603
2025-08-08,246.00022398009358,246.00022398009358,239.61902080717465,241.68133544921875,3172573
2025-08-11,241.37613981405013,247.38742298949583,241.37613981405013,245.676513671875,3749318
2025-08-12,247.38743237236625,253.39871577580692,246.00021312541838,250.6797637939453,4502657
2025-08-13,252.00225673437888,258.475946999564,249.93068488089557,255.0264129638672,3301172
2025-08-15,255.7107455884761,256.6263012519746,252.75133326532173,253.5374298095703,842332
2025-08-18,253.49119415820965,253.49119415820965,242.67087310755667,250.49478149414062,4744653
2025-08-19,249.23705358961132,254.31426691150878,247.85909152692886,249.45899963378906,2769188
2025-08-20,249.69945850086128,254.2218066852173,247.8498328823364,251.64157104492188,2308382
2025-08-21,253.16752355850542,253.16752355850542,243.25352844767596,245.14938354492188,2487382
2025-08-22,245.0846779108209,249.23707883857358,244.15060784186798,244.5945281982422,1203965
2025-08-25,244.15058727385568,244.9829131767706,240.61779548749794,242.02352905273438,797345
2025-08-26,243.59569323838667,244.61299299374525,238.60170961204642,239.23057556152344,1074871
2025-08-27,242.25474310479296,242.25474310479296,233.97765661133826,235.91976928710938,983277
2025-08-28,236.29894583834437,237.55669198320987,228.42879291169774,229.78826904296875,2483866
2025-08-29,230.463370996659,240.331122909409,228.42878544656543,236.94630432128906,3517753
2025-09-01,238.13930463378495,241.74606903993947,237.67689821702032,238.75894165039062,922582
2025-09-02,239.06412587793133,243.2257837752261,238.13931301186582,240.12765502929688,1684644
2025-09-03,242.29171315749898,243.2165260213063,238.70343473023885,239.88722229003906,1239592
2025-09-04,239.88721480796931,241.35766382879385,236.39140930920925,237.27923583984375,1709665
2025-09-05,237.21449194956395,244.0488723407099,237.21449194956395,239.90570068359375,1499623
2025-09-08,240.45131452298986,244.61297188973393,236.75206353032848,241.8755340576172,2807728
2025-09-09,242.3934317181756,247.8498213953293,238.60169373132445,244.24305725097656,2653543
2025-09-10,244.14131114702224,244.33554214694936,241.6073332194635,242.15296936035156,772032
2025-09-11,242.30096598003783,243.13329189795502,239.06412101465565,239.81321716308594,1049025
2025-09-12,239.52653326052413,241.35767290289064,236.5671348996874,237.4364471435547,1149742
2025-09-15,235.82726523479624,239.4248005926955,234.76373615383696,235.41110229492188,1216214
2025-09-16,237.86186859687442,238.6017075636668,235.46659266827956,235.9937286376953,1141458
2025-09-17,237.56593105562735,238.13931051087837,231.24945755335395,235.37411499023438,970098
2025-09-18,235.89202150368754,239.29532603374696,235.873521295376,238.16705322265625,1639529
2025-09-19,238.27802158268463,239.2028344188084,233.9776475393186,235.2261505126953,951730
2025-09-22,237.57518710638263,237.57518710638263,232.17426932573872,232.6089324951172,2240194
2025-09-23,232.6089324951172,232.6089324951172,232.6089324951172,232.6089324951172,0
2025-09-24,231.20321891629416,232.9141283808846,230.278406040629,230.5003662109375,844670
2025-09-25,231.21246139053662,244.15059856910108,230.97201512360985,239.05487060546875,3218063
2025-09-26,243.2258022407828,258.9383649967483,242.30098930450606,250.91099548339844,6556543
2025-09-29,250.92942664238456,258.02275272872987,247.38740629009047,257.2181701660156,3188579
2025-09-30,257.96728918886384,277.8045353840496,257.09796288385877,270.2303161621094,7843897
2025-10-01,272.801324356243,272.81981045428074,262.87807159874336,266.3553771972656,3231048
2025-10-02,267.16921198098555,282.992747138288,267.16921198098555,281.53155517578125,6492338
2025-10-03,282.06789433474785,283.82503294992887,277.4438304931946,278.2484130859375,2024970
2025-10-06,278.83107938303647,284.6111598014245,271.71000901836294,281.2078552246094,2428524
2025-10-07,281.2078552246094,281.2078552246094,281.2078552246094,281.2078552246094,0
2025-10-08,291.40852233618835,294.09047384297713,286.86768804826227,292.72174072265625,2018472
2025-10-09,293.1656957282257,294.9228346321444,280.7732082411064,283.6678771972656,1477067
2025-10-10,282.88173640236056,282.88173640236056,274.7711102951291,278.5536193847656,2586955
2025-10-13,277.41612973331974,280.2183117216139,265.8837116170429,273.72613525390625,3610084
2025-10-14,277.45315092796153,286.692023559019,277.44389376679254,285.05511474609375,2027972
2025-10-15,285.7671773526552,294.65461550254645,284.9348514127428,285.9244079589844,2906550
2025-10-16,288.53235330860775,290.3912361766555,281.8829466300309,282.5118408203125,2091747
2025-10-17,286.64577755715834,286.64577755715834,275.59425180785786,278.923583984375,1053575
2025-10-20,282.9927167288865,295.0152831258653,280.49571088029523,292.2408447265625,4173770
2025-10-21,292.4258436458559,300.1017792527781,291.32531406193857,293.443115234375,3841759
2025-10-22,294.4511991365463,297.7897602305764,286.78449212753475,289.9658508300781,1351603
2025-10-23,290.3912020656615,295.468415006709,286.9324114291201,290.11376953125,3333369
2025-10-24,289.65140457790596,292.23161218603155,283.9175534470839,285.15679931640625,714092
2025-10-27,284.84236578261243,288.4306442568605,279.75589496506575,281.48529052734375,1292332
2025-10-28,282.06790518701723,283.86204428441124,275.5942155597742,276.14910888671875,1066557
2025-10-29,276.14915171087296,279.2657668276138,272.8290766168023,273.92034912109375,1268243
2025-10-30,273.9203167582466,277.8970006726188,270.04534870899624,271.8302307128906,1707462
2025-10-31,275.64993682927496,289.7716078132958,270.9552696436013,285.848388671875,4804883
2025-11-03,290.5619040984145,290.5619040984145,279.32854739121177,280.3540344238281,2206633
2025-11-04,282.2356648896239,282.2356648896239,275.4241594257357,277.2869873046875,789686
2025-11-05,277.5409847241163,283.1858861083356,271.89608333989696,273.7589111328125,1921893
2025-11-06,274.7185238016005,276.600157526269,271.91487921572167,274.7091064453125,979007
2025-11-07,279.4038202580569,279.4038202580569,270.1085444606796,271.2281188964844,2266070
2025-11-10,271.89611617451686,274.62447976408055,269.562879651151,271.4633483886719,1308236
2025-11-11,270.94585016060535,272.5546677337355,264.66120015199493,266.2699890136719,1015041
2025-11-12,266.72159492369946,269.9956481181455,260.7003724207991,262.82659912109375,875610
2025-11-13,264.13436676327314,267.1449925796184,262.48793705059023,263.43817138671875,758922
2025-11-14,266.2511898966055,274.24813376275796,263.5228265551502,272.2818298339844,1239192
2025-11-17,272.94039430751786,279.51672437745265,269.7322337420739,270.4472351074219,2080936
2025-11-18,271.70792787439126,272.4323753124179,268.14225225103473,269.8262939453125,547070
2025-11-19,270.00506455608013,272.84635030207374,269.3558985221582,270.9364929199219,685983
2025-11-20,272.7334338968298,272.7898806157709,271.04936355120833,271.92431640625,292507
2025-11-21,272.81810877852837,276.59076521430205,270.4848724125503,274.20111083984375,1198371
2025-11-24,275.64054805905135,277.5315705204602,271.90550378560164,276.0827331542969,923703
2025-11-25,275.7534362184864,277.5409825673073,274.43629831469485,276.2708740234375,572965
2025-11-26,277.07060440925494,286.94918283471225,272.83692794120185,283.1388854980469,2235403
2025-11-27,283.1859117625438,288.8308136581427,283.1859117625438,287.85235595703125,2547659
2025-11-28,288.8308114845086,298.23898123970434,288.8213941270877,290.72186279296875,3176465
2025-12-01,290.9946574191254,294.56977888729745,286.03656266270895,290.60894775390625,1660116
2025-12-02,291.6532692091114,294.4757202014576,289.3012267154895,289.86572265625,829862
2025-12-03,291.65323132089503,292.2177271883228,288.90603341218815,289.9315490722656,1090853
2025-12-04,290.0162235793088,294.46626909184135,289.8656894315966,291.3710021972656,468991
2025-12-05,292.3118462684224,295.9528033759525,291.4368646590166,291.728515625,1308006
2025-12-08,291.65326198962885,293.5254785805417,288.9248985068557,289.884521484375,1360952
2025-12-09,291.5497659192993,298.0507854990436,290.2420166333596,296.0186462402344,1872536
2025-12-10,295.4165170469622,298.7093763134092,295.4165170469622,296.4796447753906,1445659
2025-12-11,296.4796495541486,297.9567390539406,291.6532540148444,291.8884582519531,1276175
2025-12-12,294.37223653932904,295.4165295981295,289.87510384423285,292.9233703613281,819070
2025-12-15,294.466308265514,295.38831927611403,292.59409159378583,293.72308349609375,424687
2025-12-16,293.62896424641684,300.6850910928793,292.5940598999783,294.607421875,1673622
2025-12-17,297.2887398429257,305.20101386441746,294.5697937782355,301.6541442871094,3511411
2025-12-18,305.27629940479335,312.4453200904947,303.46050084005833,306.1324462890625,3431276
2025-12-19,307.6283522590831,307.6283522590831,300.12062228094646,301.5224304199219,1109243
2025-12-22,301.53185134223025,302.0022598466643,296.45144523663373,297.55218505859375,840450
2025-12-23,297.552170914554,304.83411374083903,297.552170914554,301.5130310058594,1653618
2025-12-24,302.002260965496,303.78980754667646,299.273897371962,299.9700927734375,597127
2025-12-26,301.06143964755245,305.7655246420455,300.96735220537136,302.3127136230469,1766219
2025-12-29,304.8152754912813,306.6592973918714,302.00224198877106,305.17279052734375,1276741
2025-12-30,305.76550791683525,308.57854140200465,304.35428249568065,305.0034484863281,987463
2025-12-31,305.02223430872834,307.6377041011026,299.932411514468,304.26959228515625,1506326
2026-01-01,304.26959228515625,304.26959228515625,304.26959228515625,304.26959228515625,0
2026-01-02,310.6107322160647,316.96124707663995,307.18617320639356,310.78948974609375,3050426
2026-01-05,311.36339606613353,333.46317809714304,311.36339606613353,326.38824462890625,6962571
2026-01-06,326.4634874019678,345.2798267334934,323.1706280189509,342.29742431640625,7167264
2026-01-07,342.5043941090894,346.95446855304994,337.3581243200671,341.714111328125,4502931
2026-01-08,338.69408702300757,348.09283875023095,338.22367856880896,339.7666320800781,3700906
2026-01-09,336.840685699452,342.4573639433548,334.94024582907673,336.8783264160156,1489607
2026-01-12,336.76546842627164,340.3875910339336,332.4377043324457,335.8528747558594,2057618
2026-01-13,335.87165190706276,340.5663193104791,330.69715867039935,339.06103515625,2681962
2026-01-14,340.57572531658354,343.3981760788757,334.4416093293254,334.8649597167969,982123
2026-01-15,333.990045501428,335.871679560591,331.16759441268357,333.1244812011719,543395
2026-01-16,334.91203916104627,338.2237045973356,333.14329864331074,334.4980773925781,893245
2026-01-19,335.7305171249272,340.01122254322104,334.93081701616535,338.712890625,1519824
2026-01-20,340.0959257705804,340.4816641832651,335.41067551858634,336.4173278808594,792101
2026-01-21,338.60000686935706,342.6361195323596,321.8722830268869,330.10443115234375,2639820
2026-01-22,330.1044388409445,332.56937465751764,326.5293459134873,327.6206970214844,896035
2026-01-23,327.6394874823073,330.22673397355305,324.8264541213088,325.5508728027344,528604
2026-01-26,326.566942494147,328.26043015199525,320.8467883381112,322.51202392578125,607347
2026-01-27,325.57910214907713,331.16755696985985,322.70962201786875,323.3775939941406,1151655
2026-01-28,324.5724487589018,327.3102296836949,320.81859810365415,324.6195068359375,1396461
2026-01-29,325.0522636035978,326.3694016212055,313.2920514616442,316.95184326171875,1433896
2026-01-30,321.2607577891818,326.9338827207411,317.6198008689734,323.54693603515625,1191446
2026-02-02,324.581859158342,325.5226761414097,320.8844553056355,321.3830871582031,1483073
2026-02-03,321.39248544858026,325.9460650493525,321.39248544858026,322.85076904296875,1536249
2026-02-04,321.9005268118226,326.92448608408336,321.9005268118226,325.1181335449219,1744843
2026-02-06,325.52267214597157,325.52267214597157,314.79736441293295,320.6868591308594,866485
2026-02-09,321.7594166662431,322.60614623096825,312.3512465882828,316.3403015136719,832963
2026-02-10,317.5257049193883,319.82130046075883,305.82194034336925,308.34332275390625,638191
2026-02-11,308.3057534690267,313.1603440974811,306.51817813559336,307.51544189453125,795615
2026-02-12,310.4225737569495,310.4225737569495,302.4820761559603,304.0061950683594,490125
2026-02-13,302.49144518398043,307.5906855133344,301.1178605227043,304.0626220703125,481417
2026-02-16,305.6620567515455,305.671445397996,284.12674128767867,292.2177734375,1633619
2026-02-17,291.65326081351225,299.1703792190722,275.23599319604045,283.9479675292969,1718817
2026-02-18,284.1267346824716,312.3418273925781,284.1267346824716,312.3418273925781,5796408
2026-02-19,315.6252905032213,317.99613895456923,299.23624609329147,304.0061950683594,3806851
2026-02-20,305.78432012460996,310.8459199983602,296.3573444561294,303.0465393066406,1627211
2026-02-23,303.04655350656253,309.9992049964805,286.9397708787272,294.8238220214844,2071353
2026-02-24,292.5846772591994,297.288762381661,282.24510734769507,284.3431396484375,3476309
2026-02-25,289.6681355902121,292.5940624330447,283.19531057985427,286.234130859375,1774471
2026-02-26,288.8308131689932,297.2887486405757,277.5692327578872,294.1934814453125,2245838
2026-02-27,292.59408369387097,301.0614365981952,288.83081573639356,292.16131591796875,1038828
2026-03-02,262.9489440917969,277.5410255015981,262.9489440917969,262.9489440917969,2049981
2026-03-03,262.48793164009993,277.54100298863614,257.8214875612611,263.3628845214844,5673952
2026-03-04,262.48792463040303,263.4287415645622,251.61208316843957,253.61602783203125,3330594
2026-03-05,253.0797593541586,268.1234131853518,252.14835976204486,264.8681945800781,1989509
2026-03-06,265.3103891032165,266.251206085852,258.95987447042677,262.0269470214844,678643
2026-03-09,262.0269336533826,262.0269336533826,239.90831833240424,245.5155792236328,1394313
2026-03-10,256.8430672919726,270.0709533691406,256.8430672919726,270.0709533691406,1748110
2026-03-11,272.78049151311575,275.65938932312326,264.3695849822445,266.5616760253906,1131163
2026-03-12,264.3695562089052,268.11401791054976,260.61570586178925,262.7325439453125,1348492
2026-03-13,262.73254540319,264.3695576758663,258.72465608848125,262.1116027832031,627180
2026-03-16,262.00810587908694,262.0175232363481,246.96445188345197,249.45761108398438,870153
2026-03-17,248.37567278856008,251.18870625861354,238.03608942373208,244.236083984375,2062757
2026-03-18,244.42423103136508,252.58112658439458,243.2105978435448,247.62303161621094,1872002
2026-03-19,248.39322589213614,252.23464661149478,245.504932567809,248.54727172851562,1700207
2026-03-20,248.54727172851562,248.54727172851562,248.54727172851562,248.54727172851562,0
2026-03-23,248.54727172851562,248.54727172851562,248.54727172851562,248.54727172851562,0
2026-03-24,255.13259277764783,255.13259277764783,245.98633001769443,248.7398223876953,914917
2026-03-25,253.20704813079695,255.90277681467484,249.3559903645491,254.23721313476562,2634754
2026-03-26,251.37780452386326,253.6787962880079,244.79248450127614,245.6589813232422,3711299
2026-03-27,246.46769945361586,247.9022090835954,241.65387719866243,243.48312377929688,1380533
2026-03-30,243.38684620201673,243.38684620201673,226.77916010113796,233.99989318847656,3139717
2026-03-31,235.01080007477728,245.39902167072515,235.01080007477728,239.33360290527344,1000135
2026-04-01,244.5421723830351,261.87193263065177,243.5794079248342,258.3096923828125,2456065
2026-04-02,252.24427928059907,255.1325725548044,248.4028586279023,254.70895385742188,1577170
2026-04-03,250.4150351597066,255.9990571244124,246.48693981549195,255.33474731445312,429505
2026-04-06,255.33473993827258,259.85010735379154,248.87459899950028,257.8090515136719,1540581
2026-04-07,253.6980710782603,263.2197962651907,252.24428734841595,262.3244323730469,601571
2026-04-08,288.55975341796875,288.55975341796875,285.45965080730764,288.55975341796875,1080564
2026-04-09,293.64317186828134,294.60593636621013,282.1188796528241,289.647705078125,1473710
2026-04-10,291.7176348900899,298.3607038677747,289.657304817904,295.13543701171875,1295648
2026-04-13,281.60859438962405,290.94742106717706,281.60859438962405,283.2549133300781,923003
2026-04-14,288.89675718888077,292.1990324480811,287.00010990515426,289.9461669921875,2290803
2026-04-15,295.3761268478498,298.93836712975013,292.0064512119267,293.36395263671875,2733705
2026-04-16,295.0873077217907,296.52181736875144,291.81391442592087,294.365234375,1083081
2026-04-17,297.01283619159716,307.8920628474159,293.8934887402364,301.48968505859375,10870986
2026-04-20,297.3979397845221,300.334389055433,288.8293418524799,292.12200927734375,3513051
2026-04-21,294.60589678199,297.956327361854,291.7176036762842,293.5083312988281,3677444
2026-04-22,293.6431436839802,294.12452588674086,288.829321656374,290.225341796875,794588
2026-04-23,288.8293332782509,291.6213442903595,284.49689327907714,287.3274230957031,1560192
2026-04-24,287.2889049291968,290.7452257660203,280.06817158120475,287.4237060546875,2571793
2026-04-27,288.7138283753109,292.5841311606448,285.9410618623141,291.09185791015625,1117388
2026-04-28,294.08771077011255,294.56903703634345,289.7657863920281,290.3846130371094,1559103
2026-04-29,290.3846130371094,290.3846130371094,290.3846130371094,290.3846130371094,0
2026-04-30,281.90773910345405,281.90773910345405,266.2800277392975,277.85101318359375,1408326
2026-05-04,279.0689974922579,289.76578967594287,276.9964497919183,278.86273193359375,713862
2026-05-05,275.5328784585915,281.8978836589476,275.0417500338183,280.1101989746094,620465
2026-05-06,284.85450244557137,295.5610967146846,283.3811170880943,292.9188232421875,3161167
2026-05-07,293.2036736531512,295.6593158110503,289.6577407656732,291.0918273925781,1633193
2026-05-08,289.7657828152325,291.5240310432503,284.8446661994756,290.02117919921875,1858447
2026-05-11,287.79142356503985,291.61241708248775,286.57343466899573,290.83642578125,587304
2026-05-12,291.2293359080491,291.7302965146186,285.8367551708889,286.5341491699219,1470691
2026-05-13,287.8012539993892,289.17640757959293,274.5407866649463,275.30694580078125,2732102
2026-05-14,277.8804705354897,278.9609591188464,272.0851608307058,273.1656494140625,1346272
2026-05-15,273.0674001544477,273.0674001544477,268.9026407660267,269.9732971191406,1101823
2026-05-18,266.6729058143231,268.14629110700423,261.28032523546216,263.30377197265625,1359141
2026-05-19,268.15613417555534,268.15613417555534,261.2803358633616,262.7046203613281,949025
2026-05-20,264.2172780073195,267.1640487526968,261.4768027969123,263.91278076171875,1260506
2026-05-21,267.17386406029885,275.5132151512995,265.31738421929293,274.5604248046875,1672592
2026-05-22,276.98660638567276,276.9964385467678,269.1383835525333,271.0635986328125,1257811
2026-05-25,275.0319348949899,286.32788936389125,275.0319348949899,283.30255126953125,2323093
2026-05-26,283.30255126953125,283.30255126953125,283.30255126953125,283.30255126953125,0
2026-05-27,283.30255126953125,283.30255126953125,283.30255126953125,283.30255126953125,0
2026-05-28,283.30255126953125,283.30255126953125,283.30255126953125,283.30255126953125,0
2026-05-29,283.30254183827446,288.80315637217495,281.41659544372214,288.1253967285156,2445003
2026-06-01,288.7835237747088,288.7835237747088,281.91755775078497,282.5756530761719,781077
2026-06-02,282.8998019814178,286.81899717928974,281.42641672193514,282.7033386230469,845410
2026-06-03,282.7033386230469,282.7033386230469,282.7033386230469,282.7033386230469,0
2026-06-04,280.92547250185464,283.38111474400375,280.43434405342487,280.9844055175781,416813
2026-06-05,281.9077258000596,283.77400788504883,280.05124590016476,280.6209716796875,771805
2026-06-08,276.9964431521839,278.5189293421897,274.3443375570948,275.49359130859375,688099
2026-06-09,279.8449913227986,281.39697404750814,277.4875807031955,279.756591796875,683303
2026-06-10,279.6387027125956,280.67989256689924,276.0141725679744,276.5740661621094,371589
2026-06-11,276.01418198824507,279.43244670604383,273.08704570814774,278.88238525390625,410092
2026-06-12,283.8820883447423,287.19228944246413,276.6624938272212,283.2337951660156,1074597
2026-06-15,286.8779335092263,292.19194667034714,283.77399826288826,290.7283935546875,2375251
2026-06-16,290.74805091038223,297.75154760855537,290.74805091038223,297.1327209472656,7031174
2026-06-17,299.1070479123662,301.94575466804974,296.64157358590603,297.9577941894531,8452258
2026-06-18,298.1149567403675,301.8475208145514,298.1149567403675,299.0186462402344,2638687
2026-06-19,299.0186436579115,299.58833944179213,288.78351408487504,293.1054382324219,2326748
2026-06-22,295.659330605877,296.396023290111,286.8190183950701,289.74615478515625,1456823
2026-06-23,289.7166880001801,291.2391742223689,286.3377218269656,287.79144287109375,782629
2026-06-24,288.724579692284,292.5652075570227,287.7914236982055,288.8817443847656,1880768
2026-06-25,288.8817443847656,288.8817443847656,288.8817443847656,288.8817443847656,0
2026-06-26,288.8817443847656,288.8817443847656,288.8817443847656,288.8817443847656,0
2026-06-29,288.8817658453658,294.67707567168856,281.90773572591536,285.0411376953125,2321623
2026-06-30,284.79555627475844,293.40013595733484,278.0277921234853,287.0252685546875,3443555
2026-07-01,287.8012790085723,303.61562149539014,287.60481563314255,301.9949035644531,6871016
2026-07-02,302.6824549102503,306.84724451106626,299.5883516993949,300.2170104980469,4199255
2026-07-03,301.5528646629075,303.51737843921313,298.7043256824847,300.4822082519531,2774599
2026-07-06,302.96732903037577,313.5855240155551,301.55287665708823,312.5050354003906,5426927
2026-07-07,314.32221118194957,318.4968030492098,310.5896469146047,312.9372253417969,5898513
2026-07-08,311.3557877372162,311.3557877372162,299.7062058849667,303.7236328125,5640262
2026-07-09,302.04398086765593,305.7765449009463,300.07946717095575,303.4093322753906,1460624
2026-07-10,304.4996252167513,310.3931663499788,303.6156000419873,308.2125549316406,1734514
2026-07-13,306.2578729371874,309.41090904558195,302.525278905898,305.4131164550781,829063
2026-07-14,300.1384228379945,301.98507064845234,291.7401381411449,292.7518615722656,2264948
2026-07-15,293.370682777248,299.49012410592474,293.00722254275564,297.93817138671875,1718114
2026-07-16,297.93817138671875,297.93817138671875,297.93817138671875,297.93817138671875,0
2026-07-17,304.4505428272394,304.4996436825538,297.15235116617157,298.98919677734375,1129733
2026-07-20,296.64157710541963,298.9105880951247,293.2036780330058,297.05413818359375,1259422
2026-07-21,298.8123655401281,301.54303854487404,296.464787117968,296.9853820800781,1120887
2026-07-22,296.6415875328846,299.4901265835098,292.96795627300884,294.5002746582031,1036160
2026-07-23,294.67705834869423,296.64157207101886,289.76577404288264,290.2470703125,1013311
2026-07-24,289.47110572998884,290.71856113828477,284.8544865438383,286.8190002441406,962250
2026-07-27,294.67706008511016,303.53700623360623,292.72237851223116,302.7119140625,2468837
2026-07-28,303.5272014907725,304.3031628263315,299.8928391232437,301.39569091796875,1258488
2026-07-29,300.46258797790773,300.46258797790773,295.6691693430436,297.8694152832031,825069
2026-07-30,295.6691465859988,298.60608500072624,293.4197699865997,295.9539794921875,790541
2026-07-31,298.60608347648133,299.98123707621875,297.1326981961697,298.2819519042969,433132
2026-08-03,302.28955961092555,304.99076607373644,301.0617384914661,303.75311279296875,5869800
2026-08-04,304.75502896518475,307.2401376707796,300.0794766273458,301.54302978515625,4636372
2026-08-05,305.48189475832845,319.23349130693487,303.5468474735162,316.3260192871094,10590851
2026-08-06,319.135253653972,321.1881669317762,314.37130180064594,319.8228454589844,4258277
2026-08-07,319.7246203587653,319.7246203587653,316.28672121512267,318.8602294921875,1075632
2026-08-10,319.2433068417659,321.66948244838517,315.9920390823339,320.4219970703125,1674449
2026-08-11,318.7423628092121,330.68661026384825,317.524373850306,327.7889404296875,4455485
2026-08-12,325.244906552047,337.29721814507184,325.244906552047,332.1600036621094,5151929
2026-08-13,330.0,336.5,330.0,334.30999755859375,1680617
2026-08-14,334.30999755859375,334.30999755859375,334.30999755859375,334.30999755859375,0
2026-08-17,337.0,337.0,326.80999755859375,327.42999267578125,1165626
2026-08-18,327.42999267578125,327.42999267578125,327.42999267578125,327.42999267578125,0
2026-08-19,325.45001220703125,326.010009765625,318.05999755859375,320.3599853515625,630290
2026-08-20,327.5,331.75,325.0,325.45001220703125,1807523
2026-08-21,318.989990234375,320.8900146484375,313.29998779296875,316.7200012207031,1027545
2026-08-24,317.05999755859375,319.4800109863281,315.2200012207031,316.6099853515625,839847
2026-08-25,316.6099853515625,320.8800048828125,316.0,318.6300048828125,551373
2026-08-26,318.6300048828125,318.6300048828125,318.6300048828125,318.6300048828125,0
2026-08-27,323.0,324.0,318.8999938964844,321.1199951171875,1263476
2026-08-28,321.1199951171875,329.0,320.0,325.7900085449219,1382100
2026-08-31,325.0,325.0,317.0,318.04998779296875,1780414
2026-09-01,319.0,320.0,315.0,315.7200012207031,667279
2026-09-02,314.989990234375,314.989990234375,311.20001220703125,312.70001220703125,3360264
2026-09-03,312.70001220703125,317.3999938964844,312.70001220703125,314.1700134277344,876064
2026-09-04,314.1700134277344,316.0,312.9100036621094,313.67999267578125,310587
2026-09-07,313.5,314.0,310.8800048828125,311.7699890136719,340023
2026-09-08,311.8500061035156,313.489990234375,307.010009765625,310.489990234375,1116402
2026-09-09,311.0,311.9200134277344,307.54998779296875,308.510009765625,304627
2026-09-10,308.510009765625,311.5,304.0,305.19000244140625,499408
2026-09-11,301.0299987792969,305.0,299.0,302.6499938964844,4847380
2026-09-14,301.0,302.9700012207031,296.5,298.7699890136719,1204191
2026-09-15,298.0299987792969,301.9700012207031,297.75,298.7900085449219,395914
2026-09-16,297.5,297.8999938964844,291.45001220703125,294.1499938964844,1681546
2026-09-17,297.239990234375,301.0,294.3299865722656,297.4100036621094,1368143
2026-09-18,297.1499938964844,303.70001220703125,297.010009765625,303.0400085449219,968658
2026-09-21,303.79998779296875,306.3999938964844,301.5199890136719,303.92999267578125,2250249
2026-09-22,304.489990234375,305.5199890136719,302.0,303.1600036621094,307564
2026-09-23,303.20001220703125,307.0,302.0,303.29998779296875,765714
2026-09-24,305.9800109863281,312.04998779296875,299.0,304.1199951171875,3704354
2026-09-25,304.1499938964844,309.2200012207031,304.1499938964844,307.5400085449219,965624
2026-09-28,307.79998779296875,309.0,303.6199951171875,304.2099914550781,365568
2026-09-29,305.989990234375,305.989990234375,301.510009765625,302.1499938964844,1652194
2026-09-30,302.79998779296875,309.0,302.79998779296875,306.1000061035156,1153509
2026-10-01,306.989990234375,308.0,303.0,303.7799987792969,612142
2026-10-02,304.95001220703125,304.95001220703125,301.29998779296875,302.2900085449219,484804
2026-10-05,300.0299987792969,301.989990234375,294.3999938964844,295.2099914550781,723612
2026-10-06,296.239990234375,304.989990234375,295.2099914550781,302.8299865722656,1281281
2026-10-07,303.0,303.70001220703125,299.0,302.0199890136719,135002
