date,open,high,low,close,volume
2021-10-08,33.5488068613503,33.675065258868976,32.985150843653834,33.21061325073242,2230175
2021-10-11,33.571350934879746,34.135006950846716,33.21061314883086,33.36392593383789,1324717
2021-10-12,33.368434722319485,33.548805327794064,32.78223111459791,33.061805725097656,1030619
2021-10-13,33.13395675632734,33.59389855163174,32.82732774602997,33.36392593383789,1303443
2021-10-14,33.188065980958974,33.819361415437136,32.96711378299079,33.49018478393555,1205556
2021-10-15,33.368435811215,33.81936061947466,33.368435811215,33.78779602050781,994007
2021-10-18,33.593899171465026,33.819361582011766,33.18806614442421,33.79681396484375,380038
2021-10-19,33.79681396484375,33.79681396484375,33.79681396484375,33.79681396484375,0
2021-10-20,33.59390436241129,34.946679034723154,33.59390436241129,34.739253997802734,1761779
2021-10-21,34.94667384421918,35.217228050440326,34.38301781447371,34.897071838378906,3102209
2021-10-22,35.163123993919754,35.163123993919754,34.27029120921787,34.68965148925781,1346435
2021-10-25,34.94667853571559,35.059409756798544,34.500263863506575,34.68965148925781,475309
2021-10-26,34.54083704808939,35.17213242061863,34.54083704808939,35.06391143798828,719151
2021-10-27,35.172142028808594,35.29840044974863,35.08195842536112,35.172142028808594,554176
2021-10-28,35.34799840702626,35.577971041793695,34.94667556926002,35.1090087890625,965025
2021-10-29,34.730232231850096,35.17214012145996,34.15755915641785,34.27029037475586,2775387
2021-11-01,34.270289708832095,34.72121457342199,34.270289708832095,34.70768737792969,756851
2021-11-02,34.71670183976552,34.946674467281184,34.4957496354453,34.62651824951172,969654
2021-11-03,35.12704591053529,35.53287895674643,34.24774040369722,34.32890701293945,1678137
2021-11-04,34.61299345668662,34.63103086404563,34.13501076238215,34.234214782714844,315364
2021-11-05,33.936603259075575,34.69866387317604,33.936603259075575,34.116973876953125,628256
2021-11-08,34.24773650741085,34.45065472757265,33.81034234988834,33.868961334228516,892788
2021-11-09,33.97718359389381,34.04482300314878,32.967112987278384,33.084354400634766,1609719
2021-11-10,34.022275563787666,34.022275563787666,33.007694740530184,33.39098358154297,1077884
2021-11-11,33.54429941609472,33.638993222042465,33.142976573623194,33.35491180419922,748659
2021-11-12,33.36844044865182,33.467644470701316,32.89947817005293,32.953590393066406,561929
2021-11-15,32.96711445637203,33.14297486410173,32.85438324935127,32.976131439208984,249905
2021-11-16,33.07533771053241,34.270289274611784,33.07533771053241,33.95464324951172,2487946
2021-11-17,33.8193621920214,34.044824606634876,33.503716187675906,33.6931037902832,455642
2021-11-18,33.44058210516043,34.2432276335691,33.39098010596368,33.74720764160156,1891845
2021-11-19,33.59389855163174,33.84190857477053,33.151990721388984,33.36392593383789,1867623
2021-11-22,33.57135178257847,33.57135178257847,32.872420369300926,33.15650177001953,619919
2021-11-23,33.34589097129502,33.368438589698776,32.69656153272613,32.89496612548828,736230
2021-11-24,33.07533619054769,33.34589040538346,32.489135965117434,32.55226516723633,2754257
2021-11-25,32.804785117303304,32.804785117303304,31.384371053033405,31.537687301635742,9501666
2021-11-26,31.452009375706723,33.00769878591852,31.33927815930634,32.49364471435547,4891401
2021-11-29,32.69205525115826,33.584888066914836,32.24113035114228,33.291786193847656,2442022
2021-11-30,33.774270517085476,34.20715794184649,32.737142030067346,33.372947692871094,17653482
2021-12-01,33.72917450692685,33.81935808570887,33.12042330915769,33.706626892089844,1268005
2021-12-02,33.481159869386154,33.5487992642495,31.433961263865207,31.763137817382812,4196448
2021-12-03,32.36738436101415,32.692050795218925,31.790201118109437,32.21857833862305,2255203
2021-12-06,32.64695509280539,32.69204688320837,32.0156597063144,32.462074279785156,194416
2021-12-07,32.46658500010738,32.91750979177554,32.46658500010738,32.67852020263672,570090
2021-12-08,32.69204890839927,33.142973720928914,32.015661689604805,32.827327728271484,1458267
2021-12-09,32.82282260147795,33.13846864303238,32.37640793119846,32.65597915649414,487041
2021-12-10,32.47110205382108,32.60187068379522,32.37640824045025,32.475608825683594,319839
2021-12-13,32.6199044342949,32.66499967489028,32.37640802455584,32.412479400634766,265490
2021-12-14,32.46658823737316,32.827329482790695,32.105846991955616,32.7055778503418,595649
2021-12-15,32.89496556722934,33.23315919584493,32.01566350894221,32.55226516723633,2111915
2021-12-16,32.66950219259422,32.692049809955826,32.24112498499092,32.37640380859375,837274
2021-12-17,32.46658282685743,32.552259632429944,32.23210346461016,32.263668060302734,788529
2021-12-20,32.331308244426005,32.57931827174293,32.12839345137278,32.46658706665039,507132
2021-12-21,32.57480722209455,33.07533403504928,32.57480722209455,32.67401123046875,340576
2021-12-22,32.82281521099279,32.82281521099279,32.47109443237415,32.6424446105957,497693
2021-12-23,32.489138906422376,32.894968545274835,32.489138906422376,32.75969314575195,1675683
2021-12-24,32.849872813881504,32.98064142596825,32.601866224296344,32.913002014160156,609700
2021-12-27,32.913005098961605,32.96260710958431,32.24112801000459,32.34033203125,519544
2021-12-28,32.579319867020786,32.579319867020786,32.150942642806584,32.20505142211914,398167
2021-12-29,32.24112875083047,32.46659118964747,32.083305731715335,32.28622055053711,729058
2021-12-30,32.241129622277406,32.444044446583774,32.015667177366375,32.07879638671875,652054
2021-12-31,32.01565544565976,32.471090380771514,32.01565544565976,32.168968200683594,1257114
2022-01-03,32.24112319946289,32.45305840590467,32.200541618799505,32.24112319946289,516324
2022-01-04,32.35384994968225,32.86790387575075,32.24111876518858,32.83182907104492,1117450
2022-01-05,32.89045875543665,33.548808605498664,32.606373905967196,33.422550201416016,967635
2022-01-06,33.46764354025447,35.0594077399307,33.377456504406005,34.491241455078125,3459932
2022-01-07,34.33792956858658,35.48778592392193,34.2928377696039,35.293888092041016,2144752
2022-01-10,35.29387998806221,37.025432881734794,35.1721318147357,36.6015625,5891319
2022-01-11,36.750368350636336,37.314024306934435,36.14162060589097,36.3851203918457,2428450
2022-01-12,36.38512694681314,36.7052831748343,36.29945012513017,36.529422760009766,1807445
2022-01-13,36.53392977128893,36.7052834157797,36.299450363411545,36.42570877075195,531387
2022-01-14,36.7007821628677,36.908207231315316,35.893626072871974,36.128108978271484,1203314
2022-01-17,36.27690151044945,36.8856527884296,35.96125550283885,36.43021774291992,2310804
2022-01-18,36.52490934647297,36.881140356636756,35.62756994432658,35.92517852783203,8146383
2022-01-19,36.12359108401682,36.18672028967331,35.46524119625369,35.577972412109375,6503973
2022-01-20,35.62306486591666,35.86656470947976,35.17665020619285,35.76736068725586,1972532
2022-01-21,35.780886067377864,36.209266737945775,35.780886067377864,35.96576690673828,1889962
2022-01-24,36.00634462355234,36.28591923829972,35.803429839487485,36.20926284790039,2072556
2022-01-25,36.20926353246415,36.61509310826637,36.07398471367456,36.231807708740234,1964553
2022-01-26,36.25436334539187,36.637648829707395,35.848530239529076,36.52491760253906,1279885
2022-01-27,36.63312780062758,37.07052538333516,36.38962800900841,36.957794189453125,2065700
2022-01-28,37.192286488056645,37.20130347214316,36.86310980421459,36.926239013671875,1604842
2022-01-31,37.17114373060967,37.469923814224096,36.78909804648625,36.96542739868164,2020232
2022-02-01,36.98011447758562,37.02909401428207,36.4903116368229,36.68623352050781,764640
2022-02-02,36.68622771141347,36.85765793115542,36.3678551679507,36.82337188720703,769994
2022-02-03,36.970309436083,36.98010384584676,36.49520021923268,36.55397415161133,503509
2022-02-04,36.73031043852625,36.833168576734224,36.29438625125968,36.6666374206543,1176599
2022-02-07,36.495203502616114,37.07317089002542,36.495203502616114,36.921329498291016,569275
2022-02-08,37.17113658294888,37.469916609110705,36.7841918976426,37.12705612182617,1035399
2022-02-09,37.127064405556766,37.95482883437575,37.03400065100143,37.59727478027344,1512903
2022-02-10,37.597264839555145,37.714816467928685,36.98501132546539,37.09766387939453,994110
2022-02-11,36.85766940632826,37.61196634493225,36.85766940632826,37.07807922363281,810280
2022-02-14,37.322970899591446,37.322970899591446,36.79398672932083,36.96051788330078,1255302
2022-02-15,37.22501806456767,37.22501806456767,35.510708022120475,36.020103454589844,2405628
2022-02-16,35.90744107913613,36.73030990985482,35.682132245795124,36.17683410644531,620947
2022-02-17,36.19643483293928,36.63725818758581,35.31478812364622,35.55479049682617,932297
2022-02-18,35.559688625478856,36.049491509402536,35.559688625478856,35.68703842163086,414395
2022-02-21,35.52049855301095,35.75560554880023,35.31478226725716,35.437232971191406,405188
2022-02-22,35.44213078360936,35.755604275566526,34.727019146525876,35.1335563659668,1533043
2022-02-23,35.26090459159115,35.461725545068596,34.60457059484822,35.17763900756836,1110641
2022-02-24,34.776002481206156,35.21682579524917,34.04619727828445,34.47722244262695,1181255
2022-02-25,34.77599954481082,35.02090095005597,34.29109580875712,34.54579162597656,799071
2022-02-28,34.775999301036734,35.4617239782961,34.34007510170804,35.22172164916992,1662725
2022-03-01,35.388250261501106,35.804581870139046,35.020898182661995,35.525394439697266,760387
2022-03-02,35.29518571689726,35.36375780439804,34.77599598670607,35.05518341064453,618097
2022-03-03,35.158049086308495,35.75560918009897,35.06988442104598,35.58417892456055,572746
2022-03-04,35.72622100779569,35.74091449536426,35.02090370931092,35.079681396484375,553111
2022-03-07,34.80049193388491,34.839673319529666,33.11066995895198,33.44863510131836,4623521
2022-03-08,33.355565899602766,33.6494467966899,32.71882457873036,32.83637619018555,2896336
2022-03-09,32.82658150023745,33.00291080444167,32.62086522429878,32.72862243652344,1730692
2022-03-10,33.25761616227642,33.2919022142591,32.93924354420902,33.1204719543457,1544431
2022-03-11,33.12046830353514,33.13516179035102,32.21922916420477,32.518009185791016,1096806
2022-03-14,32.32698634366332,32.865768702011245,31.837183520274483,32.06249237060547,2100333
2022-03-15,31.984122589280606,34.03149833102452,31.984122589280606,33.409446716308594,1542993
2022-03-16,33.938437714580274,34.16374656247842,33.40944977417648,33.722923278808594,779878
2022-03-17,33.36047346278107,33.894356792378375,33.257615309470566,33.30659484863281,801395
2022-03-18,33.30659136371356,33.61027045378397,32.38086434387991,32.63066482543945,1187969
2022-03-21,33.53679797347417,33.53679797347417,32.32698447185109,32.782501220703125,273080
2022-03-22,32.939245642526146,33.47802809524702,32.62087300417757,33.36537551879883,1870309
2022-03-23,33.36537551879883,33.36537551879883,33.36537551879883,33.36537551879883,0
2022-03-24,33.551490148304865,33.89435059666678,33.06658644650769,33.7914924621582,970111
2022-03-25,33.796395002740795,34.13925548626987,33.32618473808706,33.683738708496094,604926
2022-03-28,33.7963944227211,34.15884746150264,33.25761207060823,33.923744201660156,1278206
2022-03-29,34.0412919357661,35.38824953034677,33.923740319297906,34.981712341308594,2061909
2022-03-30,34.87395801719762,35.26580175366453,34.40864684992963,35.11396408081055,850161
2022-03-31,35.113971544664544,35.26580924979328,34.790699832829624,35.06009292602539,547939
2022-04-01,35.26090323294783,35.559683245892806,34.77599949755307,35.07477951049805,1196643
2022-04-04,34.28620023939909,34.76130961204894,33.84537691751268,34.10987091064453,844713
2022-04-05,34.144153971644286,35.020901463709066,33.79639441952344,34.051090240478516,1891956
2022-04-06,34.28129989988815,34.702530643385714,34.28129989988815,34.58987808227539,1391068
2022-04-07,34.629058460124675,34.63395753473856,33.796395146916765,33.938438415527344,775826
2022-04-08,34.04129593285161,34.48211921749135,33.698435454186786,33.85027313232422,1127162
2022-04-11,35.26580463595049,36.098467972873,34.829880405374695,35.37356185913086,3303607
2022-04-12,35.26579947332705,35.60865991789163,34.90334646951612,35.27069854736328,1466002
2022-04-13,35.27069854965739,35.976011998078775,35.265799475620845,35.5988655090332,1512620
2022-04-14,35.36376788420055,35.97602150918255,35.36376788420055,35.736019134521484,537853
2022-04-15,35.94173188385153,36.000509571292454,35.074782481268294,35.26090621948242,1196048
2022-04-18,35.07968504225257,36.72542308515616,35.074785966920835,35.736019134521484,1591241
2022-04-19,35.75560401261672,35.985811924026414,34.775998423229964,34.952327728271484,1283559
2022-04-20,35.48621553949119,35.48621553949119,34.65355217630435,34.71232986450195,452920
2022-04-21,34.72702446561514,35.13845708549044,34.531102568908125,34.63396072387695,111264
2022-04-22,34.678036830607205,34.898446577389215,34.39395033354265,34.599666595458984,479275
2022-04-25,34.75150756825861,35.618460626976116,34.75150756825861,35.42253875732422,618694
2022-04-26,35.51070716327559,35.55968670163819,34.678043800413654,34.83967590332031,448280
2022-04-27,34.776003055678565,34.92294540842001,34.193136456543236,34.310691833496094,784042
2022-04-28,33.89925582114743,34.28130145775111,33.36047341729867,33.507415771484375,2208026
2022-04-29,33.507415771484375,33.507415771484375,33.507415771484375,33.507415771484375,0
2022-05-02,33.507415771484375,33.507415771484375,33.507415771484375,33.507415771484375,0
2022-05-03,33.507415771484375,33.507415771484375,33.507415771484375,33.507415771484375,0
2022-05-04,33.507415771484375,33.507415771484375,33.507415771484375,33.507415771484375,0
2022-05-05,33.507415771484375,33.507415771484375,33.507415771484375,33.507415771484375,0
2022-05-06,33.3065925974462,33.91884613784043,32.8216888397857,33.135162353515625,345292
2022-05-09,33.03719870294085,33.14495592120783,32.233922377367506,32.537601470947266,1095339
2022-05-10,32.42494335997201,32.89025825486043,32.326984296258004,32.72862243652344,239488
2022-05-11,32.79229970630389,32.92944764494522,31.788206093892565,31.851879119873047,1199212
2022-05-12,31.837181818107013,32.30249298068906,31.30329669441924,31.7882022857666,1347486
2022-05-13,31.94493487209924,32.400451563663516,31.74411395768244,32.273101806640625,1224574
2022-05-16,32.180044385261894,32.375966264331325,31.690241556037822,31.9057559967041,1711759
2022-05-17,31.93514135774827,31.959632992732125,31.44533855326196,31.557994842529297,556815
2022-05-18,31.557997839568532,32.180045816106094,31.396362001881894,32.07229232788086,251992
2022-05-19,31.910654936361162,32.566988931033904,31.842082839511743,32.24372100830078,272333
2022-05-20,32.00371721514956,32.91475083758607,31.866573011668663,32.08698654174805,496990
2022-05-23,31.93514276126174,32.54739629377749,30.95553897768605,31.332687377929688,720320
2022-05-24,30.980030343109874,31.822491845205825,30.813497298938575,30.896764755249023,1404632
2022-05-25,30.950642674720537,31.322893902156885,29.882872268918405,30.94574546813965,3290743
2022-05-26,30.94574580604613,31.298404474110374,30.857581139030067,31.053503036499023,1659966
2022-05-27,31.812692335479255,32.180044458230284,31.107376932439113,31.313095092773438,1422478
2022-05-30,31.592283809200346,31.837185234077868,31.298402846727157,31.489425659179688,292169
2022-05-31,31.788198623872475,33.06168500251563,31.788198623872475,32.83637619018555,5330349
2022-06-01,32.424950029748324,32.56699331718091,31.548206139536067,31.621673583984375,1501034
2022-06-02,31.499219690179334,31.78820531121998,30.916354978676807,31.582489013671875,1665965
2022-06-03,31.812691084513283,32.32698553090081,29.87797147552953,30.872270584106445,5534597
2022-06-06,31.009420468571083,31.631470339615404,30.41675757401017,31.327791213989258,924774
2022-06-07,31.347381351500985,31.592282768309587,30.99472271339275,31.102479934692383,838800
2022-06-08,30.984925205465196,31.837182924326466,30.955538232419624,31.646160125732422,1234206
2022-06-09,31.597175716905856,32.3269807511689,31.597175716905856,32.05269241333008,824360
2022-06-10,31.739231184439763,32.566995590501605,31.739231184439763,32.375972747802734,531575
2022-06-13,32.35637602617008,32.71883283639037,31.29840378226307,31.357177734375,749118
2022-06-14,31.357169832070486,31.690235845399716,30.8232866381345,31.37676239013672,455640
2022-06-15,31.592282280384964,32.51800932267223,31.37676784111419,32.116371154785156,1122760
2022-06-16,32.1163716653931,33.32618526288101,32.1163716653931,33.06169128417969,2498029
2022-06-17,33.25760732841752,33.79638960370561,32.963726427069325,33.39965057373047,1781874
2022-06-20,33.40455138533977,33.72292397101964,32.326986658160685,32.498416900634766,1010066
2022-06-21,32.792298271027214,32.86576944357309,32.20453636445832,32.733524322509766,2490887
2022-06-22,32.81679080808923,33.20863458115444,32.72372707118393,32.80209732055664,544355
2022-06-23,33.79639153624869,34.16374361816444,33.64944920872295,33.7914924621582,3403851
2022-06-24,33.79639521646094,33.86986638822435,31.273909898577166,31.9057559967041,3630808
2022-06-27,32.08698313047894,32.81678827107107,32.082084056047094,32.77760314941406,894936
2022-06-28,33.0323038957973,33.18414157657616,32.5767871165617,32.69923782348633,1003407
2022-06-29,32.69923983072708,32.93924218470017,32.57189004137638,32.6894416809082,821414
2022-06-30,32.816786078576165,34.971919046041485,32.57678376403461,33.389854431152344,2264569
2022-07-01,33.69844251275634,34.0315086490381,33.09108419918976,33.56129455566406,904607
2022-07-04,33.6445564223221,33.86986526788457,33.193934994298246,33.48781967163086,501129
2022-07-05,33.64945462606424,33.64945462606424,33.20863504631518,33.291900634765625,225617
2022-07-06,33.487821678563776,33.62006680176981,33.20863420788514,33.478023529052734,225930
2022-07-07,33.478024201841855,33.6739460901096,33.07148693764363,33.23802185058594,604105
2022-07-08,33.23802185058594,33.23802185058594,33.23802185058594,33.23802185058594,0
2022-07-11,33.23802185058594,33.23802185058594,33.23802185058594,33.23802185058594,0
2022-07-12,33.23802185058594,33.23802185058594,33.23802185058594,33.23802185058594,0
2022-07-13,33.22822104173387,33.698435030706484,33.06168987901769,33.48781967163086,995960
2022-07-14,33.72292480066926,34.188239741002576,33.45843081853118,33.879661560058594,1096994
2022-07-15,34.03640024379172,34.12946398449982,33.65435460473638,33.81599044799805,355702
2022-07-18,33.34087453941757,33.502510351027674,32.76780619305294,32.95392990112305,1039263
2022-07-19,33.223330029599914,33.223330029599914,31.543306012730277,31.827392578125,995810
2022-07-20,32.0820843798917,32.32698578737178,31.420851327075237,32.10167694091797,375484
2022-07-21,32.1016737620396,32.25351142383383,31.6412579657622,31.925344467163086,571235
2022-07-22,32.17024739810305,32.415148793113914,31.71473065390689,32.018409729003906,437624
2022-07-25,31.88616591296822,31.989024066670456,31.690244018673777,31.739227294921875,303594
2022-07-26,31.749018014873133,31.930246399971743,31.053498921087463,31.46493148803711,1508631
2022-07-27,31.469832689163876,31.69024247393922,31.102480556605542,31.190645217895508,612913
2022-07-28,31.313094335692973,32.762910230002504,31.2592157267069,31.626567840576172,3225105
2022-07-29,31.616779263056483,31.763717893581134,31.224935441191484,31.553102493286133,500361
2022-08-01,31.837184040521194,31.837184040521194,31.34738120912856,31.504117965698242,261891
2022-08-02,31.543294802137588,31.641253847921092,31.10736882722527,31.415945053100586,471222
2022-08-03,31.56779184159123,32.08208632321153,31.45513927999004,31.90085792541504,939721
2022-08-04,32.18004307112627,32.816788217874425,31.90085561934568,32.322086334228516,888714
2022-08-05,32.37596606253232,32.86576888870346,32.08208511420944,32.772708892822266,1349330
2022-08-08,32.772708892822266,32.772708892822266,32.772708892822266,32.772708892822266,0
2022-08-09,32.772708892822266,32.772708892822266,32.772708892822266,32.772708892822266,0
2022-08-10,32.84128028004148,34.090275217655574,32.71882957614408,33.54169845581055,3147444
2022-08-11,33.982515064178656,33.982515064178656,33.30658858234976,33.409446716308594,901652
2022-08-12,33.67395332520696,34.13926464003164,33.41435835565846,33.7866096496582,1084334
2022-08-15,34.016798555927004,34.33517108203879,33.51230233522444,33.9139404296875,2552966
2022-08-16,33.96782525226022,34.9229430055647,33.80618942274575,34.3400764465332,4811238
2022-08-17,34.2910979816053,34.76130826104289,34.23721937008545,34.462528228759766,1779388
2022-08-18,34.64864767166635,34.72211883617501,34.20292908427155,34.42823791503906,885561
2022-08-19,34.28620047106099,34.29109954603151,33.752317143151835,33.8355827331543,1865156
2022-08-22,33.69843538004296,33.89435351776382,33.45353397099293,33.722923278808594,638296
2022-08-23,33.796398656592444,34.58008251574225,33.796398656592444,34.413551330566406,1445670
2022-08-24,34.40864997915813,35.60866545876056,34.28619926748853,35.02580261230469,3306273
2022-08-25,35.089480022227654,35.50581174655352,32.40046310424805,32.40046310424805,7588814
2022-08-26,30.862473429558,32.13106274904824,30.862473429558,31.7882022857666,6502375
2022-08-29,31.44533952426493,32.00861351419734,31.44533952426493,31.817590713500977,2263061
2022-08-30,32.32208701979645,32.32698609432426,31.66575303522924,31.817590713500977,1094639
2022-08-31,31.910649374941258,32.63555534012608,31.46982615995137,32.43473815917969,4591204
2022-09-01,32.571888635115116,32.7433188805517,32.27800768052397,32.331886291503906,978477
2022-09-02,32.542503978579695,32.542503978579695,31.959637365681314,32.17515182495117,1115888
2022-09-05,32.25351966195873,32.25351966195873,31.592286505730314,31.631471633911133,444419
2022-09-06,31.690239599339158,31.763710766566135,31.205335874679204,31.450237274169922,716329
2022-09-07,31.739220385595804,31.739220385595804,31.3767636521397,31.42574691772461,841668
2022-09-08,31.322885658128346,31.651054466165604,31.322885658128346,31.37676239013672,612068
2022-09-09,31.56778624874525,31.56778624874525,31.107372329006925,31.17104721069336,950438
2022-09-12,31.347378461933456,31.347378461933456,31.087783581949363,31.234724044799805,502869
2022-09-13,31.34737903848331,31.739222771223865,31.337582758319858,31.58738136291504,1159880
2022-09-14,31.513911634309938,32.81678892877582,31.469831174236514,32.537601470947266,11153190
2022-09-15,32.76781048049811,32.86576955295259,31.910655517374693,32.00371551513672,2180597
2022-09-16,32.08208320220916,32.44453622564291,31.592280405228866,32.1800422668457,879693
2022-09-19,32.326988220214844,32.55719615847479,32.082086794304125,32.326988220214844,2371656
2022-09-20,32.30249488340146,32.322087444871435,31.891062303228896,32.116371154785156,1103134
2022-09-21,31.763713751721433,32.37596730798784,31.763713751721433,32.292701721191406,777625
2022-09-22,32.32698378286145,32.32698378286145,31.567787971989315,31.97432518005371,1774332
2022-09-23,32.077185920059485,32.08698406920983,31.35227983269148,31.533504486083984,1313078
2022-09-26,31.51881029353077,33.55149271643159,31.469830759572694,33.2869987487793,6374464
2022-09-27,33.33108247072561,33.845373175313185,33.21842618101661,33.58087921142578,3623616
2022-09-28,33.63965191003632,34.35966252669404,33.47801611101147,33.86006164550781,4489554
2022-09-29,33.86006754447224,34.03639685832813,33.55149311367389,33.85027313232422,2397496
2022-09-30,33.55149128954768,34.433137810893825,33.55149128954768,34.24211502075195,3419163
2022-10-03,34.09517703745132,36.808685302734375,34.09027796256926,36.808685302734375,30842445
2022-10-04,37.959716894715044,38.56707131869882,37.76379502787869,37.88624572753906,14561570
2022-10-05,38.00380280549855,38.35156613090049,37.74420788287684,37.96951675415039,4265286
2022-10-06,38.03320011241124,39.04219300149654,37.95972892195649,38.557289123535156,7427882
2022-10-07,38.35645924631682,39.20871887941127,38.31727785911752,38.7091178894043,7502506
2022-10-10,39.08626816927807,39.35565748943165,38.59646532874525,38.7091178894043,10291842
2022-10-11,39.6047969490981,40.15317199042599,38.709118489700046,39.105167388916016,5201941
2022-10-12,39.1173482997524,39.1173482997524,38.58725634280817,38.81269836425781,2896189
2022-10-13,38.78223091629302,38.99548655365849,38.45929796273829,38.59943771362305,1375428
2022-10-14,38.87362747412832,38.90409223492338,38.41664908926557,38.73958206176758,1425086
2022-10-17,38.90410098734156,38.916287359263656,38.62991575418912,38.79442596435547,923959
2022-10-18,38.89800008471609,38.965023952832425,38.75176597934297,38.8492546081543,716886
2022-10-19,38.93456337502572,39.60479747957037,38.78223723087353,39.342796325683594,2184259
2022-10-20,39.54386438072948,40.39079729384562,39.3915382503327,40.09223937988281,2037554
2022-10-21,40.03130976637236,40.82340759406547,40.037404113896955,40.658897399902344,3052970
2022-10-24,41.67643213617393,41.84703666633849,40.975730974176805,41.134151458740234,1657988
2022-10-25,41.377870761541786,42.34666268368493,41.134148032198574,41.89577865600586,3090525
2022-10-26,41.706890218312665,41.706890218312665,40.51874832974725,40.634517669677734,2412682
2022-10-27,40.51875473650545,40.853874116332584,39.300145571497765,40.11661148071289,2515013
2022-10-28,39.90945113487685,40.09224437357064,39.33670332568651,39.45247268676758,1033784
2022-10-31,39.361076326911146,40.317684365314726,39.361076326911146,40.21410369873047,683345
2022-11-01,40.366426173277134,40.82340458278593,40.281123908725476,40.80512619018555,1295869
2022-11-02,40.82949737839372,42.04201207726816,40.82340303155024,41.914058685302734,1830268
2022-11-03,41.804385243980285,42.042013644865634,41.37177957445505,41.499732971191406,1165910
2022-11-04,41.06713174608039,41.737365889025824,40.82340897174788,41.20117950439453,1435178
2022-11-07,41.487544015277116,41.85922015762438,41.31084978896425,41.44489288330078,693554
2022-11-08,41.46926613836925,42.02982985668782,41.43270935297068,41.828758239746094,1557747
2022-11-09,41.828758239746094,41.828758239746094,41.828758239746094,41.828758239746094,0
2022-11-10,42.12121496206215,42.949869386091095,42.072474139008236,42.657405853271484,4436653
2022-11-11,42.64521961097441,42.95596619999342,42.285732196101364,42.40149688720703,674141
2022-11-14,42.49898919051706,42.49898919051706,41.91405742400939,42.23698806762695,457979
2022-11-15,42.407598009540166,42.407598009540166,41.773920685946024,41.82266616821289,963238
2022-11-16,41.974993985238896,42.5538315021754,41.92015880197396,42.27355194091797,1512382
2022-11-17,42.3771383115726,43.50435093233533,42.27355299289683,42.47462463378906,4070739
2022-11-18,42.6208547037784,42.6208547037784,42.1638762559954,42.44416046142578,690873
2022-11-21,42.468524393769854,42.63913356907231,42.042013077075495,42.23089599609375,1315167
2022-11-22,42.43805674405098,42.59038285968029,41.89577614430056,42.1212158203125,735431
2022-11-23,42.33448067730772,42.33448067730772,40.3664250052422,40.59186935424805,12462817
2022-11-24,40.70154399755578,41.10368256546784,40.64060982635355,40.79903030395508,3123027
2022-11-25,40.76248100992878,40.76248100992878,39.45247511499535,39.61698532104492,6967197
2022-11-28,38.995494587317516,40.06177764243948,38.757866164066066,39.51949691772461,3952818
2022-11-29,39.45246734426592,41.3717774961443,39.361070737295606,40.83558654785156,4297344
2022-11-30,40.65889616228049,41.03056767471531,40.21410177902657,40.2872200012207,1675653
2022-12-01,40.457827045697115,41.03057021820142,40.42735995573799,40.61015319824219,1699419
2022-12-02,40.82340575176112,41.12805803349068,40.45782394341063,41.01838302612305,1618041
2022-12-05,41.24991861692396,41.24991861692396,40.36033447910895,40.44563674926758,860079
2022-12-06,40.51875306244229,40.67107920177478,39.939915592428775,40.24456787109375,691562
2022-12-07,40.26893684551135,40.67108009350623,39.92163342616349,40.54922103881836,559370
2022-12-08,40.518744093269206,40.7929292239245,40.00083626390707,40.14706802368164,629572
2022-12-09,40.732002633420635,40.732002633420635,39.63525738349772,39.8424186706543,432148
2022-12-12,39.8728913142392,40.42735603849278,39.513399211781,39.59870147705078,364236
2022-12-13,39.75712313311018,39.90944927538263,39.391541321381276,39.81195831298828,611576
2022-12-14,39.75712086112704,39.818050384829114,39.46465263928251,39.54386520385742,529059
2022-12-15,39.48293636939414,39.48902606783338,38.32525680434675,38.40446472167969,3042907
2022-12-16,38.40446837559209,39.13563668822027,38.08153767984702,38.233863830566406,1341930
2022-12-19,38.22777549252217,38.38010165792631,36.869024051721894,37.04572296142578,2348318
2022-12-20,37.1675728224495,37.28943418181175,36.13175475433848,36.351104736328125,6234699
2022-12-21,36.55217915849666,37.14320296205708,36.07082803011193,36.30845642089844,2412336
2022-12-22,36.55827495029053,37.161487509667836,36.44250791636712,37.00306701660156,2108461
2022-12-23,36.68013215774857,39.714468354422,36.55827079025194,38.31916046142578,8316311
2022-12-26,38.776144951567886,38.96503021714305,37.28944254210363,37.44786071777344,4438360
2022-12-27,37.289438847405805,37.715952496382336,36.98478657303862,37.185855865478516,2556540
2022-12-28,37.30771720792037,38.53851267422006,37.16757744074978,37.880462646484375,6403580
2022-12-29,37.703761542687616,38.751763658568336,37.41129567376889,38.16073989868164,3426389
2022-12-30,37.77687891977065,38.99548791718261,37.77687891977065,38.43492889404297,3685474
2023-01-02,38.62990863502109,38.77614042251139,37.77688135218235,37.90483474731445,1477901
2023-01-03,38.05106781333177,38.386184835125164,37.31990192303835,37.4356689453125,2486589
2023-01-04,37.380830848002745,37.76469334102645,37.10664567729806,37.19194793701172,1480197
2023-01-05,37.19804149755178,37.56362561412852,37.19804149755178,37.47222900390625,1388686
2023-01-06,37.563625203430014,38.02060360092034,37.21022746036758,37.399112701416016,3381326
2023-01-09,37.258974012204,37.47222967412038,36.64966946465733,36.75325012207031,2240681
2023-01-10,37.319898404923634,37.66110974137814,36.89947916168582,37.076175689697266,2473458
2023-01-11,37.19804340865321,37.380834314176546,36.6192036042356,36.69841384887695,2666386
2023-01-12,36.86292747817713,37.62455821119731,36.680136567114786,36.90557861328125,1736317
2023-01-13,36.68013092625038,37.28943541896446,36.43640819943987,36.98478317260742,2255377
2023-01-16,36.89339030682614,37.09446192546319,36.46687665385165,36.552181243896484,647897
2023-01-17,36.56436712207682,36.795903515177514,34.76082610836488,35.187339782714844,3257804
2023-01-18,35.46152480937323,36.375481622376086,35.193429323332474,35.99161911010742,2135184
2023-01-19,36.009900037769896,36.71060124012806,35.94897050900507,36.040367126464844,1544018
2023-01-20,35.827110884040394,36.44860187003072,35.674784730346076,35.79664611816406,820064
2023-01-23,35.948972296418276,36.37548599191628,35.522458600920274,36.229251861572266,301055
2023-01-24,36.49734056815777,36.89338709953006,36.229245099948365,36.52780532836914,1226190
2023-01-25,36.73496642933414,37.319898152750525,36.49124371575463,36.899478912353516,3092811
2023-01-26,36.832459385291465,38.29478886595683,36.832459385291465,37.83171844482422,8548077
2023-01-27,37.83172061923054,39.54386728749833,37.77688311528424,38.51414108276367,8819700
2023-01-30,38.690835369997274,39.28795581952739,37.10664461528131,37.685482025146484,4597709
2023-01-31,37.959668596143196,39.53776729052828,37.68548111559133,39.03204345703125,4097554
2023-02-01,39.068611500017376,39.90335580284996,39.0564228051384,39.13563537597656,4113242
2023-02-02,39.20874869587708,40.214102180104696,38.87363164257204,39.93382263183594,4458221
2023-02-03,39.939910590696066,41.12195812282176,39.9216275514209,40.841678619384766,7912174
2023-02-06,41.12196058801239,41.52410380093691,40.60405267781756,41.152427673339844,5499666
2023-02-07,41.73736036744886,42.71834103410661,41.310849055260555,41.45708084106445,6284871
2023-02-08,41.49363488933538,42.40759162543803,40.640607672581375,41.237728118896484,4483971
2023-02-09,41.432709512727754,41.73736178855663,40.51875268524111,40.725914001464844,5001730
2023-02-10,40.214098806371254,41.09758851160683,38.6603727264421,39.04423522949219,15727210
2023-02-13,39.19047028260898,41.09150224003638,38.995493003536296,40.2080078125,7443660
2023-02-14,40.25066194951726,40.44563924313423,39.33670501407045,39.629173278808594,2176283
2023-02-15,39.629165849828276,41.128054385140686,39.489023767269316,40.914798736572266,7228483
2023-02-16,41.1280526192683,41.24991165646827,40.3054924966078,40.46391296386719,2555458
2023-02-17,40.244564606968744,40.732005424122825,40.244564606968744,40.48219299316406,588688
2023-02-20,40.45782400694181,40.61015014804579,39.91554331650164,40.049591064453125,1659928
2023-02-21,40.15317007833146,40.91480075262218,40.037400728279366,40.579681396484375,1751562
2023-02-22,40.67107398470102,42.01154197942873,40.27502514351466,41.63986587524414,4350974
2023-02-23,41.43879665186839,42.57819299015844,41.17070120821237,42.3283805847168,7936319
2023-02-24,42.651324329883906,43.352025587885656,42.328393618023426,42.62085723876953,5346242
2023-02-27,42.77318168880503,44.11365461766909,41.56676116631516,43.02299880981445,22665002
2023-02-28,43.38248714159663,43.49825650710897,42.6513234560853,42.89504623413086,4451435
2023-03-01,42.79146048397791,43.461694557562666,41.92624449220507,42.94378662109375,7963118
2023-03-02,43.10829890450834,44.113652388190076,42.92550567161165,43.89430236816406,11207903
2023-03-03,43.571374257948335,44.387840209540464,43.412953756659824,44.22941970825195,2358783
2023-03-06,44.47313279639907,44.78997372996114,43.93085217983536,44.144107818603516,2687516
2023-03-07,44.17458172776363,44.47923401554131,43.86992943998595,43.99788284301758,1765021
2023-03-08,44.326901782341885,45.69174254247889,44.14410857533609,45.11899948120117,7528353
2023-03-09,45.387093555345494,46.5447731027134,45.387093555345494,46.27058792114258,6117944
2023-03-10,46.73863192792082,47.29896711785363,46.07941287401345,46.343101501464844,3026501
2023-03-13,46.17830020695528,47.285788501893144,45.98712606342785,46.22444534301758,2451322
2023-03-14,46.409026842722604,47.05505876089515,45.881649537345126,46.53427505493164,2500883
2023-03-15,46.50790711414653,47.13416321501667,46.15192821500354,46.54745864868164,4641922
2023-03-16,47.20668057044817,47.26600787583991,46.01349559832746,46.19148254394531,2410694
2023-03-17,45.94756870512744,46.145336444523835,45.38723348276101,45.69706726074219,1010342
2023-03-20,45.78276278696302,45.93438538730012,45.1631002759426,45.23561477661133,650958
2023-03-21,45.189462716940376,45.42018835214333,44.76096937759681,45.149906158447266,834293
2023-03-22,45.19606065073856,45.55203957429045,44.74120288406894,44.8994140625,580993
2023-03-23,44.8994140625,44.8994140625,44.8994140625,44.8994140625,0
2023-03-24,44.813714231390136,44.82689639972955,44.38522083344543,44.431365966796875,241978
2023-03-27,44.70823972139018,44.70823972139018,44.20064322098049,44.365447998046875,216501
2023-03-28,44.43137365643491,44.451149427087735,44.05561892570149,44.292938232421875,851871
2023-03-29,44.17427356564184,44.431368613836874,44.0358381573401,44.10835266113281,391529
2023-03-30,44.457738485674,44.66209480080214,44.114941731231596,44.19404983520508,1328759
2023-03-31,44.194047203735636,44.728013042795034,44.1676778373146,44.51706314086914,490853
2023-04-03,44.7609743296022,44.826895228461495,44.31929877485848,44.629127502441406,282438
2023-04-04,44.760977738792114,44.760977738792114,43.8380699961427,44.266563415527344,710021
2023-04-05,44.46432403181044,44.695054728681676,44.25996773057948,44.53683853149414,351451
2023-04-06,44.56321637726314,46.112380472711855,44.56321637726314,45.59819030761719,1738553
2023-04-07,45.65091583191639,46.145330082803575,44.66208733014203,45.004878997802734,1317496
2023-04-10,45.00488973633952,45.28835417566279,44.46433022756526,44.52366256713867,554014
2023-04-11,44.80052834284937,44.82689770974114,44.16767862577436,44.33907699584961,223692
2023-04-12,44.33248348252375,45.09058643644053,44.1808608799634,44.582984924316406,790360
2023-04-13,44.813716424733926,45.31471931722977,44.813716424733926,45.1103630065918,1116365
2023-04-14,45.1103630065918,45.1103630065918,45.1103630065918,45.1103630065918,0
2023-04-17,45.2224278766258,46.07941469229882,45.2224278766258,45.49271011352539,892388
2023-04-18,45.78276297055075,46.13874187632224,45.42678909422168,45.908016204833984,294525
2023-04-19,45.908025531655035,46.079423935057775,45.631154669619164,45.79595947265625,359627
2023-04-20,45.52566741647646,47.46377309389889,45.52566741647646,46.66611862182617,2475083
2023-04-21,46.66611862182617,46.66611862182617,46.66611862182617,46.66611862182617,0
2023-04-24,46.66611862182617,46.66611862182617,46.66611862182617,46.66611862182617,0
2023-04-25,46.66611862182617,46.66611862182617,46.66611862182617,46.66611862182617,0
2023-04-26,46.87047919508043,47.72746607691747,46.679305043610846,47.0748405456543,2137838
2023-04-27,47.088021742808856,47.45718283901946,46.6067895742977,47.285789489746094,2417995
2023-04-28,47.285786180481836,47.52969401793294,47.140757180136646,47.371482849121094,1231090
2023-05-01,47.37148284912109,47.37148284912109,47.37148284912109,47.371482849121094,0
2023-05-02,47.69449891492557,47.786789182769404,47.32533784355023,47.47695541381836,1563750
2023-05-03,47.562665454917806,47.67473150989348,46.98254935020931,47.57584762573242,2223992
2023-05-04,47.503321017541126,47.52969038189956,47.10119701259838,47.20008087158203,770067
2023-05-05,47.3253424087941,48.769033927026534,47.20008916344816,48.571266174316406,2170349
2023-05-08,49.345057903399265,49.68060259188615,48.28365606523894,48.48908615112305,2228350
2023-05-09,48.61919620100718,48.96158490664808,47.76322443690494,48.30419921875,1802120
2023-05-10,48.105607534106454,48.24256091062115,47.32496179421253,47.831695556640625,1635780
2023-05-11,47.9686580204594,48.249414032254464,47.86594036758341,48.11930465698242,667560
2023-05-12,48.208330086822215,48.41376017250919,47.927568844615294,48.05767822265625,669440
2023-05-15,48.20833092879873,48.941042551863646,47.59203021209995,48.60550308227539,906698
2023-05-16,48.605501921495254,48.61919517067841,48.276806472293345,48.36582565307617,1350057
2023-05-17,48.60550516350888,48.61919841360538,48.13985629366869,48.27680969238281,413942
2023-05-18,48.37952499224064,48.48224264848124,47.59202992697877,47.71529006958008,540717
2023-05-19,48.00289495388116,48.023437440081985,47.31811755018974,47.44822692871094,530001
2023-05-22,47.824851455929455,47.824851455929455,46.60594851097864,46.96887969970703,1101683
2023-05-23,47.242787789276136,47.242787789276136,46.39366534035396,46.53746795654297,888486
2023-05-24,46.83192435565366,46.9757269777702,46.167689464612906,46.2567138671875,1139421
2023-05-25,46.42790857297998,46.701815346133806,46.1197556165267,46.379974365234375,1037996
2023-05-26,46.53062355989556,46.79084232291536,46.15399911387616,46.47584533691406,1214212
2023-05-29,46.83877596298559,47.10583873535312,46.49638725744394,46.67443084716797,921143
2023-05-30,46.64019012451172,46.83877620167029,46.49638749438387,46.64019012451172,555067
2023-05-31,46.73605401445251,46.77029497163699,46.297796929561294,46.53746795654297,740788
2023-06-01,46.55801078113979,46.87300773667882,46.42790663664891,46.51692581176758,349817
2023-06-02,46.83878003447198,47.45508080290664,46.40052287123788,46.927799224853516,1171164
2023-06-05,47.009970395426116,47.65365761031812,46.90725273870213,47.53724670410156,698254
2023-06-06,47.6468119390002,47.66735442474241,46.94833607714369,47.22224807739258,1197751
2023-06-07,47.256485765087575,47.52354851012173,46.975724547549035,47.023658752441406,683435
2023-06-08,47.242795405705714,47.24964464313415,46.83877921286393,47.016822814941406,917494
2023-06-09,46.914101477880905,47.43452854406951,46.90725224098877,46.96887969970703,1036202
2023-06-12,46.97573250427279,47.146926868519,46.558017837557045,46.715518951416016,513458
2023-06-13,46.56485896927,46.873006681497934,46.32518794593311,46.434749603271484,332711
2023-06-14,46.516927135544684,46.6470365081748,45.880083969969135,45.94171142578125,1117071
2023-06-15,45.94171533480059,45.97595629612303,45.59248260661014,45.81161117553711,557477
2023-06-16,45.61987292920417,46.05128081665205,45.270634987306146,45.462371826171875,1618943
2023-06-19,45.660952880867214,45.660952880867214,43.832598651319465,44.038028717041016,3289618
2023-06-20,44.4420549996955,44.84607116428216,44.085967820443734,44.55161666870117,2381704
2023-06-21,44.5790072825791,44.95563693886855,43.82575319443709,43.894229888916016,1287772
2023-06-22,44.174991283050204,44.84607020551006,44.16129280944421,44.33933639526367,1104113
2023-06-23,44.33933567570796,44.50368078525437,43.84629512263189,44.09281539916992,511086
2023-06-26,44.51053720547694,47.400299072265625,44.51053720547694,47.400299072265625,5280692
2023-06-27,47.92757229162438,48.26996101683132,47.112690678249265,47.64681625366211,6057622
2023-06-28,47.64681625366211,47.64681625366211,47.64681625366211,47.64681625366211,0
2023-06-29,47.64681625366211,47.64681625366211,47.64681625366211,47.64681625366211,0
2023-06-30,47.64681625366211,47.64681625366211,47.64681625366211,47.64681625366211,0
2023-07-03,51.221351623535156,51.221351623535156,51.221351623535156,51.221351623535156,1438779
2023-07-04,54.782196258737876,54.782196258737876,52.11156314623693,52.8168830871582,11423828
2023-07-05,52.727872188684564,54.91915829376372,52.72102295023296,52.91960906982422,11441701
2023-07-06,53.39894970162087,54.42611591224286,52.76210644205774,54.200138092041016,6430102
2023-07-07,54.405557240350035,54.405557240350035,53.07024352529463,53.234588623046875,2105730
2023-07-10,53.234598451496204,53.583836420079784,53.02916834748743,53.20720672607422,1860414
2023-07-11,53.261988655478184,53.74818001284612,52.93329840867828,53.04970932006836,2662535
2023-07-12,53.24829330726728,54.78219325558118,52.89905536242057,54.72056579589844,7873696
2023-07-13,54.78220011289164,55.877843070261925,54.09742261148049,54.46035385131836,11112977
2023-07-14,54.30970239710749,54.91915396025631,54.09742304180152,54.74111557006836,3698082
2023-07-17,54.63839049589925,55.13827508248854,54.30285102584535,54.41926193237305,2429798
2023-07-18,54.44665435117947,54.706867891053314,53.89198108607885,54.52198028564453,3680529
2023-07-19,54.78219800361327,55.083501764453146,54.439809266090684,54.9328498840332,6514694
2023-07-20,54.95338671506583,55.38479459913446,54.61099801279128,55.08349609375,7245102
2023-07-21,55.12458386300804,56.07642408566898,54.77534590612668,55.2889289855957,7433769
2023-07-24,55.460113558271146,55.8778281404794,54.85751139883388,55.60391616821289,2565726
2023-07-25,55.54229586385411,56.01479394619879,55.29577557953836,55.67240524291992,3593874
2023-07-26,55.98739468614899,56.69271448404552,55.473811700367676,56.24760818481445,2850755
2023-07-27,56.24760818481445,56.24760818481445,56.24760818481445,56.24760818481445,0
2023-07-28,56.24760818481445,56.24760818481445,56.24760818481445,56.24760818481445,0
2023-07-31,58.8908580266326,59.57563544554693,58.55531855420696,58.72651290893555,3355273
2023-08-01,59.19900820323547,59.26749012748516,57.86369427136355,57.94586944580078,1959041
2023-08-02,58.19922389854059,58.19922389854059,57.17890713819817,57.350101470947266,1790282
2023-08-03,57.514454397699,60.02074227808725,57.514454397699,58.370426177978516,7170605
2023-08-04,57.86368435669439,59.198998059766616,57.72673098053595,57.95955276489258,1901613
2023-08-07,57.863687027066206,58.719658728650025,57.17890966579915,57.30216979980469,2619638
2023-08-08,57.2816320132741,58.19923124490638,56.22022492647596,56.795440673828125,1835526
2023-08-09,56.83653110885435,60.67128397010641,56.32294799642494,60.061832427978516,9879437
2023-08-10,60.26041011636815,60.39736350413061,57.521300565624145,58.473140716552734,4394428
2023-08-11,58.548463690410216,61.424526483673276,54.097410895232834,58.877159118652344,12389202
2023-08-14,58.87715911865234,58.87715911865234,58.87715911865234,58.877159118652344,0
2023-08-15,59.23326438897018,59.514025722128224,58.65120445431312,59.00044250488281,2100025
2023-08-16,58.97303681264848,59.164773665787706,58.089673261167825,58.2677116394043,893892
2023-08-17,58.20608472890376,58.88401295878615,57.726742591499544,58.70597457885742,878642
2023-08-18,58.89085966338637,59.56878786411083,58.794991240028864,59.04151153564453,2820145
2023-08-21,59.062056590465914,59.062056590465914,57.863696021963705,57.925323486328125,1173875
2023-08-22,57.521306696920924,58.20608415759855,57.18576720403136,57.4048957824707,1146321
2023-08-23,57.521301083855136,58.18553599180479,57.521301083855136,57.9869499206543,539180
2023-08-24,58.20608083267658,59.062052609627706,58.20608083267658,58.54846954345703,3934087
2023-08-25,58.548467347056906,59.06205039396092,58.13760195442108,58.57585906982422,3851878
2023-08-28,58.541609930992216,58.70596024463353,57.863681866639396,58.15128707885742,1089450
2023-08-29,58.20607980994375,58.34303320207469,56.569462219125,57.12413024902344,1206179
2023-08-30,57.26109241971459,57.31587064530477,54.79588941284946,55.22730255126953,2777146
2023-08-31,55.12458688369793,55.24784703850233,52.7963424176356,53.44688415527344,3703301
2023-09-01,53.5564378851952,54.768496764932536,53.001769883126414,54.66577911376953,1142501
2023-09-04,55.377950971723536,55.87783555483534,54.51512997315016,55.494361877441406,1599871
2023-09-05,56.02163695988646,56.322940685219905,54.508279545307204,54.82327651977539,1331079
2023-09-06,54.78904311695418,55.44642881658025,54.27546004933034,55.24099349975586,1882043
2023-09-07,55.193060546990665,55.63816692729649,54.81643609014516,55.00132369995117,2172160
2023-09-08,54.987622161466554,56.02163217706103,54.987622161466554,55.80935287475586,1517193
2023-09-11,56.425663454743244,56.425663454743244,55.54914914642245,55.63816833496094,1995112
2023-09-12,56.014796771895085,57.076198670940386,55.535449428461526,56.165443420410156,11871442
2023-09-13,56.32293502012122,56.56260603914935,55.85043699372548,56.17228317260742,3117649
2023-09-14,56.42565300456239,56.466737972519205,56.05587261964186,56.15174102783203,1255852
2023-09-15,56.494141894822555,57.15837688392017,56.0901256908199,56.97348403930664,3119628
2023-09-18,57.041961113372615,57.52130321707339,56.699572403747176,57.38434982299805,1113003
2023-09-19,57.288480588904996,57.521302400414996,57.007719343268434,57.12413024902344,580858
2023-09-20,57.1857534326962,58.199220904753346,57.1857534326962,58.02802658081055,2581456
2023-09-21,58.03488054628738,58.164989914907025,57.38434415206233,57.95270538330078,1351136
2023-09-22,58.20608416541399,60.36313421172564,58.20608416541399,59.47977066040039,7480117
2023-09-25,59.84955146371092,60.22617593465889,59.44553004280315,59.603031158447266,2785144
2023-09-26,59.40443646821039,60.12345479189424,58.8977026804881,59.80845260620117,1925798
2023-09-27,59.98650776001925,60.1919430991262,59.644119011132794,59.965965270996094,903119
2023-09-28,59.965965270996094,59.965965270996094,59.965965270996094,59.965965270996094,0
2023-09-29,59.965965270996094,59.965965270996094,59.965965270996094,59.965965270996094,0
2023-10-02,60.60280113035568,61.356055240760824,60.60280113035568,60.856170654296875,2255231
2023-10-03,60.945197720458545,61.20541129060224,60.60280896922001,60.821937561035156,922658
2023-10-04,61.06844598336652,61.93811094334361,60.9588790965844,61.321815490722656,2304283
2023-10-05,61.32181938677603,61.609424646196906,60.4316066606405,60.69866943359375,3343939
2023-10-06,61.20546968435976,62.17500286004271,61.10998174797484,62.02075958251953,2429915
2023-10-09,62.064824597588895,64.04061784839321,61.991376221774075,63.90106201171875,1972231
2023-10-10,63.90106214785479,64.7824538670141,63.57054165410802,64.23158264160156,2187052
2023-10-11,63.90107380653127,66.0311107208329,63.90107380653127,65.57572174072266,2828261
2023-10-12,65.35536527956732,67.13284177249196,64.71635263456875,66.6113510131836,3089325
2023-10-13,67.50008886424425,67.50008886424425,66.25144405298396,66.75824737548828,3311193
2023-10-16,66.11925010667626,66.98595459693777,65.88421188577924,66.45712280273438,2465358
2023-10-17,65.55368068256486,66.53790132177929,65.36271040788434,65.53164672851562,2535368
2023-10-18,65.37006035834318,65.40678735285454,64.26831776803404,64.41521453857422,1152255
2023-10-19,64.26832394774675,66.83905690565663,64.26097742738756,66.69950103759766,3342560
2023-10-20,66.91249163825901,71.17256476891738,66.58197113835965,69.90188598632812,9907472
2023-10-23,70.51151967491785,72.34775716645215,69.76967815928738,70.17365264892578,4767261
2023-10-24,70.51152056794568,71.93644267262361,69.04253055611348,70.8934555053711,2113055
2023-10-25,71.49574256049667,72.38448646604216,69.23350215763773,71.06239318847656,10409559
2023-10-26,71.06973885753833,72.2008618473126,70.76859321312502,71.07707977294922,1877730
2023-10-27,71.83361651330988,71.83361651330988,70.8053223457237,71.17991638183594,1227736
2023-10-30,71.31947712411905,73.44216763490914,71.10647286061807,72.78846740722656,3359949
2023-10-31,72.71500096063271,76.01288175838262,72.71500096063271,74.49247741699219,4982233
2023-11-01,74.91849261281622,76.74738365754902,74.5512451000083,76.47562408447266,3094253
2023-11-02,76.3874850844326,78.21637618711495,76.0202375599882,77.79771423339844,3815889
2023-11-03,79.40115569940627,80.36476195789422,78.32191551362261,79.90994262695312,3797553
2023-11-06,80.82729005851064,83.18620212822444,79.09279883029632,81.59817504882812,3996571
2023-11-07,82.50010285197108,83.1784853563586,80.1797434407664,81.12022399902344,4229243
2023-11-08,81.32836604773892,83.25557851332516,81.28981944587292,82.453857421875,10009805
2023-11-09,82.453857421875,82.453857421875,82.453857421875,82.453857421875,0
2023-11-10,83.25557675842447,88.42050370477249,83.25557675842447,87.28730773925781,9868308
2023-11-13,88.65178117582201,92.50620644433602,88.35113647538883,92.36744689941406,8814840
2023-11-14,93.28481065968757,96.16791938153197,93.28481065968757,94.6646957397461,9974473
2023-11-15,94.81885267043153,96.35291213595377,91.35758075225823,92.23638916015625,8250601
2023-11-16,92.23639190529775,94.04025999160078,91.27278565029336,92.04367065429688,4820727
2023-11-17,90.19355075936433,92.42140808111466,88.7674145945747,89.4920425415039,3919513
2023-11-20,89.49974408826233,90.3708478708584,87.67275046839598,89.12972259521484,3944748
2023-11-21,89.11430118931162,92.03595592592202,88.65948188092602,91.34986877441406,5031871
2023-11-22,91.73531109419703,93.89379135485,90.8873388065782,91.19569396972656,6264918
2023-11-23,91.69676398373534,91.92803182515786,90.20125115506234,90.3631362915039,2162863
2023-11-24,90.20127114545325,91.85096486114129,89.80811808045864,90.15501403808594,2123494
2023-11-27,90.81027020473655,91.3498874404376,89.15286600738797,90.50191497802734,3665519
2023-11-28,90.87963601150958,95.49723570942673,90.69462525049644,93.03811645507812,8839722
2023-11-29,93.27708086144922,94.12505314754893,90.39397273615602,92.28263854980469,5352623
2023-11-30,93.12291032738057,95.66682729786139,92.12075747509715,94.2638168334961,5524280
2023-12-01,93.97087967890597,95.05011982075881,93.09207127744801,94.22527313232422,2100919
2023-12-04,95.05011675337686,97.00815935211364,94.0479639651287,95.35076141357422,5371786
2023-12-05,94.93448714145809,97.51695066662924,94.04796823184796,94.510498046875,6392358
2023-12-06,94.70322158864572,96.0522703459808,94.03255539908606,95.29680633544922,3555975
2023-12-07,95.58973038814001,96.80772997719876,93.8937859112271,94.31005859375,5853690
2023-12-08,94.81885932201284,95.78246561593573,94.04797428687452,95.1117935180664,3948341
2023-12-11,94.81886043715824,95.95977289039085,91.42696506638104,92.15930938720703,6637805
2023-12-12,92.15931469111656,94.04027030788492,91.73532553984839,93.26168060302734,7301760
2023-12-13,93.26938274517516,96.34521840157622,92.89165070858404,93.76274871826172,10930896
2023-12-14,94.04796926606349,94.57988179395598,92.12075678110317,93.07665252685547,4909947
2023-12-15,93.28478969340607,94.43340662516091,92.35201960720134,92.72975158691406,7268649
2023-12-18,93.35418167757084,94.43342196198508,91.82783251821064,92.37516021728516,4202917
2023-12-19,92.50620921898843,92.50620921898843,88.80595849767434,90.33231353759766,5349279
2023-12-20,91.34987936995893,92.50620695692044,88.57469433752856,91.51176452636719,7129829
2023-12-21,92.50619394878366,92.50619394878366,89.80809662527747,90.88733673095703,2843174
2023-12-22,90.88734258678336,91.4269597336977,89.03721741232796,89.56912994384766,1729703
2023-12-25,89.56912994384766,89.56912994384766,89.56912994384766,89.56912994384766,0
2023-12-26,89.4226618583835,89.4226618583835,84.02646674623968,84.6585922241211,4885560
2023-12-27,84.47357713385534,89.57683191404466,84.41190492420465,88.35112762451172,4758258
2023-12-28,89.43807609322336,92.66037566382373,89.11430580120457,91.38842010498047,5717872
2023-12-29,92.12075212970167,92.12075212970167,89.58453992178714,90.2629165649414,6034660
2024-01-01,90.30917668578208,94.39486355558813,90.30917668578208,93.6008529663086,4739047
2024-01-02,94.0479824521376,94.43342500317095,91.78928886782671,92.41370391845703,2619172
2024-01-03,92.4291286526002,94.38717759681415,91.73533085640048,92.3982925415039,3967343
2024-01-04,92.8916362399895,93.65481069177079,92.12075129193978,93.38500213623047,2134504
2024-01-05,93.64711542134272,94.3948689552008,90.9644329466322,92.93789672851562,3494638
2024-01-08,93.0843694423139,94.81886079838185,92.39057172360948,92.79143524169922,3218293
2024-01-09,93.27708119542281,93.90149613791078,92.429108906287,92.7143325805664,2027799
2024-01-10,93.16146140345194,93.89380576348566,92.12076771433715,92.42912292480469,2058497
2024-01-11,92.66037400314066,93.8089968797516,91.65822703894047,93.15373992919922,3857614
2024-01-12,93.62398734534138,94.24069774036863,91.696774712614,92.29035949707031,4664750
2024-01-15,92.69891624282883,96.16789855545028,92.54474160371096,93.79357147216797,9719333
2024-01-16,93.65481950696861,93.93233858489864,91.27278761635284,92.15159606933594,5372640
2024-01-17,91.73531344848817,92.50619843545026,88.51301396773123,90.370849609375,4840874
2024-01-18,90.19353906010491,90.19353906010491,88.26632668702575,89.39952850341797,3661566
2024-01-19,90.14730443653346,90.63295992663409,89.35329373371124,89.68476867675781,1140328
2024-01-22,89.808102356089,91.69676825050823,88.85220660440878,91.05693817138672,1973088
2024-01-23,91.73531192883388,92.03595659825785,90.42480982526192,90.97213745117188,1640753
2024-01-24,91.64281093721391,91.65823193150588,90.1935491872309,90.34001922607422,1831819
2024-01-25,90.69462226855043,90.69462226855043,89.0372183268811,89.29931640625,2443102
2024-01-26,89.19140210842464,89.56914003520855,88.1892550253354,88.6209487915039,4125916
2024-01-29,89.02950836223948,89.02950836223948,86.72456382384274,87.2025146484375,6223575
2024-01-30,87.49544914134077,89.34557435232472,86.38537283847323,87.63420867919922,5211113
2024-01-31,87.30272796046482,88.45905548311998,87.30272796046482,87.83464050292969,1863499
2024-02-01,88.02736651381572,88.11216434057056,86.57039422704447,87.62650299072266,805437
2024-02-02,88.25862672472131,88.53614581007842,87.49545218068232,87.87318420410156,3223960
2024-02-06,87.86548248041004,88.65178266054576,87.30273379397225,87.9579849243164,2422556
2024-02-07,88.57469379964743,90.95672579125755,88.04278123083165,90.52503204345703,4544017
2024-02-08,90.52503204345703,90.52503204345703,90.52503204345703,90.52503204345703,0
2024-02-09,87.09459992604883,90.01624923716908,85.2213489248886,89.2530746459961,4000640
2024-02-12,87.88860291970263,89.02950945757912,85.76866911126027,87.21022033691406,2234259
2024-02-13,87.29501227104684,89.8080989175888,85.19049959857111,88.5746841430664,2495415
2024-02-14,89.50745645508397,90.50189879568016,86.92499292075635,87.47232055664062,7365560
2024-02-15,88.26632820412468,88.26632820412468,85.32925837911377,85.7763671875,2586542
2024-02-16,84.83589186410178,85.95367269911455,83.25557534981499,83.50225830078125,3967680
2024-02-19,82.48468434101827,85.88428957477365,82.48468434101827,85.47571563720703,3626055
2024-02-20,86.33141755084424,87.99653212912789,84.95153256644798,87.17938995361328,2830766
2024-02-21,87.86547236740583,88.64406196047436,87.64961963323346,88.50530242919922,2326149
2024-02-22,87.91943794520984,90.1935463773844,87.91943794520984,88.6440658569336,3172182
2024-02-23,88.66003740385577,89.45071613498334,87.06270318715964,89.13923645019531,4741465
2024-02-26,89.45072005503303,90.64872077005579,89.40280197630308,89.90596008300781,2584745
2024-02-27,90.24938319963695,90.40911418389064,88.89963383731134,89.29098510742188,1371898
2024-02-28,89.49064639615526,90.04172252337678,88.66801420699414,89.33889770507812,1196247
2024-02-29,89.45072663733532,91.84672824369252,89.45072663733532,91.15987396240234,2126329
2024-03-01,91.08798996840757,91.84672131585201,90.81643997162911,91.29563903808594,950682
2024-03-04,91.84672831361323,93.43607434090288,91.48733050972491,92.69331359863281,2737894
2024-03-05,93.03673970816847,93.36419618246315,91.84672729543438,92.26203155517578,943331
2024-03-06,91.94257329235623,93.84339909749187,91.94257329235623,92.66935729980469,2380806
2024-03-07,92.68532255261943,93.52391938020513,91.71094768246085,93.2284164428711,1200040
2024-03-08,93.44405122563623,93.84338477788253,92.73323799010552,92.9488754272461,993138
2024-03-11,93.04472090701529,94.24272160538888,92.88498991790414,94.09097290039062,1518646
2024-03-12,94.09096327663798,94.23472358947267,92.68531365486099,93.01276397705078,663995
2024-03-13,92.80513026773566,93.36420098823253,91.64706521434866,92.0783462524414,685928
2024-03-14,92.44573338255664,93.35621355216111,92.25405495036293,93.17252349853516,884046
2024-03-15,93.59580002831365,93.64371810476506,92.0463838940228,92.37384033203125,812642
2024-03-18,92.64538889366855,93.84338961212117,92.24605532085103,93.27633666992188,972772
2024-03-19,93.1245911004679,94.5621944483937,93.04472560188245,93.24439239501953,9327284
2024-03-20,93.52391667472509,94.1628527953661,92.88498664743051,93.10062408447266,1313321
2024-03-21,93.42808407752153,94.15486800139679,92.72525309939982,93.0606918334961,1105993
2024-03-22,93.3003009976336,93.3003009976336,91.88666275080682,92.11827087402344,507108
2024-03-26,94.50629195095921,94.63407553538214,93.36419760261418,93.85936737060547,620435
2024-03-27,93.88332716292538,98.23606075072017,93.52392328465854,97.42940521240234,5092381
2024-03-28,97.51725798911954,99.2743293786013,97.437392492631,97.8127670288086,3430695
2024-03-29,97.7967899674406,97.7967899674406,96.6387250386141,96.85436248779297,776542
2024-04-01,97.43739254395761,97.87666191489615,96.08764310720723,97.66101837158203,1682584
2024-04-02,97.59711920651071,98.00444114209425,96.72657497426471,96.90228271484375,1037505
2024-04-03,96.64671948487482,97.43739830597463,96.23939750713068,96.73457336425781,1006208
2024-04-04,97.38947341280769,97.65302893917736,96.59878855365851,97.229736328125,3481568
2024-04-08,97.42939963960947,100.83172325518892,97.35752252407548,100.34453582763672,8052933
2024-04-09,101.43072615696083,103.03604271129052,101.33488390714473,101.86200714111328,6033616
2024-04-15,102.62873017029708,107.01341727061913,101.83006300943873,104.68929290771484,9788113
2024-04-16,105.41608446857133,106.61408522712911,104.06633499739185,104.29794311523438,2517747
2024-04-17,103.90660460993459,105.44004412748285,102.70860384434746,103.56317138671875,3383064
2024-04-18,104.29793665615614,104.29793665615614,102.3092633195911,102.67664337158203,1876144
2024-04-19,103.6669992269763,106.9255626839999,102.22939590965801,105.7275619506836,6419447
2024-04-22,105.90326417565748,106.46232871803748,104.86499449027005,105.11257934570312,2280635
2024-04-23,105.40809410745337,106.0550125924283,104.22607005852764,105.51192474365234,1969582
2024-04-24,105.74353099654525,110.61540572631702,105.42406899547905,107.71623992919922,7181188
2024-04-25,107.89992045202492,109.08992652530497,106.7817792998301,107.26896667480469,2546913
2024-04-26,107.81208223078347,110.37579694025892,106.62206379818583,109.82471466064453,4064507
2024-04-29,110.22405276610837,113.41073919115415,105.06466962463689,105.9112548828125,13557616
2024-04-30,105.42405776658752,107.22105875124527,105.22439099051444,105.55982971191406,6109741
2024-05-02,106.63804979563824,107.1811376513925,105.44004897497433,106.08696746826172,2605188
2024-05-03,106.09494018626748,109.25766742977252,106.09494018626748,108.89826965332031,3962405
2024-05-06,109.36948393853076,111.36615185858078,108.30725514266089,110.03237915039062,5552608
2024-05-07,110.6233797093467,113.41073237824699,110.10425094989822,111.7654800415039,7473818
2024-05-08,113.7541647059131,114.59276771253727,110.655344222554,111.87730407714844,5358834
2024-05-09,112.6172938033783,113.71507927209176,109.86874164909784,110.26720428466797,3804568
2024-05-10,110.9584064303389,112.9100458384979,109.98259293033033,110.5843505859375,4339382
2024-05-13,111.32432556152344,112.4139960793891,110.51114564534535,111.32432556152344,2754228
2024-05-14,111.48697903266645,112.30828633677925,110.91774312622178,111.4544448852539,2617289
2024-05-15,111.81224141157519,112.05619787446503,110.51114854825677,111.19422912597656,2004920
2024-05-16,111.19421713498853,111.32431648077778,110.10454670600751,110.283447265625,2210327
2024-05-17,110.34850890934072,111.69026317659123,109.95005870330246,111.41377258300781,2043699
2024-05-20,111.29181330009455,111.80412066151081,110.57621094232478,111.01533508300781,1940146
2024-05-21,111.38937871313911,111.38937871313911,110.34850943859882,110.55994415283203,1539000
2024-05-22,110.5924836838256,111.70653635032913,110.0639216294761,110.89335632324219,2838309
2024-05-23,110.9177366602855,112.00740718853379,110.60873672672935,111.56828308105469,3025811
2024-05-24,111.73091799610681,114.65837072249067,111.6658745205348,113.79640197753906,6648379
2024-05-27,113.8451875585147,114.45507249186389,112.3896009771699,113.12958526611328,6359550
2024-05-28,113.12958526611328,113.12958526611328,113.12958526611328,113.12958526611328,0
2024-05-29,113.60124196983311,113.76387548598778,112.22696580326362,113.17025756835938,7447908
2024-05-30,113.19464005107537,114.65836635855742,113.01573947970864,113.64189147949219,2420371
2024-05-31,113.44672248819623,117.82976161833562,113.44672248819623,116.62625885009766,3989738
2024-06-03,117.01659815805044,118.68361965565303,115.75617907248619,116.17902374267578,1997487
2024-06-04,116.69132624558262,116.89462123904181,113.84519633715377,114.49574279785156,2587573
2024-06-05,114.25178302390248,115.67484793701158,113.2353080859674,114.6502456665039,1575687
2024-06-06,115.0568292958534,115.06495662797775,113.11332981803862,114.43880462646484,1083897
2024-06-07,113.08078581574026,114.61769520682996,110.59245750713211,114.34121704101562,4351886
2024-06-10,114.65836473299552,114.65836473299552,111.81223511196372,112.3001480102539,936525
2024-06-11,113.47925657329436,113.8451850435921,110.9990554175023,111.9098129272461,1235103
2024-06-12,112.21882939421809,113.0157422446222,110.8364260064972,111.7634506225586,4540108
2024-06-13,113.84518525676442,118.72426462491147,113.19463885938339,117.74845123291016,5057924
2024-06-14,118.31767035562335,121.04182786658615,116.69131062564914,118.28514862060547,2838233
2024-06-20,118.56164343998783,120.22866487884963,118.12251930269377,118.63482666015625,3919441
2024-06-21,118.9682269798855,128.71824645996094,118.23635759345312,128.71824645996094,17948664
2024-06-24,136.1913664340099,138.1592603067363,132.54832394943367,134.2885284423828,20112895
2024-06-25,135.31312921095798,136.61422200281237,132.76788458379824,133.31271362304688,8435082
2024-06-26,133.36151453075607,137.9966378590382,132.54833456410512,133.83316040039062,10891866
2024-06-27,134.01205138547854,134.987864793927,132.54832506873555,133.71116638183594,2683592
2024-06-28,134.15028223885298,134.17467664195487,132.37754369522955,132.61337280273438,2422659
2024-07-01,132.75160681162066,134.70323343395685,132.42633984394445,133.07687377929688,3790120
2024-07-02,133.11756242151804,134.37799389276083,132.71097242486823,133.2964630126953,2233091
2024-07-03,133.9307329152834,136.28896217347128,133.44283239879496,135.54896545410156,5684381
2024-07-04,136.5979498159065,137.59003024071646,133.93072085980302,134.33731079101562,6724820
2024-07-05,134.57315598041643,134.57315598041643,132.64591103863853,133.15821838378906,2720120
2024-07-08,133.76809699479657,134.17468695526708,132.54832711338506,133.6379852294922,1473755
2024-07-09,133.76809855334676,134.1665611861811,130.31208384908095,131.8408660888672,4087231
2024-07-10,131.73514613662667,132.54019871883673,128.48242647893218,128.8076934814453,5305104
2024-07-11,128.88902359591185,134.70325534376423,126.1648657680098,133.15821838378906,18624585
2024-07-12,134.01205586001166,134.58127933326736,128.80769682761698,130.53164672851562,8986947
2024-07-15,132.54833210055958,134.70325400887654,131.65382919061213,132.74349975585938,12867737
2024-07-16,132.74349975585938,132.74349975585938,132.74349975585938,132.74349975585938,0
2024-07-17,132.74349975585938,132.74349975585938,132.74349975585938,132.74349975585938,0
2024-07-18,133.3533891155833,133.3615164484357,131.7188894179009,132.20680236816406,7087368
2024-07-19,132.20678677961368,132.20678677961368,124.41652201665296,126.4332046508789,16720522
2024-07-22,125.75013193418083,125.75013193418083,120.44819581991912,122.31851196289062,7802483
2024-07-23,122.79016049996272,126.43320284713934,122.57059846055111,124.66047668457031,4498189
2024-07-24,124.82311421633314,124.82311421633314,122.79016447339612,123.26181030273438,1896074
2024-07-25,123.61148086538235,123.61148086538235,119.70822699612481,120.40756225585938,3773668
2024-07-26,119.5455888635093,122.79018157197821,118.31769151472072,120.64338684082031,5504359
2024-07-29,120.7572248291618,122.83083622199794,118.72427491621295,119.26910400390625,4205142
2024-07-30,119.52932746209054,121.64358792514093,118.72427483021497,120.0253677368164,3239833
2024-07-31,119.94403273401264,120.5132561704443,118.72426290959895,119.30975341796875,2170547
2024-08-01,119.54559522889288,119.78142439302864,118.56978164607013,119.10648345947266,1043610
2024-08-02,119.53745400481013,123.60335380089211,118.92756903539782,121.20447540283203,3357123
2024-08-05,121.57039861610602,121.57039861610602,115.0649592252776,116.08956146240234,8140989
2024-08-06,118.11438852802506,120.35063340549198,116.04077716001837,117.17109680175781,5616835
2024-08-07,117.91108034799296,118.88689370372767,116.50428265674094,116.9027328491211,2818864
2024-08-08,116.89461211355156,118.72426691185062,116.48802215837398,117.97614288330078,2664075
2024-08-09,117.51261478637552,121.88752631758355,114.49572451377422,118.74052429199219,10305942
2024-08-12,119.5293254827279,124.33520956368655,118.74866727006615,120.59458923339844,9417291
2024-08-13,121.81434541972139,124.40025141670564,118.00052989383383,119.03327178955078,12130223
2024-08-15,119.53744161947498,120.7409443601401,119.04952873124147,119.2609634399414,2589517
2024-08-16,120.10667513745314,121.48095122686033,119.4154796305693,120.5457992553711,4047714
2024-08-19,122.79016938566019,123.35939285482644,120.60271338944753,121.1800765991211,10154792
2024-08-20,121.18007766691444,121.89566757382566,119.73261837193394,120.10667419433594,1459596
2024-08-21,120.35061812727419,120.51325161608848,118.43964051132167,118.72425842285156,1988759
2024-08-22,118.88690532566308,120.33436463326471,118.88690532566308,119.72447967529297,1438498
2024-08-23,119.94402811043632,120.7572079620325,118.56162484435079,118.91942596435547,1256569
2024-08-26,120.35063776496267,127.88881969925052,117.51263515073619,125.51433563232422,23216204
2024-08-27,125.75828188678388,126.44948984921649,123.64402133419026,124.12379455566406,3718845
2024-08-28,124.12376949257356,124.40024765846326,123.08290029663857,123.63585662841797,1767084
2024-08-29,123.60334146797457,125.67695263870351,123.60334146797457,124.8393783569336,3426505
2024-08-30,125.22970852448269,125.47366498375597,123.20488604309764,123.48137664794922,2982659
2024-09-02,123.60336084468429,125.8396058599664,121.97700083357002,124.99390411376953,5045437
2024-09-03,125.22969612540233,125.96155302261957,124.49783922818509,125.3028793334961,1705836
2024-09-04,125.2297003650674,126.04288023756784,124.41652049256696,125.65255737304688,3069517
2024-09-05,125.77454593025666,125.88026329818861,124.416536853577,124.94509887695312,2280864
2024-09-06,124.97764031675031,125.36796325537362,124.0099540994583,124.90445709228516,2353445
2024-09-09,124.97762565937606,124.97762565937606,121.98511705917869,122.66819763183594,3305972
2024-09-10,123.03411187298488,123.35937884466983,121.82246944840014,122.15587615966797,4511772
2024-09-11,122.38358056233281,122.78204319853633,121.08248769941036,121.2939224243164,3476501
2024-09-12,121.36711474530563,123.09919211227626,121.00118622770196,122.009521484375,1877149
2024-09-13,123.60333648882776,124.0099264114884,122.61125608488469,122.96092987060547,3837508
2024-09-16,123.44071337963481,125.2297067081227,122.99346194547766,124.4165267944336,3152305
2024-09-17,124.4165267944336,124.4165267944336,124.4165267944336,124.4165267944336,0
2024-09-18,124.41653883179141,125.42488648925469,124.09939913109488,125.00202941894531,5419251
2024-09-19,126.43092373736478,128.2557666844941,124.72657590451085,125.3463363647461,6029493
2024-09-20,126.08659768813939,126.08659768813939,120.63787828947187,123.2030029296875,14592154
2024-09-23,123.95187001381338,123.95187001381338,115.43018420412882,116.04132843017578,18501013
2024-09-24,115.34410892995567,115.34410892995567,108.63865583917179,111.11769104003906,21241308
2024-09-25,112.75316521547006,113.14911521437922,109.45638827736238,110.3602066040039,13308966
2024-09-26,111.04021698413982,111.47060542206285,105.45377689871678,105.97885131835938,9988276
2024-09-27,105.01478075799704,109.7490536610215,103.48259894195309,106.5383529663086,16264755
2024-09-30,106.7277268454817,106.7277268454817,101.6663609972099,102.72511291503906,20477310
2024-10-01,104.49831858766447,110.17944490198155,103.33627106815521,108.86245727539062,19621123
2024-10-02,109.30145256703369,110.8680662468008,106.09075187232078,106.5383529663086,9435125
2024-10-03,106.72772729982786,108.88827918411714,105.68618802613153,106.38341522216797,5281521
2024-10-04,106.56417989764097,108.45788639834863,104.79958467459481,107.8897705078125,11096288
2024-10-07,108.28573656149,108.28573656149,100.06531454608988,104.75654602050781,28080507
2024-10-08,99.85012929478953,100.71090627146874,94.51331466626122,96.3381576538086,45845448
2024-10-09,96.3381576538086,96.3381576538086,96.3381576538086,96.3381576538086,0
2024-10-10,96.39840548231452,102.77676561510407,95.71839092709465,97.03538513183594,46573519
2024-10-11,94.68545876676299,95.17610133586614,87.33442327080587,92.01705169677734,58159761
2024-10-14,92.3269273797745,92.3269273797745,82.85838196722067,84.62297058105469,37178277
2024-10-15,84.1409389342748,85.52679021856878,80.05224880703383,85.0705795288086,33284625
2024-10-16,85.00172295091741,88.57394857065051,84.35614024496108,87.56684112548828,24345667
2024-10-17,87.79924897168519,88.2296374470366,82.72927325742228,83.80524444580078,11399185
2024-10-18,86.07768146315003,89.33141677170416,84.37334048060906,88.0918960571289,19742481
2024-10-21,88.48786800525492,90.3815745596215,85.86249583164043,89.27117156982422,15285203
2024-10-22,89.61548847207739,91.90515173601004,89.61548847207739,90.69145965576172,12210696
2024-10-23,91.23374036317125,92.74009991457687,90.86360603928047,91.8190689086914,11577866
2024-10-24,92.18920110295885,94.58215974144572,91.67273629642027,93.70417022705078,11398602
2024-10-25,93.82467781288067,93.99683055813188,89.52940311696196,90.04586791992188,11183702
2024-10-28,90.81196526845645,92.36136635489575,88.65141335547908,88.91825866699219,7519915
2024-10-29,89.047364567868,90.9841125252212,87.84228220372442,90.47625732421875,6980150
2024-10-30,91.45754386754089,92.43021938165548,88.01443633370405,88.9096450805664,13691962
2024-10-31,89.26255668460463,90.89803401243185,88.46203395171693,89.11622619628906,7820651
2024-11-01,90.20080252834542,90.29548850263333,88.68583350694458,89.39167022705078,6075731
2024-11-04,89.95118973737584,92.4474441631463,89.55523313520916,91.7243881225586,11063078
2024-11-05,92.61959701794392,95.09863879711233,92.58516515243248,93.45455169677734,19200408
2024-11-06,93.82467919657671,95.0297681327263,92.87782594931858,93.38568115234375,10014386
2024-11-07,93.824685732336,95.8389006040553,93.44594178016716,95.21914672851562,13989739
2024-11-08,95.9852333978411,98.12856602751908,95.2879996472083,97.65513610839844,15632652
2024-11-11,97.6981849240319,97.87033768908572,94.42722985035331,95.22775268554688,9391683
2024-11-12,94.74571404413577,96.35536922702516,94.47026569613824,95.10723876953125,4974244
2024-11-13,96.30372316588199,96.30372316588199,93.83329751305499,94.3153305053711,4947373
2024-11-14,94.7284975106009,95.54623291315528,94.68545604006378,95.34825134277344,3775360
2024-11-15,95.38268766577697,98.02527252704466,95.28800167993296,96.80297088623047,11732865
2024-11-18,96.83740192029202,97.07841840320724,95.2880008626847,95.64092254638672,3369237
2024-11-19,96.30371362970166,96.30371362970166,94.98672607238656,95.18470764160156,2449153
2024-11-20,95.25357851133607,97.16449778520541,93.53202464618016,96.20043182373047,13916066
2024-11-21,96.14017491988237,96.14017491988237,94.70267249298576,95.15888977050781,3743752
2024-11-22,95.54623811257777,95.66674635599188,93.85050652955643,94.32393646240234,5501528
2024-11-25,94.32392811843806,95.52901701318275,93.82467597291145,95.32242584228516,13312513
2024-11-26,95.32243321568741,96.36397248917174,88.66002176823228,89.95118713378906,17265655
2024-11-27,92.96390444701892,95.43433649420349,92.96390444701892,94.9953384399414,14129974
2024-11-28,95.1158391672005,95.96800638517493,93.8246739296367,94.21202087402344,5793049
2024-11-29,94.42722127851687,95.29660776769431,93.32542792089332,93.56644439697266,7270290
2024-12-02,93.56644091716916,94.93507952287113,92.96389974937973,94.07430267333984,6399335
2024-12-03,94.29810997417144,95.28799813391048,93.99683281194851,94.84900665283203,4353357
2024-12-04,94.90065555289208,98.98934592818674,94.47026709233474,98.21464538574219,17560976
2024-12-05,99.11845805231243,107.59710892191833,98.81718746077233,104.53274536132812,30138072
2024-12-06,105.35910066786691,105.70341276351232,102.04511070259476,102.41524505615234,7249009
2024-12-09,102.51852743980827,105.43656060438569,102.00206261343472,103.77526092529297,6745762
2024-12-10,104.1626209488614,104.57579020877462,100.19443866910669,102.64765167236328,10975976
2024-12-11,103.49981221624371,104.40363058462512,101.57167380653078,102.82840728759766,8933581
2024-12-12,103.50842169543925,107.16672350172297,102.84562637540108,106.07353973388672,14843124
2024-12-13,106.73632825634465,106.9515224665389,103.55145657235231,105.27301025390625,8037634
2024-12-16,105.87555215839673,111.8149071476638,104.58438688817238,110.89388275146484,21772456
2024-12-17,111.90099263664622,121.79992660065723,110.26552184418337,120.01811218261719,33289968
2024-12-18,122.05816217602865,123.5042610058023,111.47920714192114,113.2524185180664,21833566
2024-12-19,110.6270546323254,113.62255466868211,102.43245458767554,103.81830596923828,21735850
2024-12-20,103.80969545237734,110.17944598693857,101.57167676920899,109.79209899902344,20727996
2024-12-23,111.21235729896364,116.20486524759441,109.31865101069992,115.45599365234375,14548027
2024-12-24,115.77449193802613,116.97097129215783,111.70302091776688,112.49493408203125,13302339
2024-12-26,112.5035301374588,112.5035301374588,108.139391830023,109.23258209228516,6518898
2024-12-27,109.2325888413314,110.9971775285266,108.45788832556464,108.75054931640625,4434987
2024-12-30,109.964246353966,112.74455199706082,108.88827525461214,111.65137481689453,6195672
2024-12-31,112.76177735690818,113.62255428329681,110.27413256502165,112.6670913696289,8048493
2025-01-01,112.6670913696289,112.6670913696289,112.6670913696289,112.6670913696289,0
2025-01-02,116.50615781634794,116.89350479163129,112.77037611552679,114.17344665527344,4925309
2025-01-03,114.04432886144033,114.4833203237671,111.26401019680056,112.8392333984375,4630890
2025-01-06,112.83923745500334,114.56940738075134,110.4807172222,113.09747314453125,8423589
2025-01-07,114.57800421309936,116.15322738601743,110.22247556064333,114.04432678222656,12151933
2025-01-08,114.48333233467508,114.91372080209868,110.60983612786278,111.1349105834961,4594492
2025-01-09,112.27973921735042,112.27973921735042,108.89688578948838,109.56829071044922,4923868
2025-01-10,109.31865852670917,109.92119968698182,107.5971048491232,108.50092315673828,4747994
2025-01-13,109.0260057193625,110.5237491250131,108.0705428313657,109.94703674316406,3947533
2025-01-14,110.17944173914621,110.61843322393695,109.06042915710042,110.0158920288086,2674148
2025-01-15,110.93692599863124,114.46610324649116,110.60982658858683,112.91670227050781,13012938
2025-01-16,113.60533533686423,115.1719556511296,112.41747210702883,113.36431884765625,11084959
2025-01-17,113.36431116179944,119.47583219308646,112.76176997963051,118.27073669433594,36888747
2025-01-20,119.98368182758418,123.0652644556083,118.64087207407455,118.95075225830078,21405956
2025-01-21,119.20898930907623,119.20898930907623,114.79319991652768,115.36991882324219,8482897
2025-01-22,115.75726572760651,117.0656502016129,112.93391874408529,113.4073486328125,6122696
2025-01-23,113.62255110422508,115.73145188798905,113.19216265307271,114.1218032836914,5778329
2025-01-24,114.1132005707582,115.75727447672753,113.79470418458985,114.13902282714844,4089489
2025-01-27,114.09597898786234,114.78460312427933,111.47060685587988,111.78048706054688,2952815
2025-01-28,111.48782658930978,112.84785565308947,110.26552498033605,110.71311950683594,3716336
2025-01-29,111.0402134597362,111.38451894538127,108.50092438346965,109.37891387939453,2840992
2025-01-30,109.75766204350384,112.53797426144999,109.40474036968628,112.04732513427734,4622146
2025-01-31,112.50353778538322,113.51064517851417,111.8579551127803,112.22809600830078,3816431
2025-02-03,112.34859622472732,112.67568249075192,110.05031708332326,110.24829864501953,2281572
2025-02-04,110.6098213444136,111.25540395926426,109.10346190976206,109.38751983642578,3087638
2025-02-06,109.66297532032367,110.1794401325035,107.72622734924451,109.17233276367188,3158499
2025-02-07,109.3186614707198,109.83512627446305,107.59710774677146,108.81080627441406,3300214
2025-02-10,108.93992835004417,111.7030281300513,108.93992835004417,111.2984619140625,3281308
2025-02-11,112.07315359592313,114.48333162544684,111.98708378361984,113.56229400634766,8063640
2025-02-12,114.68992042205656,115.25802320151922,111.51365151696567,112.48632049560547,5723801
2025-02-13,113.09747364957609,113.59672581571608,111.72884156370309,112.03010559082031,3613984
2025-02-14,112.33138889371388,113.62255428329681,111.56529795460456,112.6670913696289,8154207
2025-02-17,113.62254251304027,115.17194344691872,112.94253459077784,113.39012908935547,9928809
2025-02-18,113.62254608912512,115.9466409958838,112.76176922481358,115.697021484375,8737409
2025-02-19,116.21346235869206,116.42005350364829,113.70861203995234,114.05291748046875,4451250
2025-02-20,114.46611597996251,114.47473215555114,111.90100432762668,112.42607879638672,2870438
2025-02-21,112.84786297086109,112.84786297086109,111.90100307568589,111.97846984863281,1481556
2025-02-24,111.90099394781988,116.20487833042834,111.25541129042861,114.87928771972656,6015676
2025-02-25,116.2048903077887,117.06566727303158,113.19217092943863,113.55369567871094,5707030
2025-02-26,113.62254967266466,117.51326489969762,111.99568187318258,113.4762191772461,17241858
2025-02-27,113.19214920387007,114.26812020390686,111.99566997720564,112.822021484375,3431443
2025-02-28,113.27824549600798,114.3111751509695,112.11619142516804,112.94254302978516,4482294
2025-03-03,113.20075599968484,114.91370661697034,112.3399791710933,113.4417724609375,2955643
2025-03-04,113.4417724609375,113.4417724609375,113.4417724609375,113.4417724609375,0
2025-03-05,115.51625550207913,116.41147081900552,114.76738381409129,115.02561950683594,4168633
2025-03-06,115.02560641245627,116.20486640930197,114.95674269326953,115.7830810546875,4875849
2025-03-07,118.9031917380656,118.9031917380656,116.31057120939717,118.04493713378906,4951997
2025-03-10,118.27738575859854,118.27738575859854,116.26586563903562,116.4267807006836,2557847
2025-03-11,116.22116823404266,118.00918620687409,115.19306335626241,117.30292510986328,4810747
2025-03-12,117.44593948567272,118.90317829166779,116.90059353581816,117.54428100585938,3877655
2025-03-13,117.56217213953893,119.35018996675626,117.20457403069284,118.99259185791016,5643742
2025-03-14,119.30550158989,120.28891697342704,118.4651309242302,119.11776733398438,2652914
2025-03-17,119.12669373762324,119.70779410413596,117.47277170755765,118.07176971435547,3870652
2025-03-18,118.07177023536424,121.57628373168389,118.00918306006669,120.77166748046875,7800410
2025-03-19,121.57628463973715,126.94927363401345,120.46770860692473,126.57379150390625,16655375
2025-03-20,127.84327970845294,131.19581326724102,125.36687110007648,128.0399627685547,14711439
2025-03-21,128.2008723861321,128.3349819076837,125.60825200072168,126.11784362792969,2705221
2025-03-24,125.16125975811009,126.0552687563823,123.59674401113371,124.2493667602539,3752650
2025-03-25,122.56862369779198,127.5661300953747,122.56862369779198,126.75257873535156,4835612
2025-03-26,127.74494193445297,129.6313014179883,127.39627897974712,128.7015380859375,5345793
2025-03-27,128.692575782714,131.85737486292942,127.88797324584182,130.81138610839844,6442565
2025-03-28,130.81138610839844,130.81138610839844,130.81138610839844,130.81138610839844,0
2025-03-31,130.81138610839844,130.81138610839844,130.81138610839844,130.81138610839844,0
2025-04-03,130.52531571286514,131.86632923046307,128.73729768940123,131.3388671875,4763228
2025-04-04,131.41932237342346,131.41932237342346,126.59167925303842,127.23536682128906,5529246
2025-04-07,125.1612516087262,125.17018678718904,114.51360185862534,120.9415283203125,14163500
2025-04-08,121.82660002921267,125.07184315074288,120.70014005315821,121.9159927368164,4646112
2025-04-09,121.1382076461555,122.47922101493212,118.28631703258492,119.8061294555664,4517600
2025-04-10,123.41794219920745,125.38475922343301,122.71166746701861,124.1867904663086,5644442
2025-04-11,123.32852406428795,124.09737225794784,122.47921834421427,123.17654418945312,1516774
2025-04-14,124.26723643427309,128.87137678801042,124.24041725873623,128.51377868652344,11216011
2025-04-15,129.62236751918311,129.62236751918311,126.94927574571213,127.36946105957031,4955615
2025-04-16,128.29922828062652,129.09489575489908,126.3502951842154,126.84200286865234,3445909
2025-04-17,126.94925835733564,129.00548146747832,126.14465583842845,128.23663330078125,2428778
2025-04-18,128.64787796762567,129.49719735373924,126.94033130013456,127.63765716552734,2387873
2025-04-21,127.8432859176952,131.32991553157993,127.77176356132132,129.8458709716797,8859325
2025-04-22,130.52531160775388,132.71563088931111,129.89950804752246,130.32862854003906,6199191
2025-04-23,130.0783049086357,130.52530939285782,126.41286268141664,127.04761505126953,3933183
2025-04-24,125.16126517114242,126.14468056837094,122.57757960005507,123.34642791748047,4357770
2025-04-25,123.42687223300541,125.60825623205884,120.42300164507009,124.61590576171875,5328964
2025-04-28,125.20596579731341,126.50227614613021,122.47923556197767,123.25701904296875,3475851
2025-04-29,122.47922536715906,124.26724325573072,118.0091806457299,122.58650207519531,6689254
2025-04-30,121.40642647714539,121.40642647714539,116.22117148269538,117.95555114746094,5531646
2025-05-02,120.78955490705361,122.8368294871925,119.79720438477369,121.79978942871094,2921065
2025-05-05,122.08585885375413,122.38981861986863,119.88660449716814,121.18291473388672,1680699
2025-05-06,122.47922228992728,122.47922228992728,118.90318660263013,119.32337188720703,2774334
2025-05-07,111.75111989298706,118.23268484678032,111.52761765320109,113.78945922851562,8518830
2025-05-08,115.72051743219583,116.22116024754628,102.4534214386876,106.3870620727539,7700172
2025-05-09,109.06908827307373,113.07425123701681,106.83406597239599,112.43949890136719,6347439
2025-05-12,123.68614196777344,123.68614196777344,120.02069986718733,123.68614196777344,21444035
2025-05-13,125.07184717217447,125.16125352414647,120.76273110870576,124.00798797607422,10244558
2025-05-14,123.82025161573732,125.69767604990257,122.57757960005507,123.34642791748047,12915216
2025-05-15,123.82024454202377,127.39628048547571,123.82024454202377,126.42181396484375,15241909
2025-05-16,126.9403255791755,128.1114750274641,125.26851970003332,125.8138656616211,9249014
2025-05-19,126.94925401413717,126.94925401413717,125.1701715293399,125.56353759765625,2660707
2025-05-20,125.60826131290263,126.77047571171235,124.26724784692857,125.71553802490234,4799898
2025-05-21,126.50227149961273,127.08337188382586,125.60826251374974,126.42181396484375,8238053
2025-05-22,126.54697804733475,127.83435320390126,124.26725234437282,125.17019653320312,13876692
2025-05-23,124.41028682846273,125.25065741108186,123.3732331885713,124.6337890625,4015157
2025-05-26,124.71424650853787,124.83047203543673,122.47922416967518,123.9185791015625,2014541
2025-05-27,123.99902587946103,124.40132713727277,122.57755506916304,122.89939880371094,2310643
2025-05-28,122.89939880371094,122.89939880371094,122.89939880371094,122.89939880371094,0
2025-05-29,122.47923014780697,124.62484624124377,122.47923014780697,122.8636474609375,1945070
2025-05-30,123.37322835007068,125.47415472422352,122.56862579568926,124.8304672241211,5798676
2025-06-02,124.98246548316953,126.7704835483322,124.09739162997572,124.5265121459961,4390185
2025-06-03,123.82023341134763,127.36051467937318,123.82023341134763,125.28640747070312,10374934
2025-06-04,125.86751202010166,126.05525989880394,124.72318167404195,125.10761260986328,3015436
2025-06-05,125.16125701372643,125.48310079170722,123.81130836687352,124.05268096923828,2340439
2025-06-06,124.05268096923828,124.05268096923828,124.05268096923828,124.05268096923828,0
2025-06-09,124.05268096923828,124.05268096923828,124.05268096923828,124.05268096923828,0
2025-06-10,124.53546126634961,124.62485398492556,123.40006597262236,123.57886505126953,1510711
2025-06-11,125.16125949738174,126.50227299199653,123.64144693178389,125.19701385498047,9487206
2025-06-12,125.60823787319012,126.50224668367547,123.37321584697678,123.83810424804688,6427682
2025-06-13,123.37324041549296,123.41794359321777,120.69121344993876,122.38088989257812,4371681
2025-06-16,122.38088989257811,122.38088989257811,122.38088989257811,122.38088989257812,0
2025-06-17,122.3808836293276,123.55203316170964,121.81765363010813,122.4792251586914,1699274
2025-06-18,121.58521586772845,121.58521586772845,119.57369575226971,119.75249481201172,3215280
2025-06-19,121.59414728060192,123.36429474926233,119.35018982111998,119.8061294555664,2702400
2025-06-20,119.80613505348408,122.47922673774947,119.80613505348408,121.62992095947266,3567232
2025-06-23,118.90318825326467,120.60179977171381,117.11517038479454,118.000244140625,3884553
2025-06-24,121.67461870205642,125.1612480114935,121.58521235402226,124.80364990234375,5502803
2025-06-25,125.16125914549228,125.25066550147979,122.30936827232371,123.07821655273438,2281926
2025-06-26,123.50733107818982,125.14336909489158,122.13949847498726,122.81000518798828,3293503
2025-06-27,122.56863708741179,127.37839614214943,122.56863708741179,124.16890716552734,7452022
2025-06-30,124.27617713424713,125.0718445406787,122.67590714297239,123.203369140625,3661064
2025-07-01,123.37324388090907,125.11655872918814,123.09610326932304,123.27490234375,3968762
2025-07-02,123.9096398128404,124.07055486798366,122.49710410455627,123.62355041503906,2625674
2025-07-03,123.62356102458034,127.12807459944891,123.59674184642148,126.4128646850586,10737449
2025-07-04,126.86881137539018,128.4690813684931,126.77046984677534,127.01185607910156,4204510
2025-07-07,127.62872585509494,128.06679519637342,126.60062091395608,127.82540893554688,4095738
2025-07-08,128.05786032638395,129.18430681047116,126.19831987856864,126.87776184082031,5129273
2025-07-09,127.75387122273504,127.75387122273504,125.83175747107107,126.05525970458984,3440896
2025-07-10,125.60827178277833,127.37840588579233,125.60827178277833,126.86882781982422,2995693
2025-07-11,126.86880303012245,130.52529606370211,126.86880303012245,128.898193359375,9970923
2025-07-14,129.85479871750633,132.76032777658995,129.76539236678312,132.1970977783203,7853579
2025-07-15,132.32226337035797,133.20733716582052,129.45250220219694,130.23028564453125,3956356
2025-07-16,130.5253241811347,130.9723287160016,128.5585069560195,130.1319580078125,2920276
2025-07-17,130.8918602266916,135.0847645957136,130.8918602266916,134.45001220703125,15818087
2025-07-18,134.5662220882842,135.39764380896875,131.95571776363366,132.4384765625,3717285
2025-07-21,132.76031768329068,133.10004542041787,130.79350089035532,131.2941436767578,1316076
2025-07-22,130.7041092159004,133.20733707035353,130.7041092159004,132.4742431640625,2790799
2025-07-23,132.47422339826602,134.8612390062096,131.82160076451152,133.62750244140625,6160384
2025-07-24,134.0834540411532,137.0336862063138,132.9391237145384,136.4078826904297,11139525
2025-07-25,137.23037133718347,139.8140566101847,135.442353469598,136.48834228515625,7632283
2025-07-28,136.2916534980018,136.78336111921266,134.1996759548428,134.7986602783203,4523015
2025-07-29,135.00427715010056,135.38870806518707,130.97230197961775,131.5087127685547,4680516
2025-07-30,132.313327864765,132.313327864765,130.2481693219473,130.59683227539062,2111823
2025-07-31,132.21497337419936,132.21497337419936,128.73727935938675,131.16004943847656,3926319
2025-08-01,131.1600551895543,138.47304163701662,129.81009298430126,137.337646484375,12189335
2025-08-04,138.57138674988647,142.95202513247887,135.88935990956608,141.19082641601562,12238596
2025-08-05,142.594416582217,147.06446098918303,140.81533399730705,143.8460235595703,18003484
2025-08-06,143.130839812281,147.24327283935295,143.130839812281,146.7426300048828,9323210
2025-08-07,147.95846777013193,149.6123896338272,146.46547459637924,147.09127807617188,10016364
2025-08-08,147.41315171233668,147.8690914169091,143.49738770796523,145.67877197265625,3884409
2025-08-11,145.49994733457618,147.51146734380995,144.06952764919046,146.6710968017578,3740358
2025-08-12,147.41314378816423,147.94060582536417,144.97250303242137,145.5714874267578,6770732
2025-08-13,146.1436521699602,146.1436521699602,143.18448456566415,143.926513671875,2837709
2025-08-15,143.9354346242803,144.82050835682065,140.62760438295268,142.01332092285156,2971100
2025-08-18,141.7630175694126,144.1142520277392,140.81535654454305,143.37222290039062,3169948
2025-08-19,143.13083712775813,143.93543971928077,140.5829061854466,141.20870971679688,3175724
2025-08-20,141.2355385104463,143.92651434072127,140.68125729372287,143.19342041015625,3323704
2025-08-21,143.04144054646125,144.820523374196,141.53056314805008,143.90863037109375,6776451
2025-08-22,144.04271548717162,145.93802370881434,143.47055031345718,144.55230712890625,3143903
2025-08-25,144.82943850001305,145.70556338243216,143.93542962038333,144.2125701904297,2044309
2025-08-26,144.92779194032255,150.05045942223663,144.92779194032255,146.99295043945312,12573014
2025-08-27,147.5114673219307,149.07598288443603,146.4386593787971,146.80520629882812,3515991
2025-08-28,146.84097786768245,148.40549361360905,145.27646212175586,145.58937072753906,3138713
2025-08-29,145.27645651672518,147.8958962309249,145.27645651672518,146.85885620117188,3536869
2025-09-01,147.06446222004453,147.95847110892018,145.94695110894997,146.55487060546875,4310110
2025-09-02,146.83203491886215,146.9750659833851,145.14235854833234,145.9290771484375,2476318
2025-09-03,146.17045688090735,159.92031829100696,146.17045688090735,157.77468872070312,38209595
2025-09-04,158.6866017465621,163.1566468661836,156.9075188780145,158.9011688232422,11771735
2025-09-05,159.14254236777035,168.52070199447544,158.90116975177682,166.3482666015625,16961615
2025-09-08,168.52068386104733,181.0368089223453,168.2971816278099,175.97671508789062,21025012
2025-09-09,176.25385614778077,180.5003985906963,173.48243663309006,174.796630859375,8324979
2025-09-10,173.70594907205873,179.51700749323442,172.63314101490982,176.18235778808594,6510007
2025-09-11,177.40711817010205,178.17596632586665,174.33172554704362,174.9307098388672,4426243
2025-09-12,174.34068334107275,175.0469580626083,170.04945122257922,171.86428833007812,5590120
2025-09-15,172.0967317482654,177.01378122678727,170.57691918320302,174.48373413085938,5866199
2025-09-16,175.23471131255536,177.81839695579353,174.9575706860049,176.78135681152344,4064113
2025-09-17,177.01377466124723,177.68428138344893,173.61653787379313,174.47479248046875,3361518
2025-09-18,176.1018961415725,178.71240089045293,174.95756566648777,176.7366485595703,4842375
2025-09-19,177.01377543731417,186.38298559033746,177.01377543731417,184.76483154296875,14071794
2025-09-22,186.38297721419897,191.9347786511262,185.05984782233384,188.2156982421875,9778586
2025-09-23,188.2156982421875,188.2156982421875,188.2156982421875,188.2156982421875,0
2025-09-24,188.41237499522478,194.80453315056513,187.84020984694882,192.8287811279297,10789343
2025-09-25,193.99994491507977,207.27598346840063,193.20427748389886,205.04989624023438,16719868
2025-09-26,207.41009452558026,212.41655053969234,206.60549185686358,208.1431884765625,10596659
2025-09-29,208.30407855614888,211.43310977909533,205.18398251147318,210.64637756347656,7352753
2025-09-30,210.6732059156668,218.94278879363603,210.6732059156668,213.94528198242188,9564049
2025-10-01,214.56214537964138,217.0653731373693,209.19809174515035,209.99375915527344,13042153
2025-10-02,210.17254267426702,210.9860940226346,205.926000527625,208.56332397460938,5181576
2025-10-03,210.0921106425493,214.6604970834577,207.41008369817632,211.74603271484375,42729858
2025-10-06,213.75285906727296,213.75285906727296,204.51202063879225,208.4790496826172,12836272
2025-10-07,208.4790496826172,208.4790496826172,208.4790496826172,208.4790496826172,0
2025-10-08,200.6570141878059,205.2587614300846,193.68437552932318,199.45289611816406,31575533
2025-10-09,199.7516057923351,202.8785641969677,196.01793091771202,197.3433837890625,9833405
2025-10-10,197.89408412186268,200.21830170261555,194.71113732960902,197.11001586914062,8718045
2025-10-13,196.01791151133764,196.43794704458008,186.83307564737322,191.95753479003906,16419448
2025-10-14,195.08450045319697,204.23200619382845,195.08450045319697,203.0372314453125,11267572
2025-10-15,203.57861535016028,209.08577974450975,201.43174958457308,203.52259826660156,12435639
2025-10-16,205.21211099851703,208.1523742652173,201.2917409857975,204.54937744140625,9811724
2025-10-17,205.333434301397,205.81881599604915,202.31849599611633,203.49459838867188,3290867
2025-10-20,205.35209965695185,207.1162603070185,204.04531926536103,206.16416931152344,4699570
2025-10-21,206.1641825976885,207.59231206154726,205.0814277360947,205.5294647216797,3924197
2025-10-22,205.54812697092225,206.752230761329,202.55184684066995,203.68128967285156,2929612
2025-10-23,202.74785514433745,204.40933907006368,199.28486596079333,200.35829162597656,2566981
2025-10-24,200.35831741857783,202.22515481075777,198.45414954540342,198.98619079589844,2758176
2025-10-27,197.8847639807388,200.5823434483098,196.83933959666223,198.60350036621094,2723440
2025-10-28,197.88475607932193,200.0316218476181,193.91772677112797,194.27243041992188,4168029
2025-10-29,195.7565502346738,196.01790630365167,192.33090567650763,192.9376220703125,3590941
2025-10-30,192.93763891945426,204.8854009099218,192.93763891945426,200.2183074951172,15067659
2025-10-31,202.59852707842703,205.8094896122949,202.0851439565286,202.77587890625,10492479
2025-11-03,203.94265662102072,207.3589582339502,202.85055845260402,205.8094940185547,9005266
2025-11-04,205.8001304435884,206.7055476316304,202.3278120867925,203.15855407714844,9278182
2025-11-05,203.00922184012748,204.0266447229032,201.19838742911722,202.51451110839844,3818652
2025-11-06,202.55185550407876,203.48527419303767,200.498337236937,203.30792236328125,3715255
2025-11-07,203.2985711979093,205.81879853549069,202.0944532440937,204.41867065429688,5713620
2025-11-10,205.85152964627758,206.80675716203757,204.95361344936475,206.4055633544922,3596652
2025-11-11,206.39601824970654,206.39601824970654,199.52793001529852,200.34942626953125,5213497
2025-11-12,200.31119568880692,202.03060803400643,197.72253743142443,198.67776489257812,4058689
2025-11-13,198.70642424768565,202.7470324023772,198.70642424768565,201.50523376464844,5109337
2025-11-14,201.26643120915264,206.31959284334047,200.59777487469333,204.3327178955078,5321622
2025-11-17,205.1733095121422,206.21451857070136,201.55300367923135,202.603759765625,3429810
2025-11-18,202.69927276801042,202.7948013483427,200.69330376156705,201.4861297607422,2059493
2025-11-19,201.56254783056917,204.27540498519355,200.7888158941826,202.76614379882812,2199092
2025-11-20,204.30405807116009,207.1888345660996,202.41269716646045,206.22406005859375,6514607
2025-11-21,209.09929492104075,209.385866087536,205.85152723573455,206.26226806640625,5465494
2025-11-24,206.32912666438364,207.7619678217752,204.46643607489742,206.68255615234375,3114490
2025-11-25,207.666448889887,207.666448889887,204.4186812792476,205.52674865722656,2344567
2025-11-26,205.56494972734708,207.95301841510812,202.98583845968807,207.22705078125,3830560
2025-11-27,207.265261297614,208.71721119580047,205.38346193451338,208.16317749023438,3662836
2025-11-28,210.13095036627124,213.37873275070461,209.38587405041756,211.5255889892578,10780954
2025-12-01,213.87543589796354,220.37098594909295,211.5924427081859,219.19606018066406,16542706
2025-12-02,221.60323124617813,221.61277827388238,214.97395011571447,215.8623046875,7319764
2025-12-03,215.88140867592884,215.88140867592884,212.16557439280578,212.61453247070312,46640632
2025-12-04,213.49332756443494,213.5792945337633,210.6276453152479,212.45213317871094,5888354
2025-12-05,214.35305108535934,214.9261934314226,212.1560394352193,213.50289916992188,7225838
2025-12-08,213.0157194753707,214.41990498056242,212.34706318137802,213.94229125976562,3238467
2025-12-09,215.88141030823158,217.25694021043546,213.02527489808284,216.35902404785156,7608666
2025-12-10,216.88440278642878,218.55605088057007,213.4933423089049,214.23841857910156,5919568
2025-12-11,216.22529126938173,216.22529126938173,211.53512088101508,212.2801971435547,4140027
2025-12-12,212.28019851683763,214.90707408334316,212.06050027790198,214.51544189453125,2895568
2025-12-15,214.54408811727453,214.92617326171646,212.06049095156024,212.76736450195312,4138821
2025-12-16,213.96141566929487,214.59185474977448,212.06050767311174,212.54766845703125,2686311
2025-12-17,212.59541978626422,213.3882603219943,210.1500398366272,211.99362182617188,4294847
2025-12-18,212.1560310806491,213.01572999027422,210.24557610315782,211.08616638183594,3030142
2025-12-19,211.91721863141242,212.91064878029317,210.19780628179734,210.68496704101562,2060174
2025-12-22,211.10527653852967,212.547664809739,209.19482154723076,209.72019958496094,3210136
2025-12-23,209.72020153591097,211.40139669667218,209.57690866486163,210.22647094726562,1857244
2025-12-24,211.11481461598876,211.15303187653885,209.20435970568417,209.8443603515625,1544333
2025-12-26,209.84436600415444,211.58288701565712,209.1948183134488,210.94288635253906,4346657
2025-12-29,211.35361547011078,212.0318333572546,210.16914278779456,210.83779907226562,3072249
2025-12-30,211.82169043040372,213.49333849467973,211.1530341198162,212.89154052734375,3500513
2025-12-31,213.50288631598787,214.10468428556152,211.0479593003566,211.46826171875,3427132
2026-01-01,211.46826171875,211.46826171875,211.46826171875,211.46826171875,0
2026-01-02,213.01573164008548,217.55306224676892,212.4425893121532,215.52798461914062,11338039
2026-01-05,215.88140984084768,220.65754722670715,215.88140984084768,217.753662109375,16544920
2026-01-06,218.60381074938795,220.2754588097266,216.35902038097316,218.97634887695312,6391178
2026-01-07,220.08441739360492,231.0695340041704,220.08441739360492,228.10833740234375,27096625
2026-01-08,228.77698054709663,232.024748135891,225.43368438043757,227.19129943847656,13422844
2026-01-09,228.0127870054723,228.0127870054723,221.70829464704545,222.59664916992188,6293900
2026-01-12,222.47246587240608,222.47246587240608,218.73753764391586,219.41574096679688,4177557
2026-01-13,219.79784994816228,220.8485914354302,215.8814114326341,219.3202362060547,4710327
2026-01-14,221.6127731668959,221.6127731668959,215.03125647785188,215.85275268554688,16807336
2026-01-15,215.88140124714627,217.3620066929464,212.07960012051447,214.6396026611328,3740936
2026-01-16,215.88141524937555,221.99486542619152,212.07005227275147,221.42173767089844,10919899
2026-01-19,224.47846386436382,228.92026593611482,223.7620432350095,227.31549072265625,9224724
2026-01-20,228.10832083291004,229.2450438447494,225.1471098705657,225.4814453125,4222553
2026-01-21,225.91130008711,232.59789247869463,223.8098025363063,225.5196533203125,15682035
2026-01-22,225.90174150051132,229.2545845523687,224.01038068351224,228.6814422607422,5741068
2026-01-23,229.25459371015,235.94118602669604,228.77697997325384,233.27610778808594,20584154
2026-01-26,234.98595350186943,238.7973162875965,229.35966438519478,231.14593505859375,13434392
2026-01-27,229.24505146911943,231.1746005120251,225.57696681570278,226.388916015625,5866312
2026-01-28,226.38891418888835,229.25459664697553,224.00084547381567,224.4593505859375,5766627
2026-01-29,224.01996389996083,225.24265396949085,215.88142128196404,218.25038146972656,8539743
2026-01-30,219.7500921134222,223.9053230464387,217.80141982604175,220.14173889160156,5751467
2026-02-02,221.03008054167046,223.52322478576704,218.27902080318754,222.8545684814453,3653761
2026-02-03,222.85458437792622,226.38892330340485,222.85458437792622,224.0008544921875,7011546
2026-02-04,224.0486148486304,224.66950689839624,221.6127817888455,224.0772705078125,4577886
2026-02-06,223.5232312018275,224.077264891487,216.3590250735638,218.62290954589844,6801184
2026-02-09,219.70231491096428,221.13515609516622,212.92019414216273,214.89752197265625,5475323
2026-02-10,215.30826995360522,217.3142535085454,214.92618478867126,215.77633666992188,2068039
2026-02-11,216.8366448082636,219.224713583685,215.413350570891,217.57217407226562,2858785
2026-02-12,217.79186550742847,218.36500782585176,212.06050062565404,213.45513916015625,3388229
2026-02-13,213.4933380148484,214.5440940545632,210.60854699495226,212.10826110839844,4190941
2026-02-16,213.06350373325975,213.11126802493925,205.3548105607601,207.02645874023438,5798215
2026-02-17,208.2395957361325,209.19482323950925,204.561964017886,206.93093872070312,3400722
2026-02-18,207.77152977860516,216.34948328501028,207.77152977860516,215.72857666015625,5772707
2026-02-19,216.35902669008675,216.83664043553946,208.23959301739032,209.6342315673828,5245724
2026-02-20,210.15959132711882,212.06049924777736,207.81928693072348,210.1309356689453,2967464
2026-02-23,209.6724250954369,212.39482915585108,202.5082192265723,204.64793395996094,2845904
2026-02-24,204.80077751114092,206.3291473961736,197.25448582087893,201.61032104492188,8917386
2026-02-25,203.46346262340813,206.5679520765822,199.63300549917489,200.74105834960938,3240960
2026-02-26,200.79837990468252,213.39781843111848,197.89448013197756,210.9524383544922,8530019
2026-02-27,210.15005631583006,214.92619395937163,208.24914828647897,210.26467895507812,3882697
2026-03-02,189.24011576899255,201.55299734611702,189.24011576899255,189.46937561035156,11241219
2026-03-03,191.14101732661035,199.45149317219904,191.14101732661035,197.69387817382812,7040337
2026-03-04,197.25447149449337,198.16193467099166,193.4335616350359,195.1338653564453,4047230
2026-03-05,196.77685563264302,210.15003999602652,195.9267037811382,209.08973693847656,7989535
2026-03-06,209.1972773074585,209.1972773074585,201.4843502501129,202.67697143554688,3346350
2026-03-09,190.6236784806303,190.6236784806303,182.4122029126165,184.8854217529297,9293459
2026-03-10,199.42170126396076,203.37102643168421,193.5563571091384,202.48146057128906,4797445
2026-03-11,202.48145967754354,205.23816366164448,198.93292170630983,200.10598754882812,2687429
2026-03-12,197.46658883988403,199.32394187728684,194.514361404415,195.1106719970703,4897401
2026-03-13,193.5661297270513,195.75586360871216,189.1280258244062,193.53680419921875,3548637
2026-03-16,190.72145436561956,193.45860314765312,182.90099517959874,184.1522674560547,5978964
2026-03-17,188.17001529380204,188.57080246155869,184.74856464839857,188.1993408203125,3487803
2026-03-18,188.86407866568715,194.03536544494074,187.69101281883772,192.7058868408203,2908602
2026-03-19,190.6139134736308,193.53680041022375,185.98028625436194,190.7996368408203,3520641
2026-03-20,190.7996368408203,190.7996368408203,190.7996368408203,190.7996368408203,0
2026-03-23,190.7996368408203,190.7996368408203,190.7996368408203,190.7996368408203,0
2026-03-24,196.4890273295522,199.40214405567343,191.6207959036344,193.3119659423828,5118368
2026-03-25,195.7656333290999,202.59876470770104,194.2015504886404,200.70230102539062,6405863
2026-03-26,200.3992542619369,200.3992542619369,192.38328707472766,193.116455078125,5087772
2026-03-27,193.5563499774535,196.6649751051265,190.89739286526404,192.5201416015625,3152694
2026-03-30,191.620800271582,192.28553212482134,184.42597741567292,189.98828125,4708778
2026-03-31,191.11246761186712,194.92493542377682,189.64613154323385,192.06069946289062,3203661
2026-04-01,197.4568217016694,201.25951933527787,195.31596864043414,197.04624938964844,7465461
2026-04-02,192.57880027197433,192.96981725015237,186.7134561012543,191.29820251464844,3118514
2026-04-03,188.18956267766197,194.04513665491493,188.17979247390994,190.8289794921875,2261899
2026-04-06,192.0900258181297,196.48903404297238,188.08203458006963,193.96693420410156,4338807
2026-04-07,194.04513787164694,195.06179097287227,190.72144878144005,194.2406463623047,3921445
2026-04-08,213.6647186279297,213.6647186279297,208.31747869311883,213.6647186279297,11591956
2026-04-09,212.12995201830083,212.12995201830083,205.87359073637157,208.8649139404297,6991700
2026-04-10,210.06730040386404,212.03218532674038,208.7084962706991,209.34390258789062,4891533
2026-04-13,203.33193666767554,206.24505350681937,200.65342405515094,201.8656005859375,4407238
2026-04-14,204.79827198909427,209.4905504165042,204.79827198909427,208.16107177734375,4673994
2026-04-15,213.0977419623139,219.70602458437915,211.2599292859982,216.32366943359375,11148884
2026-04-16,217.99528532755556,223.606469790623,217.99528532755556,221.0745849609375,8861351
2026-04-17,222.77554462219632,227.2820846170636,220.92796182131772,225.31719970703125,7131310
2026-04-20,222.00329000727078,224.80887495309418,214.58361805495838,219.94064331054688,7241128
2026-04-21,220.9279569149512,222.2965312124897,217.99528492050496,219.33453369140625,3302340
2026-04-22,218.9728425678454,225.62023541478035,215.30700256949976,222.88307189941406,10044486
2026-04-23,222.76578252471072,224.34942072127853,219.17814869790882,221.3483123779297,3327782
2026-04-24,220.92796445595008,223.1274685268611,218.2885625541252,222.36497497558594,3819748
2026-04-27,221.9055190745686,222.36497222366904,219.95040436906578,220.42941284179688,2463577
2026-04-28,218.97284547257794,220.9279601642974,218.728456136113,219.4616241455078,3475920
2026-04-29,219.4616241455078,219.4616241455078,219.4616241455078,219.4616241455078,0
2026-04-30,215.5513961802025,216.87110457233214,211.44565828384788,215.5416259765625,4421406
2026-05-04,217.5162784241512,220.92795891174194,216.82222106567693,217.7899932861328,3573076
2026-05-05,216.75,216.88999938964844,212.50999450683594,214.42999267578125,3237624
2026-05-06,216.9199981689453,221.99000549316406,216.0,220.57000732421875,6402549
2026-05-07,221.49000549316406,221.75,215.60000610351562,217.6199951171875,5452878
2026-05-08,216.0,218.24000549316406,215.0,216.52999877929688,2336464
2026-05-11,216.00999450683594,216.38999938964844,214.0,215.49000549316406,861027
2026-05-12,215.0,216.47000122070312,213.0,213.80999755859375,1320599
2026-05-13,213.1999969482422,215.9499969482422,210.8000030517578,211.42999267578125,1661164
2026-05-14,212.39999389648438,213.5500030517578,210.10000610351562,210.75,1992449
2026-05-15,210.75,210.75,210.75,210.75,0
2026-05-18,209.0,209.0,203.86000061035156,204.2899932861328,2500108
2026-05-19,205.89999389648438,207.47000122070312,205.00999450683594,206.6199951171875,2717629
2026-05-20,207.00999450683594,210.0,206.6300048828125,209.67999267578125,3104740
2026-05-21,211.1199951171875,216.97999572753906,211.1199951171875,215.99000549316406,5649761
2026-05-22,217.0,218.49000549316406,214.74000549316406,215.4199981689453,2866128
2026-05-25,218.85000610351562,221.0,215.91000366210938,219.5,3362653
2026-05-26,219.5,219.5,219.5,219.5,0
2026-05-27,219.5,219.5,219.5,219.5,0
2026-05-28,219.5,219.5,219.5,219.5,0
2026-05-29,218.0,222.0,217.5,221.25999450683594,3968035
2026-06-01,220.89999389648438,220.89999389648438,214.5,214.9499969482422,3331075
2026-06-02,215.0,217.10000610351562,215.0,215.9499969482422,1255341
2026-06-03,215.9499969482422,215.9499969482422,215.9499969482422,215.9499969482422,0
2026-06-04,214.3000030517578,216.0,214.25,215.39999389648438,1185541
2026-06-05,215.97000122070312,217.5,213.5,214.1199951171875,2263682
2026-06-08,211.50999450683594,213.0,210.60000610351562,211.85000610351562,1420530
2026-06-09,213.3000030517578,215.39999389648438,213.3000030517578,214.9499969482422,1176116
2026-06-10,214.0,214.6999969482422,213.0,213.4600067138672,1060969
2026-06-11,212.0,215.89999389648438,212.0,212.47999572753906,1491851
2026-06-12,214.9499969482422,222.0,214.47999572753906,219.58999633789062,5743151
2026-06-15,228.0,230.88999938964844,225.0,228.75999450683594,10737010
2026-06-16,229.0,235.0,227.0,230.11000061035156,7678902
2026-06-17,231.10000610351562,232.85000610351562,225.11000061035156,226.35000610351562,10435153
2026-06-18,226.9499969482422,234.3000030517578,226.9499969482422,233.4499969482422,9542272
2026-06-19,234.49000549316406,238.75,230.39999389648438,231.3000030517578,13325239
2026-06-22,234.49000549316406,234.89999389648438,228.8000030517578,231.97999572753906,4049122
2026-06-23,232.97000122070312,234.24000549316406,231.10000610351562,231.80999755859375,3438583
2026-06-24,232.6300048828125,233.0,230.49000549316406,231.41000366210938,3198012
2026-06-25,231.41000366210938,231.41000366210938,231.41000366210938,231.41000366210938,0
2026-06-26,231.41000366210938,231.41000366210938,231.41000366210938,231.41000366210938,0
2026-06-29,231.5,232.75,226.9600067138672,227.4499969482422,3825028
2026-06-30,228.99000549316406,235.0,228.0500030517578,233.4499969482422,5812755
2026-07-01,234.94000244140625,235.6999969482422,232.25,233.13999938964844,2962891
2026-07-02,233.99000549316406,235.89999389648438,231.5,232.5500030517578,4097518
2026-07-03,233.5500030517578,234.0,231.8000030517578,233.61000061035156,2328480
2026-07-06,234.0,236.8000030517578,234.0,235.64999389648438,3740322
2026-07-07,236.0,236.60000610351562,233.0,233.44000244140625,1848387
2026-07-08,230.0,232.50999450683594,223.1300048828125,227.41000366210938,7063718
2026-07-09,224.39999389648438,228.60000610351562,224.39999389648438,226.92999267578125,2504096
2026-07-10,229.0,229.64999389648438,226.10000610351562,227.0500030517578,1671414
2026-07-13,224.50999450683594,225.5,222.02000427246094,222.77999877929688,2457720
2026-07-14,220.1199951171875,221.88999938964844,215.25999450683594,216.42999267578125,5244923
2026-07-15,216.1199951171875,220.89999389648438,216.1199951171875,217.52000427246094,1876385
2026-07-16,218.5,221.89999389648438,217.60000610351562,221.52999877929688,3687903
2026-07-17,221.0,224.5,217.3000030517578,218.11000061035156,3865020
2026-07-20,216.0,219.8800048828125,215.11000061035156,218.94000244140625,1993485
2026-07-21,221.00999450683594,223.35000610351562,219.0,219.3800048828125,1746495
2026-07-22,219.3800048828125,219.8800048828125,216.11000061035156,217.0800018310547,1838524
2026-07-23,217.0,218.89999389648438,213.88999938964844,214.17999267578125,2350959
2026-07-24,214.10000610351562,215.49000549316406,211.97999572753906,213.97000122070312,2604852
2026-07-27,219.88999938964844,225.0,219.0,224.38999938964844,6642856
2026-07-28,225.8800048828125,226.3000030517578,222.5,223.00999450683594,2574581
2026-07-29,222.0500030517578,222.0500030517578,218.8000030517578,219.3300018310547,1670307
2026-07-30,218.0,219.1999969482422,216.5,217.22000122070312,2041608
2026-07-31,217.8000030517578,219.36000061035156,216.50999450683594,217.1199951171875,942884
2026-08-03,221.0,221.5,219.00999450683594,219.88999938964844,3069009
2026-08-04,221.0,221.0,218.0500030517578,218.47999572753906,1221884
2026-08-05,220.8000030517578,222.99000549316406,220.1999969482422,221.52000427246094,2905566
2026-08-06,223.0,224.0,222.52999877929688,223.5800018310547,2169426
2026-08-07,222.97999572753906,226.38999938964844,221.5500030517578,225.63999938964844,5035147
2026-08-10,226.0,227.89999389648438,212.5,213.4199981689453,30960851
2026-08-11,212.0,214.39999389648438,209.0,211.42999267578125,13259636
2026-08-12,212.5,216.3800048828125,212.5,213.36000061035156,9484913
2026-08-13,214.0,214.94000244140625,212.39999389648438,212.9600067138672,2100925
2026-08-14,212.9600067138672,212.9600067138672,212.9600067138672,212.9600067138672,0
2026-08-17,213.60000610351562,214.3000030517578,211.5,211.85000610351562,2724616
2026-08-18,211.85000610351562,211.85000610351562,211.85000610351562,211.85000610351562,0
2026-08-19,208.0,210.5,206.0,206.9199981689453,3426206
2026-08-20,211.77999877929688,211.77999877929688,207.07000732421875,207.88999938964844,4673581
2026-08-21,205.0,208.6999969482422,199.99000549316406,206.9600067138672,8087814
2026-08-24,209.0,209.5,206.25999450683594,207.55999755859375,3016161
2026-08-25,207.75,208.4499969482422,206.5,207.27999877929688,1385549
2026-08-26,207.27999877929688,207.27999877929688,207.27999877929688,207.27999877929688,0
2026-08-27,208.89999389648438,214.0,208.0,210.7100067138672,9105654
2026-08-28,211.0,212.9499969482422,210.39999389648438,210.75999450683594,2244981
2026-08-31,210.7100067138672,211.49000549316406,209.0,209.6699981689453,2360932
2026-09-01,209.69000244140625,210.4499969482422,208.97999572753906,209.4499969482422,1373046
2026-09-02,207.50999450683594,209.89999389648438,207.0,207.41000366210938,2011476
2026-09-03,207.52000427246094,208.75,205.5,206.7100067138672,1333511
2026-09-04,206.6999969482422,207.9499969482422,205.66000366210938,207.44000244140625,902169
2026-09-07,206.3000030517578,207.64999389648438,205.88999938964844,206.27999877929688,969370
2026-09-08,206.5,207.5,202.0,205.92999267578125,1996231
2026-09-09,206.00999450683594,208.69000244140625,205.5,206.0500030517578,1860548
2026-09-10,207.0,208.0,202.0,202.2899932861328,2015593
2026-09-11,200.02000427246094,205.0,200.00999450683594,203.75999450683594,2889348
2026-09-14,203.0,204.0,200.92999267578125,201.8699951171875,1584845
2026-09-15,202.0500030517578,205.0,202.0500030517578,202.7100067138672,1445702
2026-09-16,202.99000549316406,203.5,201.0,202.25,1080063
2026-09-17,203.02999877929688,203.99000549316406,200.64999389648438,202.57000732421875,1351246
2026-09-18,203.0,204.99000549316406,202.5,203.8000030517578,1397362
2026-09-21,205.0,206.66000366210938,203.0500030517578,203.52000427246094,1143816
2026-09-22,204.00999450683594,205.10000610351562,203.25999450683594,204.50999450683594,1247563
2026-09-23,205.89999389648438,206.0500030517578,204.0,205.55999755859375,1329641
2026-09-24,205.5,205.6999969482422,201.86000061035156,202.58999633789062,1353413
2026-09-25,203.75,204.0,201.3000030517578,201.97000122070312,1442727
2026-09-28,201.8000030517578,203.49000549316406,201.0,202.86000061035156,1581554
2026-09-29,202.8699951171875,203.8800048828125,201.24000549316406,202.7100067138672,1403825
2026-09-30,203.0,203.6999969482422,201.0,201.4199981689453,1676333
2026-10-01,202.0,202.25,198.5,198.9600067138672,1814920
2026-10-02,198.5,200.5,197.11000061035156,198.63999938964844,1868627
2026-10-05,198.75,198.75,195.00999450683594,195.57000732421875,2997194
2026-10-06,195.57000732421875,202.39999389648438,195.57000732421875,201.3300018310547,1900968
2026-10-07,202.83999633789062,203.8800048828125,199.8000030517578,200.49000549316406,1407420
