date,open,high,low,close,volume
2021-10-08,648.73384464571,653.0975252150757,633.2185359546318,640.471923828125,578612
2021-10-11,640.0064835021042,644.7580704631929,623.5699415203771,630.978515625,882525
2021-10-12,623.5311673511244,649.7035439269874,617.7032201216283,632.0645751953125,1238174
2021-10-13,631.2791982962153,639.0368535748171,619.2063354316489,621.9506225585938,164529
2021-10-14,627.2742819158372,659.4006754409683,615.7832791138869,653.4273071289062,918101
2021-10-15,642.0428928469279,664.2492037715862,642.0428928469279,661.6212768554688,352699
2021-10-18,654.3582061204005,666.1886421708665,649.7036248245714,659.410400390625,202071
2021-10-19,659.410400390625,659.410400390625,659.410400390625,659.410400390625,0
2021-10-20,661.3400702114436,688.2494352383756,661.3400702114436,680.1427001953125,343774
2021-10-21,686.5426882843701,698.1791695525377,678.794740643108,685.3790283203125,307469
2021-10-22,687.5221353400888,722.4315808580623,684.6130148802577,687.3475952148438,732945
2021-10-25,687.5221353400888,690.3827822961641,675.4299197047702,687.3475952148438,191304
2021-10-26,678.7851149518588,678.794821490531,673.9462870513129,676.8554077148438,240836
2021-10-27,684.6033909774287,702.9211692219054,683.6433905796006,693.3113403320312,297062
2021-10-28,698.1889850627944,715.6437096893642,698.1889850627944,712.0751953125,750317
2021-10-29,716.6133317400177,756.2743638964579,707.8859704603692,749.3700561523438,828696
2021-11-01,785.4528422677789,793.6468769907138,763.1592912473851,766.3690185546875,991896
2021-11-02,778.6746342545802,786.2383361747297,753.0840551707132,756.4683227539062,367916
2021-11-03,751.5228271891287,760.2501890532607,742.9215319534868,745.7239990234375,476503
2021-11-04,740.3711924295753,749.5834076595438,734.0680977985442,737.0451049804688,634670
2021-11-05,736.977161878432,760.2501248851192,733.0983347106508,740.9820556640625,408144
2021-11-08,750.5433752193171,752.7349221112959,738.9165998696392,749.3118286132812,591594
2021-11-09,744.7348856404218,751.522833816832,725.3407479935358,744.8997192382812,1144595
2021-11-10,747.6439442100854,751.3676443710391,735.0377557863096,740.4196166992188,411958
2021-11-11,743.7554166664697,745.6948302862986,730.18922786556,733.7965087890625,128188
2021-11-12,742.7856974358444,742.7856974358444,714.1890535594484,718.0291137695312,220799
2021-11-15,726.3007696065895,726.3007696065895,704.1138707539237,709.2145385742188,206390
2021-11-16,717.3890586957313,746.6354481082869,710.7950644777894,738.402587890625,460039
2021-11-17,741.825715037283,741.825715037283,708.8653897958118,715.0521240234375,368455
2021-11-18,717.5830696926066,736.9772067113257,709.825414885119,731.2947387695312,699150
2021-11-19,738.916551154637,749.5833255151371,726.3200698114391,745.0451049804688,491952
2021-11-22,748.3324807442855,748.6136744185736,707.8859874683403,711.0472412109375,771181
2021-11-23,712.7345770871502,717.0982581713572,690.4313182123142,697.8883666992188,507054
2021-11-24,705.9368579765045,705.9368579765045,669.0977053777461,670.9983520507812,913166
2021-11-25,677.8251233831419,677.8251233831419,647.9096891801304,660.4673461914062,926557
2021-11-26,660.3703454761875,687.5221364796137,650.6732772606781,672.3074340820312,953392
2021-11-29,674.9159869938784,712.7345552306043,670.6492530567891,703.7841796875,783437
2021-11-30,705.9465922472297,721.898281890058,682.7705746789151,691.449462890625,8322412
2021-12-01,703.1343844690509,713.4617856731552,691.4979027455336,707.15869140625,2228427
2021-12-02,693.3403732413464,693.3403732413464,654.1254272460938,654.1254272460938,2988066
2021-12-03,634.1882494749125,654.5520923479601,614.7941134053433,628.3118286132812,1516241
2021-12-06,634.9155738246247,638.0671211555602,621.5821043475898,631.8125,286359
2021-12-07,632.2488645643928,650.4502810313932,631.7640111406471,643.48779296875,402869
2021-12-08,642.9155662033554,645.8246864124203,629.3396718943856,630.6099853515625,459787
2021-12-09,635.1579897644971,635.1579897644971,603.1673701009612,611.817138671875,715850
2021-12-10,612.8546819540567,618.3723158726418,590.1150462373495,614.9395751953125,785161
2021-12-13,620.602716901395,628.3700787333091,605.0971128542977,612.4572143554688,522438
2021-12-14,618.6729204171713,628.3796946728196,607.6667722315669,621.0098876953125,686619
2021-12-15,651.6430089759103,667.5849920986623,644.8550609657447,665.0734252929688,1379800
2021-12-16,662.3098031061472,662.3098031061472,640.9762516151732,644.4284057617188,749294
2021-12-17,642.9156149944641,665.7037250282045,634.1882537049465,654.1448364257812,1022767
2021-12-20,654.144868910239,679.7645075291416,645.834474033964,672.7244262695312,678082
2021-12-21,672.9765449752399,683.5463731745505,665.2188902781189,670.1547241210938,404701
2021-12-22,672.9766242335829,675.8857450876186,657.946166487732,663.7449951171875,235255
2021-12-23,665.2188469242043,673.93650135215,659.65273951157,662.94970703125,291007
2021-12-24,665.2188789973372,666.0916388104464,655.521810790379,657.8005981445312,134561
2021-12-27,657.5581561386988,659.3036757243008,652.2441818245223,656.0260620117188,110570
2021-12-28,654.7945875509046,663.2795229690022,654.6103408715203,657.820068359375,272782
2021-12-29,655.7642865166132,663.2795149387999,653.8636396989336,660.2249145507812,246866
2021-12-30,665.2091282624367,674.9159023624711,650.8187131436947,657.7327270507812,812890
2021-12-31,651.6429598060043,669.049208441635,651.6429598060043,658.7024536132812,361081
2022-01-03,659.4006103249666,669.582531513808,659.390903787375,668.2152709960938,157080
2022-01-04,668.1280447513963,681.7039411614392,665.2189240921014,680.0263671875,490093
2022-01-05,677.8250821342907,677.8250821342907,670.6492278334929,672.7728881835938,198156
2022-01-06,670.8431985295471,677.8153932683994,664.249203673389,667.4298706054688,772137
2022-01-07,669.0977293724376,674.9159704974154,656.5109533449895,667.73046875,205522
2022-01-10,664.2976902963115,676.8554063049713,664.2976902963115,675.5463256835938,176422
2022-01-11,676.8553043257359,680.7244247474331,667.1582369285192,669.1267700195312,226747
2022-01-12,671.0371576425321,674.915985143356,663.2795026408843,664.5013427734375,246499
2022-01-13,662.3097075018019,673.9170688417606,658.9157338908849,659.3424072265625,127106
2022-01-14,659.4006143487243,664.2297352024572,654.0672270267861,654.4744873046875,58716
2022-01-17,649.7035790228098,664.1522345292929,646.7944585197226,661.9800415039062,43978
2022-01-18,657.4709217236277,668.991043326381,652.1763012500533,654.154541015625,146842
2022-01-19,661.3401069021338,661.3401069021338,635.1580205585009,640.1616821289062,168137
2022-01-20,644.8550858402776,653.5727413655275,627.2064084958276,644.1375122070312,474853
2022-01-21,638.0670984497875,653.5824078345847,638.0670984497875,647.4732666015625,91261
2022-01-24,654.4066410323638,654.4066410323638,641.0731719063075,645.068359375,63821
2022-01-25,650.6732059377148,667.1582200970905,649.7034992224574,664.1812133789062,319971
2022-01-26,668.8552486808342,673.9462092543382,656.0066339000861,668.4867553710938,162324
2022-01-27,668.1280055220403,676.8553669874951,666.1885918630503,674.1304931640625,304176
2022-01-28,673.9463045887404,677.7184786853023,650.779992230632,660.166748046875,284802
2022-01-31,664.2491398949879,669.0976737628346,660.3703128007106,662.4260864257812,129657
2022-02-01,656.006654845739,672.0068171590498,656.006654845739,663.64794921875,165037
2022-02-02,663.2794907350625,673.9462661708602,663.2794907350625,672.2008056640625,257069
2022-02-03,677.8250761614793,683.4008904503613,660.3800597083183,664.6273803710938,333203
2022-02-04,672.9765237121939,675.6432174300736,660.3800417655295,667.8661499023438,271982
2022-02-07,672.9571763571822,672.9571763571822,661.8443731485731,662.5813598632812,152788
2022-02-08,667.1583308698652,668.1280377461294,660.6904025773209,663.7061767578125,169934
2022-02-09,667.1583000665071,672.4916876397132,664.2588861101392,667.2649536132812,248846
2022-02-10,669.0977364503814,671.5220036114334,660.8552281028042,662.68798828125,174765
2022-02-11,668.1183547342407,672.9765958251936,661.4370599168183,670.9887084960938,151653
2022-02-14,669.0782534580326,676.7389605609341,657.461185375786,661.6697387695312,216344
2022-02-15,654.649031669592,666.0916191652905,654.649031669592,660.263671875,44762
2022-02-16,665.9946565924281,665.9946565924281,654.5618340718779,656.3848876953125,156345
2022-02-17,663.0855385019427,663.0855385019427,651.6430094003101,655.056396484375,25838
2022-02-18,660.273444559471,663.2310387344174,655.1339506975185,661.02978515625,35630
2022-02-21,664.9279778140791,664.9279778140791,650.1884223238583,652.7969360351562,39623
2022-02-22,655.2309577664014,655.2309577664014,630.3094788426127,641.7811279296875,217890
2022-02-23,647.7641417164882,649.7035553144417,635.1579533297901,645.2041015625,154698
2022-02-24,630.3094162858496,633.7033900658503,611.0219339428132,615.9383544921875,623015
2022-02-25,625.4608914865058,626.430598295012,610.9152893589127,614.3189697265625,256634
2022-02-28,620.6124243949528,642.9156833966464,603.3031796702975,629.3203735351562,279974
2022-03-01,644.8453935869197,644.8453935869197,620.6124271888252,622.1930541992188,233330
2022-03-02,618.6729286462908,618.6729286462908,597.3490859202655,605.940673828125,465956
2022-03-03,604.1273950048918,605.0971018989607,594.682459326455,597.9988403320312,172958
2022-03-04,601.2085364945752,607.4243905063365,598.3091225020008,600.5103759765625,124666
2022-03-07,596.9612203833201,596.9612203833201,555.6420256638618,557.7656860351562,1000914
2022-03-08,556.5147373953654,562.4105119261372,542.0660828889598,544.78125,343539
2022-03-09,543.026133227448,555.6420289032293,528.9750903433012,535.8599853515625,834109
2022-03-10,544.0152115191795,575.0361220215082,544.0152115191795,572.447021484375,689365
2022-03-11,569.2179472307214,575.0361885993489,554.1874903617671,557.6590576171875,249060
2022-03-14,557.5813967944346,557.5813967944346,546.9146222470628,553.1983032226562,114283
2022-03-15,556.3693342765092,566.6967364434469,556.1269075513343,565.8142700195312,110835
2022-03-16,566.308787525095,583.7635104282657,566.308787525095,568.8978881835938,331888
2022-03-17,575.9864241981043,576.9755440703823,565.3390625092989,566.8712158203125,115120
2022-03-18,558.7451489709142,567.2785581797947,548.8541263756647,550.4347534179688,236748
2022-03-21,556.6116851495672,565.2323925266946,547.8843242325879,560.083251953125,189401
2022-03-22,560.0832848528074,562.420252260366,552.7425970813177,554.66259765625,138961
2022-03-23,554.66259765625,554.66259765625,554.66259765625,554.66259765625,0
2022-03-24,558.5511246614968,570.187606425278,548.6310428974596,567.3560791015625,154423
2022-03-25,567.2784678660877,581.8143630686242,565.3390543007334,579.5646362304688,237374
2022-03-28,578.915029117457,601.7031416539064,569.2179599530106,598.9976806640625,486774
2022-03-29,604.9515876006977,615.7638425258316,601.2182399464813,610.8086547851562,293816
2022-03-30,608.9565043706169,624.4912274463702,593.5575544620425,612.5541381835938,428413
2022-03-31,608.0062015404244,619.6426838665569,608.0062015404244,617.0729370117188,237486
2022-04-01,617.0728894957937,630.309410797013,611.9819288701256,624.14208984375,640614
2022-04-04,606.0668101787262,606.0668101787262,577.3343901068762,579.7974243164062,773433
2022-04-05,577.4604355134139,583.763530107599,564.902719830834,568.2869873046875,586557
2022-04-06,572.1269817001054,578.914928940615,564.3693277109513,566.7257080078125,437823
2022-04-07,569.8966645907742,570.1875647763788,548.9703765086473,559.35595703125,615200
2022-04-08,567.278495163358,580.8543907741051,563.4093743840884,573.9113159179688,355743
2022-04-11,601.2085015148205,614.7941030730251,595.4096738670612,607.249755859375,1326877
2022-04-12,606.0667285965902,610.9152624253629,599.2787812363084,605.4655151367188,410932
2022-04-13,603.1576984675261,604.1274053782456,590.5515086281727,593.20849609375,255441
2022-04-14,588.6217188301256,597.3393732656218,587.7877852085023,593.5671997070312,163772
2022-04-15,596.3696781589631,603.157625715244,589.5817306026822,591.1429443359375,134713
2022-04-18,581.9210975435543,591.5212197017233,581.8241505262852,583.9672241210938,135633
2022-04-19,586.1877722884276,592.4908666141097,575.0361438660672,578.6822509765625,183573
2022-04-20,588.6023921723629,588.6023921723629,569.712520365828,572.63134765625,111763
2022-04-21,569.3148850941773,572.1270587182939,562.4299899264585,569.03369140625,131919
2022-04-22,574.0664217075039,574.0664217075039,564.5148334667515,566.8809204101562,122829
2022-04-25,572.1366986527328,583.7634733108421,565.5329979416978,568.267578125,248219
2022-04-26,570.1778834384709,570.1875899761204,559.5208153337101,560.568115234375,162541
2022-04-27,560.9754109923556,566.3087986508827,552.6165427060698,553.8189697265625,147723
2022-04-28,552.7329032216378,556.6117306126669,541.1061275868217,549.6007690429688,375946
2022-04-29,549.6007690429688,549.6007690429688,549.6007690429688,549.6007690429688,0
2022-05-02,549.6007690429688,549.6007690429688,549.6007690429688,549.6007690429688,0
2022-05-03,549.6007690429688,549.6007690429688,549.6007690429688,549.6007690429688,0
2022-05-04,549.6007690429688,549.6007690429688,549.6007690429688,549.6007690429688,0
2022-05-05,549.6007690429688,549.6007690429688,549.6007690429688,549.6007690429688,0
2022-05-06,549.600789458088,549.600789458088,541.0964411477729,543.443115234375,172193
2022-05-09,543.0358402744041,543.0358402744041,502.6863521329909,503.1614990234375,749730
2022-05-10,507.1566830280688,507.1566830280688,496.00505424255675,500.1457214355469,407950
2022-05-11,502.2596524207673,502.2596524207673,470.8896313020751,493.91046142578125,858962
2022-05-12,501.33841139196437,504.2475317675464,480.0145685087412,498.9529113769531,386732
2022-05-13,494.9383529491459,510.06578519679704,492.62076904740695,507.4766845703125,347756
2022-05-16,496.5868238555886,507.47667136204564,480.00486140868003,486.9576721191406,470411
2022-05-17,489.69225770132994,489.7019642397223,478.0654819211546,480.74188232421875,371167
2022-05-18,482.9140022457983,492.99894737809376,472.2472270957907,490.29345703125,393915
2022-05-19,484.85343146566834,495.52020695791305,484.85343146566834,486.6667785644531,319048
2022-05-20,490.3807800093249,490.66197369689036,482.04129494045685,487.5589294433594,151704
2022-05-23,484.86311773145076,484.86311773145076,461.58044745614893,464.73199462890625,806613
2022-05-24,464.7319701177189,468.36837050987634,452.86276870750976,453.8906555175781,538131
2022-05-25,455.7622088666129,464.4895703129949,440.74145958035547,455.4906921386719,721180
2022-05-26,453.24097446433984,470.40479749708527,448.0045634080613,466.9235534667969,393385
2022-05-27,475.15638837453963,487.76257827019066,468.36843996918907,471.1321105957031,711969
2022-05-30,473.2169588394927,481.82796069425575,470.3175447295117,473.83758544921875,129320
2022-05-31,479.0351873680075,479.0351873680075,454.79251594250104,457.9343566894531,319595
2022-06-01,460.5719622780525,460.5719622780525,448.97427650999754,450.1476135253906,269688
2022-06-02,453.822802661506,453.822802661506,436.3680794822173,438.31719970703125,501793
2022-06-03,435.3983879845672,439.277215494452,420.85278482249925,422.9570617675781,401893
2022-06-06,424.73160355806795,437.33779270476856,417.9339490176304,431.4322814941406,320121
2022-06-07,434.4286500204134,439.85901406428917,429.1922391753951,434.6904602050781,304631
2022-06-08,431.5292542599529,461.5804600348664,427.17525038547257,450.962158203125,1183064
2022-06-09,456.7318947563121,457.70160153923416,448.0045337100131,450.7003173828125,415877
2022-06-10,454.5985386986225,458.67131912001616,448.00454425675997,453.0276184082031,420217
2022-06-13,451.9803737683767,451.9803737683767,430.54984622461177,437.357177734375,716623
2022-06-14,433.943813000379,437.91961698224355,429.5801321992579,434.62261962890625,441663
2022-06-15,438.29777757390445,445.5705787483281,437.328070750648,439.93658447265625,533921
2022-06-16,436.3874441791695,445.58027531136287,434.4771205963956,444.4651184082031,452041
2022-06-17,446.0457756469171,454.7925209398327,444.0287687900131,449.7403564453125,677307
2022-06-20,451.8833654827346,454.3076324649381,436.37776333435386,439.47113037109375,404493
2022-06-21,440.24688415507626,452.8530724678868,437.44441731776976,450.6809387207031,907649
2022-06-22,452.85307880996714,454.79249242371435,443.6893376477704,445.77423095703125,579775
2022-06-23,447.0348320598295,453.8227796182217,446.559685200535,447.9075622558594,403926
2022-06-24,447.9076007853246,448.97428426916395,414.3169699381371,422.9570617675781,874681
2022-06-27,424.72186784596255,436.36805587362716,422.7921608020032,433.5364990234375,621735
2022-06-28,434.4286888960009,460.6107750571438,433.4589820011438,446.52093505859375,1000421
2022-06-29,439.18991646958426,450.90396175612887,435.4080658154161,443.65057373046875,899482
2022-06-30,443.64085955538764,451.8833673285479,436.46503517737466,445.13421630859375,1584750
2022-07-01,444.12573398519834,444.61058740657955,437.36687610741996,438.9765930175781,159303
2022-07-04,436.85293177915844,444.0287564824372,426.0891799276882,426.9813232421875,436179
2022-07-05,428.12559598346576,430.54986323139025,420.6588410226159,422.12310791015625,146781
2022-07-06,426.57401860379514,430.5013489291406,422.40429116973297,423.87823486328125,324177
2022-07-07,426.18616167994435,426.690398589734,420.8527739911168,422.2103576660156,133871
2022-07-08,422.2103576660156,422.2103576660156,422.2103576660156,422.2103576660156,0
2022-07-11,422.2103576660156,422.2103576660156,422.2103576660156,422.2103576660156,0
2022-07-12,422.2103576660156,422.2103576660156,422.2103576660156,422.2103576660156,0
2022-07-13,421.81276365629617,433.45895213076614,417.08058960059833,431.35467529296875,484102
2022-07-14,437.3377988458092,444.99847720852273,429.5801438773691,442.6130065917969,750348
2022-07-15,444.6105677258217,448.97424832509364,432.10135592652927,437.6092834472656,586724
2022-07-18,426.6710060612507,431.51954022103763,419.883058237549,422.9085388183594,328980
2022-07-19,422.7921766546028,426.65162048033426,410.6708413147346,414.7436218261719,318493
2022-07-20,417.8369789241163,420.3678994775268,412.1253916446341,415.1799621582031,226004
2022-07-21,416.97390747145573,417.8951407321799,409.2162533789636,410.3799133300781,223965
2022-07-22,413.08540952011526,414.06482290356814,394.9712927539857,406.26837158203125,560455
2022-07-25,402.42833107425713,405.32774500184235,399.0440637357391,402.2247009277344,150708
2022-07-26,404.35803171130004,409.0999121990552,396.61008379833345,401.856201171875,358293
2022-07-27,401.8561905614965,405.32772781561397,398.549486887969,403.08770751953125,282249
2022-07-28,405.3084019625882,411.05875688770556,402.4283712305394,403.63079833984375,509039
2022-07-29,405.33745198035695,405.33745198035695,397.6088874179643,399.4513244628906,187844
2022-08-01,399.51921847857847,403.30106923973057,396.6198044938792,401.2646789550781,109858
2022-08-02,401.2646969010338,408.2465983054959,396.7264757846862,404.484130859375,254715
2022-08-03,407.267164724036,434.76806599101155,403.4562239595705,428.1740417480469,1174910
2022-08-04,428.707366339529,441.1681041771919,428.707366339529,438.4723205566406,794586
2022-08-05,441.2068774013505,460.5137429002677,441.2068774013505,452.02880859375,1830646
2022-08-08,452.02880859375,452.02880859375,452.02880859375,452.02880859375,0
2022-08-09,452.02880859375,452.02880859375,452.02880859375,452.02880859375,0
2022-08-10,456.7319003360908,462.44348756196825,444.1257120040968,447.5099792480469,1213367
2022-08-11,448.00453746049385,453.502787986656,445.0954170873738,450.4190979003906,572770
2022-08-12,449.9439738617233,450.91368070194255,446.06514650084637,449.2651672363281,504503
2022-08-15,450.91366719659436,465.94412276981416,448.5378736719731,459.6119384765625,2317379
2022-08-16,460.6107624408441,474.62303852497075,458.91377542132517,465.29443359375,2561946
2022-08-17,467.39868852013234,490.11891227261464,463.7138144312815,483.1952209472656,1947928
2022-08-18,487.75283783345293,495.52019915298297,480.00488959046294,485.5128173828125,1220122
2022-08-19,480.1115526220487,483.31160303838766,475.4472649601367,477.9588317871094,330146
2022-08-22,477.8715357839532,478.928542318798,470.30783400219104,475.69940185546875,512742
2022-08-23,481.944248502514,506.06085032749206,480.9648352279177,502.3759765625,2185086
2022-08-24,506.18696020587475,511.03549430746364,491.6413579011083,494.1431884765625,1021093
2022-08-25,491.64140055415766,510.9385916271194,485.82315912748123,505.0330505371094,1970583
2022-08-26,523.6416637214619,523.6416637214619,501.3481142117058,503.06451416015625,2097136
2022-08-29,501.33843806936727,501.33843806936727,482.1479313512037,496.07293701171875,1300134
2022-08-30,503.1808849238568,505.70209894305003,491.64135026678116,494.4438171386719,1033635
2022-08-31,493.57107952918363,503.76270798044874,491.73834897326105,501.06689453125,572071
2022-09-01,503.25850563342584,513.4695484629298,501.06695840584666,507.5155334472656,1142761
2022-09-02,506.1869584674003,510.5021656402355,502.3081311994509,504.9651184082031,391581
2022-09-05,504.1990923941844,508.61124675856587,498.04141833733587,501.4450988769531,485020
2022-09-06,500.36875583508356,500.36875583508356,493.58080759701073,496.761474609375,201540
2022-09-07,504.150633230406,504.2475802444301,491.660774222503,492.8147277832031,137412
2022-09-08,495.5299016817825,502.20148947458114,495.03534172368535,498.9820556640625,413770
2022-09-09,500.3687046001037,504.2475317675464,497.94443762045205,498.9529113769531,346278
2022-09-12,500.36875583508356,503.26816996983797,494.55051448816397,496.761474609375,155566
2022-09-13,497.84747314453125,501.04749360813037,497.0038330001152,497.84747314453125,191115
2022-09-14,497.84751318248505,500.12630057216967,494.55048626622687,497.2753601074219,157459
2022-09-15,498.4292993117016,507.4960342920135,494.06561867570423,495.4910888671875,922911
2022-09-16,495.5977608155428,499.5929778710707,491.4474167069052,492.77593994140625,411958
2022-09-19,496.1892794566552,496.1892794566552,484.8534044921798,486.7831115722656,174812
2022-09-20,488.63530902188154,488.7129021472962,476.6109491828878,477.8521728515625,427623
2022-09-21,479.99520980692745,480.96491670863605,466.42901972181863,468.785400390625,428667
2022-09-22,465.4592741325793,474.904209100393,458.71979988862654,473.4399719238281,512537
2022-09-23,478.9381953136493,479.0836454188893,462.598629381334,465.119873046875,338713
2022-09-26,466.4289777512389,478.06545952465854,455.76220279227084,471.2096252441406,1740483
2022-09-27,475.15637120440175,483.5443297978584,471.2775436843658,478.5891418457031,1112140
2022-09-28,480.8776042052979,488.24738192658407,479.0836406768179,480.9648742675781,780047
2022-09-29,482.7103802796943,490.66195867953525,477.0957693422196,487.7528381347656,996340
2022-09-30,485.8231400139559,492.5141114727726,476.23272490160474,481.51763916015625,836928
2022-10-03,483.77707733723037,483.77707733723037,477.144256266681,479.25823974609375,170261
2022-10-04,481.16853143459,495.52018039952674,480.32486165084975,490.603759765625,1611597
2022-10-05,494.5504551061607,503.17116253809246,492.4170883645403,501.1056823730469,1329524
2022-10-06,504.2281504957938,507.15668413151303,496.6159753740397,497.4983825683594,661341
2022-10-07,495.42321570174784,505.1203136373919,494.6959355760573,496.3541259765625,823970
2022-10-10,498.42934225338433,501.8233163737867,495.0353681329819,499.0014953613281,508375
2022-10-11,500.36873869276303,501.4353925620041,494.74445075400104,497.88629150390625,333876
2022-10-12,499.88387167093936,504.2475524129747,496.4898977604674,497.9444580078125,363242
2022-10-13,498.4390132483357,501.4257268334461,495.42320964227764,497.0426330566406,186571
2022-10-14,501.32872502946674,501.32872502946674,495.5298971203607,496.887451171875,206757
2022-10-17,499.29235430234803,499.3020608402546,494.2595735839766,494.957763671875,393801
2022-10-18,496.024459039723,499.8741965869954,491.6316880000535,494.2499084472656,411636
2022-10-19,497.4595848796477,500.2717582542293,495.0353178968034,498.1577453613281,367206
2022-10-20,500.3687084464105,500.3687084464105,496.4898812491515,496.5674743652344,241135
2022-10-21,498.41958764642993,499.30205397690685,492.70802999448364,497.3626403808594,186632
2022-10-24,502.30811282193935,502.30811282193935,495.0450184982257,495.54925537109375,383182
2022-10-25,497.94443888771144,497.94443888771144,490.6716379302473,492.6207580566406,212600
2022-10-26,488.0049646417926,491.5638017466836,479.5200298367937,482.5067138671875,377351
2022-10-27,478.0654723623984,484.2619132778303,476.12605868141503,478.1430358886719,346580
2022-10-28,479.90789103894855,479.995161100074,463.74289519992715,466.0895690917969,225543
2022-10-31,473.21694955650844,473.21694955650844,466.4290015095913,470.579345703125,121323
2022-11-01,478.7830223797569,479.0351556156633,471.35506479616356,477.45452880859375,442507
2022-11-02,477.095748730917,478.04607205467056,470.50175428488546,474.787841796875,160234
2022-11-03,474.1866550022422,479.7624694526776,473.7018015717696,475.069091796875,351219
2022-11-04,470.4048102488558,473.20724772482856,467.39871302241426,468.5817565917969,246243
2022-11-07,469.33812640762744,474.1866607713426,468.3684195348844,468.9793395996094,98708
2022-11-08,474.04117522158805,476.5139157249883,472.2472117225021,474.53570556640625,351961
2022-11-09,474.53570556640625,474.53570556640625,474.53570556640625,474.53570556640625,0
2022-11-10,476.99879687864865,478.74428697652223,473.21694605624634,476.0,467304
2022-11-11,477.09574277302266,478.0654495672768,473.70176899313327,475.7381591796875,153631
2022-11-14,475.12724393406756,475.64118735645746,467.3986795225535,474.2641906738281,134335
2022-11-15,473.41088879840834,478.4533465857619,470.30781508841835,471.03509521484375,418803
2022-11-16,475.03998524585785,475.03998524585785,468.3586910017287,472.2375183105469,80738
2022-11-17,474.1769667036726,475.42789688848,471.2872590864864,473.0133361816406,255538
2022-11-18,475.0884921599364,475.0884921599364,470.30784426797027,473.1490783691406,193130
2022-11-21,469.33807635063005,473.7017568125677,468.65926977486555,470.90899658203125,132352
2022-11-22,471.27751916808506,476.9891065989067,469.33810550895714,472.76116943359375,360017
2022-11-23,474.18663320664604,475.0593634227615,471.2775127575255,472.3926696777344,50250
2022-11-24,472.39266578166826,476.12604291253587,470.3175086001576,472.4120788574219,255363
2022-11-25,477.09576877504094,477.09576877504094,468.04841691252904,469.5611572265625,168456
2022-11-28,456.7318845343701,456.7318845343701,441.70142973546837,444.2808532714844,771415
2022-11-29,445.09544052063546,453.82280209947146,444.28089032444996,453.0858154296875,411514
2022-11-30,453.71615473000514,460.61075626648267,448.87729739875766,458.46771240234375,684044
2022-12-01,462.4532206615483,462.4532206615483,453.3476881414131,454.6567687988281,136907
2022-12-02,457.70160215286774,457.70160215286774,442.3802467993983,443.9705505371094,278964
2022-12-05,445.96816930497675,447.03485274641986,425.70130228997465,428.69769287109375,309108
2022-12-06,430.54982383406565,432.4892374549398,423.76187616100606,429.93890380859375,199196
2022-12-07,431.52923286978313,441.19721085694516,429.58011273049067,439.84930419921875,301492
2022-12-08,432.4892391991217,441.21660052825194,432.4892391991217,438.2395935058594,245334
2022-12-09,438.30751432536044,441.2166349956615,433.4783633591426,439.4129943847656,127260
2022-12-12,437.347492385146,440.24690637362824,437.3377858469303,439.635986328125,207454
2022-12-13,437.3474822274618,443.0978365660007,437.3474822274618,439.5487060546875,179888
2022-12-14,441.2068776820153,441.21658421959313,437.822610494827,440.0238342285156,192677
2022-12-15,441.19723323903094,442.0893469688368,433.4589619229954,437.11474609375,425421
2022-12-16,441.02262773282513,441.1196043285718,431.6261667518459,436.8722839355469,295909
2022-12-19,435.8250493153624,437.3184061514045,427.6504276668822,428.2807312011719,66256
2022-12-20,432.3729103936866,436.36809802291054,396.2804189690452,409.36175537109375,490607
2022-12-21,411.1556911231436,420.35819936268683,402.47680325865656,417.92425537109375,435092
2022-12-22,421.8224848602795,429.5704332158506,416.9836570899517,425.6237487792969,218019
2022-12-23,426.68072870168163,426.68072870168163,412.13512567339063,416.90606689453125,200230
2022-12-26,426.4673555158866,439.27717386731734,408.77988362361464,422.0745849609375,157423
2022-12-27,424.7121878726055,424.73157135476686,419.1072838453009,421.4151611328125,113322
2022-12-28,422.7824455479363,422.7824455479363,414.0647911478939,418.4090881347656,322464
2022-12-29,421.7255037551907,436.3680831299499,415.15089248642363,433.420166015625,489376
2022-12-30,440.24687298685836,440.24687298685836,428.6200983000157,433.0516357421875,47928
2023-01-02,434.18623365077633,434.8941302910388,423.7618852158331,425.9437255859375,73567
2023-01-03,426.6709969464736,426.6709969464736,416.97392883405377,418.3315124511719,189273
2023-01-04,421.7254891940236,422.7921726123544,415.0442246069808,419.5048522949219,379679
2023-01-05,418.4285150123759,423.2770493694139,416.00424783385694,417.6915283203125,138474
2023-01-06,416.9739112078031,424.7315653698087,415.03449766730165,419.98968505859375,241503
2023-01-09,418.91335576865373,420.7557928499413,409.21628734808303,410.75811767578125,478912
2023-01-10,413.9678285317642,425.9437134746581,413.9678285317642,423.4903564453125,594843
2023-01-11,423.7618803690923,426.651617346408,418.94243628963727,420.6878967285156,443762
2023-01-12,419.88304843161137,433.4589437619637,417.9436348129896,422.4236755371094,343433
2023-01-13,417.95336291179126,423.55826737502366,414.0648289360642,415.2090759277344,137109
2023-01-16,414.06483418869254,416.0042479319651,406.7920326514204,407.5386962890625,81708
2023-01-17,412.1254180264594,412.1254180264594,378.18567771839804,379.86328125,1268802
2023-01-18,378.18568638440786,388.8524621542245,374.3165653704228,387.6015319824219,264057
2023-01-19,388.3675776418794,391.7615514789495,378.2826327303489,380.0862731933594,196907
2023-01-20,386.593035621383,386.593035621383,369.1674026717133,372.27044677734375,265883
2023-01-23,365.5794853275899,380.10570470844794,365.5794853275899,377.3711242675781,79978
2023-01-24,379.9311268631413,384.9833207904647,364.1733907633934,381.88995361328125,345277
2023-01-25,383.51905214474385,391.7615602186511,382.0644918964073,384.799072265625,414048
2023-01-26,386.91302840480046,399.51921730019495,384.0039078904787,392.56640625,1246390
2023-01-27,392.7312615563482,394.1858217843347,384.0039001884293,385.87542724609375,164850
2023-01-30,387.8730326267169,392.5761167577133,382.0644980775146,383.1893615722656,132553
2023-01-31,384.95420714714976,397.48280213906537,383.17962717236406,396.3676452636719,550034
2023-02-01,400.3822785453601,400.3822785453601,390.33610011456307,392.7991638183594,181757
2023-02-02,395.15554248425263,405.82231786419567,389.8609513544593,404.14471435546875,508311
2023-02-03,399.41255133856663,406.1131993396936,399.41255133856663,401.06103515625,124295
2023-02-06,405.3374766350021,413.96786196530803,399.51923534359054,410.55450439453125,355686
2023-02-07,412.02843330119265,418.81638122903144,403.9798783097113,406.92779541015625,354070
2023-02-08,409.98237916997726,410.816312880233,403.6889614094543,408.18841552734375,276397
2023-02-09,410.1859783154161,420.8527531652259,410.1859783154161,417.1581726074219,1162792
2023-02-10,416.97394125456344,416.97394125456344,400.6052850583248,401.6622619628906,1153956
2023-02-13,397.5798178968215,407.2768866260123,397.5798178968215,403.32049560546875,158136
2023-02-14,403.3689363654685,404.3677331797664,395.2524952329438,398.9761657714844,300432
2023-02-15,405.03683709166046,406.307150636704,393.22581532824137,403.7083435058594,357696
2023-02-16,400.4889307994545,407.2477887572034,396.61010338251066,397.55072021484375,448344
2023-02-17,393.81732746185827,400.9737685003401,393.70096737881033,398.539794921875,60049
2023-02-20,395.6403967754816,398.42345071398097,391.2864224670351,396.8913269042969,194413
2023-02-21,402.20530579940277,402.20530579940277,394.67069411080524,400.8283386230469,82515
2023-02-22,402.4283294714888,404.3677431074959,399.519209017478,403.01983642578125,570180
2023-02-23,401.45862011213046,403.2913801912451,396.0670526056091,401.44891357421875,859992
2023-02-24,404.17378749838326,407.1798845349033,393.70096576358833,403.1653137207031,393219
2023-02-27,402.42834049634695,405.33746103005547,397.68645982171194,401.3907470703125,719757
2023-02-28,401.4586335434703,405.22110083428163,397.0949527440847,401.1289367675781,446097
2023-03-01,400.9737869558605,400.9737869558605,394.6706923604237,395.5628356933594,682583
2023-03-02,388.86215310137675,399.0343684805778,383.14085901611446,384.7699890136719,368237
2023-03-03,380.12507065022334,394.1858194370301,378.2923105691844,392.4791259765625,324469
2023-03-06,394.5737160243897,398.5495200751472,392.4888521907928,397.8028564453125,225792
2023-03-07,401.0125654332446,404.85259614292653,389.8318470157042,400.7798156738281,271139
2023-03-08,405.1241137205159,406.2101806230666,402.42832994700467,404.3386535644531,355037
2023-03-09,405.33746561054403,409.5556963507101,402.68047829619184,407.5677795410156,583727
2023-03-10,409.7011594333276,411.0393596712256,405.4344550525247,408.56658935546875,323838
2023-03-13,410.0890087511722,412.125398994235,408.43081837305266,409.08050537109375,387649
2023-03-14,410.185973955627,410.185973955627,402.04044280278833,402.53497314453125,203183
2023-03-15,404.2514023925271,418.81638884325423,399.51922815904743,411.64056396484375,1225873
2023-03-16,413.09512339441216,419.7764178812328,411.2914828349861,413.35693359375,481208
2023-03-17,414.0163556784157,414.0163556784157,406.423534393134,407.2962646484375,784196
2023-03-20,409.16778797441503,409.2162614762115,402.4283140109663,403.08770751953125,40588
2023-03-21,406.695045048437,406.695045048437,400.02345721708497,400.9931640625,57896
2023-03-22,402.4283328841,402.4283328841,392.7312646218325,394.0403747558594,123447
2023-03-23,394.0403747558594,394.0403747558594,394.0403747558594,394.0403747558594,0
2023-03-24,395.64039612407817,395.64039612407817,388.6584949434702,390.69488525390625,93925
2023-03-27,395.54341740930505,395.54341740930505,378.29232429606293,391.62579345703125,50233
2023-03-28,397.579817883794,397.579817883794,387.0100188879435,388.2900390625,188397
2023-03-29,389.82215563810513,392.2367162368163,383.03420765435703,384.10089111328125,132665
2023-03-30,387.8827406120169,387.8827406120169,384.00391320589677,385.9530334472656,82490
2023-03-31,387.87304663162126,394.5543412596694,383.0342187556163,390.24884033203125,927557
2023-04-03,391.76157701131746,391.76157701131746,387.0100192483656,387.8924560546875,34948
2023-04-04,388.8524550468997,392.7021925062753,384.11057424575205,389.7445983886719,75944
2023-04-05,392.6342663339852,392.67306289096047,388.8717993211434,390.7045593261719,44633
2023-04-06,390.70455598756007,397.48279680078434,390.6948494501236,397.4440002441406,92124
2023-04-07,402.4283480661132,402.4283480661132,388.85245198677444,392.13006591796875,53116
2023-04-10,394.6609427640758,394.6609427640758,379.15534122077327,387.834228515625,85550
2023-04-11,387.8827094256341,387.8827094256341,384.10085892735464,387.0099792480469,25660
2023-04-12,390.78216506222714,390.7918716007951,383.03421658142446,386.3021240234375,89374
2023-04-13,388.95910389031957,391.7324808946293,386.30211656726243,390.0257873535156,60563
2023-04-14,390.0257873535156,390.0257873535156,390.0257873535156,390.0257873535156,0
2023-04-17,392.8088320991971,392.8088320991971,384.0039070494335,384.9251403808594,57502
2023-04-18,384.9251482856923,387.7857657547266,380.6099409397072,381.0657043457031,101026
2023-04-19,381.06570349701144,385.93362124925676,380.98813996967846,382.7820739746094,37401
2023-04-20,383.0244849401035,389.8221391751144,381.09477785029844,388.5227355957031,210004
2023-04-21,388.5227355957031,388.5227355957031,388.5227355957031,388.5227355957031,0
2023-04-24,388.5227355957031,388.5227355957031,388.5227355957031,388.5227355957031,0
2023-04-25,388.5227355957031,388.5227355957031,388.5227355957031,388.5227355957031,0
2023-04-26,390.79188296674596,394.67071058924466,383.0342277217485,384.9348449707031,168959
2023-04-27,385.9433095544242,391.75184386410604,383.9941894007005,389.8512268066406,199552
2023-04-28,390.7918846081549,392.7312984275502,386.2536633731154,389.017333984375,119995
2023-05-01,389.017333984375,389.017333984375,389.017333984375,389.017333984375,0
2023-05-02,403.39803668478265,418.1860656738281,403.39803668478265,418.1860656738281,769270
2023-05-03,431.56801054773223,449.54638336591546,431.5195370437329,444.4166259765625,2448615
2023-05-04,444.6008461263894,450.8069931095922,441.32323251907474,442.5547790527344,588714
2023-05-05,444.6978593967545,444.6978593967545,436.3971711542152,441.6044921875,319493
2023-05-08,441.5075260168833,444.1063629189084,432.4892639642871,433.51715087890625,296957
2023-05-09,433.4589524814054,439.6650702672164,426.9134313868875,429.7740783691406,764925
2023-05-10,428.610404299699,440.04325572308335,419.010312927444,430.88922119140625,600790
2023-05-11,435.39836310135286,445.095431321873,430.88923229743176,443.63116455078125,573903
2023-05-12,446.0651537501076,453.79371857598034,440.82874264644465,450.81671142578125,704003
2023-05-15,451.88339987457545,453.8228136079427,447.0348655411572,452.7755432128906,235186
2023-05-16,458.4289091366512,459.9804460010545,452.85309480024563,453.2215881347656,381577
2023-05-17,454.7924991451553,455.66522936561915,447.08331807933394,451.67974853515625,176808
2023-05-18,452.8531213083837,458.69074618008284,452.8531213083837,454.4240417480469,233493
2023-05-19,454.7925364873125,460.35864462825873,448.0045881815317,457.44952392578125,245236
2023-05-22,457.7016167763013,459.3404236614444,453.8227895154852,456.9646301269531,166476
2023-05-23,456.73193076376964,460.12590477156834,454.7925170450275,455.55859375,172517
2023-05-24,456.7319281317273,458.62286833384576,453.33795414348725,454.90887451171875,164001
2023-05-25,456.683415970174,467.689564154507,455.7621826998165,463.3840637207031,779713
2023-05-26,470.2690336496438,498.13842911366874,466.438709283175,491.9322814941406,1641016
2023-05-29,497.45956676691776,508.3590612551372,495.03529987234214,497.84747314453125,1422158
2023-05-30,500.3686977015267,524.61136716381,498.3323371411768,520.751953125,1645312
2023-05-31,520.9750173515674,522.6720043787712,497.4596256888862,500.2232666015625,1234159
2023-06-01,499.39901984829936,508.60152823939995,495.5298990478117,500.9699401855469,674562
2023-06-02,501.3287417053936,505.8669627225476,498.4293276543961,499.9808349609375,397315
2023-06-05,502.2111946437358,502.2111946437358,492.5140966789527,496.4801940917969,256167
2023-06-06,495.5105233267043,504.24759203541976,494.65717651297814,499.36029052734375,348203
2023-06-07,499.37959782765915,500.95051813677,497.4595972690141,499.030517578125,184830
2023-06-08,499.3990408314701,502.3081614576728,490.68138549140957,492.5722961425781,251793
2023-06-09,492.6013634518799,495.5201904820468,486.7928290058464,492.8050231933594,253503
2023-06-12,494.4341405535115,522.2840932783399,491.6413800502817,510.26947021484375,1408856
2023-06-13,512.8682755491876,515.8840496800328,494.60867879758456,495.7723388671875,782207
2023-06-14,498.33236292673064,502.98694386709326,493.8716760031353,496.6353759765625,314140
2023-06-15,495.5202124810988,504.24757434475805,486.69587401144446,496.00506591796875,1049027
2023-06-16,500.3396203000301,502.30815363582144,494.64747535806595,495.7723388671875,391567
2023-06-19,498.42932975190433,501.3384503535691,495.0353557166287,496.1505126953125,722738
2023-06-20,496.4898965024995,499.87416386628774,496.2474697952229,497.15899658203125,272018
2023-06-21,498.4195880988472,500.7566146284811,496.4898810388213,497.22686767578125,948588
2023-06-22,499.38932621918264,500.35903307890607,494.2595982382811,497.61474609375,419280
2023-06-23,499.2050827902262,499.3990360006723,494.2596014480045,497.2074890136719,367898
2023-06-26,499.3990508482611,515.2828545208173,499.3990508482611,509.40643310546875,680316
2023-06-27,508.12640609460715,510.793100019722,503.27787168530745,506.2742919921875,650584
2023-06-28,506.2742919921875,506.2742919921875,506.2742919921875,506.2742919921875,0
2023-06-29,506.2742919921875,506.2742919921875,506.2742919921875,506.2742919921875,0
2023-06-30,506.2742919921875,506.2742919921875,506.2742919921875,506.2742919921875,0
2023-07-03,544.2479858398438,544.2479858398438,533.8236368905727,544.2479858398438,859865
2023-07-04,543.966841253893,544.9753151920504,529.0720972664079,530.332763671875,675892
2023-07-05,533.3388297167205,536.2479506060845,520.7326391961435,526.3860473632812,395836
2023-07-06,525.5810796691984,543.0358018722345,525.5810796691984,541.5618286132812,1058917
2023-07-07,542.9873108314792,543.5206377109934,536.829637408134,539.2636108398438,309988
2023-07-10,540.1267042755716,547.8649458388918,538.1775840776025,540.4078979492188,395488
2023-07-11,546.7207274894029,555.642042628889,543.5207066204053,550.3086547851562,1221868
2023-07-12,554.6723362081859,563.3899916029229,550.7935086822546,561.1209106445312,1069596
2023-07-13,560.4905255839548,571.1573002923,555.6419916256161,564.2432861328125,948748
2023-07-14,563.399700488475,570.1876486871313,557.6881127280577,562.158447265625,269911
2023-07-17,561.4602929221248,566.3088274033177,560.5875330410254,563.7197265625,357194
2023-07-18,565.3197019548303,567.811855756374,560.6845338125287,564.7960815429688,505087
2023-07-19,564.7571891768777,564.7571891768777,561.460162819177,564.0202026367188,685888
2023-07-20,564.5632920252319,570.1875794409804,563.7002387972394,565.6202392578125,268563
2023-07-21,566.7936677414627,567.2785211783673,563.5257603116227,565.3585205078125,597692
2023-07-24,567.2784754728091,567.7633288706492,560.490527903049,565.2905883789062,349531
2023-07-25,565.3487762121599,567.365782947115,563.4966030626048,565.2517700195312,190985
2023-07-26,565.3584734972675,568.2384742636226,565.3390604218181,566.3475341796875,563427
2023-07-27,566.3475341796875,566.3475341796875,566.3475341796875,566.3475341796875,0
2023-07-28,566.3475341796875,566.3475341796875,566.3475341796875,566.3475341796875,0
2023-07-31,566.3087343620351,576.1027487304593,566.3087343620351,570.711181640625,425780
2023-08-01,581.3295418214389,583.7635154503357,574.056740549217,574.41552734375,226478
2023-08-02,573.0967644044939,576.8786448999216,567.773083118652,574.5804443359375,550226
2023-08-03,576.4906771507857,584.7331847298971,575.0458235272989,581.1743774414062,1444559
2023-08-04,581.8435235574525,590.5417655997608,581.8241104808495,585.18896484375,397121
2023-08-07,586.4786841427197,591.03631812134,581.8241031547235,589.1842041015625,368184
2023-08-08,596.8545820598675,603.5455831774275,583.7635392364587,584.0738525390625,688322
2023-08-09,583.7634758119425,590.939329587767,583.7634758119425,589.6204833984375,355816
2023-08-10,589.5817523515736,599.6570205150347,586.6726318629968,592.6363525390625,325885
2023-08-11,595.9139902798053,602.1879653093152,592.694556374196,597.0097045898438,432893
2023-08-14,597.0097045898438,597.0097045898438,597.0097045898438,597.0097045898438,0
2023-08-15,598.2896464372352,607.5018604815799,594.1878058602329,604.214599609375,568715
2023-08-16,603.1576659529971,611.3225811289682,601.2182522361065,607.5892333984375,375037
2023-08-17,602.2363998890012,608.9758740263751,600.2582193122555,604.8255004882812,189029
2023-08-18,604.5152405806116,607.9867482978299,594.6726929221749,595.3612060546875,242180
2023-08-21,596.3696943254322,598.2606344617543,586.915052830029,587.3804931640625,1269644
2023-08-22,589.4847651790161,590.4059392553356,583.27861821842,584.3646850585938,266037
2023-08-23,584.3647134760012,587.6423272307657,580.8543795564829,582.6580200195312,1091219
2023-08-24,584.7138364467064,586.09086283246,581.8338354181341,582.4738159179688,98546
2023-08-25,585.6932380026597,585.6932380026597,579.9913569202438,581.9986572265625,246217
2023-08-28,574.2701595642578,581.6980885704492,570.1973786405756,572.3403930664062,184495
2023-08-29,573.5718757045802,573.5718757045802,565.2421272910143,567.3463745117188,519740
2023-08-30,570.12948161499,570.12948161499,561.460299493701,562.8954467773438,717026
2023-08-31,563.3996702262881,563.3996702262881,534.3181717613371,543.307373046875,584526
2023-09-01,538.1872723892767,541.0963927805701,528.9944708923755,538.3812255859375,103922
2023-09-04,542.9388855564732,545.9449530979822,539.1570051909025,543.2782592773438,92751
2023-09-05,546.177667642386,551.084381854349,536.7327325502295,538.5557861328125,170408
2023-09-06,538.5557786599144,541.0964057945189,534.4151115971334,536.742431640625,202435
2023-09-07,536.7327424097955,540.9703566167792,520.732579356929,522.1580200195312,396368
2023-09-08,523.641685221783,530.8175393974534,518.8900981073245,527.2393188476562,101036
2023-09-11,528.490283030144,530.3715168637916,522.8853484998174,525.3775024414062,92726
2023-09-12,527.5205329859161,527.5205329859161,514.5264373592055,515.8064575195312,178908
2023-09-13,515.8937631525392,531.2927130359897,515.8937631525392,528.4417724609375,861488
2023-09-14,508.1377073286143,521.2670100405393,508.1377073286143,512.1985473632812,69164
2023-09-15,525.0740517694152,534.9331981962205,523.2193325422887,530.5892944335938,472615
2023-09-18,529.0762454228156,531.8094687230622,523.3169045281752,526.7529907226562,65193
2023-09-19,530.7259596092684,530.7259596092684,522.2431663557375,524.3321533203125,42243
2023-09-20,526.8701005163889,527.0653435102929,522.2431335018688,523.1314086914062,38215
2023-09-21,524.8592116053309,545.6708512200429,522.291918218717,536.9635620117188,480606
2023-09-22,548.5993088527634,548.5993088527634,536.1045322396914,537.5004272460938,182247
2023-09-25,535.9093591517334,544.6849873945098,532.9906637958612,542.820556640625,185224
2023-09-26,543.1035688199113,547.8672118829342,538.8377745378702,545.8367919921875,96699
2023-09-27,548.501794697431,551.5278528902172,540.8877341972282,547.2034912109375,264545
2023-09-28,547.2034912109375,547.2034912109375,547.2034912109375,547.2034912109375,0
2023-09-29,547.2034912109375,547.2034912109375,547.2034912109375,547.2034912109375,0
2023-10-02,552.5040177703896,553.4606311031121,548.1113179824625,550.951904296875,355778
2023-10-03,551.5766465752095,556.389085981445,550.6883712962479,554.3196411132812,107305
2023-10-04,552.5040054356308,557.7752688953831,551.7718888206543,556.20361328125,131821
2023-10-05,557.3652049856838,571.9977652601382,557.3652049856838,567.87841796875,543549
2023-10-06,570.0650362720035,570.0650362720035,562.8512328865696,566.3458862304688,74338
2023-10-09,568.0248484194888,568.0248484194888,557.4823224852511,566.4434814453125,152817
2023-10-10,569.0985975341268,574.9555299272739,566.3653743332843,568.8447875976562,127858
2023-10-11,569.08886792707,569.0986390145384,564.2178616644995,567.2048950195312,94306
2023-10-12,567.1462975347986,576.1659640592108,566.7558115359017,571.1290283203125,252443
2023-10-13,571.1485303743843,579.8363377175608,569.3524377097791,578.3135375976562,230267
2023-10-16,578.3233174715187,582.0326963245873,571.3047572911379,573.6963500976562,147814
2023-10-17,573.7353661506673,580.8124931682638,571.0509386612341,578.3135375976562,355337
2023-10-18,575.9316815511961,583.6433329835462,575.9316815511961,581.7202758789062,584167
2023-10-19,584.7170811427214,585.5858737427359,571.050905623526,582.0326538085938,140611
2023-10-20,582.0326556237657,595.4352501627828,582.0326556237657,590.8180541992188,501836
2023-10-23,593.4927366975139,595.2107798054482,589.6076571101173,592.7606201171875,325149
2023-10-24,590.0859286094844,595.4059873590611,586.8646277638038,594.810546875,179869
2023-10-25,592.5263810180302,600.4332166362674,589.6955062718549,591.979736328125,231056
2023-10-26,595.3572402056412,598.5785413148216,592.5459077082253,594.830078125,133758
2023-10-27,594.4786191629286,599.2618042984565,592.5263084267613,597.9635009765625,165113
2023-10-30,601.8095880885813,620.3467699992207,601.8095880885813,617.681884765625,834181
2023-10-31,619.5659204498012,620.9325024298959,607.1687334300435,619.3511352539062,282880
2023-11-01,620.8348308573783,623.8608887481919,612.0494323075097,622.8359375,144422
2023-11-02,623.2654655230751,644.6530641722203,623.2654655230751,641.3243408203125,1100811
2023-11-03,646.2148611899067,659.588201804207,645.2387058104658,648.8016967773438,571900
2023-11-06,654.0241227220365,680.8683964158514,649.6509655639976,676.4952392578125,2021377
2023-11-07,680.3803134928196,704.1008777861506,680.3803134928196,702.0314331054688,2462291
2023-11-08,704.7842038204872,712.5934470761159,695.9988051579049,701.28955078125,963437
2023-11-09,701.28955078125,701.28955078125,701.28955078125,701.28955078125,0
2023-11-10,697.9511754345999,709.5576785112595,697.9511754345999,703.281005859375,471517
2023-11-13,707.6150941426552,724.795405856975,701.0162739114454,722.8137817382812,3361343
2023-11-14,722.3550140383113,724.7954025992516,710.1530712336101,713.09130859375,676734
2023-11-15,715.521906039051,717.4742168331549,700.8795750832724,702.8709106445312,322895
2023-11-16,706.7365864986331,712.095670694977,697.9511869427108,699.9132690429688,1148854
2023-11-17,704.7647094452044,704.7647094452044,679.570139066184,681.5419921875,1488809
2023-11-20,680.3802764394065,687.2133638641926,661.8333248578446,665.474365234375,198775
2023-11-21,667.6903482039679,683.3088358812537,660.9548515612175,674.9431762695312,287561
2023-11-22,678.42800692802,703.8080474749675,663.8052180168909,699.2006225585938,622942
2023-11-23,701.2700653929146,714.5457550426626,701.2700653929146,709.6649780273438,740312
2023-11-24,710.7387786632331,714.5262666787331,698.9273212285816,700.5770263671875,616218
2023-11-27,698.0487317342588,717.4742488339273,698.0487317342588,712.6520385742188,787142
2023-11-28,713.6183404859344,755.5442237317079,713.6183404859344,743.1372680664062,1211459
2023-11-29,751.6396510921282,776.0435358678467,728.2216927941163,738.4517822265625,1012419
2023-11-30,741.8781282282757,771.162791184655,741.8781282282757,768.2147827148438,1703620
2023-12-01,771.1627373531466,801.4235536290296,759.4488729882887,798.963623046875,1087043
2023-12-04,801.4236311833151,810.2090303071274,780.9243665610867,794.9614868164062,901765
2023-12-05,795.5665795904315,795.5665795904315,778.3862699244445,784.2822265625,685811
2023-12-06,785.8050917157134,795.5666456500701,785.6098487210669,789.6121215820312,397787
2023-12-07,793.6143467037582,797.4213766268762,772.2853748708839,778.8158569335938,487629
2023-12-08,780.9243801983839,781.021971913988,773.1151363964001,775.1650390625,433520
2023-12-11,778.8744057430107,778.8744057430107,765.3058220557666,768.4880981445312,392034
2023-12-12,768.2343877568903,790.685964527422,767.3558239643826,788.714111328125,521519
2023-12-13,792.6382225989049,805.2989301423593,781.9005126868508,788.1771850585938,565497
2023-12-14,790.6858996631317,795.5862189957156,777.9958790512544,793.4288940429688,201792
2023-12-15,785.8148729164432,803.3271032832665,783.9796959867803,790.7444458007812,408502
2023-12-18,795.566699013497,797.4116471299933,776.1900369860089,778.3278198242188,334800
2023-12-19,777.9958825570769,778.9818090802873,761.39146905656,764.3394775390625,408098
2023-12-20,771.1530054997738,771.1530054997738,730.2130450785501,749.1992797851562,494419
2023-12-21,752.6158005613321,758.4727328614204,734.0688482777196,754.7828369140625,352825
2023-12-22,757.4966097525914,758.4727651775304,742.9518700890821,746.0463256835938,86342
2023-12-25,746.0463256835938,746.0463256835938,746.0463256835938,746.0463256835938,0
2023-12-26,745.7827475833788,765.3058561588598,712.5934630050608,725.8496704101562,337223
2023-12-27,720.4222457598776,745.7827446335834,714.0576933239087,743.0104370117188,362552
2023-12-28,744.8065813657956,778.8548869946159,740.8043679977153,764.6810913085938,548039
2023-12-29,766.2820140252585,773.0175103371455,754.5779199297934,768.2147827148438,299457
2024-01-01,771.2701462287014,793.6143581389231,771.2701462287014,791.3496704101562,336708
2024-01-02,793.6046199425165,798.4658550803367,776.1704976810363,781.04150390625,367894
2024-01-03,782.8765605294799,792.511208696296,775.0673180304327,784.2822265625,454598
2024-01-04,787.2693479805208,787.6988587494677,769.6985503814515,775.4481201171875,464841
2024-01-05,777.995889178859,780.9243555120291,767.7462570127636,770.9187622070312,135389
2024-01-08,767.2581446339508,775.067387836332,766.2624470601121,768.048828125,241393
2024-01-09,773.1151046965127,777.0197264374042,763.353550344284,766.2234497070312,84690
2024-01-10,770.9675456053172,772.597708488763,758.4727680349865,762.1528930664062,124079
2024-01-11,762.377345180421,777.0196757536685,762.377345180421,771.0162963867188,271791
2024-01-12,771.162786879215,785.7075265649324,765.3058543206387,769.26904296875,578034
2024-01-15,774.0912497205203,776.1509233619869,758.7655976776852,761.3231201171875,277798
2024-01-16,761.4012674635754,765.305889348004,751.6494838399833,754.0410766601562,122914
2024-01-17,756.5205231790728,760.2884691631085,741.8781904723811,744.77734375,146828
2024-01-18,751.0540450925312,751.0540450925312,727.2358277088052,733.2196655273438,165509
2024-01-19,738.9495994728045,741.8780655209134,727.235735280369,731.59912109375,113375
2024-01-22,738.939890705063,738.939890705063,727.72387432767,732.7510986328125,56211
2024-01-23,735.0450430260304,735.0450430260304,719.4753519118431,723.6435546875,422233
2024-01-24,725.1858615469222,746.6124246487927,722.3745292632155,732.282470703125,405717
2024-01-25,734.2641354605568,743.8109047027594,729.1881152456976,731.79443359375,244876
2024-01-26,734.1665158491389,742.7469606864969,723.3312138062297,725.986328125,334711
2024-01-29,726.0545705502333,730.1642060463594,721.4471458697395,722.8040161132812,340467
2024-01-30,727.2162081334741,727.2357503063994,712.6910114683532,715.7756958007812,283673
2024-01-31,716.4980632602889,748.7111914450157,708.6888200639914,716.46875,125804
2024-02-01,723.3312027450334,728.8659875735719,699.9034714820363,709.7919311523438,341664
2024-02-02,716.4980769954224,728.2119420144211,705.7603673946735,723.7704467773438,251072
2024-02-06,725.3810054552509,733.0926564320594,723.8191807514941,731.61865234375,213471
2024-02-07,736.9387485702118,739.9257816644516,732.1165385861989,737.3096923828125,155916
2024-02-08,737.3096923828125,737.3096923828125,737.3096923828125,737.3096923828125,0
2024-02-09,728.3095411721836,736.0211928871382,702.8319083272407,729.1978759765625,310675
2024-02-12,727.2357665662928,728.6902285666579,693.4119584236063,704.6572875976562,317638
2024-02-13,693.558415965839,710.5435438622277,681.3564733907891,705.477294921875,499121
2024-02-14,711.6173459414542,724.2878250245047,710.3092713812637,712.9156494140625,123083
2024-02-15,720.402692284712,721.25194272468,702.8416659987778,705.99462890625,142380
2024-02-16,707.7126501855696,707.7126501855696,683.3380789561012,686.676513671875,183662
2024-02-19,687.2134536732493,700.8796303087969,677.2566559228186,693.6755981445312,139861
2024-02-20,695.998798988192,699.854624727438,680.390083702136,683.201416015625,129391
2024-02-21,688.1993854555875,710.6411904395857,688.1993854555875,708.41552734375,182507
2024-02-22,712.5934496986923,712.5934496986923,696.9749631299538,699.2982177734375,152491
2024-02-23,702.8319169903107,723.3311812358613,693.0703625876674,711.1878051757812,413445
2024-02-26,711.6172975177444,741.8781153820107,711.6172975177444,716.1369018554688,352438
2024-02-27,715.5219562449987,725.7715886332285,712.5934898483615,718.7920532226562,224226
2024-02-28,715.5219044078825,751.5127490487547,715.5219044078825,742.7371215820312,288583
2024-02-29,736.9973417688043,761.4012272578376,731.1404092514364,734.4398193359375,268473
2024-03-01,736.9973137243929,739.9257798716421,726.2791466909955,729.2564086914062,170588
2024-03-04,737.9734790949717,746.7491065689023,730.8670392164953,745.6655883789062,181396
2024-03-05,749.6873009089023,753.5919222678028,737.9929790045292,745.5288696289062,167621
2024-03-06,746.758914118347,749.6873804482228,739.0082375154168,740.687255859375,100091
2024-03-07,746.6417152845286,746.6417152845286,730.1837502413825,734.9376220703125,204927
2024-03-08,734.9376523855793,750.6635015586116,734.0688597816333,739.90625,93203
2024-03-11,745.7827007332842,755.5442544078036,737.9832288801105,744.8651123046875,388908
2024-03-12,750.6537431707194,750.6537431707194,736.997338445406,740.618896484375,143115
2024-03-13,745.7729709247449,745.7729709247449,735.0450323754329,736.9485473632812,93099
2024-03-14,693.5876995186825,750.6634750647726,693.5876995186825,746.8564453125,165575
2024-03-15,750.6635177638217,761.2547802358522,742.8640454930356,756.6180419921875,358248
2024-03-18,756.2666757442461,760.3177447576463,739.7891667216263,743.58642578125,83479
2024-03-19,750.5463131339999,750.5463131339999,740.9702317523827,744.7089233398438,104882
2024-03-20,750.6634829048315,751.4151416086454,739.7890977349915,744.1232299804688,47462
2024-03-21,748.711220751059,748.8966926674227,727.2553432949413,733.1610717773438,272994
2024-03-22,738.8520559796888,743.8206536674951,727.274807500109,729.5297241210938,47870
2024-03-26,731.5309291449998,736.0212204511099,725.283510338428,732.9170532226562,46839
2024-03-27,734.1176325402511,744.8065457351084,734.1176325402511,742.2490234375,55438
2024-03-28,742.8542930500996,753.6895946490023,742.8542930500996,751.3566284179688,89014
2024-03-29,751.6396993257713,760.4055562341902,741.8879158763777,746.7393798828125,54348
2024-04-01,738.071099074562,753.591994291501,735.3574179522618,738.6080322265625,74041
2024-04-02,741.868315395376,746.4660286695365,733.6003079509126,744.015869140625,62737
2024-04-03,743.8304400108672,780.8755506124077,738.9594339325403,779.6162719726562,316381
2024-04-04,782.1933207409885,785.7953365991636,767.7462325404838,772.217041015625,110907
2024-04-08,773.1150952783166,781.9004940882975,764.3687212365414,780.5729370117188,116878
2024-04-09,780.9243725101364,791.6620826321508,775.3993587897398,777.5859375,108312
2024-04-15,770.7235133616263,784.8289713421307,770.0401926397715,780.5534057617188,138491
2024-04-16,780.9243610545625,792.6382264703809,776.5316615236306,780.9536743164062,256560
2024-04-17,780.9536472782256,789.7097327750923,778.2887024741283,784.9754028320312,134742
2024-04-18,786.5568013935012,786.5568013935012,767.40463609985,772.890625,146719
2024-04-19,777.9958573778135,777.9958573778135,768.2343033329225,769.7180786132812,53963
2024-04-22,769.6985650538495,794.5905287937014,769.6985650538495,787.0350952148438,187168
2024-04-23,786.781227835057,814.9921418461728,786.781227835057,806.4898071289062,383432
2024-04-24,805.3282096406726,854.1359799219256,805.3282096406726,839.3960571289062,659963
2024-04-25,822.8990430664737,853.1305487075156,822.8990430664737,827.301513671875,232047
2024-04-26,827.2818740874878,845.3505188440461,820.9466355055921,843.1639404296875,221777
2024-04-29,846.8148407626644,849.9385500739448,821.9228771437042,826.4815063476562,128096
2024-04-30,819.9607449226568,837.5413127808116,814.6016614400784,817.6765747070312,252683
2024-05-02,818.1158315735578,834.6128819612015,812.2101032136517,816.7785034179688,447573
2024-05-03,819.7654940956044,831.6843725738217,817.0518131571974,828.5704345703125,256691
2024-05-06,834.6129359755405,844.2768990661256,829.7321585721749,839.4937133789062,274088
2024-05-07,839.4937061271164,849.2552608495247,829.732151404708,833.3341674804688,182509
2024-05-08,837.5315649736696,838.3124773803771,820.1755528838879,822.0302124023438,54435
2024-05-09,827.7798427398085,827.7798427398085,810.5018789176045,816.17333984375,263201
2024-05-10,823.8751768981118,853.1598395840637,820.9467106295166,841.6704711914062,560989
2024-05-13,843.3982307465877,865.8498040187769,839.4936093079461,846.0533447265625,445005
2024-05-14,849.255170834526,860.9690352598299,848.2790154657507,858.5969848632812,311745
2024-05-15,859.0167931084799,891.2299228500478,859.0167931084799,871.765380859375,443988
2024-05-16,872.663393691602,880.4921791392848,865.859619087465,870.6720581054688,221413
2024-05-17,872.6829403680571,881.4683390965946,860.0905116919007,865.5374755859375,139452
2024-05-20,868.6807434872652,877.5637340938932,849.8408959702421,862.99951171875,264729
2024-05-21,862.9995397598061,867.685074073567,854.1360314595727,861.0667114257812,193024
2024-05-22,845.1065307664874,863.7999303583579,845.1065307664874,855.0047607421875,274529
2024-05-23,856.07852459296,858.9972197398762,849.3040036555856,851.6272583007812,42404
2024-05-24,852.1837089838641,879.5160616202309,851.0025394390644,869.2468872070312,241438
2024-05-27,870.5353294498618,876.5875045374602,865.8497956845514,866.7869262695312,109209
2024-05-28,866.7869262695312,866.7869262695312,866.7869262695312,866.7869262695312,0
2024-05-29,868.7783102112849,871.7067764254803,860.149070218345,865.3422241210938,235912
2024-05-30,871.70676384586,885.8610170102105,860.0514660983685,876.5582275390625,598327
2024-05-31,876.5582148304281,881.2730619812285,870.7305958310716,877.417236328125,193496
2024-06-03,880.4824644644189,887.3253238544143,863.8975925315254,879.8870239257812,262561
2024-06-04,880.4922330250972,897.086875997854,873.6981695122282,887.110595703125,588112
2024-06-05,891.1127711078173,895.1345267013128,883.4206615754505,888.115966796875,245445
2024-06-06,888.096425519568,900.9719179999383,885.3729733237826,893.2407836914062,273011
2024-06-07,893.1724404508894,895.8666389496076,871.7067922440747,889.1702270507812,221783
2024-06-10,899.0391085797595,899.048879666366,877.5636901337717,880.7557373046875,298509
2024-06-11,888.2721719756204,892.2061071514092,868.7783756725976,875.0648193359375,268849
2024-06-12,880.4824238537059,885.2753803638025,866.8260189660514,869.2859497070312,251016
2024-06-13,878.247070445439,939.0517719885985,870.7696863323505,934.4248046875,1082726
2024-06-14,951.7515556245446,951.7515556245446,918.5622706078939,923.87255859375,100018
2024-06-20,927.4940545030715,942.9660933835015,927.3476073647271,928.37255859375,165345
2024-06-21,935.0885604861696,935.0983315732017,893.1334193239388,895.5444946289062,247404
2024-06-24,883.9185262208181,895.5347402643129,875.6114338540501,878.8815307617188,130452
2024-06-25,878.5398588131379,891.6105939006313,868.7685337395709,882.8251953125,455950
2024-06-26,882.8349898129007,891.6691844892982,878.5398821128738,880.482421875,133057
2024-06-27,881.4585625907567,892.694120872837,878.5398674527646,881.4487915039062,111105
2024-06-28,888.3014222531924,889.6680636578088,873.6688622040091,885.109375,81042
2024-07-01,884.3968141330481,890.2537466769755,873.659104469181,877.553955078125,341903
2024-07-02,878.5398934272656,888.1843139126066,878.5398934272656,880.1505737304688,194171
2024-07-03,887.1690422435134,895.134443574278,878.6471656415729,891.395751953125,103739
2024-07-04,891.220177756909,916.6099911992542,890.2537933692437,904.046875,383353
2024-07-05,908.8006781492123,908.8006781492123,890.2537255339223,897.1551513671875,124806
2024-07-08,894.1584125927187,915.6240618950093,894.1584125927187,906.0382080078125,171837
2024-07-09,912.6955361600284,916.3658900299599,898.0629761145813,901.8504638671875,92486
2024-07-10,898.8439075191098,907.6976444137728,886.5443729399937,888.74072265625,70321
2024-07-11,896.5012248451806,896.5012248451806,883.9381084693166,884.777587890625,49481
2024-07-12,880.3164517266744,888.2038038774955,868.885650780933,881.7025756835938,65700
2024-07-15,889.9608615608978,907.8244928921717,886.349074780744,902.4360961914062,172639
2024-07-16,902.4360961914062,902.4360961914062,902.4360961914062,902.4360961914062,0
2024-07-17,902.4360961914062,902.4360961914062,902.4360961914062,902.4360961914062,0
2024-07-18,902.943814731789,907.8245921087175,898.1899423330447,905.5111083984375,46238
2024-07-19,906.8483968847005,914.6576403454944,898.0629979913073,905.5794067382812,120286
2024-07-22,899.0391051871665,905.5793581506327,878.4422504963387,887.979248046875,146243
2024-07-23,892.6940867482604,894.0997528656429,874.6449834718692,886.0074462890625,130416
2024-07-24,887.3155042805155,893.0650739943144,879.5160320198992,890.8491821289062,35821
2024-07-25,880.4921951779132,892.2060603022314,878.4910884684687,881.8392944335938,38839
2024-07-26,882.4444941370415,888.2038349107844,869.8520654662198,879.24267578125,112225
2024-07-29,874.6352516441592,892.2060491102249,874.6352516441592,881.126708984375,71928
2024-07-30,885.3729739166641,888.0964261142733,872.7512913719264,873.9910278320312,48696
2024-07-31,881.4585871246358,881.4585871246358,841.5435770699149,850.2313842773438,99298
2024-08-01,868.5538479949557,868.5538479949557,831.9382477779181,859.7391357421875,108380
2024-08-02,859.0167891112342,868.7783435329527,851.2270877482388,864.9713134765625,75702
2024-08-05,878.5203007253052,878.53984289846,840.6650260316857,848.9525756835938,77775
2024-08-06,847.3029405714552,858.0406506478216,830.9816498536829,835.0228881835938,75301
2024-08-07,827.7797828511779,843.398269320068,827.7797828511779,836.0477905273438,80785
2024-08-08,841.4459861466435,851.2075405102936,841.4459861466435,849.0795288085938,104008
2024-08-09,859.0167875476792,864.3856424698522,849.2552331437282,858.4896850585938,188461
2024-08-12,859.0363216120041,868.7783337496385,837.5511310389784,840.089111328125,75059
2024-08-13,840.4698231109193,850.2313773863074,830.9035118369986,847.732421875,47690
2024-08-15,834.632418713761,851.8712970596983,823.9727587264622,827.8773803710938,52423
2024-08-16,829.7321337573054,855.0048126952536,829.7321337573054,844.1401977539062,53771
2024-08-19,844.374437602498,849.1478519015066,830.3177757341903,832.6801147460938,40874
2024-08-20,835.1497973204421,835.5890791962603,819.0042073557289,829.2636108398438,38419
2024-08-21,831.6843792888245,834.4176024221713,825.0465346564691,829.6051635742188,31554
2024-08-22,836.5358796106459,844.3646651252237,829.7418760353162,841.260498046875,56525
2024-08-23,835.5890727569692,843.3983164275951,826.8036736275151,829.693115234375,29739
2024-08-26,829.7320356447744,836.5651229971431,818.0474848705247,819.9314575195312,24791
2024-08-27,827.7700169865761,827.7700169865761,813.1374569164889,814.5919189453125,30752
2024-08-28,810.2089878810542,814.8945219191056,807.2805216597975,810.3065795898438,40694
2024-08-29,810.209038917535,816.6028453207432,809.2328834489597,809.9064331054688,14635
2024-08-30,810.2090493380123,815.0898267436629,808.7545872038968,809.9943237304688,19073
2024-09-02,819.9607743968954,819.9607743968954,806.8412432859631,807.8955078125,19952
2024-09-03,810.2089773992742,810.2089773992742,801.4333499358737,807.7100219726562,13039
2024-09-04,815.0702112116761,824.8317651444315,805.42579115973,821.8349609375,126252
2024-09-05,824.8513425928444,824.8513425928444,812.8446426580446,821.356689453125,52801
2024-09-06,824.7731874062622,828.7559180410284,819.0041353226417,822.5866088867188,36093
2024-09-09,827.7798157789805,839.4936810966076,820.9857524460288,833.168212890625,32658
2024-09-10,825.29061220856,867.7923977699926,825.29061220856,855.1707153320312,179821
2024-09-11,864.0927747175245,866.8259979301737,850.2508982515035,858.0210571289062,289411
2024-09-12,847.0114956412341,863.4082904299134,832.5736977885279,838.0980834960938,274866
2024-09-13,850.087187429884,854.1227165833269,832.632516483443,834.2192993164062,219058
2024-09-16,838.2450066231886,838.4507228320487,823.9051939020632,828.5087890625,90724
2024-09-17,828.5087890625,828.5087890625,828.5087890625,828.5087890625,0
2024-09-18,829.6352517268524,842.3883416693519,829.6352517268524,837.9022216796875,128004
2024-09-19,839.4204330757665,865.6807861928901,837.471240572481,848.7354736328125,218039
2024-09-20,861.4591373784716,881.7445730988932,843.0543818468227,872.9878540039062,796606
2024-09-23,868.815108313739,876.6510957618899,862.4483685121163,868.9718017578125,70106
2024-09-24,875.6618236392709,875.6618236392709,857.0611573441537,866.9932861328125,239434
2024-09-25,880.520136692035,880.5690996573835,858.9124034455222,877.8167114257812,225962
2024-09-26,881.5486124029175,884.3793772953111,866.9540614618215,872.5568237304688,257603
2024-09-27,871.7536446205577,881.0588801530243,865.0538487322909,877.5032958984375,178960
2024-09-30,881.450662036925,881.450662036925,861.9586193450189,865.915771484375,265961
2024-10-01,867.8356179142324,881.5485960754055,865.8766210340649,871.1854858398438,274590
2024-10-02,880.50054138002,880.50054138002,853.2508871135552,876.7588500976562,320925
2024-10-03,880.0499627451078,887.4256149296749,871.753639390078,882.43994140625,884628
2024-10-04,887.2689013289507,924.6465358371382,881.5486040820174,913.1276245117188,835312
2024-10-07,913.8720810451221,921.7080688783063,903.2053282590776,906.8098754882812,183827
2024-10-08,907.0155901905301,915.8310764882783,877.630635864703,886.2894287109375,666169
2024-10-09,886.2894287109375,886.2894287109375,886.2894287109375,886.2894287109375,0
2024-10-10,870.7741082377102,870.8818387173795,853.1431364173741,855.8759155273438,398049
2024-10-11,858.7165368269772,858.726341377329,810.0452542840235,827.7937622070312,980211
2024-10-14,828.6458980757881,833.0634457249412,813.6204250792304,827.2648315429688,381088
2024-10-15,827.6860473796222,834.3955882748172,818.4689329006435,826.873046875,231507
2024-10-16,829.6351987854255,836.4525296152195,821.9951227250435,823.3076171875,74381
2024-10-17,827.6761943430483,837.4711788914868,820.8197051591414,823.385986328125,51916
2024-10-18,827.5783062125406,829.6254245977198,815.9222501539466,820.5650634765625,50103
2024-10-21,825.4233718198367,829.4882545960625,820.9176429919307,827.1570434570312,39577
2024-10-22,829.6352575305546,855.1022193909967,822.7787677988971,848.764892578125,235108
2024-10-23,854.1129043870269,861.9586970930275,833.5532400297345,845.8948974609375,210643
2024-10-24,845.9340622352518,873.7126241435318,845.8948440352908,871.7927856445312,398823
2024-10-25,888.395312421242,902.0201696896892,878.6101322197942,890.736328125,554860
2024-10-28,896.2410919327135,925.6162412165471,883.5076119380411,897.2793579101562,277842
2024-10-29,891.3435899432333,920.7285434578454,891.3435899432333,899.8945922851562,289848
2024-10-30,902.1181257606271,909.8561878864439,871.7634765667351,882.263671875,199515
2024-10-31,886.1522961553046,889.3846292166139,859.9996745068139,865.0930786132812,238326
2024-11-01,868.8053268968409,919.7098927998743,860.9791437900344,903.4991455078125,289426
2024-11-04,903.0976149321866,951.0440783541728,903.0976149321866,939.0158081054688,364382
2024-11-05,953.9335714146431,972.6419680342939,943.2570143172458,966.5299072265625,413402
2024-11-06,976.5109641849149,997.1293940200147,965.7854445026861,981.085205078125,440970
2024-11-07,999.0884617237466,1008.8834466426069,984.3959843454562,995.2781982421875,121116
2024-11-08,999.0786563735709,999.0786563735709,979.4984911018596,981.388916015625,65897
2024-11-11,989.2640402026724,995.1704446679597,965.7854905931183,973.3569946289062,170978
2024-11-12,975.5804573291985,984.3763342895502,967.7444697201286,969.41943359375,150508
2024-11-13,973.0043766977269,1002.0269207389837,968.7239732266421,997.4722290039062,326372
2024-11-14,1008.8834238018046,1025.534897786883,999.3039000717918,1019.9616088867188,328131
2024-11-15,1023.5660640159535,1026.5045593324103,1005.9448966670159,1023.7130126953125,174331
2024-11-18,1023.5759325323039,1038.2684100327676,1016.2296937820721,1036.593505859375,357919
2024-11-19,989.4501728693957,1037.572998469281,989.4501728693957,1024.5848388671875,36753
2024-11-20,1019.6579080058578,1033.370886595754,1001.0670461626709,1006.8656005859375,448085
2024-11-21,989.4893642514854,1022.3515258934973,989.4893642514854,1019.824462890625,68353
2024-11-22,1018.5510287072503,1028.6301058243528,1003.9858918203299,1005.837158203125,300360
2024-11-25,1005.9448836874478,1018.658754128443,969.7034419187667,978.303466796875,157170
2024-11-26,978.2937018502521,978.2937018502521,906.0360808949667,928.6331176757812,576284
2024-11-27,940.3185357006097,1018.6784136756605,940.2206097666779,975.2964477539062,486464
2024-11-28,977.539482444708,1008.8834337856206,974.6009870064975,998.7651977539062,215710
2024-11-29,998.1089318461401,1010.2547366771371,993.2114395407125,998.6476440429688,63387
2024-12-02,1003.9859035838159,1032.391358416919,998.6476251153094,1018.7763061523438,176187
2024-12-03,1019.7853007916095,1040.129504220371,1018.6784626792601,1036.4954833984375,405612
2024-12-04,1036.4954827842475,1050.022414754878,1023.5759546817605,1045.14453125,284601
2024-12-05,1045.1445064236277,1098.0178162126542,1029.903452402887,1095.9412841796875,488098
2024-12-06,1097.0481545328048,1117.6078190442868,1077.448379446727,1091.807861328125,266819
2024-12-09,1097.145990293171,1193.9791923424016,1080.386786225769,1143.2020263671875,288292
2024-12-10,1170.4908472482878,1257.5192609182436,1133.2797105695058,1177.8861083984375,1022643
2024-12-11,1185.1931889149062,1229.270621560502,1180.295696398729,1193.54833984375,255483
2024-12-12,1203.8036664539293,1234.168120205005,1179.3162037514492,1199.9639892578125,594520
2024-12-13,1199.885646154442,1244.9425765406497,1190.1396840392824,1231.6312255859375,332665
2024-12-16,1234.1679922219637,1243.9629762872173,1194.9978605104284,1213.4417724609375,559581
2024-12-17,1199.8855713355963,1224.353422875758,1150.9106500565924,1158.335205078125,433497
2024-12-18,1166.5827367166073,1173.439226353061,1089.85866072906,1112.4066162109375,296068
2024-12-19,1101.9357091281834,1152.8696263501083,1028.4733285196378,1061.95263671875,542495
2024-12-20,1061.776371801487,1098.0080116760507,1051.0018883237965,1084.72607421875,281707
2024-12-23,1101.9357271174908,1111.7111022592244,1029.4528437337624,1108.9195556640625,179862
2024-12-24,1108.7921814787553,1128.3821493494047,1087.243216821041,1092.91455078125,143904
2024-12-26,1093.2182491747312,1097.0383172286186,1038.2684073770854,1042.1864013671875,292070
2024-12-27,1048.0632971976931,1065.6942685524207,1044.1453035633092,1049.2386474609375,171856
2024-12-30,1057.858351555851,1087.7330550025672,1033.3708897142803,1076.4197998046875,192193
2024-12-31,1092.1407545067705,1116.6282153701509,1068.877666686559,1077.92822265625,363139
2025-01-01,1077.92822265625,1077.92822265625,1077.92822265625,1077.92822265625,0
2025-01-02,1175.3981911337917,1204.7831459121364,1131.3207589662745,1168.0029296875,362258
2025-01-03,1194.00861455735,1194.00861455735,1078.4376016193833,1124.1605224609375,487084
2025-01-06,1135.1407389785352,1142.0755447241102,1101.9357187402923,1124.6600341796875,183759
2025-01-07,1127.4027825180924,1132.2023491200216,1075.4893616028369,1127.353759765625,274356
2025-01-08,1126.43308663151,1147.9722492164965,1106.833311957885,1111.2802734375,178703
2025-01-09,1113.6897544041815,1123.4847390515358,1069.553496190715,1079.6619873046875,174588
2025-01-10,1077.4483140817854,1101.6418783981846,1056.4870229670212,1072.296142578125,215238
2025-01-13,1073.5596375493467,1097.038185009058,1073.5596375493467,1081.3662109375,103194
2025-01-14,1091.6510326536877,1100.9562680150248,1071.6790447247595,1093.629638671875,150508
2025-01-15,1082.4437792519327,1105.8538175493768,1076.4688622557705,1087.8702392578125,97947
2025-01-16,1088.222755131834,1088.222755131834,1068.65239564202,1076.61572265625,87074
2025-01-17,1075.4893603117764,1111.7210005076843,1068.0451955747044,1105.168212890625,267300
2025-01-20,1121.5257437393925,1121.5257437393925,1106.8332667471734,1109.7325439453125,84935
2025-01-21,1108.7922614770343,1115.6487507264508,1075.4893136941553,1078.89794921875,82978
2025-01-22,1087.2432312061496,1096.058716864578,1065.566926687774,1074.940673828125,150327
2025-01-23,1087.2334320525758,1091.1514256979888,1076.2238794743796,1084.13818359375,50224
2025-01-24,1087.2433163987812,1106.833286063624,1082.9334991589785,1086.4107666015625,117687
2025-01-27,1087.243343859369,1096.0588304312016,1068.632872207722,1076.1358642578125,102444
2025-01-28,1084.3047962465869,1096.0489732276912,1054.9198424187662,1062.5794677734375,355994
2025-01-29,1063.7353160868397,1072.5508021317585,1051.0997621755869,1054.0872802734375,127451
2025-01-30,1048.063320222272,1096.0587432978714,1048.063320222272,1090.886962890625,594472
2025-01-31,1126.4231621405454,1185.2126753510915,1116.628178121932,1156.630859375,1070641
2025-02-03,1159.726215334776,1214.5781309249344,1154.054880800491,1174.8790283203125,718482
2025-02-04,1185.193081903029,1193.019264671834,1160.7056215331318,1171.2352294921875,342632
2025-02-06,1170.500579827323,1175.3980717931277,1150.9106119641042,1170.050048828125,483790
2025-02-07,1163.7420931919635,1190.0906256065841,1163.7420931919635,1184.546630859375,83026
2025-02-10,1186.1725943611814,1190.090588066751,1165.798979265148,1184.3115234375,109996
2025-02-11,1189.3854792617194,1202.8241701208963,1185.1931969432285,1193.6070556640625,249830
2025-02-12,1193.606999494655,1194.9881258075316,1182.156719845594,1183.322265625,172098
2025-02-13,1190.0905545204637,1224.3729984778433,1186.1725609253347,1216.6839599609375,1673924
2025-02-14,1338.3572998046875,1338.3572998046875,1317.4254225942066,1338.3572998046875,536482
2025-02-17,1338.9743056039686,1411.4571868144249,1332.1178168408173,1375.5096435546875,1017829
2025-02-18,1381.0928522988968,1460.4322289203226,1352.7070055718384,1429.7249755859375,694511
2025-02-19,1437.8058795222191,1443.7807964896767,1363.4619190730189,1373.4234619140625,535671
2025-02-20,1371.2978242868598,1420.2727465828193,1351.7078553684762,1367.301513671875,645471
2025-02-21,1504.0297252009386,1504.0297252009386,1376.1953686188374,1393.356201171875,2132716
2025-02-24,1372.277423203559,1441.8120134048966,1342.9903936128,1419.65576171875,1462920
2025-02-25,1430.067655525478,1449.6576234093884,1410.4776876415672,1426.4239501953125,421255
2025-02-26,285.62174389778164,289.14402833002345,284.05454045481946,285.99981689453125,1248690
2025-02-27,287.38485197734366,287.95100497613794,280.7242741791739,281.494140625,796900
2025-02-28,283.0554621363973,283.0554621363973,275.45454488646385,278.99249267578125,936540
2025-03-03,1386.2352399576187,1404.6008366714186,1380.113374386352,1383.757080078125,161766
2025-03-04,1383.757080078125,1383.757080078125,1383.757080078125,1383.757080078125,0
2025-03-05,1403.621340597188,1430.0677999106033,1399.7033466248301,1404.904541015625,284831
2025-03-06,1407.637276050469,1420.2728306644003,1403.3764814720134,1405.5118408203125,178135
2025-03-07,1410.4679946508322,1427.991236657083,1404.6008083709596,1419.2442626953125,323720
2025-03-10,1420.2727533977245,1433.006233255773,1410.4777688915333,1418.793701171875,129248
2025-03-11,1418.3137480827454,1420.2727449723623,1402.641772965809,1408.8028564453125,131405
2025-03-12,1412.436739742498,1414.3957366076056,1398.7237616867458,1401.5643310546875,83982
2025-03-13,1404.6008903077911,1453.5758167480908,1404.6008903077911,1441.16552734375,441742
2025-03-14,1459.4527358662745,1459.4527358662745,1425.757964225355,1434.093505859375,420086
2025-03-17,1439.8528838245443,1468.2681427707316,1434.965196236906,1462.38134765625,415549
2025-03-18,1469.2477465521658,1493.735208994702,1461.950530571365,1485.703369140625,524935
2025-03-19,1483.9402035077935,1513.3251580327003,1459.4527414037043,1503.157958984375,578664
2025-03-20,1516.2537748065224,1537.8125449543866,1508.6234437262694,1517.7230224609375,554306
2025-03-21,1519.3000649192018,1528.0176252846834,1488.8867089257812,1496.468017578125,166226
2025-03-24,1506.4685935577675,1510.38658729914,1458.473170225953,1465.7703857421875,242494
2025-03-25,1465.3297195863495,1476.3490774375168,1442.801254646185,1467.161376953125,153127
2025-03-26,1479.0427260819447,1483.9402185524148,1449.6577712591247,1460.70654296875,212439
2025-03-27,1455.5446244839804,1486.8787729869798,1449.8536806151678,1465.91748046875,265302
2025-03-28,1465.91748046875,1465.91748046875,1465.91748046875,1465.91748046875,0
2025-03-31,1465.91748046875,1465.91748046875,1465.91748046875,1465.91748046875,0
2025-04-03,1459.452797724407,1498.5250081136217,1455.5446081871912,1485.1744384765625,292519
2025-04-04,1483.9402576565599,1498.5837127020684,1466.3092842982642,1470.62890625,311559
2025-04-07,1459.4527354050038,1469.2477202063797,1383.051853954272,1445.798583984375,586054
2025-04-08,1469.2575314787862,1588.550690182196,1463.3707360208111,1541.8775634765625,2063508
2025-04-09,1547.6076195373812,1547.6076195373812,1509.4071782956357,1528.9775390625,605409
2025-04-10,314.0272154012007,318.5329143407358,309.52348932845666,313.7980041503906,3984900
2025-04-11,311.48049769764054,316.18207815895033,309.1297074669857,314.01739501953125,2280510
2025-04-14,316.4759712655175,332.8335782771149,314.4385976464459,330.99017333984375,5140045
2025-04-15,333.0294692546823,342.2367486027512,328.13197705976046,336.20892333984375,5753460
2025-04-16,336.94745942852364,346.9383553567187,334.98846257138104,338.0327453613281,3784775
2025-04-17,339.29826255330215,344.7638807315966,338.31876408756403,340.5324401855469,2238735
2025-04-18,342.5893875248568,351.8358552865705,340.47366728528635,343.1085205078125,5546650
2025-04-21,343.1085205078125,343.1085205078125,343.1085205078125,343.1085205078125,0
2025-04-22,343.1085205078125,343.1085205078125,343.1085205078125,343.1085205078125,0
2025-04-23,343.1085205078125,343.1085205078125,343.1085205078125,343.1085205078125,0
2025-04-24,343.1085205078125,343.1085205078125,343.1085205078125,343.1085205078125,0
2025-04-25,343.1085205078125,343.1085205078125,343.1085205078125,343.1085205078125,0
2025-04-28,343.1085205078125,343.1085205078125,343.1085205078125,343.1085205078125,0
2025-04-29,350.6604410784637,356.5178525033796,328.1319769868306,342.0016784667969,7838604
2025-04-30,333.02946420853885,336.8886903910149,318.33698784639745,320.5800476074219,5286939
2025-05-02,329.2094495562914,334.9884846880221,326.1729982488636,329.89508056640625,4552166
2025-05-05,330.0909770143004,333.0294723586413,321.2754909812775,328.14178466796875,3188998
2025-05-06,332.3536157827794,332.3536157827794,313.43950315558806,316.681640625,2354625
2025-05-07,293.85932983673365,311.91147849947976,289.93153161664793,298.6686706542969,7169114
2025-05-08,299.83425359596646,311.43154144885534,268.80375014159733,281.7821044921875,7396858
2025-05-09,288.9520436649715,302.66502200839386,274.40648565802866,300.77459716796875,3642443
2025-05-12,330.8550109863281,330.8550109863281,330.8550109863281,330.8550109863281,876832
2025-05-13,343.8039746801168,347.71216414311675,330.8745824789675,343.9900817871094,6259987
2025-05-14,357.46800792281675,357.46800792281675,335.96800278491366,343.9019470214844,5816281
2025-05-15,343.90191069897025,346.74245021671175,335.9679673003733,340.36590576171875,2643581
2025-05-16,341.844970843532,341.844970843532,334.4987322150893,335.35089111328125,1051595
2025-05-19,337.9269778373699,339.8859748103402,328.2299487995515,331.2174072265625,1389149
2025-05-20,332.0499763449633,338.9064655320274,325.9966830653019,330.25750732421875,1331099
2025-05-21,330.0811812133435,331.1586355132109,326.760696930026,328.5140075683594,1037102
2025-05-22,328.63152136734766,329.9734294074138,316.88731509554975,318.3271789550781,1883910
2025-05-23,320.2568167837659,323.7144452455146,313.48847865486255,318.16070556640625,917946
2025-05-26,314.4288101919097,321.09919231277195,314.4288101919097,316.2604675292969,495875
2025-05-27,318.3468017871456,323.0288031969882,312.94975574549414,317.5827941894531,2294998
2025-05-28,317.5827941894531,317.5827941894531,317.5827941894531,317.5827941894531,0
2025-05-29,319.2871094652465,332.93151563657045,318.09212016609735,326.5451965332031,2756891
2025-05-30,328.5629857706305,331.07049958918293,326.66275625145715,328.7392883300781,827975
2025-06-02,329.1604529917999,332.88256515937223,323.2344991311638,324.96820068359375,984536
2025-06-03,328.1319839789466,336.4577208858751,327.15248551930796,332.3046569824219,2955173
2025-06-04,335.96796797654173,340.96341604437293,334.4987203031749,338.5244445800781,3330662
2025-06-05,338.52444879105786,340.37571523065014,333.63676103560647,335.0472412109375,816940
2025-06-06,335.0472412109375,335.0472412109375,335.0472412109375,335.0472412109375,0
2025-06-09,335.0472412109375,335.0472412109375,335.0472412109375,335.0472412109375,0
2025-06-10,335.967990929508,335.9777954800815,327.9850840038823,328.6021728515625,1141529
2025-06-11,337.9269683243958,346.7424544545974,333.1372065121976,344.9107971191406,5565026
2025-06-12,347.72197851973976,366.3324506095286,344.7932874773409,348.70147705078125,9603356
2025-06-13,340.86545739778063,343.8039527201753,334.4987175325922,338.6322021484375,3402914
2025-06-16,338.6322021484375,338.6322021484375,338.6322021484375,338.6322021484375,0
2025-06-17,338.63221332834115,344.7736579938138,332.9902925576616,333.862060546875,2370083
2025-06-18,329.1114830983355,329.6012323291366,321.96115628540787,324.7331237792969,2056615
2025-06-19,324.7037671948823,330.1008137353922,318.3370266616493,321.71630859375,2994913
2025-06-20,321.1579641590769,326.07503573319747,319.31650224684785,323.1659240722656,761312
2025-06-23,313.6354323348125,320.1882797053327,308.54202816703236,310.1679992675781,1695746
2025-06-24,328.62173471308745,340.8165025481805,324.3217221074678,339.31787109375,4684225
2025-06-25,340.86545796904255,342.3347056327022,337.9269626417232,340.61077880859375,1642530
2025-06-26,340.6205898822174,343.80395988111667,333.4114955559092,334.2832336425781,1506811
2025-06-27,335.5761766463185,357.5169360589494,334.28323151171566,348.5937194824219,6413957
2025-06-30,349.7789139706843,351.639955108473,345.77276876553196,347.95703125,1632314
2025-07-01,349.6809451688763,349.6809451688763,340.84587994838984,342.5893859863281,2143278
2025-07-02,342.82445794987314,346.64449593150187,340.8654610473024,341.6490478515625,989113
2025-07-03,342.7950972270739,348.21172283099014,340.93405602295803,342.491455078125,1500526
2025-07-04,345.75315731798133,347.2322095814723,342.8244664415101,345.84130859375,962543
2025-07-07,347.7121543704397,350.66045434811093,344.78346349311465,349.27935791015625,1531676
2025-07-08,350.6604544431258,352.2570417418731,344.85203565392504,347.7513427734375,1740065
2025-07-09,349.18139068496436,349.68094445674564,343.06932996071475,345.1948547363281,1014954
2025-07-10,346.74247717269986,346.98735180347154,342.824483080353,346.13519287109375,1390682
2025-07-11,347.17344338733756,352.52149671446807,344.2937154669008,344.7638854980469,1637078
2025-07-14,345.76295906191217,348.50554281441674,343.55908750981786,345.9490661621094,1083505
2025-07-15,346.7424463606913,348.7014432327856,341.84495418045555,342.6971130371094,1176731
2025-07-16,342.82448473108536,343.9019390900533,337.92699209206984,342.4522705078125,867656
2025-07-17,343.7549949331887,351.7379013675637,341.84496098809154,350.95428466796875,2044005
2025-07-18,351.16001423267926,367.1650160186176,347.4477065750861,351.35589599609375,5228348
2025-07-21,351.15019914952074,357.5169391619946,348.701452990877,350.39599609375,987508
2025-07-22,350.66045962510077,353.5989550968195,348.3194438845091,349.7593078613281,1121102
2025-07-23,350.6604518367217,352.619448774357,348.21170566467754,349.4556579589844,771597
2025-07-24,349.70054847835553,352.08075258367904,345.76297521574423,346.242919921875,688855
2025-07-25,345.95887381302265,352.6194514956158,344.79326823478067,351.18939208984375,931294
2025-07-28,354.47070267364774,365.5879859874314,354.32375399499296,361.728759765625,3333943
2025-07-29,362.4144608859239,367.20422310899886,350.47437125619325,354.4609375,4317828
2025-07-30,356.5276565628721,357.50715508241467,343.80398035942983,349.1226501464844,1928440
2025-07-31,350.6604499553628,354.92127425024375,345.2732084057693,349.6319885253906,855949
2025-08-01,350.66043494522546,354.6763844523117,347.7219396803213,352.5312805175781,1168697
2025-08-04,357.48756694325954,366.3324371581114,356.0575075101879,364.4811706542969,2876974
2025-08-05,364.48117630461354,370.1035180800114,364.36364126609,367.253173828125,3163979
2025-08-06,369.76068305591207,374.6679800971155,367.46866015724515,373.02239990234375,3126789
2025-08-07,373.1986968505711,376.51918089968854,368.48731191392375,374.45245361328125,2162742
2025-08-08,372.20940076241413,378.96793390313724,362.610328173204,367.0474548339844,1639040
2025-08-11,366.33242725648046,374.5602084143381,364.37343031928003,368.17388916015625,1875675
2025-08-12,371.20053321127017,373.43378850818,368.7909753653224,370.6422119140625,1139433
2025-08-13,372.3171462107403,379.06590496508835,371.2397218155907,377.518310546875,1860408
2025-08-15,379.5067030561747,391.5545225628792,375.1479228057104,386.25543212890625,3300897
2025-08-18,386.90189031238754,405.02261175739807,386.5100969081768,402.59344482421875,3728197
2025-08-19,403.5533658921978,421.18433818845887,403.5533658921978,417.24676513671875,3914791
2025-08-20,421.18431806702165,423.5841011383573,414.33763371781146,415.91461181640625,2577062
2025-08-21,416.286852150108,420.1558830856834,400.614876539751,411.30120849609375,3096060
2025-08-22,411.30120270881963,415.7970970617501,406.9816109049639,408.5292053222656,1247451
2025-08-25,409.4401838051635,411.38937628452493,402.57388964985654,405.1009826660156,696364
2025-08-26,405.2185337700346,414.3082784830527,402.5738759131069,406.9228515625,907341
2025-08-27,409.43036062896107,410.8996083345674,405.31645509649496,406.12945556640625,787919
2025-08-28,406.4918535885916,414.8175903488399,406.12944394761746,409.6850280761719,1560131
2025-08-29,411.389365143432,426.08184246998314,410.65474127710445,418.6572570800781,2963919
2025-09-01,420.40075141986443,439.99072063995277,419.2351458599155,436.41552734375,4086384
2025-09-02,438.81531803489014,438.81531803489014,429.0203332573256,431.6845703125,2089897
2025-09-03,432.2135049191228,440.7743119910452,432.2135049191228,434.0843505859375,2159612
2025-09-04,434.0843287264761,446.65128032528906,434.01575666289176,443.6246337890625,2993412
2025-09-05,445.5738475765163,472.11826206520567,444.7902607580728,456.6225891113281,6159407
2025-09-08,459.3847681979,471.1387494737524,459.3847681979,468.7585754394531,3073083
2025-09-09,468.1023038433259,476.0068635184565,462.81301818530653,471.1485595703125,3637777
2025-09-10,465.8494674445806,476.0362453165928,464.282263950751,473.3034362792969,1838689
2025-09-11,473.5875146321065,477.0059547586587,468.20027299720147,470.7861633300781,1919069
2025-09-12,471.1387836978458,473.09778071945846,461.83354784518565,464.4488220214844,1666181
2025-09-15,464.4487833726056,469.22871059836643,460.36426176998884,466.81915283203125,2177425
2025-09-16,470.0613136998365,471.1387680042179,465.26177713514244,467.7301025390625,1586736
2025-09-17,472.945531490551,481.5391655802157,471.1675527831033,474.68402099609375,2244163
2025-09-18,475.1186311368867,480.0574942464177,474.6840087716937,478.5264587402344,1319613
2025-09-19,480.04761755403274,488.4535723996864,474.6741319597599,482.0231628417969,1361634
2025-09-22,483.4850858303771,485.96440485696047,475.128537554524,476.50152587890625,874264
2025-09-23,476.50152587890625,476.50152587890625,476.50152587890625,476.50152587890625,0
2025-09-24,470.8712385626326,475.1186489381961,467.2164676668748,469.0240783691406,578674
2025-09-25,469.2413960668585,471.7602344686785,454.37542940181027,458.9389343261719,1187814
2025-09-26,459.31429130097257,468.2042453261527,455.11625745574867,464.8063049316406,2136072
2025-09-29,468.1844914948929,468.1844914948929,460.30205489596744,461.38861083984375,847609
2025-09-30,461.536766389226,472.1553222772606,457.43751595901,470.0711364746094,1588041
2025-10-01,473.0344579138659,477.09418902819607,463.80863485359373,473.2122497558594,996089
2025-10-02,473.1431104633651,479.0598591296226,464.3519397007605,466.36700439453125,1566426
2025-10-03,469.19199864263334,473.92343797464844,467.22634075769497,468.32275390625,837163
2025-10-06,466.72258811111914,468.2042471209957,461.2898384082384,464.89520263671875,827392
2025-10-07,464.89520263671875,464.89520263671875,464.89520263671875,464.89520263671875,0
2025-10-08,451.4120881364405,454.3655186292343,434.6199535668136,438.52166748046875,2592217
2025-10-09,439.66747579832264,457.82274217727013,439.66747579832264,445.366943359375,1481644
2025-10-10,444.49767735185776,454.3754035152324,437.58326903749554,442.85797119140625,1114027
2025-10-13,435.607745414723,444.49769940277855,419.80338276929086,426.1053771972656,2567586
2025-10-14,434.61996711632344,466.22869199751057,434.61996711632344,461.4478759765625,1942602
2025-10-15,462.27760954083806,464.26304225367323,448.49816873713735,452.9431457519531,1873814
2025-10-16,452.7455899018771,460.25266790073056,446.5720109792062,449.03155517578125,1593384
2025-10-17,451.4121072012431,457.3387431820034,445.6039991169893,454.26678466796875,986837
2025-10-20,459.31427937537063,461.7837109849156,450.4243255810086,456.79547119140625,666061
2025-10-21,457.34862054172044,459.31427845275266,452.40975733255107,456.7559509277344,718850
2025-10-22,456.64728933823244,458.0795717551307,451.52074681366645,454.2272644042969,861474
2025-10-23,452.3899800409787,454.37541268610687,444.49768632336543,446.25592041015625,635349
2025-10-24,446.25593148094225,449.4365606544277,437.60303332630116,446.7893371582031,510119
2025-10-27,446.7893143362236,446.7893143362236,438.37347240383286,439.7563781738281,388945
2025-10-28,449.4365672768834,459.21551073380215,445.00147761085213,447.1054382324219,1406545
2025-10-29,446.97699500105,452.3998570031901,434.6199499593966,436.8720703125,736919
2025-10-30,436.5955082569852,447.31284746367254,436.5955082569852,440.4774475097656,1121777
2025-10-31,444.4976979259434,456.35096987063525,444.4976979259434,454.24700927734375,754891
2025-11-03,459.31428910971977,459.78843084079534,452.39988045645515,454.2964172363281,709293
2025-11-04,454.37541237249,456.40033421768294,444.3198941768226,449.1994934082031,718536
2025-11-05,450.27617780428864,450.27617780428864,434.62986232340285,436.6152648925781,1120641
2025-11-06,438.5216716806475,439.400773647316,422.7567987826482,434.28411865234375,1702646
2025-11-07,434.6199613021231,439.55882449873815,427.26104308139526,434.4619140625,682624
2025-11-10,436.5856210223785,441.0404852904545,433.632190464747,436.0226135253906,708042
2025-11-11,435.607729489894,438.561160005071,424.74223056837735,425.3546447753906,1365386
2025-11-12,424.7422248461014,428.69331530978604,416.8400439187321,419.15142822265625,1132424
2025-11-13,419.81326012969737,443.5099161598141,419.81326012969737,440.44781494140625,2584227
2025-11-14,442.63077412665695,445.3768109479636,436.11149895244137,437.00048828125,997259
2025-11-17,439.6576140850805,442.42336545700414,425.73001364237234,427.340087890625,1116466
2025-11-18,430.6589710784252,430.66885845075336,419.80335972837196,424.9792785644531,1244144
2025-11-19,424.97929566823143,429.1872168071959,421.69002600435107,422.845703125,911237
2025-11-20,424.74224405243444,427.5969215108571,420.8899367050308,424.5249328613281,644548
2025-11-21,425.73001980914296,429.68111048022547,421.28504280417513,423.18157958984375,838510
2025-11-24,422.776590436068,425.73002107526827,416.7116517685929,421.7591857910156,984016
2025-11-25,422.86546682602864,428.15005639909725,417.8278204092303,425.2657470703125,606817
2025-11-26,422.27280076026295,434.6199586772297,418.3217102268336,431.3603210449219,1197282
2025-11-27,432.7135619176461,451.41209051093057,432.64441059909757,446.058349609375,1937982
2025-11-28,447.95489962843993,454.8495636213529,446.4732406440019,452.6369323730469,1906835
2025-12-01,458.3265045703573,463.2653677661586,449.436550817915,459.6600036621094,2448671
2025-12-02,463.25549725792774,475.51375977348835,457.58569174896115,470.881103515625,4149100
2025-12-03,474.1308621304797,474.1308621304797,460.30204531834073,465.36932373046875,973670
2025-12-04,463.2653694495119,467.19671541964925,459.31427887851396,465.675537109375,568533
2025-12-05,472.15531624738253,472.15531624738253,462.28747733855494,469.78466796875,1475173
2025-12-08,469.19200759458585,472.13558093633156,465.7348033280994,470.2390441894531,755301
2025-12-09,473.58759504580456,482.7244917871526,467.70044852252613,479.9784851074219,1639272
2025-12-10,479.97850206287717,497.8374184122108,479.336425721207,491.1995849609375,2634361
2025-12-11,488.94744323519905,489.9352158477954,478.59557540319514,481.2823181152344,1026336
2025-12-12,481.2823199633501,486.7447013262063,475.11862848329724,482.843017578125,761289
2025-12-15,484.0086081305048,489.9352441484293,481.06503472294094,482.625732421875,697626
2025-12-16,485.9644025072148,493.88632836214913,481.5391701530954,482.3293762207031,1138092
2025-12-17,482.8232700439181,484.50249564418766,465.4384951312504,470.8020935058594,1401564
2025-12-18,473.2517470296578,488.9771011190376,471.1675611759624,479.5537414550781,1456032
2025-12-19,479.73156410857655,496.88917049920997,479.73156410857655,492.9380798339844,2918362
2025-12-22,492.8886757592853,523.0256296162523,488.9474724457883,506.4310607910156,3865992
2025-12-23,503.7640524993429,513.6417790189378,498.92397253362714,502.9738464355469,1265993
2025-12-24,488.95733462580796,495.86185559838117,481.993519563118,484.4234619140625,1659599
2025-12-26,485.87549756644216,491.7132073322233,479.06972961861686,480.4130859375,1277190
2025-12-29,483.89996012528906,488.9474639198631,478.8721707873791,480.7884521484375,941680
2025-12-30,481.0452623344282,485.98412539740997,480.156273011977,481.2823181152344,1120108
2025-12-31,485.9841509831119,485.9841509831119,464.2531523619158,469.1524963378906,3110153
2026-01-01,469.1524963378906,469.1524963378906,469.1524963378906,469.1524963378906,0
2026-01-02,478.0720612926724,480.69954008241945,466.22867721059487,472.5899353027344,1492540
2026-01-05,472.6492174074431,492.8886695473877,472.6492174074431,482.3886413574219,3367840
2026-01-06,484.5024776639273,507.7151345958382,483.02081871082663,502.5787048339844,6692054
2026-01-07,502.57871231407813,508.9300832195704,499.82284832428275,505.8877868652344,2461854
2026-01-08,508.1991447883893,510.55993590857094,498.380682163653,501.6304626464844,2146131
2026-01-09,500.800726273057,502.0551866683345,485.9841367383512,492.20709228515625,1889315
2026-01-12,492.2071002752245,493.85669386708173,484.0085993240379,485.1741638183594,1108288
2026-01-13,488.1572545072355,499.8129596912763,482.03305203427436,493.9752197265625,1677757
2026-01-14,494.14316314838976,495.8618779396524,481.15392848522384,484.00860595703125,1683329
2026-01-15,484.0283316832006,488.94745021615734,479.06972394916426,481.6181640625,818902
2026-01-16,482.13183071761085,494.0048469763694,482.13183071761085,487.8213806152344,1495746
2026-01-19,491.90089232197283,495.12104080715534,488.1177363360624,494.03448486328125,1057520
2026-01-20,494.8740817428681,496.81010763419675,488.94744603337267,490.3006896972656,1004690
2026-01-21,492.39477282608783,493.6788953425511,484.00859277303346,486.3298645019531,1161563
2026-01-22,485.9742470864996,491.12056419807243,484.1073724889854,489.1153869628906,788835
2026-01-23,488.9277029317788,490.92299277476457,479.0796086918681,485.92486572265625,945441
2026-01-26,485.98413633234776,492.89854477610066,474.19012866102065,480.3143310546875,1521757
2026-01-27,479.06972733434793,479.06972733434793,469.29078428981086,471.40460205078125,1724656
2026-01-28,472.15533598316495,479.0697446691109,469.2019053478141,472.2244873046875,1043937
2026-01-29,474.1308683048755,477.58807255293186,456.8547344372338,459.739013671875,1801771
2026-01-30,462.1788170963907,483.5147123740603,459.31428243909716,476.2348327636719,2341538
2026-02-02,477.5880720779392,480.8674844817826,467.710345664745,470.09088134765625,1361788
2026-02-03,473.40978594770485,475.6125298037749,469.20189496727875,470.2390441894531,1482328
2026-02-04,471.1675651658104,475.85948536400247,469.1920198192032,470.83172607421875,2918769
2026-02-06,471.1675548878494,472.15532753960593,460.7959420444062,462.9196472167969,1405871
2026-02-09,466.22867805231823,468.05606343373944,450.1872603011419,451.8960876464844,2459358
2026-02-10,454.36553875651373,464.2531527843728,447.47090484376787,460.252685546875,1816434
2026-02-11,460.30205315118775,478.08196078363704,460.30205315118775,471.6910705566406,4625558
2026-02-12,471.16754936260804,476.6002988835605,461.34908690773227,467.0979309082031,2375010
2026-02-13,466.22868570323664,466.22868570323664,448.4586655702139,455.2248840332031,4047882
2026-02-16,455.38293579124183,456.35096383925895,436.59551085920447,443.5691833496094,5941873
2026-02-17,443.5691749861403,451.41209208289854,435.6077299968452,440.20086669921875,2541525
2026-02-18,443.50990301288607,451.9059702191434,440.0526988691331,448.6957092285156,4594770
2026-02-19,448.35000314277676,448.35000314277676,427.3104575989701,430.3923034667969,1299232
2026-02-20,430.4712973497808,436.56586770154536,418.8254798203707,431.1627502441406,1735381
2026-02-23,429.6712033012789,429.68109067371836,392.1457310286579,402.9815979003906,3536711
2026-02-24,409.92565324725405,425.7497603832619,400.04792666298283,417.057373046875,2981168
2026-02-25,418.06488748669227,423.06301469306754,405.53005012424336,409.5107727050781,1153268
2026-02-26,409.9256599104263,425.2361363649121,403.0112511890456,418.8748779296875,2515007
2026-02-27,414.8645156272296,429.6811054710592,405.18435565369924,417.0178527832031,1338120
2026-03-02,375.3140830002383,405.18434806410437,375.3140830002383,376.6080627441406,7253805
2026-03-03,382.2680259693839,400.04793415400644,376.6080776786177,393.6767883300781,4351762
2026-03-04,393.13351674611056,393.13351674611056,384.24356284984174,385.8240051269531,1650846
2026-03-05,388.14526097043466,395.60293215300095,385.2313196995515,393.9533386230469,3782703
2026-03-06,393.1236283829992,393.133515755743,377.3192659405573,378.3564453125,2031009
2026-03-09,340.5247240523742,355.5882565374456,340.5247240523742,340.7519226074219,3897451
2026-03-10,371.4025047401944,374.8300769338664,366.463641645245,374.77081298828125,1965393
2026-03-11,380.2924810666128,385.2313444570883,370.51353758235734,374.3855895996094,1669709
2026-03-12,370.51352758920086,373.33854290303276,360.5370177806318,362.0186767578125,1772781
2026-03-13,360.537014968453,363.15460644550257,345.7204253122152,354.46221923828125,1885853
2026-03-16,354.0177217015633,354.61039133714087,337.3243694753025,338.7171325683594,2232849
2026-03-17,340.78156114933495,350.6395429586347,336.83047058528473,342.5496826171875,2681764
2026-03-18,345.7105514781728,359.0553700640473,339.76417078192674,352.17059326171875,2708443
2026-03-19,345.75006739921645,354.1362477437323,339.79379938896045,350.5111389160156,2716650
2026-03-20,350.5111389160156,350.5111389160156,350.5111389160156,350.5111389160156,0
2026-03-23,350.5111389160156,350.5111389160156,350.5111389160156,350.5111389160156,0
2026-03-24,375.0375177748857,375.0375177748857,353.62261365733895,360.75433349609375,4346775
2026-03-25,365.70308857824443,384.4905140181582,363.6089851844289,380.2825927734375,4696288
2026-03-26,379.2750674301543,379.2750674301543,358.5614736553608,362.07794189453125,3312882
2026-03-27,361.6729564362606,368.43920524238604,355.5981605556541,357.8700256347656,1987580
2026-03-30,357.8700113833441,359.54923691020156,334.854921188347,340.8704528808594,2657018
2026-03-31,350.65927840112033,359.5492319380501,346.2340462329657,352.49652099609375,1986599
2026-04-01,363.500346121268,387.7501533495752,363.500346121268,384.81646728515625,6249051
2026-04-02,371.4025216584158,378.7515526900197,365.4758856745049,374.118896484375,2852587
2026-04-03,365.4758845201138,372.39029314617005,364.4881118592487,366.631591796875,1461592
2026-04-06,365.96975242669697,377.88228770546925,356.9414962915686,374.6226501464844,3261316
2026-04-07,367.4514381404882,380.2924830217418,365.4758927741415,377.44769287109375,2395447
2026-04-08,415.1904602050781,415.1904602050781,415.1904602050781,415.1904602050781,858501
2026-04-09,434.42240804571554,434.42240804571554,397.08461319145505,424.7126159667969,7125029
2026-04-10,425.83865674845805,442.3245848463217,425.83865674845805,430.43182373046875,3957795
2026-04-13,409.92565033490746,419.8033768490016,402.02346912363214,405.0460510253906,3601011
2026-04-14,419.8033820160713,432.6444266424452,414.86451869823514,429.0489196777344,4056475
2026-04-15,449.4365599992885,452.8345003589693,428.6834467803567,430.4416809082031,5435632
2026-04-16,434.61007733203377,438.5710552929463,424.89039810233237,430.17498779296875,2920671
2026-04-17,432.65431374668464,446.42386707981734,431.6665410837307,443.8753967285156,3389829
2026-04-20,439.5588144897239,439.5588144897239,424.84100852782996,435.46942138671875,3733292
2026-04-21,442.5221356935476,442.5221356935476,433.1382957625461,435.6274719238281,1632822
2026-04-22,435.6077398927156,437.5536532245441,423.8038446337695,425.8485412597656,1376109
2026-04-23,424.7422239302255,428.68342701303555,415.4077606721273,420.59356689453125,1051797
2026-04-24,417.106729964999,429.6810861661779,409.9256339286525,424.9891662597656,1386253
2026-04-27,424.7422257683014,428.6933162405646,414.8644995876432,417.70928955078125,990168
2026-04-28,417.70928955078125,417.70928955078125,417.70928955078125,417.70928955078125,0
2026-04-29,417.70928955078125,417.70928955078125,417.70928955078125,417.70928955078125,0
2026-04-30,408.87860193750294,408.87860193750294,395.6128228465303,403.0013427734375,2247520
2026-05-04,405.97455191083327,419.80336876424366,401.8357821695797,406.15234375,1757797
2026-05-05,400.04793482680736,406.86356028015587,400.04793482680736,404.0978088378906,964827
2026-05-06,414.9632872118523,438.5710470012787,412.9975991831623,434.2347106933594,5101180
2026-05-07,439.8057829384341,451.41211185371003,430.66888570725945,444.10260009765625,3840933
2026-05-08,436.5955044478926,443.48028091611724,432.6444139099026,440.2799072265625,1727932
2026-05-11,434.87680822334676,436.00285339950824,429.68111429848545,430.79730224609375,1302881
2026-05-12,430.79729561808625,434.61997099440566,421.77892639684364,423.0630187988281,708151
2026-05-13,422.78644509289285,426.1251215226875,415.8522918386936,417.1956481933594,767836
2026-05-14,417.19562666184606,424.6434406097417,415.852270376511,417.6302490234375,531442
2026-05-15,423.7544712361142,423.7544712361142,410.91342665320167,412.64202880859375,1174717
2026-05-18,408.09825378004075,409.9157517917749,400.0479129193155,401.5394592285156,949984
2026-05-19,403.11986892807715,410.40963567682536,401.1443236907764,402.902587890625,628912
2026-05-20,404.9966607119406,407.2092617298226,400.05779762243395,405.85601806640625,3983677
2026-05-21,412.8889731316331,428.69333573954253,412.8889731316331,421.60113525390625,4012991
2026-05-22,425.2163830332773,426.2239002885698,415.0225620072399,416.9684753417969,1107759
2026-05-25,429.68109664570744,433.1383008715925,424.7422334658717,431.429443359375,1913466
2026-05-26,431.429443359375,431.429443359375,431.429443359375,431.429443359375,0
2026-05-27,431.429443359375,431.429443359375,431.429443359375,431.429443359375,0
2026-05-28,431.429443359375,431.429443359375,431.429443359375,431.429443359375,0
2026-05-29,434.61996282943716,448.9426661499527,432.44685095751845,447.8857421875,4073832
2026-06-01,446.37445626584275,446.6213994293163,428.6933317900248,431.7949523925781,2214263
2026-06-02,431.7949530345509,436.101627342606,426.7177871166609,430.3429260253906,1596078
2026-06-03,430.3429260253906,430.3429260253906,430.3429260253906,430.3429260253906,0
2026-06-04,429.63173299418656,431.02446592569385,424.7422462413113,429.08843994140625,937132
2026-06-05,430.2737814500639,432.31847811338133,424.9398150563732,426.2239074707031,850824
2026-06-08,420.7911475336639,424.6434548272694,418.3217159166823,421.275146484375,1162090
2026-06-09,427.69566167165857,432.64441219711665,425.7300037830075,426.8659362792969,3790348
2026-06-10,425.73000803685227,429.68109859867917,421.7789174750253,424.1001892089844,1587252
2026-06-11,421.7789321391344,429.5823302411598,416.8400687651398,427.7944641113281,3275763
2026-06-12,433.51366586440963,448.4586708961286,431.1825067331056,443.6185607910156,5436081
2026-06-15,464.25313010647346,466.6237783589826,455.26439326063274,463.6209411621094,6516394
2026-06-16,466.7225713348865,470.08099227433644,457.9610328611899,464.0753479003906,4277608
2026-06-17,464.2531555128777,469.19201886939766,458.4845667297939,464.8556823730469,3055536
2026-06-18,466.2286900823082,471.1675533247055,464.2432574126472,465.803955078125,2098556
2026-06-19,465.24092618191014,467.20658414312794,453.3876541772755,457.3190002441406,2737636
2026-06-22,459.4229117453579,462.17880581315256,451.9059765286012,453.4468994140625,1538353
2026-06-23,454.3852936747641,457.23994087838696,449.43654319034135,451.8763427734375,1694484
2026-06-24,452.4196012736657,463.26535541446754,452.4196012736657,462.0306396484375,1991650
2026-06-25,462.0306396484375,462.0306396484375,462.0306396484375,462.0306396484375,0
2026-06-26,462.0306396484375,462.0306396484375,462.0306396484375,462.0306396484375,0
2026-06-29,462.03064139248545,462.03064139248545,454.86928992247897,456.1929016113281,902422
2026-06-30,456.4497357079525,465.7347923472842,456.4497357079525,463.77899169921875,1320094
2026-07-01,464.2531307683184,469.1129853156542,463.5518206495125,466.6040344238281,2038908
2026-07-02,469.09321355431734,478.97093980370045,469.09321355431734,474.1604919433594,3253073
2026-07-03,475.16801095842715,478.9709416076483,470.1797712414728,474.2493896484375,1155247
2026-07-06,476.98556009265553,484.79881540175313,476.10642794517327,482.68499755859375,2184221
2026-07-07,483.0208108968905,484.5024698260221,474.1407446945123,475.5038757324219,1452331
2026-07-08,471.1675411727088,474.0715950958936,450.4243160896336,459.30438232421875,5648437
2026-07-09,456.350953917142,464.2531349373523,455.3730686621081,460.88482666015625,2018665
2026-07-10,464.25314480922736,469.0932247581399,461.279939490934,462.8504943847656,1064007
2026-07-13,457.3387340976787,459.3142793853577,451.4120982346418,453.8420104980469,1271920
2026-07-14,449.4365580389833,451.31332005465583,431.65665024843014,433.31610107421875,2616052
2026-07-15,434.126067253029,443.26296400408825,433.63218094216097,437.0400085449219,1226889
2026-07-16,439.06492536788494,447.93513426218175,439.06492536788494,445.6830139160156,1390663
2026-07-17,447.46100128444607,450.90831811611577,438.70935025403617,440.1811218261719,1489663
2026-07-20,435.60774570317204,442.91725740263865,431.38007989849666,440.96148681640625,1685018
2026-07-21,443.50990804036456,456.73619794100523,443.50990804036456,444.4976806640625,1550022
2026-07-22,443.509931564253,449.4365676207909,434.12609114140133,439.7070007324219,955502
2026-07-23,439.2625143810751,441.92948247897544,426.71778952927156,428.97979736328125,1046583
2026-07-24,425.73002138577334,437.5832934429178,422.72718402418974,427.7154541015625,2056126
2026-07-27,444.49769276819626,454.3754192741562,439.8057726778653,451.0169982910156,4395892
2026-07-28,455.3631907608142,456.3509634088853,446.4831243008715,449.47607421875,4407482
2026-07-29,444.65573336369926,447.46100403213217,437.583277673807,440.3095397949219,1291410
2026-07-30,440.25026862187985,440.25026862187985,430.07619255314916,432.5555114746094,1458139
2026-07-31,435.7163657829756,439.8057588976379,434.61995264449337,435.5188293457031,769454
2026-08-03,444.4976923238449,449.42666819917423,440.5564890981241,443.58892822265625,1884947
2026-08-04,444.4976991714209,446.4633571282059,437.08940418523053,437.9783935546875,1031670
2026-08-05,448.8340265798017,451.1947875259801,444.61621809369717,446.443603515625,2675868
2026-08-06,448.35989805245,454.86931635648483,448.35989805245,453.0221862792969,1931851
2026-08-07,451.90597026939287,456.350947026141,447.46099351264473,453.14068603515625,1949072
2026-08-10,457.14115510596923,457.14115510596923,447.45110814441136,448.8043518066406,2057991
2026-08-11,448.7451137546521,448.7451137546521,438.5611798969437,439.66748046875,1441981
2026-08-12,440.25029015549876,444.6162284668819,437.5832918943079,441.0108642578125,1099611
2026-08-13,442.40362999253693,444.4977032380162,439.5588398687049,441.1491394042969,696125
2026-08-14,441.1491394042969,441.1491394042969,441.1491394042969,441.1491394042969,0
2026-08-17,442.5320406142256,443.9050289413667,436.5955172604621,437.9487609863281,753981
2026-08-18,437.9487609863281,437.9487609863281,437.9487609863281,437.9487609863281,0
2026-08-19,433.92851599264236,437.79071069733357,429.68110562697495,431.8542175292969,981329
2026-08-20,437.97837106113093,438.5710406584739,432.64440497389995,433.9284973144531,1250095
2026-08-21,431.8542215620075,436.10163196733777,428.6933369735551,435.02496337890625,581614
2026-08-24,435.7657850835082,439.5588284351452,431.6566472497943,434.64959716796875,1046999
2026-08-25,436.5955035638194,438.57104882881407,430.9651875008133,437.2770690917969,1473601
2026-08-26,437.2770690917969,437.2770690917969,437.2770690917969,437.2770690917969,0
2026-08-27,438.8179859526389,442.4233499827901,433.63217970333926,435.5089416503906,1675292
2026-08-28,435.5089649173848,438.5710662284967,433.13831653422477,436.6448974609375,984191
2026-08-31,436.59551657525395,438.0771755681564,430.61950402831917,431.98260498046875,1079351
2026-09-01,433.6321797178911,433.6321797178911,426.2238850757859,428.0907897949219,803170
2026-09-02,426.02633231755374,426.02633231755374,422.2431763277812,422.8358459472656,1486364
2026-09-03,424.307622528181,429.16747729164496,422.9642661763924,426.0461120605469,862809
2026-09-04,426.7177961054857,431.65665948633625,424.0113086189972,427.8240966796875,374133
2026-09-07,428.6933386894186,428.6933386894186,422.2728163357753,423.23095703125,443733
2026-09-08,423.75444915004664,424.64343846902835,412.79016716413196,414.55828857421875,1367015
2026-09-09,414.8644988918862,416.7412608341782,408.9378631934307,410.2812194824219,682943
2026-09-10,410.28122311596314,410.9134120653893,400.03802581619163,403.0408630371094,1821165
2026-09-11,402.023451398405,414.8644953005653,393.6372716039033,411.5850830078125,1935380
2026-09-14,409.57990564985477,409.57990564985477,399.06013340940814,401.2134704589844,975763
2026-09-15,411.40729504843495,411.40729504843495,403.5248587114793,408.8094482421875,781195
2026-09-16,408.41436701788155,410.9134306668813,403.0112493079028,403.9200134277344,570464
2026-09-17,408.9200134277344,409.9700012207031,400.75,406.95001220703125,777729
2026-09-18,406.70001220703125,417.4800109863281,406.70001220703125,416.0,924336
2026-09-21,416.54998779296875,424.0,415.9800109863281,421.7200012207031,1007436
2026-09-22,423.94000244140625,425.0,419.5,423.7900085449219,977071
2026-09-23,425.5,428.9200134277344,424.0,424.3399963378906,707585
2026-09-24,424.3500061035156,425.0,414.4100036621094,415.44000244140625,652148
2026-09-25,415.0,420.8999938964844,410.0,416.6199951171875,765739
2026-09-28,418.29998779296875,419.0,410.0,412.57000732421875,634772
2026-09-29,412.9800109863281,414.29998779296875,411.0,411.739990234375,422054
2026-09-30,413.4800109863281,427.8999938964844,413.4800109863281,415.19000244140625,861824
2026-10-01,417.8999938964844,418.95001220703125,410.0,413.0400085449219,399171
2026-10-02,414.0,416.9700012207031,409.1000061035156,410.55999755859375,837001
2026-10-05,409.7300109863281,412.8900146484375,407.0,407.5400085449219,647015
2026-10-06,407.010009765625,412.0,405.25,410.3399963378906,1541162
2026-10-07,411.8999938964844,412.5,407.0199890136719,408.239990234375,633638
