date,open,high,low,close,volume
2021-10-08,72.57568374975429,73.3191769068071,71.9390913690576,72.98873138427734,861478
2021-10-11,73.34347898063402,73.34347898063402,72.01685475764012,72.70689392089844,117847
2021-10-12,72.63886437174527,73.74195867990355,72.11404427026352,73.00818634033203,1506093
2021-10-13,73.10536971746797,73.37749699676537,71.6280967514074,72.05087280273438,1112418
2021-10-14,72.81380506359565,73.51842197304906,71.44344763199206,72.61943054199219,1170507
2021-10-15,72.88668521878888,75.31640328497399,72.55138293926956,74.50973510742188,3790858
2021-10-18,73.86828801754274,76.2931493838892,73.62045943731984,76.02587890625,1366240
2021-10-19,76.02587890625,76.02587890625,76.02587890625,76.02587890625,0
2021-10-20,75.80718962995024,77.7461069571607,75.32124610668133,77.5711669921875,1304963
2021-10-21,77.75099168830054,79.93288156192193,76.05018874511896,78.07171630859375,1917195
2021-10-22,79.13105758247372,79.13105758247372,77.279613570079,77.66351318359375,1028966
2021-10-25,78.21262443400582,78.21262443400582,77.02692081060573,77.66351318359375,512745
2021-10-26,77.58088615600374,77.69751527942263,77.02205402963924,77.07550811767578,804349
2021-10-27,77.45941143968882,80.18069872605271,77.45941143968882,79.60242462158203,1677425
2021-10-28,80.17584859190255,80.17584859190255,78.23693068384759,79.45178985595703,281372
2021-10-29,80.13210428518919,80.13210428518919,78.77146800788117,79.67532348632812,124028
2021-11-01,80.52085709056287,80.66664166088408,79.6753199295402,79.86483764648438,166531
2021-11-02,79.69473581501089,80.18067932607802,79.45176405947731,80.02031707763672,215351
2021-11-03,80.18070333720773,80.18070333720773,78.72772913463798,79.27684783935547,1608884
2021-11-04,79.93771126382795,79.93771126382795,77.9939371297531,78.5819320678711,464021
2021-11-05,78.72286390927061,79.6898943513512,78.70828619433215,79.53924560546875,450404
2021-11-08,80.19882542949912,80.3937007750943,78.90465306709706,78.98460388183594,178808
2021-11-09,79.44929410832903,79.44929410832903,78.20009137077669,78.35999298095703,163943
2021-11-10,79.19445812871973,79.19445812871973,77.55050308472055,77.70040893554688,458924
2021-11-11,78.10015394587855,78.2000886364828,77.45556108610404,77.65043640136719,609202
2021-11-12,77.82534835499844,78.07518895966938,76.28133524801926,76.66608428955078,342344
2021-11-15,76.65108868512345,76.65108868512345,75.4768425064051,75.61675262451172,390643
2021-11-16,75.50182490799573,75.95153489373905,75.45684780979798,75.61175537109375,1164868
2021-11-17,75.8765962726802,77.95027028493526,75.8765962726802,77.56551361083984,2129747
2021-11-18,77.92526817388055,78.68478560174093,77.70041319757146,78.24506378173828,1273530
2021-11-19,78.44995108667642,81.64790782638487,77.55552506283821,80.18384552001953,873921
2021-11-22,79.97398531268549,81.94772471849929,77.95027473223102,78.29005432128906,1601084
2021-11-23,78.439947784231,79.14949412935319,78.07518266568519,78.44994354248047,1098017
2021-11-24,79.04957913279223,79.04957913279223,76.20139728381179,76.41126251220703,2804322
2021-11-25,76.081446408464,77.65044485785921,74.97715537655318,76.12142181396484,3070691
2021-11-26,75.21201518042926,77.94527191156637,75.21201518042926,76.96089935302734,2035145
2021-11-29,76.48621360724428,80.13388068078561,75.71670020234592,79.7990951538086,1885659
2021-11-30,80.07391546897996,80.44867638381139,75.20202357617151,77.56551361083984,20426529
2021-12-01,78.44995304875458,78.69979366355953,77.45059058953478,78.07019805908203,1656546
2021-12-02,78.07021339247181,78.43497862686026,75.8616228387612,76.49121856689453,821736
2021-12-03,76.45123947819597,77.4506020857541,75.50184805082841,76.97590637207031,481065
2021-12-06,77.15077553195292,77.9002973445996,76.70106549417697,76.94091033935547,228049
2021-12-07,77.05083431131597,77.45058076922432,76.33129221198683,77.20573425292969,303094
2021-12-08,77.20073430226579,78.2000965586058,76.4012414473822,77.77037048339844,402695
2021-12-09,78.17013625862597,78.17013625862597,76.70107215827544,77.13079833984375,379258
2021-12-10,77.37563404791955,77.79536441072476,76.45122081182093,77.12579345703125,90017
2021-12-13,77.37563721975764,77.37563721975764,75.51182084566656,76.06646728515625,709666
2021-12-14,76.82099940761492,76.82099940761492,75.20202938564434,75.48184967041016,1081166
2021-12-15,75.70170603673219,76.25135843730612,74.95218419478435,75.76166534423828,715175
2021-12-16,76.00150873059289,76.00150873059289,72.95345055485889,73.3082275390625,1389155
2021-12-17,73.8878441155407,74.50245737731967,72.9534428693239,73.58303833007812,470930
2021-12-20,73.94781630579244,75.35191912064242,73.45312922130819,73.9977798461914,301398
2021-12-21,74.00279983243803,75.45187247924686,73.70298801780737,74.67237091064453,146598
2021-12-22,74.95218643131416,74.95218643131416,74.20266456700102,74.49747467041016,72946
2021-12-23,74.0827380680504,74.87723703612203,73.4531424490326,73.98280334472656,480383
2021-12-24,74.00278482986043,74.50246600325711,73.70796714291389,74.39752960205078,51760
2021-12-27,74.40251980469029,75.38689227511851,73.95780388844577,74.70233154296875,128368
2021-12-28,74.82225777074567,75.37190245827273,74.45249097676877,75.03711700439453,132850
2021-12-29,74.70232952462732,75.6916960349683,74.69733545811833,75.29695129394531,182152
2021-12-30,74.45250322252217,76.20138752640692,74.45250322252217,75.54680633544922,306926
2021-12-31,75.75167180504707,77.05083833035295,75.30195415724396,76.62611389160156,481271
2022-01-03,76.3512852005171,77.05083579694775,76.1514081554443,76.98088073730469,502411
2022-01-04,76.9508975571244,77.19574406690944,76.70105698064023,76.7959976196289,233074
2022-01-05,76.80100078547542,77.17576169460222,76.45122546186315,76.90593719482422,345748
2022-01-06,77.15078522358132,77.15078522358132,76.48621584247172,77.01587677001953,301734
2022-01-07,77.20074756641326,77.80036349833371,76.9509069594022,77.42060852050781,296075
2022-01-10,77.72540657014991,79.79408628373068,77.20573388995341,79.70413970947266,1609153
2022-01-11,79.44930951395351,81.29812839912067,79.19946891799769,81.09825897216797,1806789
2022-01-12,81.09825683922617,81.19819155007416,80.09889448168678,80.29376983642578,128629
2022-01-13,80.44866839661809,81.44303667007775,79.97896687673794,80.91336822509766,79732
2022-01-14,80.23380497919172,81.34809179582321,80.3487295074827,81.03828430175781,914989
2022-01-17,80.94835992257009,81.41806150253953,80.44867868848016,81.01332092285156,417392
2022-01-18,80.94835125347407,81.67788913190958,80.69851066318557,81.47801208496094,907626
2022-01-19,81.50300660450638,81.64791080796725,80.19883827523627,80.4037094116211,97779
2022-01-20,81.26812965831729,81.26812965831729,78.52487781425876,79.57421112060547,187480
2022-01-21,80.92336908334728,80.92336908334728,79.19947046253873,79.8690414428711,446259
2022-01-24,79.44930775503661,80.69851070715983,78.9546206411651,80.4736557006836,288010
2022-01-25,79.70414241243904,81.19819188800912,79.70414241243904,80.4736557006836,353458
2022-01-26,80.82344875734485,80.94836907999917,80.07392682141894,80.78846740722656,462761
2022-01-27,80.92335999717322,80.94834557935664,80.25378909202111,80.82342529296875,474667
2022-01-28,80.88839544803197,80.94336068525249,80.19883294918006,80.2637939453125,612543
2022-01-31,80.19882941198334,80.6135657064406,80.19882941198334,80.41368865966797,374177
2022-02-01,80.19882106944638,81.44802388984274,80.04891520609303,81.33309936523438,246309
2022-02-02,81.19819677559664,82.29249984745105,81.19819677559664,82.10762023925781,548718
2022-02-03,82.54733029092725,82.54733029092725,81.45302727513882,81.89774322509766,108747
2022-02-04,82.1975555621373,82.1975555621373,80.9733381744157,81.8627700805664,88041
2022-02-07,81.9227357648537,81.94772135114732,81.45803588281997,81.87277221679688,109836
2022-02-08,81.87277913809757,82.04266894000757,81.40307752437955,81.45304107666016,123213
2022-02-09,82.19754424755914,82.19754424755914,81.44802256749021,81.95269775390625,170270
2022-02-10,82.27250325973988,83.04701061385812,80.00395405671112,80.41368865966797,957015
2022-02-11,80.49863684424236,81.22317299160169,80.0988903967074,80.81343078613281,298753
2022-02-14,79.94897961617733,80.94834186137955,79.8040754454157,79.90900421142578,193947
2022-02-15,79.72413326431936,80.69351596700476,79.72413326431936,80.11388397216797,163868
2022-02-16,80.93335263654751,80.93335263654751,80.00394543665095,80.20881652832031,22343
2022-02-17,79.69915152893752,80.69851393055428,79.69915152893752,80.14386749267578,68984
2022-02-18,80.69350436960524,81.04827368432393,79.9539708447433,81.02828979492188,294468
2022-02-21,81.4280481223601,81.4280481223601,80.20382313662601,80.56859588623047,8228
2022-02-22,80.94335149485785,81.14821496984658,79.69914269787864,80.15385437011719,134922
2022-02-23,80.89837384867317,80.9483450126902,79.77409127905247,80.85840606689453,78607
2022-02-24,80.44868609199614,80.94337330410114,78.9546363197421,79.37437438964844,382137
2022-02-25,79.6741709143411,79.92401153033121,78.44995342089565,78.64482879638672,212986
2022-02-28,78.69978252845475,79.93898966768535,78.44994194899932,78.94962310791016,118028
2022-03-01,80.34873117831754,80.34873117831754,78.44994126607979,78.58985137939453,216837
2022-03-02,78.84470594926138,78.84470594926138,77.57551885071652,77.91529846191406,1549654
2022-03-03,78.19512851471728,78.20012258283055,77.45559470925534,77.65547180175781,161094
2022-03-04,77.65046639005493,77.95027820218347,76.90094448426471,76.9559097290039,201337
2022-03-07,76.45122764959379,76.95090887606173,74.82226959613928,74.9122085571289,1626736
2022-03-08,74.45250749250545,75.4018988335371,74.3275871779207,74.3575668334961,1086906
2022-03-09,74.32757022324502,75.55178750201617,74.25262110140301,74.46248626708984,725422
2022-03-10,74.8372509919992,75.95153786662148,74.47247824811005,75.496826171875,451799
2022-03-11,75.82161792744071,76.29631347926801,75.00214117364052,75.90656280517578,456475
2022-03-14,76.3962579149565,76.42623756685586,75.70170135601126,75.98152160644531,141196
2022-03-15,76.45685993699092,77.24220090954474,75.95052530905068,76.9580307006836,195750
2022-03-16,77.46954093625875,77.75887502378244,76.20886422596618,76.69969940185547,225513
2022-03-17,75.96085734383986,76.77719723095707,75.96085734383986,76.11585998535156,118471
2022-03-18,76.20367955302234,76.20367955302234,73.36199386631966,73.74949645996094,1324882
2022-03-21,73.62550271273827,74.65884310168897,73.37233147929119,74.37984466552734,124338
2022-03-22,74.65883132246229,74.77249937801392,73.4963235683063,73.77532196044922,773750
2022-03-23,73.77532196044922,73.77532196044922,73.77532196044922,73.77532196044922,0
2022-03-24,73.52217985064709,74.40051771919059,72.92800431915992,74.04401397705078,236520
2022-03-25,74.65885349772644,74.91718863093656,73.6306768293956,74.42635345458984,133679
2022-03-28,74.86034722755325,74.86034722755325,73.90967592289341,74.56584930419922,71466
2022-03-29,74.8861687176668,75.02050011118568,74.34366351300609,74.91716766357422,1493313
2022-03-30,74.81386771800547,74.91720021050857,74.12153134609443,74.16802978515625,143475
2022-03-31,74.40050433826868,75.95051484531594,74.16800433896381,75.2581787109375,410654
2022-04-01,75.12385645363149,77.44887274133517,74.65885634959592,76.16236877441406,788322
2022-04-04,74.40052148274076,75.95053234696452,73.59968095947255,74.19902038574219,442388
2022-04-05,74.43149648766386,75.95050790720971,73.93549758562465,74.91716766357422,411741
2022-04-06,75.37700979532931,75.43384382863283,74.91717366542302,75.08251190185547,126349
2022-04-07,75.43385091621676,75.43385091621676,74.65884559858438,74.90684509277344,93997
2022-04-08,75.95051957044416,77.75886527450234,75.70252008134085,77.13886260986328,1146052
2022-04-11,78.27554341734859,80.07872544049675,78.27554341734859,79.34505462646484,1327103
2022-04-12,79.79972088370607,79.79972088370607,78.30138026812513,78.86971282958984,465409
2022-04-13,79.37605489536696,79.37605489536696,78.5907138894607,78.93688201904297,194536
2022-04-14,79.2520295799048,79.2520295799048,78.28585897601063,78.77153015136719,434889
2022-04-15,79.05053017121156,79.05053017121156,78.53902390253816,78.60619354248047,131599
2022-04-18,78.53387341821406,78.53387341821406,77.71753352478908,77.80536651611328,504173
2022-04-19,78.43054976400842,78.43054976400842,76.72037240551707,77.50054168701172,484624
2022-04-20,78.27037663992151,78.27037663992151,76.46719468388368,76.67903137207031,121359
2022-04-21,76.47233875020824,77.50051508853645,76.20883983706084,76.45167541503906,197916
2022-04-22,76.23469234578852,76.71002800094016,76.18302217041386,76.46202850341797,184807
2022-04-25,76.97870648460965,78.12054336817,76.36386760095591,77.90870666503906,255676
2022-04-26,78.19804425489609,78.19804425489609,77.40236766756676,77.51087188720703,1977179
2022-04-27,77.96553678909842,78.79221233430755,77.50570058656345,77.96037292480469,375824
2022-04-28,77.9603729248047,78.28070595378615,77.50053672226971,77.96037292480469,355174
2022-04-29,77.9603729248047,77.9603729248047,77.9603729248047,77.96037292480469,0
2022-05-02,77.9603729248047,77.9603729248047,77.9603729248047,77.96037292480469,0
2022-05-03,77.9603729248047,77.9603729248047,77.9603729248047,77.96037292480469,0
2022-05-04,77.9603729248047,77.9603729248047,77.9603729248047,77.96037292480469,0
2022-05-05,77.9603729248047,77.9603729248047,77.9603729248047,77.96037292480469,0
2022-05-06,77.96036523790089,78.27553437151288,77.50052908070582,77.8570327758789,1943248
2022-05-09,77.85705258308893,77.85705258308893,75.99198609504474,76.3660659790039,545651
2022-05-10,76.9378588082433,76.9378588082433,75.41480980264681,75.76751708984375,586213
2022-05-11,76.4034514679747,76.4034514679747,74.76283348098745,74.92850494384766,501834
2022-05-12,75.77286496552486,75.77286496552486,74.29257712133696,74.72010040283203,495232
2022-05-13,75.03004945193656,75.48429448579495,74.38876858097608,74.75750732421875,363834
2022-05-16,74.28188803608619,74.75750555417288,73.37874722937215,73.66197967529297,170615
2022-05-17,74.78422292373583,74.78422292373583,73.48562172382914,73.87039184570312,581251
2022-05-18,73.74748334592935,74.71474975758562,73.13292424644456,73.27186584472656,677278
2022-05-19,73.26653591016792,73.9078168407763,73.21309243497996,73.30393981933594,275372
2022-05-20,73.37874977104428,73.95590500753326,72.94588538225973,73.23445892333984,437537
2022-05-23,73.69404299348236,73.69404299348236,72.09083676603028,72.37406921386719,455572
2022-05-24,73.13292313043678,73.13292313043678,71.79691801774578,71.99464416503906,727758
2022-05-25,73.7368062964462,73.7368062964462,70.80828480073019,71.36405944824219,859676
2022-05-26,72.09083601122687,72.4649239838451,71.2144169422358,72.14427947998047,221652
2022-05-27,72.62523942304865,73.4482231928175,72.01068029267195,72.30994415283203,973289
2022-05-30,73.48027858117455,73.48027858117455,72.03739474171887,72.48094940185547,132666
2022-05-31,72.9939827468867,72.9939827468867,71.07548111590978,71.5136947631836,160054
2022-06-01,71.60454577471681,72.14428900131618,71.02204124400834,71.08082580566406,1854854
2022-06-02,71.09149461037241,71.44954295776476,70.54106122437685,70.71741485595703,82761
2022-06-03,71.07545730084543,71.34265826814185,70.2738543989562,70.4715805053711,127046
2022-06-06,71.540398748542,71.540398748542,70.00666749748586,70.53572845458984,2422100
2022-06-07,70.03338629392995,70.79757726782047,69.6860200886207,69.97460174560547,454841
2022-06-08,69.53106159608089,70.22043675722045,69.53106159608089,70.09752655029297,212919
2022-06-09,70.27387862096728,70.36472600264219,69.55778173882685,69.76084899902344,1080405
2022-06-10,70.48227378005959,70.48227378005959,69.55241143935491,70.0387191772461,37317
2022-06-13,70.00667759056334,70.00667759056334,66.21242336101153,66.49031066894531,390755
2022-06-14,66.26584990742951,67.2438065740988,65.19704587666452,66.18034362792969,198971
2022-06-15,65.54441333342541,67.73546095927892,65.54441333342541,66.81094360351562,74934
2022-06-16,67.5858316881812,67.60186309822974,66.13225737870302,67.16899871826172,178614
2022-06-17,67.54841841069528,68.40346085596201,67.067455761119,67.79424285888672,1656794
2022-06-20,68.39276496108727,68.82562516889698,67.35067868781692,67.69269561767578,98692
2022-06-21,67.09416284129736,68.93250675502091,67.09416284129736,68.43550872802734,149812
2022-06-22,68.93786267206856,70.10820443607754,68.40346063585098,69.84100341796875,540953
2022-06-23,69.5043220740426,71.60986723627931,69.5043220740426,71.23043823242188,254048
2022-06-24,70.30058560986448,72.11754917085182,65.89176905473913,67.21173858642578,824804
2022-06-27,69.47226855656892,71.34267578693809,67.49498254390149,69.57914733886719,522679
2022-06-28,69.5791491276725,71.07547658130248,68.13626514372982,68.92183685302734,917037
2022-06-29,69.46692668239548,69.46692668239548,63.812951911726394,65.37874603271484,2949393
2022-06-30,65.33065646415602,66.13225961095547,64.07481234960308,65.72077178955078,2314699
2022-07-01,65.71541927138621,67.19571112283326,65.33064915164378,66.85903930664062,258558
2022-07-04,67.22243372019227,67.52169756065696,66.39945408175033,66.99798583984375,343491
2022-07-05,67.27587351052162,67.27587351052162,65.99865294170944,66.64527893066406,183300
2022-07-06,66.92316808978276,67.28121647178571,66.1322512904978,66.77887725830078,157020
2022-07-07,67.81561717102542,67.81561717102542,66.2979133137065,67.05142211914062,48581
2022-07-08,67.05142211914062,67.05142211914062,67.05142211914062,67.05142211914062,0
2022-07-11,67.05142211914062,67.05142211914062,67.05142211914062,67.05142211914062,0
2022-07-12,67.05142211914062,67.05142211914062,67.05142211914062,67.05142211914062,0
2022-07-13,67.32397270427197,68.13626203417819,66.2658548410831,67.66064453125,867908
2022-07-14,67.80492978915994,69.15162114438405,67.66064303141465,68.5477523803711,611722
2022-07-15,68.40346419821144,68.56378644829167,67.06211387584366,67.1262435913086,588055
2022-07-18,66.58648118582344,67.12622828907658,65.46423792258325,66.07345581054688,227911
2022-07-19,66.2658505513094,66.5277063997853,63.99464196386533,64.62523651123047,878643
2022-07-20,64.65729827089294,65.17566887472375,64.13358658250164,64.66264343261719,525801
2022-07-21,64.9138143016865,65.14360733436403,63.46558531050069,63.71675491333008,361920
2022-07-22,65.11688884465549,65.11688884465549,62.90980985042254,63.83966827392578,118156
2022-07-25,64.65196084409348,64.65196084409348,63.06478612678676,63.20372772216797,50343
2022-07-26,64.39009479285204,64.39009479285204,62.8991127478024,63.59918212890625,40287
2022-07-27,64.36872331663527,64.36872331663527,63.06478512711504,63.88241958618164,20389
2022-07-28,64.55043312916564,68.39812679598437,63.1556432575818,65.92919158935547,1042485
2022-07-29,66.25516908456743,66.25516908456743,64.7214337070927,64.99932098388672,1147191
2022-08-01,64.98327844158261,65.82763452886898,64.84967794968908,65.46424102783203,204912
2022-08-02,66.36739240958525,66.36739240958525,64.92984957922914,65.52838134765625,425570
2022-08-03,66.20706823278684,68.08282052978826,64.95656941956189,66.80025482177734,488072
2022-08-04,67.86370897098249,69.47226013573102,67.12623567732058,68.88441467285156,528323
2022-08-05,68.40880462692695,70.86171627466413,68.29658476097738,69.46692657470703,1227269
2022-08-08,69.46692657470703,69.46692657470703,69.46692657470703,69.46692657470703,0
2022-08-09,69.46692657470703,69.46692657470703,69.46692657470703,69.46692657470703,0
2022-08-10,70.00667035639908,73.21308273913492,68.94855655330821,70.69070434570312,570681
2022-08-11,71.02200851980494,71.07545197098713,70.00664818194973,70.10283660888672,146755
2022-08-12,70.91515473855455,70.91515473855455,69.36539196056243,69.44554901123047,571038
2022-08-15,70.03338553359205,70.54106581579475,69.50967384332287,70.21508026123047,457364
2022-08-16,70.51969577364122,71.07547029935597,69.739465218541,69.84634399414062,259693
2022-08-17,70.27386523199087,70.53572515586575,69.15161773461584,69.33332061767578,321916
2022-08-18,69.73947650217666,70.5410796803626,69.21041546901542,69.76084899902344,333045
2022-08-19,70.54107623655517,70.54107623655517,69.1035333024964,69.1997299194336,92070
2022-08-22,70.2471510985215,70.2471510985215,68.40346557140785,68.57447814941406,97968
2022-08-23,68.80960306380054,69.71274380728545,68.77754024640569,69.0821533203125,628478
2022-08-24,69.4615800178233,69.47227034262649,68.69738895813214,68.92183685302734,197434
2022-08-25,69.46156327066481,69.46156327066481,68.08280933646542,68.20037841796875,330278
2022-08-26,68.66531513858261,68.65996589987361,67.54841285109568,67.77820587158203,433641
2022-08-29,68.80426933964691,68.80426933964691,67.38810298052421,67.59651947021484,1196716
2022-08-30,68.52915061658045,68.52915061658045,65.9464767157038,66.277587890625,235523
2022-08-31,66.76321092341746,67.87795268406818,65.72572407397547,66.45417022705078,867973
2022-09-01,66.55350343295936,67.18813553469121,66.23342752630415,66.44865417480469,158568
2022-09-02,67.04465309837393,67.05017281000127,65.91887191385814,65.97957611083984,240330
2022-09-05,66.77424279093948,66.77424279093948,65.42220402185697,65.75883483886719,52370
2022-09-06,66.21688641813961,66.77425951529378,65.67055274644595,66.49281311035156,602521
2022-09-07,67.03914845163251,67.03914845163251,65.9464769393492,66.20584869384766,49387
2022-09-08,66.22240077874379,66.77425411856665,65.73125164312599,65.90784454345703,63673
2022-09-09,66.67491249489673,66.67491249489673,65.95198605218538,66.29965209960938,96986
2022-09-12,65.79746954258637,66.68594946496941,65.79746954258637,66.09546661376953,51344
2022-09-13,66.55350388696453,66.76872632662693,65.67053949215648,66.37139129638672,171944
2022-09-14,66.76322459580284,66.76322459580284,66.00718394008334,66.18377685546875,149342
2022-09-15,66.4983322368583,66.4983322368583,65.52155360757403,65.8471450805664,1059178
2022-09-16,66.49281096533538,66.49281096533538,65.00280855958023,65.10214233398438,439518
2022-09-19,65.11869617802031,65.60984532931812,65.01384269280832,65.1573257446289,131679
2022-09-20,65.64847587718585,65.64847587718585,64.10328897943948,64.69928741455078,91919
2022-09-21,64.3019552618265,65.25666348071809,64.3019552618265,64.8427734375,64881
2022-09-22,65.83057702871066,65.83057702871066,63.76664697951535,64.46749877929688,229179
2022-09-23,64.56684961220014,65.12973824346354,64.2909229044557,64.58340454101562,305851
2022-09-26,64.29091034430544,65.25665363273922,64.29091034430544,64.95313262939453,603681
2022-09-27,65.02488550584705,66.22240634341678,65.00833057791036,66.10099792480469,862897
2022-09-28,66.27759309943606,67.60204211351746,65.69814955036175,66.07341003417969,303541
2022-09-29,66.07340268409769,66.21136602000256,65.0911001957972,65.20699310302734,520693
2022-09-30,64.57235498782154,66.21687544306272,64.57235498782154,65.95198822021484,236449
2022-10-03,65.12972935940776,66.64181054301243,65.12972935940776,65.67054748535156,1020196
2022-10-04,66.49831730449212,66.71905944880893,64.29090428193636,64.51716613769531,367159
2022-10-05,64.51717725525185,64.83724899884427,64.01498868513664,64.34609985351562,564685
2022-10-06,64.99728778890206,64.99728778890206,64.30195137939279,64.5999526977539,190929
2022-10-07,65.05800281258212,65.05800281258212,63.95981562716834,64.58892822265625,214172
2022-10-10,64.74343402682094,65.33391693536825,64.51717634556982,64.56684112548828,172224
2022-10-11,64.84276210801285,64.98072543164692,64.02601737956428,64.29090881347656,60489
2022-10-12,64.07569122314453,64.7048036897857,63.46313368294546,64.07569122314453,93320
2022-10-13,64.5613215969855,64.6220258017077,64.04258231614155,64.1750259399414,104748
2022-10-14,64.55579462459472,64.70479314860692,64.15293990213694,64.57234954833984,139756
2022-10-17,64.78758162075464,64.78758162075464,64.02602133267793,64.29643249511719,134148
2022-10-18,64.29642950983028,64.56131673749206,63.88805503419961,64.15294647216797,141045
2022-10-19,64.50061878646397,65.2566594005145,64.50061878646397,64.75447082519531,108886
2022-10-20,64.5668508600221,65.05248035932694,64.29092414694507,64.37370300292969,160996
2022-10-21,64.8096473410779,65.91335384642157,64.01497730993249,65.45531463623047,3213835
2022-10-24,65.89128966349814,66.27758531752453,65.51050951145295,65.67054748535156,113709
2022-10-25,64.842767475032,65.94647415545808,64.842767475032,65.67054748535156,118092
2022-10-26,65.80850302184734,66.60868858620849,65.38909335410115,66.29965209960938,345420
2022-10-27,66.49833282308182,66.80185386863785,66.02925828838293,66.49281311035156,113513
2022-10-28,66.76872479265282,66.76872479265282,66.08442792868621,66.50383758544922,70661
2022-10-31,65.92440123385869,67.54685144364596,65.92440123385869,67.13848114013672,118912
2022-11-01,66.52592602955173,67.32059202641364,66.52592602955173,66.78529357910156,119775
2022-11-02,67.32059219205559,67.32611190470426,66.77425852843619,66.95085144042969,285055
2022-11-03,67.87176343603953,68.20559779561452,66.95084485038974,68.09048461914062,709003
2022-11-04,67.9178006583003,68.4933752401503,67.33646910107184,67.51490020751953,225979
2022-11-07,67.19834449047275,67.9178128469018,67.19834449047275,67.35950469970703,184572
2022-11-08,67.35950659739986,67.90054822188868,67.35950659739986,67.53793334960938,301040
2022-11-09,67.53793334960938,67.53793334960938,67.53793334960938,67.53793334960938,0
2022-11-10,67.91780696870887,69.06895623936495,67.37101282166162,68.69483184814453,491020
2022-11-11,69.05746457696762,70.22012370949956,68.2401450455936,69.06321716308594,264972
2022-11-14,68.32647599277429,69.01141132990817,68.32647599277429,68.74089050292969,81903
2022-11-15,68.72363300493596,69.64455182016833,68.49340220330605,68.97688293457031,336932
2022-11-16,69.0689589018047,69.64453355931974,68.92506523742594,69.05744934082031,119896
2022-11-17,69.06896695235692,69.06896695235692,68.63728590890469,69.00565338134766,238559
2022-11-18,69.0689634908184,69.12076310561903,68.32071462981997,68.74664306640625,92044
2022-11-21,68.49339604514903,69.17833141081232,68.49339604514903,68.65455627441406,86747
2022-11-22,68.5509378991227,69.06895594698226,68.36099721635986,68.44733428955078,164511
2022-11-23,69.00564197145636,69.0631985561425,68.43582431787743,68.49913787841797,96102
2022-11-24,68.78117205308651,68.92506571846954,68.4991416984959,68.85599517822266,45890
2022-11-25,69.06320902414643,69.24164017239023,68.44159166751638,68.5682144165039,46832
2022-11-28,68.78118198040644,69.06321237570303,68.06171354964906,68.41857147216797,124184
2022-11-29,68.8099602735997,68.92507346232482,68.03293088020177,68.70059967041016,331379
2022-11-30,68.78117455973194,68.78117455973194,68.40705013784434,68.67181396484375,275627
2022-12-01,68.20559834658042,68.76390647868986,68.20559834658042,68.58547973632812,1612386
2022-12-02,68.78117020406741,68.78117020406741,68.23437604682564,68.52791595458984,391170
2022-12-05,68.57971946597367,68.57971946597367,67.77391408899382,67.87751770019531,194676
2022-12-06,69.00565385174578,69.00565385174578,67.63003060187025,68.24589538574219,263302
2022-12-07,68.75814619976501,68.75814619976501,67.69333399042443,67.87751770019531,513487
2022-12-08,67.92356889098131,69.0574517077554,67.41706036458443,67.61851501464844,876023
2022-12-09,67.42857742412802,67.99839515129348,67.1983466643654,67.77967834472656,631950
2022-12-12,67.90631055146015,68.02718072131918,67.19835168081512,67.41131591796875,125912
2022-12-13,67.84873728824114,68.7811697901081,67.34223318362046,68.57971954345703,397562
2022-12-14,68.57972647175542,68.57972647175542,68.04444182441321,68.38978576660156,56575
2022-12-15,68.78117630882782,68.78117630882782,67.63002691453782,67.73938751220703,126000
2022-12-16,68.28617414897731,68.28617414897731,67.42856917485045,67.44007873535156,100094
2022-12-19,68.06170853666492,68.06170853666492,67.28468356693492,67.38253021240234,70057
2022-12-20,67.802701753056,67.802701753056,66.21987132019956,66.53067779541016,180333
2022-12-21,66.7033612428448,67.2846930031679,63.790954246413854,64.25141143798828,307597
2022-12-22,65.03993460792206,65.03993460792206,63.7448916621891,64.3031997680664,412284
2022-12-23,64.46435880614105,64.46435880614105,63.34774261446603,64.17081451416016,67208
2022-12-26,64.6658179657176,64.69459845781032,63.929083037524265,64.15355682373047,107594
2022-12-27,64.74063856663102,64.74063856663102,63.65855541416671,63.83698654174805,167456
2022-12-28,64.34925162127382,64.34925162127382,62.714617230328024,62.829734802246094,293657
2022-12-29,63.883042943199236,64.86727527988494,62.70886987716533,64.51617431640625,398271
2022-12-30,63.6010094760545,67.34224532758712,63.6010094760545,66.8587646484375,842180
2023-01-02,67.04869173737814,67.62426640444774,65.90329937946976,66.78392791748047,103673
2023-01-03,67.27891724702665,67.57246153394959,66.21986204984836,66.7493896484375,174878
2023-01-04,67.05445256236852,67.19834623739507,65.75940948712964,66.42707824707031,123547
2023-01-05,67.33646588772882,67.33646588772882,66.13351717688494,66.20258331298828,110505
2023-01-06,66.2026031991165,66.8990524834527,65.62127588629417,65.88603973388672,31589
2023-01-09,65.6155196659254,66.18533742293764,63.89455244108993,64.67157745361328,65165
2023-01-10,65.38529124581771,65.67307862312438,64.03269145073375,64.79244995117188,123426
2023-01-11,65.49465442159554,65.49465442159554,63.94635686578535,64.60826873779297,95244
2023-01-12,65.02843268130951,65.02843268130951,64.17658017816863,64.4528579711914,73626
2023-01-13,64.45284804520794,64.46435760547172,64.00389615177542,64.18232727050781,96463
2023-01-16,65.27017353482788,65.27017353482788,64.00390652752986,64.24565124511719,40445
2023-01-17,65.02268256448336,65.02268256448336,63.08299400588677,63.31322479248047,275307
2023-01-18,63.88877923261855,64.4643538202998,62.96786077058568,63.52616882324219,1088179
2023-01-19,63.48013810932351,63.83123904930399,62.766426666818,63.11177062988281,413322
2023-01-20,63.313206754335326,63.485880892906906,61.580725958133954,62.242637634277344,70498
2023-01-23,63.019672825901424,63.019672825901424,61.7303867243425,61.9088134765625,39064
2023-01-24,61.592251077572534,62.44985616773511,61.592251077572534,62.19084930419922,49367
2023-01-25,62.16207025115065,65.60400903611198,62.16207025115065,65.08599090576172,258446
2023-01-26,65.03993382134038,66.76665772810162,64.75214650354684,65.97811889648438,409976
2023-01-27,66.47888140017481,66.47888140017481,63.88879511185631,64.57948303222656,102269
2023-01-30,65.60399853165143,65.90329540832693,64.06145834120247,64.1650619506836,94259
2023-01-31,64.2629117499252,65.55795473659114,64.18233164872443,65.0341796875,133130
2023-02-01,65.60976031098387,65.6155172876746,64.78093571026706,65.2529067993164,50437
2023-02-02,65.61550938254494,66.17381748954604,64.53343063323963,65.7133560180664,95518
2023-02-03,66.16231122537167,66.16231122537167,64.75215494095004,65.01116180419922,60069
2023-02-06,65.01116260410721,65.61551781417344,64.1823379967399,65.04570007324219,321097
2023-02-07,65.897545627875,65.897545627875,65.04569753804786,65.23563385009766,97462
2023-02-08,66.07022009067751,67.04869532047123,64.50465620997839,66.17958068847656,1033562
2023-02-09,66.19108486144118,67.63002148886382,66.19108486144118,67.3134536743164,685880
2023-02-10,67.31346081206482,68.3494970501822,66.02993166342186,66.81271362304688,420309
2023-02-13,67.11200069203652,67.34223142130672,66.13928255758096,66.24288177490234,135049
2023-02-14,66.45009420533839,66.45009420533839,65.50039950843185,65.56371307373047,288764
2023-02-15,65.9608629254509,66.7666684226017,65.52918187961511,66.43859100341797,417131
2023-02-16,65.61550678224039,66.47886871358565,65.61550678224039,66.19683837890625,108273
2023-02-17,66.59400432174144,66.76667852271166,65.6845994516553,66.40982055664062,237868
2023-02-20,66.3637644161302,66.4788775991813,65.94934993108791,66.17958068847656,218657
2023-02-21,66.67457313492254,66.67457313492254,65.61551776305569,66.45585632324219,75544
2023-02-22,66.19109082854212,67.3364832576671,66.19109082854212,66.53067779541016,206052
2023-02-23,66.68031767310812,67.14077911750411,66.191080132991,66.36375427246094,122037
2023-02-24,66.62275466985356,66.62275466985356,65.7881733225121,66.20258331298828,342489
2023-02-27,65.9608528115819,67.34223282470485,65.90329622588636,66.77241516113281,185963
2023-02-28,66.76667071008471,67.34800243462075,66.62277702320952,67.26166534423828,64829
2023-03-01,67.34224868937973,68.20561085206408,65.90331175157247,67.81997680664062,7090626
2023-03-02,68.26314866392127,68.49913636459085,66.85299260948841,68.26890563964844,403334
2023-03-03,68.43581889193051,69.15528712167898,66.82996527617769,69.07470703125,305389
2023-03-06,69.06320406742311,69.07471802005072,67.97536828228716,68.78117370605469,86320
2023-03-07,68.49339411850691,69.03443577978084,67.77392569289233,67.92357635498047,229725
2023-03-08,69.00565644766777,69.06897002149043,67.92357749819436,68.61426544189453,59323
2023-03-09,69.05745471160276,69.05745471160276,68.20560222006377,68.78693389892578,92853
2023-03-10,69.12076621332706,69.93232867864997,68.06171083333628,69.6100082397461,217295
2023-03-13,69.27041157534723,70.04743651189983,68.5048962001814,69.02867126464844,401882
2023-03-14,69.07108988893961,69.97385985720938,68.94991438727689,69.68303680419922,535852
2023-03-15,70.21621356612064,70.21621356612064,69.07108800323928,69.31950378417969,186203
2023-03-16,69.97384987779373,69.97384987779373,69.0710800382737,69.30131530761719,359862
2023-03-17,69.66485597711008,70.13138671007205,69.04078878262378,69.54973602294922,145970
2023-03-20,69.9799104978128,69.9799104978128,69.0710804913477,69.1619644165039,72027
2023-03-21,69.8587346205805,69.8587346205805,69.01655252245315,69.3740234375,34116
2023-03-22,69.6769716773934,69.79814717042153,69.25285282924615,69.54973602294922,237328
2023-03-23,69.54973602294922,69.54973602294922,69.54973602294922,69.54973602294922,0
2023-03-24,69.9799080476209,69.9799080476209,69.14378613506541,69.16802215576172,79834
2023-03-27,70.27679606951035,70.27679606951035,68.96202305805386,69.08319854736328,252204
2023-03-28,68.98020016246113,70.2525613133369,68.94990860086213,70.01626586914062,99294
2023-03-29,70.252556464376,70.252556464376,69.37402265531495,69.91326141357422,60340
2023-03-30,70.25257165947788,70.28286784808734,69.404333849006,69.88298034667969,24062
2023-03-31,69.28920431214425,70.14350216688952,69.1680288195367,69.67697143554688,590527
2023-04-03,69.67091127415188,70.13138646664827,69.19226022001922,69.67697143554688,191205
2023-04-04,69.68302638877866,69.94355783870641,69.37402289641122,69.67090606689453,178922
2023-04-05,69.37402289641122,69.67696622783659,69.0165519841525,69.67090606689453,431639
2023-04-06,69.14379279650545,70.28285814368206,69.14379279650545,69.67697143554688,684888
2023-04-07,69.67697664235135,70.10109552071995,69.61638889152,69.68303680419922,495069
2023-04-10,70.25861638281349,70.25861638281349,69.13166682791315,70.1556167602539,320465
2023-04-11,69.55579065625736,70.28285280173874,69.55579065625736,69.82843780517578,132135
2023-04-12,68.6530111490664,70.6160871179826,68.6530111490664,70.01020050048828,48041
2023-04-13,70.27679012758256,70.28285028830021,69.71331536709339,69.87690734863281,64106
2023-04-14,69.87690734863281,69.87690734863281,69.87690734863281,69.87690734863281,0
2023-04-17,69.98597420910663,70.28285739863205,69.8284423723478,70.17379760742188,78193
2023-04-18,70.27073640661588,70.42220807063704,69.46490604461174,70.21014404296875,431109
2023-04-19,70.42828053473764,71.03416733643284,70.28286899664464,70.88875579833984,220743
2023-04-20,71.49462601078058,72.31257207876712,71.12503477770065,71.87027740478516,1188804
2023-04-21,71.87027740478516,71.87027740478516,71.87027740478516,71.87027740478516,0
2023-04-24,71.87027740478516,71.87027740478516,71.87027740478516,71.87027740478516,0
2023-04-25,71.87027740478516,71.87027740478516,71.87027740478516,71.87027740478516,0
2023-04-26,71.94904325957695,73.00934494971808,71.50068841063086,72.06416320800781,178925
2023-04-27,72.06415207837708,73.37286470150768,71.34314556121826,72.70639038085938,844487
2023-04-28,73.30623233394665,73.30623233394665,72.49434635488704,72.73670196533203,234469
2023-05-01,72.73670196533203,72.73670196533203,72.73670196533203,72.73670196533203,0
2023-05-02,73.2759298236178,74.16052374040886,67.31400303665383,73.09416198730469,1243375
2023-05-03,73.85758765987495,74.20900304579614,73.00934537827328,73.34864044189453,1918828
2023-05-04,73.43346364401316,74.33623812393635,73.43346364401316,73.7606430053711,1506515
2023-05-05,73.91817738726799,74.52406408716362,73.61523403732016,73.9000015258789,912303
2023-05-08,73.89999063993078,75.19357423232562,72.96325635255324,73.5686264038086,804680
2023-05-09,74.17401014235948,74.17401014235948,73.09070984054935,73.19904327392578,565198
2023-05-10,73.0588542184211,73.5367795558355,72.93140454475251,73.19267272949219,365036
2023-05-11,73.37747375750706,74.04656633700347,72.96327081112847,73.28826141357422,344085
2023-05-12,73.28189297827322,73.8554044174014,73.15444815255961,73.54953002929688,230055
2023-05-15,73.5941278053038,73.91911839400393,73.218162209161,73.70246124267578,156819
2023-05-16,73.70245287852508,74.23772685873678,73.61323568678243,73.92548370361328,2896743
2023-05-17,74.23773357029097,74.23773357029097,73.72794461396636,73.76618194580078,411981
2023-05-18,73.91273573845166,74.20586265798562,73.18628970706156,73.25638580322266,305148
2023-05-19,73.60049595689684,73.66421835767818,73.14806059112946,73.56226348876953,246924
2023-05-22,73.50491168115957,73.60049771546925,72.64464709578783,73.13531494140625,188422
2023-05-23,73.15443583451159,73.2818806387655,72.33240372046312,72.75297546386719,187638
2023-05-24,73.15444498858506,73.33923851936481,72.65102968388491,73.1480712890625,34587
2023-05-25,73.2818817926703,73.40295776181337,73.03336101726656,73.29462432861328,1441261
2023-05-26,73.3774712894967,73.98284144035236,73.28188524943845,73.57501220703125,2309611
2023-05-29,73.79167168757597,73.91911649547126,72.70199767472782,73.38384246826172,1047180
2023-05-30,73.66421831137389,73.66421831137389,72.58092291364932,72.72111511230469,701900
2023-05-31,73.14805674468094,73.6642144840878,72.81032366276251,73.35834503173828,2742558
2023-06-01,73.67060283062203,73.67060283062203,72.96964659609704,73.1480712890625,411229
2023-06-02,73.78528666475283,73.78528666475283,72.96325465337546,73.12893676757812,98548
2023-06-05,73.65784234889654,73.91273680573501,73.00786610258048,73.82352447509766,185403
2023-06-06,73.48579032489398,73.60049258572964,73.16079977557504,73.25638580322266,151479
2023-06-07,73.03336402921049,73.90637605939372,72.96964162345219,73.24365234375,373912
2023-06-08,73.53677863283141,73.60687473704233,70.09571527429706,71.35106658935547,376631
2023-06-09,71.65692790974914,72.63826839511779,70.73294098569995,71.95642852783203,191762
2023-06-12,72.19221790496816,72.71474942736525,71.733408790335,72.6446533203125,185323
2023-06-13,72.77209813584035,73.24365464905114,72.51720850478466,72.6446533203125,536477
2023-06-14,72.32603497838618,73.21816325442593,72.32603497838618,72.65739440917969,96118
2023-06-15,72.35789335608784,73.9191140794624,72.35789335608784,73.23727416992188,296156
2023-06-16,73.7598043433396,73.7598043433396,72.51720051290803,72.72111511230469,190848
2023-06-19,73.3965925878166,73.3965925878166,72.45348438214164,72.6382827758789,702502
2023-06-20,73.14807390090408,73.14807390090408,71.94370231867538,72.4280014038086,125215
2023-06-21,71.94369204047501,72.77209300643153,71.84810600471256,71.92457580566406,245665
2023-06-22,73.17990863793482,73.17990863793482,71.05792431876657,71.37654113769531,129784
2023-06-23,71.8162501458981,71.8162501458981,70.10846330011869,70.3123779296875,409468
2023-06-26,70.66921840875875,73.5941187625437,70.31873792854806,73.28187561035156,862075
2023-06-27,73.28187829866171,73.28187829866171,71.70153652315666,72.94414520263672,654954
2023-06-28,72.94414520263672,72.94414520263672,72.94414520263672,72.94414520263672,0
2023-06-29,72.94414520263672,72.94414520263672,72.94414520263672,72.94414520263672,0
2023-06-30,72.94414520263672,72.94414520263672,72.94414520263672,72.94414520263672,0
2023-07-03,74.81124718514657,78.25231058976368,74.71566114524177,77.78075408935547,5948888
2023-07-04,77.74251619453534,77.74251619453534,76.11756821463865,76.2705078125,1257189
2023-07-05,76.46805963596377,77.04157105557515,75.64602741147216,75.83082580566406,629396
2023-07-06,76.46805622918201,78.124863141806,75.58867533276133,77.54498291015625,2732495
2023-07-07,76.97783649348395,77.74251502445128,76.88225046168616,77.07341766357422,273934
2023-07-10,77.07343514155943,78.79396951896373,76.46806490573911,78.46897888183594,2003954
2023-07-11,79.01697230042612,81.31101245938744,78.69835547663408,80.32330322265625,2212393
2023-07-12,80.32331964721114,82.8403911251776,80.32331964721114,82.11394500732422,3574960
2023-07-13,83.89183371638431,83.95556099170308,81.5659340185047,82.22865295410156,1288533
2023-07-14,81.24731241270553,83.09528660958871,81.24731241270553,82.20316314697266,335586
2023-07-17,82.20316059444157,82.77666712782703,81.24730988985505,81.67425537109375,223404
2023-07-18,82.48353762644882,83.47762071432332,81.56591947659072,83.3055648803711,1580303
2023-07-19,83.4138905261453,88.41617914554767,83.38840545550502,87.88090515136719,2554124
2023-07-20,87.94462169531079,88.57548657494297,86.02655170947698,86.44712829589844,621230
2023-07-21,88.06571594610557,89.59508301704349,86.12215076287728,89.05979919433594,1564497
2023-07-24,89.05342609164082,92.39890363712286,88.89411763709406,91.838134765625,1259937
2023-07-25,91.75529846304066,94.93508890554101,91.12443349991909,92.89594268798828,1455455
2023-07-26,93.19543436278185,94.5336291045366,93.19543436278185,94.15765380859375,680565
2023-07-27,94.15765380859375,94.15765380859375,94.15765380859375,94.15765380859375,0
2023-07-28,94.15765380859375,94.15765380859375,94.15765380859375,94.15765380859375,0
2023-07-31,94.34884511991784,95.90369731654411,93.54593394513975,93.92826843261719,1315900
2023-08-01,94.88410688015357,95.45762312180935,93.03613278945541,93.94737243652344,635945
2023-08-02,93.8326709377755,96.85316245345165,92.4626222463864,95.4066390991211,2467706
2023-08-03,95.903684385454,97.81538573533015,95.27281943956515,95.63604736328125,1486628
2023-08-04,95.52132856319741,96.85952323408685,93.97285532610205,94.18314361572266,465014
2023-08-07,93.81992389454894,96.70022321636709,92.33516806484526,92.80672454833984,1078695
2023-08-08,93.3228804435785,93.67336094963777,91.12442595781089,93.25916290283203,904091
2023-08-09,93.66061801779212,95.585066750934,93.06799527117592,95.01792907714844,897962
2023-08-10,96.1211472908025,96.1211472908025,90.63176340054177,93.25276184082031,1392701
2023-08-11,94.27576458310999,100.24655810956992,94.27576458310999,97.45172119140625,4390756
2023-08-14,97.45172119140625,97.45172119140625,97.45172119140625,97.45172119140625,0
2023-08-15,97.15084360906418,97.5453284043048,95.6130099401819,95.9005126953125,121052
2023-08-16,96.8766977141435,96.8766977141435,94.28243957524478,96.24150848388672,335043
2023-08-17,93.94144775945715,96.11447057239833,93.94144775945715,94.50978088378906,431985
2023-08-18,94.77722559638201,94.9443811970811,93.27282519009023,93.7742919921875,128602
2023-08-21,94.2088894907808,94.23564009937203,91.01956807610851,91.54777526855469,203509
2023-08-22,91.03963476434052,92.26989761733647,90.93265272433159,91.40737915039062,995011
2023-08-23,91.03294213082674,91.58789998644242,87.42238499588314,89.89628601074219,3422066
2023-08-24,91.26028002120601,93.90133660463142,91.26028002120601,93.5335922241211,5534190
2023-08-25,93.54027114216535,94.2690773233648,92.76467689983369,93.37311553955078,762789
2023-08-28,92.93850310452346,93.60712542901643,92.71117396276394,93.0989761352539,345279
2023-08-29,93.43998241926829,93.43998241926829,90.93264836508398,92.5573959350586,183047
2023-08-30,93.19928058328436,93.59376537042084,92.27657836043683,93.20596313476562,4806067
2023-08-31,91.9355766189917,93.87457742673605,86.2188532687554,86.4261245727539,3354645
2023-09-01,87.54941397841121,88.12442961957134,85.11562898143826,87.25521850585938,316942
2023-09-04,88.21804226845076,88.24478267576647,86.75375756048447,86.98108673095703,80576
2023-09-05,86.25895854970948,87.58952058875705,86.25895854970948,86.55315399169922,88497
2023-09-06,86.63341332644548,87.52267218204928,85.9179824277699,87.22179412841797,101952
2023-09-07,87.58952451378335,87.92383567604969,86.25227986471795,87.16828918457031,430503
2023-09-08,86.28571920642604,88.87328452308824,86.28571920642604,88.3651351928711,726128
2023-09-11,87.62297574648446,88.92010495604521,86.92092012042261,87.42906951904297,649275
2023-09-12,87.58284108678083,87.58284108678083,84.58072320682484,85.34963989257812,2165322
2023-09-13,85.59034613485574,85.59034613485574,83.9254778575299,84.19961547851562,386819
2023-09-14,83.91880112489072,84.9016768956969,83.91880112489072,84.6810302734375,148944
2023-09-15,83.7115185883294,86.64008783035668,83.24348497033519,84.04582977294922,27208683
2023-09-18,84.79469179545633,85.75082202283826,84.25979183983051,85.02202606201172,1091915
2023-09-19,84.34671300198183,86.17873686758598,84.08595068575723,84.41357421875,1252869
2023-09-20,84.90167841175546,84.90167841175546,83.87868180879033,84.60748291015625,416907
2023-09-21,84.7010809823766,86.62002899684038,84.25310522433136,86.43281555175781,1092615
2023-09-22,86.57321480013452,87.2217792642007,85.0487567326546,86.79386138916016,721236
2023-09-25,87.0880702034018,87.62297017986567,85.61710291990249,86.539794921875,1793427
2023-09-26,86.57322444711464,87.57615803497119,86.18542223552593,87.41569519042969,505460
2023-09-27,87.57615668892181,87.91046787973562,86.3258361000359,86.71363830566406,811342
2023-09-28,86.71363830566406,86.71363830566406,86.71363830566406,86.71363830566406,0
2023-09-29,86.71363830566406,86.71363830566406,86.71363830566406,86.71363830566406,0
2023-10-02,86.88748829603891,86.92092146015129,85.85781417701499,86.53311920166016,475798
2023-10-03,86.91422708308104,88.25815439764732,86.58659844314643,87.94390106201172,423583
2023-10-04,87.92383868476529,92.2698839429476,87.91046338115417,91.7884750366211,1285269
2023-10-05,91.73498005275235,92.53732479443546,91.03292457789203,91.94894409179688,200214
2023-10-06,92.26320413696364,92.52396645211701,90.9393245039994,91.29369354248047,258078
2023-10-09,91.92889626408724,92.93851240222294,90.47129414564115,92.72454833984375,368256
2023-10-10,92.93850781085179,93.8745750315968,92.26988545250033,93.33299255371094,523667
2023-10-11,93.27281801557925,94.14202911282874,93.1390955857795,93.34636688232422,204096
2023-10-12,93.94144581394796,94.59669289961708,93.27950597486196,93.50015258789062,273345
2023-10-13,94.02165895076003,95.60630064481022,93.53356755754818,95.28535461425781,482187
2023-10-16,96.61594286957651,96.94357153901123,92.93851943855456,96.2615737915039,547339
2023-10-17,96.6159414218715,96.76972172456487,94.55658310707263,95.1048583984375,166280
2023-10-18,95.78015616004451,96.28162294622277,94.67693331139954,95.90719604492188,256392
2023-10-19,96.10779613130495,97.61887921896482,95.67987816474124,97.27788543701172,343946
2023-10-20,97.61887030556156,98.95611510426788,96.01418062806124,98.64854431152344,312519
2023-10-23,98.78227411318001,99.95904582935545,98.6218010690965,98.77558135986328,395352
2023-10-24,99.45758846575625,99.45758846575625,96.88338797745972,98.20726776123047,239864
2023-10-25,98.20726843906336,101.62392955685787,98.20726843906336,98.60175323486328,883655
2023-10-26,99.22356995078636,100.32680314196772,98.8491430019136,99.7049789428711,808708
2023-10-27,99.75846589545841,100.2398748679071,98.95612100883352,99.4977035522461,409038
2023-10-30,99.32387007172117,100.7948374669171,99.29043690770938,100.38029479980469,679575
2023-10-31,100.88841950387292,102.94777743389528,100.88841950387292,101.72419738769531,1330493
2023-11-01,101.96490280295498,102.68701612577796,101.63059164622398,101.71082305908203,418499
2023-11-02,101.95823018926292,102.29922392950886,100.30003934456995,100.69453430175781,489144
2023-11-03,100.97699560720461,100.97699560720461,99.56472993437657,100.32029724121094,296717
2023-11-06,100.32027605057857,102.37511398170403,100.32027605057857,101.01934051513672,394928
2023-11-07,101.69724756274398,102.95416306857243,100.62392270364698,101.10408782958984,664927
2023-11-08,101.66899998637047,103.09539129379858,100.30616882127572,101.16058349609375,3814912
2023-11-09,101.16058349609375,101.16058349609375,101.16058349609375,101.16058349609375,0
2023-11-10,101.67605245448458,104.95956523519924,101.33710099700343,104.52882385253906,3327348
2023-11-13,104.13339163969209,110.1355196766526,104.13339163969209,108.94921112060547,789323
2023-11-14,109.66241096767817,109.66241096767817,107.33217089204952,107.90413665771484,1183880
2023-11-15,107.90413845472845,107.90413845472845,105.21377453454687,105.79280853271484,581773
2023-11-16,105.22083910073557,105.91991441477622,104.33111569855457,105.84223937988281,754597
2023-11-17,106.08939754407281,106.97912100820798,105.22084642758554,105.84930419921875,677037
2023-11-20,105.21378897836958,105.99053938139113,104.61357177833186,105.84930419921875,317411
2023-11-21,105.28440725948367,106.12469626041938,105.28440725948367,105.75751495361328,441722
2023-11-22,105.91286196310494,107.6146338128645,105.37619414225523,106.97206115722656,1222354
2023-11-23,106.02584191754772,109.80365693218118,106.02584191754772,108.5326156616211,650575
2023-11-24,110.14965196108284,112.275107667585,108.03831115182709,111.0746841430664,788577
2023-11-27,111.56898164569631,117.2180440075037,110.86990629951934,115.73516082763672,937512
2023-11-28,117.21098300689309,123.5732354201954,116.86497406881335,121.85733795166016,1806815
2023-11-29,123.21309763647159,124.27935412534883,118.70796760151414,122.78235626220703,1940586
2023-11-30,124.63241122341014,124.63241122341014,117.28863606178071,118.45375061035156,1823395
2023-12-01,118.45377091652384,119.90134523468238,117.60641375641887,119.58358764648438,523438
2023-12-04,120.04254764076106,120.07785642736589,118.63733982182858,119.15282440185547,333724
2023-12-05,119.99313482798522,120.39563567336816,118.70092135794623,119.73893737792969,831451
2023-12-06,121.10176592629351,121.10176592629351,119.6895004344417,120.720458984375,481154
2023-12-07,121.31360554269669,126.04469269332645,120.72045663360457,124.5406265258789,1355456
2023-12-08,124.98550447277265,133.88278198242188,124.6465637487543,133.88278198242188,2588728
2023-12-11,134.94903891942533,143.92399148715043,132.12450773867212,135.27386474609375,2213202
2023-12-12,136.63669785844263,136.63669785844263,129.99905379691734,131.47486877441406,624853
2023-12-13,131.34068742225023,133.45908560648007,128.51615650994376,129.42706298828125,829624
2023-12-14,127.89475631028924,132.03976275250258,127.20980670181426,130.9381866455078,562452
2023-12-15,132.0044598082666,134.15816688006922,129.29291259724175,133.33905029296875,732140
2023-12-18,134.0946128101087,134.0946128101087,130.28150004549883,130.83934020996094,144423
2023-12-19,127.81710388723876,130.01317749182456,121.0241092869221,122.3728256225586,881801
2023-12-20,120.04963197153992,123.5379296845634,117.92417614860311,121.9703140258789,1926350
2023-12-21,120.75575817875882,123.14954777978804,118.59499367912387,120.1767349243164,1120340
2023-12-22,121.41953307592053,121.41953307592053,117.92417786306926,118.46790313720703,547691
2023-12-25,118.46790313720703,118.46790313720703,118.46790313720703,118.46790313720703,0
2023-12-26,117.91712725876882,119.83074122826895,114.39352049546783,118.74330139160156,939531
2023-12-27,118.6303016303618,121.101766247661,116.58252097163472,120.34619903564453,689702
2023-12-28,120.92523835233112,124.18756834200998,120.74870515765619,123.01539611816406,733636
2023-12-29,124.25818880851695,124.25818880851695,120.78401674979426,121.84321594238281,308816
2024-01-01,120.92521908039618,127.10387990932153,120.92521908039618,126.44718170166016,317535
2024-01-02,127.06152661789648,128.11365750183984,125.55040298934902,125.80461120605469,293301
2024-01-03,125.69163720275256,127.10390278930034,124.35704665445417,124.97844696044922,445499
2024-01-04,126.08002437255135,126.08002437255135,123.7709669022431,124.76661682128906,73947
2024-01-05,123.67915400519118,125.55041236574776,123.22017200103971,125.06317901611328,334883
2024-01-08,125.5151067614434,125.55041555682894,123.57324153728605,123.7003402709961,137216
2024-01-09,124.41353058954503,124.9854963914473,122.51403177353733,123.58735656738281,387254
2024-01-10,123.63677923860764,124.10988688288622,122.88122280735787,123.8344955444336,129254
2024-01-11,123.57321130831596,124.27934394436348,122.86707867226843,123.69325256347656,156553
2024-01-12,123.71445061271154,126.04469074787032,122.5140271414874,123.84861755371094,342848
2024-01-15,123.92631427908611,125.55042197729121,123.92631427908611,124.42767333984375,149221
2024-01-16,125.16204101562501,125.19734981119633,122.52110041797162,123.5732421875,156158
2024-01-17,122.88119964726042,124.98547180536461,122.88119964726042,124.2510986328125,199819
2024-01-18,124.83721649347456,125.51510874148352,122.23865288802563,124.49827575683594,258712
2024-01-19,125.59981610635421,126.24239942987509,124.35702647080524,125.35973358154297,160238
2024-01-22,125.6209908555746,126.25651668887129,124.42056753676381,125.78340911865234,317787
2024-01-23,126.52486599334979,127.10390004319528,125.12672610979935,125.81873321533203,1285313
2024-01-24,125.91760219206213,126.73670802605373,124.98550175288158,125.85404205322266,173479
2024-01-25,126.39071080938724,127.11802671448176,125.4797934847376,125.53628540039062,387122
2024-01-26,126.32715843124724,126.39071857446883,124.43472762689575,125.6069107055664,1499028
2024-01-29,126.31303961689916,126.31303961689916,123.29079207322442,124.04634857177734,381346
2024-01-30,125.51506380461421,127.07562151881768,124.27933181216372,125.83988952636719,759027
2024-01-31,125.02080940751115,127.1038989294645,125.02080940751115,126.43307495117188,287765
2024-02-01,127.80296414670168,127.81002159495877,125.34561453723599,127.26629638671875,176938
2024-02-02,127.26630101719464,130.42271523451078,127.26630101719464,129.9566650390625,195987
2024-02-06,129.92842908149825,133.46615036399896,129.22229631475096,131.1712188720703,1607305
2024-02-07,131.37599247386464,131.94090079519137,130.64867664662785,131.06529235839844,305260
2024-02-08,131.06529235839844,131.06529235839844,131.06529235839844,131.06529235839844,0
2024-02-09,131.31244221708602,134.16521359689676,127.17450414568728,129.75894165039062,156627
2024-02-12,127.8453386278336,130.6345608808847,127.81708728352358,128.61502075195312,352317
2024-02-13,129.92842342698944,131.23477329851167,125.76930204284297,130.3874053955078,191116
2024-02-14,130.28147615295464,131.69374147710593,128.5514532858152,131.38304138183594,66268
2024-02-15,131.41132045427224,132.66116777209982,129.99905483208653,131.00881958007812,451644
2024-02-16,130.91702086465426,132.18806209896513,130.6345720457993,131.62315368652344,918448
2024-02-19,129.299966826912,132.7529555045245,129.22229179429777,131.5030975341797,699953
2024-02-20,132.0609520087703,132.5764259074913,129.92842805314726,130.09083557128906,215374
2024-02-21,131.65844556233907,132.75295345052083,130.28854634000982,132.39988708496094,323214
2024-02-22,133.035405790395,133.2825565627878,130.63455875028208,132.49874877929688,916771
2024-02-23,132.7388201333144,135.93054291105943,132.0468131136006,135.42918395996094,277694
2024-02-26,134.8713674905293,138.402031560962,134.8713674905293,136.62257385253906,176305
2024-02-27,136.9897325974346,137.90063896506254,135.23145843931766,136.35421752929688,440567
2024-02-28,134.2711483868047,140.16736161080416,134.2711483868047,138.83982849121094,1383363
2024-02-29,139.80014434906963,141.22653537326389,138.380821547471,139.81427001953125,868142
2024-03-01,140.5203985462668,141.93266385828957,140.17438966591868,141.43130493164062,195687
2024-03-04,141.22656532481676,142.9848399420142,140.16736608488063,141.63612365722656,3220381
2024-03-05,142.28573294920977,143.3449319537945,141.2265339446251,142.10214233398438,144888
2024-03-06,141.94681763382275,145.11028954219742,141.94681763382275,144.0299072265625,559949
2024-03-07,143.48615959214902,145.30092576643085,141.9326698384158,142.35635375976562,4087394
2024-03-08,144.67248508524375,144.67248508524375,141.22655372640557,141.8055877685547,174300
2024-03-11,142.61763210112412,142.61763210112412,138.4020187298735,140.24502563476562,515982
2024-03-12,141.2124236235258,141.2124236235258,139.49652622145766,140.3297576904297,1048818
2024-03-13,140.5204169757389,141.36777411913894,139.46827530138938,140.24502563476562,215985
2024-03-14,139.7864386452684,141.93881127649672,139.05418118134838,139.74205017089844,344691
2024-03-15,140.15626269783198,140.5334800813479,137.58227293662137,139.72726440429688,217322
2024-03-18,139.7937990199103,140.16362388504234,137.50088034162798,138.10000610351562,59655
2024-03-19,139.79382662394278,143.12225106737,138.3145268713085,142.36041259765625,791088
2024-03-20,142.02018869123646,144.231746195926,142.01279625445022,143.1592559814453,139079
2024-03-21,143.93590299021756,145.71105858028332,139.0542081882907,144.63116455078125,313177
2024-03-22,144.78646175964707,144.97137422677304,142.7524246212612,144.128173828125,309789
2024-03-26,144.80125553488878,144.80125553488878,143.151828229225,143.3663330078125,41927
2024-03-27,143.0556913813988,147.04240393313705,143.0556913813988,145.80718994140625,414428
2024-03-28,145.71103343058613,148.15188041025982,145.71103343058613,147.95956420898438,602903
2024-03-29,148.6622653554128,150.84423071255168,147.86344195920148,150.3412628173828,239673
2024-04-01,150.148924684083,151.6282244346651,150.148924684083,150.85899353027344,157131
2024-04-02,150.88859845948514,152.6711576499651,150.88859845948514,152.219970703125,64276
2024-04-03,151.70961948770602,152.68595166740093,150.89599993282368,151.68003845214844,99896
2024-04-04,148.66961248009952,153.69923346800164,148.66961248009952,153.18887329101562,142213
2024-04-08,151.6356379378363,160.87387022674972,151.6356379378363,159.91232299804688,332836
2024-04-09,160.43006510260025,164.20228425536405,154.96405257815871,158.2998809814453,747931
2024-04-15,153.92112048044697,157.90783225897007,151.29536155969154,153.26283264160156,370465
2024-04-16,153.1445166999966,155.2525121797453,152.51580975966195,153.71405029296875,307624
2024-04-17,153.69927288034773,155.68893319420016,151.63564305173006,153.3738250732422,305944
2024-04-18,153.16670167115197,156.43595285399775,153.16670167115197,155.95518493652344,571132
2024-04-19,158.1963386033279,158.1963386033279,153.1223393766642,157.13124084472656,275873
2024-04-22,157.47146584014868,158.75846078347254,156.06613548531453,157.02027893066406,569952
2024-04-23,156.07352014745814,158.43300511627618,156.0661277115327,157.8560791015625,468625
2024-04-24,157.85609227701505,160.49664803765836,157.39751291580367,157.9374542236328,1047692
2024-04-25,159.0247373139001,160.50403719588985,157.47887164589977,158.3368682861328,459644
2024-04-26,160.4818415588934,161.23628762572991,157.40489523068666,157.61940002441406,453335
2024-04-29,159.0247291259571,159.0247291259571,155.21553664042798,156.14749145507812,547277
2024-04-30,158.2480884695119,158.65489815791835,153.48474146961422,153.93592834472656,788529
2024-05-02,151.88711135442097,155.2303207736321,151.88711135442097,154.00990295410156,695094
2024-05-03,154.61288143687935,157.70513906561692,150.74755940095736,157.08668518066406,790334
2024-05-06,157.31089448267178,159.44454819006336,154.69793277881604,159.16624450683594,510166
2024-05-07,159.32858202716938,159.90064214975718,158.59416138974947,158.8802032470703,1130463
2024-05-08,158.71014501616926,159.01936609933026,156.66925519763345,157.21812438964844,1140064
2024-05-09,157.19493880507443,158.32361820988754,156.93209969574417,157.712890625,299968
2024-05-10,159.05028881723229,159.05028881723229,156.93208791603212,157.0944366455078,432199
2024-05-13,157.68195362131573,158.42408887253188,156.94754476787344,157.69741821289062,417144
2024-05-14,157.69743442049162,162.3203569102408,157.32635496071813,161.42359924316406,413194
2024-05-15,161.50089602261045,164.74003793425635,160.7974045466722,164.1138458251953,417165
2024-05-16,164.66272110647404,168.14151098900518,163.88965668813378,167.8863983154297,257407
2024-05-17,167.75499200320436,167.9096025398543,164.97195515939447,167.27569580078125,165726
2024-05-20,166.9819290815408,167.2756973611354,161.26125659993622,163.87420654296875,500372
2024-05-21,164.64727584353693,166.20886945479077,160.22534590784812,164.65501403808594,261924
2024-05-22,165.43581257479647,166.12383954777573,160.79742530634422,161.7792205810547,189820
2024-05-23,161.9647330771103,163.03929221998885,158.09168432386338,158.8029022216797,864106
2024-05-24,160.72009199665,164.27619313107473,158.88020665488048,162.83056640625,1565614
2024-05-27,163.85102344187888,164.64727895762155,158.55553853205825,159.7924346923828,366234
2024-05-28,159.7924346923828,159.7924346923828,159.7924346923828,159.7924346923828,0
2024-05-29,159.88519232841952,161.57046713694146,156.24405364431593,158.1148681640625,326987
2024-05-30,158.20763234596473,160.3335595481491,155.81886606619318,156.40640258789062,657317
2024-05-31,156.93207914540812,161.64777688247406,155.58694279187776,160.8979034423828,671117
2024-06-03,160.91337759897937,163.88968076525032,158.86476130782518,159.36724853515625,163638
2024-06-04,159.3672400552761,160.61961255163396,156.7774810887898,157.89842224121094,361996
2024-06-05,158.47822091851398,159.24355901244664,155.77249519551495,157.19493103027344,151942
2024-06-06,156.24406533523117,157.70515675687284,155.6951843543054,155.98895263671875,301423
2024-06-07,156.92435860256242,156.92435860256242,149.20144041926477,154.1799774169922,699289
2024-06-10,154.17999229743728,156.15903561389234,153.4533097492952,154.14906311035156,167872
2024-06-11,154.03308385937817,154.03308385937817,151.5206245241562,152.1468048095703,200580
2024-06-12,153.0281179288277,155.30865588207314,150.78623556042268,152.92762756347656,356711
2024-06-13,154.6128989693724,165.92283630371094,154.6128989693724,165.92283630371094,1630443
2024-06-14,166.9741970463346,177.03176142944633,166.20885898397802,173.367431640625,819530
2024-06-20,173.47566076218564,188.10205078125,173.3674322092171,188.10205078125,1830228
2024-06-21,189.40080160731964,197.36336827899626,189.01426935914145,189.65591430664062,1769890
2024-06-24,189.40079017401345,195.00550743426487,184.07437658749146,190.5758514404297,416046
2024-06-25,185.69006390874853,192.95687624414444,185.5354533901287,186.22348022460938,74166
2024-06-26,186.22349343042666,189.39306236901814,184.62325616539164,185.61277770996094,573110
2024-06-27,187.8314790711947,190.15839892703983,179.52103584828342,183.17762756347656,141738
2024-06-28,182.09535342594646,183.13125707093198,173.55298796214515,175.50111389160156,1459298
2024-07-01,176.25099174040213,180.43326200846383,176.06545200105344,177.37193298339844,512174
2024-07-02,178.56244277370584,179.24274333840557,177.4183105661888,177.8589630126953,504332
2024-07-03,179.24273270174345,181.67015472279414,178.2145555169379,178.91030883789062,364787
2024-07-04,178.57788862157764,180.12401752739217,177.61155805544357,177.9748992919922,339610
2024-07-05,179.14221916752473,179.73748208851194,175.14547743295077,176.38238525390625,719151
2024-07-08,176.64525265090043,177.41831721392407,173.9395266803177,174.6198272705078,379690
2024-07-09,176.25872112740976,177.03178569375802,172.4165892889764,173.2128448486328,456510
2024-07-10,175.33104097016863,175.33104097016863,170.53030496080623,170.89364624023438,273743
2024-07-11,170.83951396712442,172.3083316771902,168.62854920820797,169.308837890625,656831
2024-07-12,170.8395175274814,171.60484378565366,167.75498611682795,170.42979431152344,773155
2024-07-15,173.16643739463524,178.50057739954119,170.84724403667138,177.3564453125,2053735
2024-07-16,177.3564453125,177.3564453125,177.3564453125,177.3564453125,0
2024-07-17,177.3564453125,177.3564453125,177.3564453125,177.3564453125,0
2024-07-18,177.80482696065198,180.87389383056805,177.03176249560568,180.15493774414062,527004
2024-07-19,180.15492073273424,180.15492073273424,176.2586813870614,177.1322479248047,428591
2024-07-22,175.48561956216244,178.42326665412645,173.56068495123256,174.00906372070312,343597
2024-07-23,173.94722948393493,176.2509700623905,173.94722948393493,175.3928680419922,299486
2024-07-24,176.25097792701396,178.56243321059486,175.4856398327153,176.52928161621094,257161
2024-07-25,177.10133928708558,178.42328474108572,172.84948463760404,173.52978515625,93940
2024-07-26,175.09138281417347,175.4856414625191,173.2437591314092,173.74624633789062,91587
2024-07-29,171.62029545838394,176.64521401910238,171.62029545838394,175.7252655029297,298252
2024-07-30,177.40283370894022,177.79710414351237,174.34150497147527,176.47515869140625,133032
2024-07-31,177.02404614337274,178.34597984784423,174.71257901514204,176.2123260498047,260236
2024-08-01,177.79709825704967,177.80482465503002,174.3260346074316,175.4469757080078,201670
2024-08-02,176.86942449093786,176.86942449093786,173.9008595962284,174.3028564453125,130111
2024-08-05,176.25870245856208,176.25870245856208,171.04051718840728,171.6203155517578,407463
2024-08-06,173.05047343241426,173.16642837586238,170.84723513868565,171.1719207763672,413004
2024-08-07,172.77218345376008,173.29013523555574,170.73129371526971,170.97866821289062,335041
2024-08-08,171.59710396177354,174.68936152843733,171.24148915135552,172.24647521972656,801534
2024-08-09,173.9240428235042,176.2509744499486,172.39337846113173,174.9058380126953,214356
2024-08-12,177.03176263867593,177.78163611405907,174.7125692416627,176.088623046875,237849
2024-08-13,177.01631614469088,177.02405433959643,174.75124269078592,176.14276123046875,79688
2024-08-15,177.02404243346302,180.89709129539696,175.57840381078623,178.7711639404297,777507
2024-08-16,179.77661937628073,179.77661937628073,174.14603174480885,175.23997497558594,1233576
2024-08-19,174.54821932345772,176.156958672061,171.3307406262511,173.55079650878906,171191
2024-08-20,172.28793614163962,174.5482128791853,171.33073430076712,172.06271362304688,85950
2024-08-21,172.93948822925572,173.38189402597908,171.3307488038673,171.5640106201172,364263
2024-08-22,170.92854784526352,173.74384157447963,170.92854784526352,173.56687927246094,228906
2024-08-23,173.58296521362067,174.85387067700773,172.93946706746559,173.7840576171875,285812
2024-08-26,173.84035591685492,174.13798101821502,172.13509627387725,172.50511169433594,279960
2024-08-27,172.53731041937297,172.93145601322496,171.3307558010557,171.73294067382812,79547
2024-08-28,173.1325305421495,173.34166223582525,169.76221969312155,170.56658935546875,197759
2024-08-29,172.13510266023144,172.13510266023144,168.9176241058346,171.29051208496094,257775
2024-08-30,169.73005106065554,173.10036216836525,169.73005106065554,172.37643432617188,279037
2024-09-02,172.39250059830192,173.7438356508742,171.4192079703825,172.35227966308594,72778
2024-09-03,171.97425111309735,172.85905045385002,170.44594125845683,170.64703369140625,157357
2024-09-04,172.08685251064276,173.32557642610453,170.92855819952106,172.89926147460938,127736
2024-09-05,171.60423012357117,176.92111437090745,171.01704367485934,174.6045379638672,321410
2024-09-06,176.14087510444458,176.92111470258402,173.10035859211663,176.1167449951172,232402
2024-09-09,176.1167230620079,176.96131360440654,174.19428019152647,176.02020263671875,198933
2024-09-10,176.7200066077878,178.74702152752795,175.35258068107123,178.39309692382812,361447
2024-09-11,179.12508566643697,179.12508566643697,174.1460353927989,174.628662109375,242357
2024-09-12,175.71456793108814,175.71456793108814,173.14058720782722,174.5884552001953,97561
2024-09-13,175.34457008604883,176.11675818979302,173.26124305960897,173.71170043945312,211815
2024-09-16,173.7357965676536,174.46776358509595,172.13509662443423,174.17015075683594,77922
2024-09-17,174.17015075683594,174.17015075683594,174.17015075683594,174.17015075683594,0
2024-09-18,174.70908138592475,179.3663884223563,172.939470652593,177.11415100097656,478866
2024-09-19,177.77373737520026,186.0104872621202,175.52955138336628,182.817138671875,532435
2024-09-20,182.58388446399593,191.35954865153374,182.58388446399593,190.40235900878906,1395293
2024-09-23,189.8312450155028,192.9602425885812,188.1822847121097,191.6652069091797,493960
2024-09-24,191.43999075121891,192.8878586822302,185.80940278794776,187.69967651367188,401001
2024-09-25,189.01883782652837,197.07057400297228,185.817437624023,196.72470092773438,464142
2024-09-26,197.07057171237372,199.08149591352037,194.67355350124492,196.49142456054688,299591
2024-09-27,194.4161234068775,198.30122991866142,192.24432801376437,193.877197265625,134996
2024-09-30,194.65746455029034,194.65746455029034,188.22250704449564,193.37046813964844,294131
2024-10-01,191.4802049940161,194.60920256178565,191.43998405522944,193.0567626953125,380916
2024-10-02,193.45093572943156,196.2581907329802,191.44805052101572,195.4779510498047,159320
2024-10-03,193.54742102554803,196.1777132145621,193.45090059524884,194.23114013671875,186663
2024-10-04,195.38138838215966,197.04643949426242,193.85309091513315,196.48338317871094,147866
2024-10-07,196.99014329945166,199.44347344728126,194.67356680750976,197.99560546875,258004
2024-10-08,197.48081166359418,200.6098094804927,197.07058751220578,199.8939208984375,222389
2024-10-09,199.8939208984375,199.8939208984375,199.8939208984375,199.8939208984375,0
2024-10-10,205.83819561174846,209.13611619976615,204.30989813361768,205.25904846191406,143058
2024-10-11,204.39032378271034,208.05019570665436,204.39032378271034,207.0608367919922,111653
2024-10-14,208.32368799273738,210.66440662211141,207.52736989366662,207.66412353515625,55102
2024-10-15,206.76320530625597,210.46331054476417,206.73104819492372,208.6293487548828,38046
2024-10-16,210.57595824501504,210.58398525006277,205.51646577592422,206.3369140625,69975
2024-10-17,205.51644985920555,206.72300435935745,199.48367735844607,200.96371459960938,236926
2024-10-18,202.2909186469915,202.2909186469915,198.67929466153302,199.00103759765625,99306
2024-10-21,200.2880409131003,201.61524591328276,197.07056234421515,198.43798828125,135113
2024-10-22,201.04416260548152,201.04416260548152,197.89103488845916,198.96888732910156,33676
2024-10-23,200.92349377995413,200.92349377995413,193.4589442498447,194.4724578857422,393955
2024-10-24,194.65747265807966,200.15935860900655,193.20960470422838,199.4113006591797,802288
2024-10-25,199.87783684807414,208.33175821663116,199.56413314711327,206.9804229736328,425938
2024-10-28,206.7230041512061,213.149909927038,206.7230041512061,209.4498291015625,196272
2024-10-29,211.0022389798737,213.14989206141948,209.99677698170117,210.80917358398438,411640
2024-10-30,211.54922783948197,213.64059393673168,210.73680659983063,211.9031524658203,803870
2024-10-31,211.53670297157927,211.53670297157927,201.54284298867,203.31675720214844,548000
2024-11-01,204.8574798662902,210.70389180581984,199.87720961816902,208.2470703125,347807
2024-11-04,209.03824451866006,209.03824451866006,200.80163849992408,202.96697998046875,264310
2024-11-05,202.8337307502593,205.05736319910983,198.30317859811476,204.44107055664062,734005
2024-11-06,204.86579311637098,209.4879429013317,203.20847353200145,205.3488311767578,405677
2024-11-07,205.7069459501603,210.69555216968848,205.5820277867718,206.02342224121094,269083
2024-11-08,207.34762138856308,207.34762138856308,202.37567478162111,204.024658203125,268697
2024-11-11,204.1412417029466,206.53977215578382,202.79207467715065,203.7914581298828,211746
2024-11-12,204.86580491643176,204.86580491643176,199.88552223516135,203.7165069580078,207338
2024-11-13,203.20847598913687,204.04129761204317,200.96818379026303,201.90093994140625,116291
2024-11-14,203.57492747565826,209.76278627540364,201.54284060326194,206.13168334960938,369539
2024-11-15,208.18876106626337,209.91270805239301,206.53977768968096,207.3975830078125,634777
2024-11-18,208.90497938110258,209.16315205903143,205.01570380529225,205.69862365722656,226697
2024-11-19,208.18877264848567,208.2054326412953,204.87414571903457,206.3565673828125,652301
2024-11-20,204.97407425814316,208.12213929086988,201.84266921773823,203.2667999267578,712831
2024-11-21,203.2084966142331,205.70696173653923,201.54285319936233,204.765869140625,588491
2024-11-22,204.87413384037743,223.18787450064548,204.0413121580995,218.46578979492188,4468300
2024-11-25,215.00122940447216,234.90566075561608,215.00122940447216,221.43894958496094,1686740
2024-11-26,224.02902556081597,243.58368720179865,213.20234402813713,222.16351318359375,2609931
2024-11-27,229.10924062325486,241.43499085680668,229.0259533752512,232.6820526123047,1033683
2024-11-28,234.85572117136633,237.56239171678104,220.69775216458186,223.03797912597656,605361
2024-11-29,224.85350934398718,226.94389982031012,219.8649157892179,225.9112091064453,385494
2024-12-02,226.52744473080307,231.52437365868843,226.52744473080307,228.9676055908203,452878
2024-12-03,230.69160168224158,232.73202493199278,227.36865136504133,231.28289794921875,480688
2024-12-04,231.8492165197834,232.77363629264482,228.18478116150882,228.80108642578125,232403
2024-12-05,231.3162063710279,239.85262802828456,227.3603036518114,239.15306091308594,2541753
2024-12-06,241.51829151739744,246.01552358665015,237.39581396142347,239.06979370117188,720145
2024-12-09,241.51827157249332,241.51827157249332,226.31094054666366,228.23475646972656,1045046
2024-12-10,228.23475776341834,230.69159174065445,216.62522219635474,220.3229522705078,1065009
2024-12-11,220.36461250262204,224.57035164650236,217.03332592031694,219.9981689453125,440486
2024-12-12,220.00652608492265,224.86186555454336,215.32604664530135,220.12310791015625,841408
2024-12-13,217.79118712351428,224.43708729792502,209.03822387906075,218.77391052246094,1193288
2024-12-16,214.9262920703028,220.68940372938542,212.37784711404163,215.5259246826172,530611
2024-12-17,214.86799276448107,229.22583034951754,214.86799276448107,225.10337829589844,1130259
2024-12-18,226.52749648642947,228.44297618014474,221.52223006706907,223.77085876464844,686586
2024-12-19,223.19618371184131,224.02066894402225,211.53668157764065,214.1017608642578,737336
2024-12-20,215.7008056887296,226.52748705534538,209.06321617272255,222.62155151367188,858265
2024-12-23,224.8618389950793,233.19005525415633,224.8618389950793,228.21810913085938,775282
2024-12-24,228.19314465169887,228.60955549960346,218.615695149894,219.44851684570312,849408
2024-12-26,220.6894009867313,225.27825641304875,219.86491568593297,223.1129150390625,299274
2024-12-27,218.22424926314866,226.5274818764998,218.22424926314866,223.99569702148438,533456
2024-12-30,224.8701755909537,241.51827177808119,224.8701755909537,239.28631591796875,995328
2024-12-31,239.43622474108878,241.05190077781506,233.19006235653865,234.27272033691406,440607
2025-01-01,234.27272033691406,234.27272033691406,234.27272033691406,234.27272033691406,0
2025-01-02,236.6046469688535,240.58553362633216,234.8640526884274,235.80514526367188,677112
2025-01-03,235.9383357245515,239.01978563596285,230.69990645712775,237.6956024169922,306258
2025-01-06,239.01982970100187,241.68486932736332,234.03954674782324,239.97756958007812,268655
2025-01-07,241.5182651662287,241.85138872469764,233.23168003993567,240.2606964111328,485562
2025-01-08,238.18700765533333,241.51829447568764,230.69161230953614,235.64691162109375,263871
2025-01-09,237.35418931771267,238.68670914789985,232.36559536648076,235.1638641357422,194201
2025-01-10,235.1638593502515,237.35418448764975,229.90042010675708,236.6546173095703,235186
2025-01-13,234.89733156490527,238.1869871835451,234.44762618211394,235.671875,216630
2025-01-14,236.51301312817665,238.80327267417582,234.8557061715503,235.7967987060547,505248
2025-01-15,236.52134995151778,238.6866913370308,233.21504696549707,234.5392303466797,733837
2025-01-16,236.42976254704095,236.42976254704095,233.57316482506377,234.6808319091797,73954
2025-01-17,236.09662036052694,237.43747654072806,231.62437180786262,236.5713348388672,817465
2025-01-20,234.85572935178732,239.2863470832988,233.27337313787672,238.04542541503906,78562
2025-01-21,239.01980259258005,239.111400770345,237.19592122943652,238.12867736816406,248508
2025-01-22,237.3625462236079,238.85327892665933,234.03125906749992,236.62132263183594,141447
2025-01-23,238.1786858389268,238.97821302390406,234.95566971007773,238.2703094482422,203864
2025-01-24,238.2702476632234,240.26901427596735,235.11384691041272,239.4112091064453,137845
2025-01-27,235.7301572674201,239.00316565953787,234.02288305553682,235.39703369140625,311792
2025-01-28,237.0210558047834,237.35417939447763,234.0478762999686,235.25547790527344,88714
2025-01-29,236.5213247199058,237.35414628582097,231.5160589757326,231.9491424560547,276267
2025-01-30,232.34890559834832,235.68852857083894,231.53275664178346,234.6141815185547,131721
2025-01-31,235.68018795940512,238.93652362429808,233.31497754979404,236.22154235839844,388836
2025-02-03,236.52134633532557,237.76224244892015,234.02288140924819,236.3297882080078,225641
2025-02-04,236.32978778079737,238.1869891888095,234.02288098620792,234.83071899414062,150051
2025-02-06,236.10494213033624,237.26257644472656,222.36338465185105,233.96458435058594,1223835
2025-02-07,236.52135157813348,241.5182815410518,229.19253113213333,232.19900512695312,757947
2025-02-10,233.19005187712102,233.7230699095184,228.95099291252436,230.0669708251953,408176
2025-02-11,232.31560422867648,234.8140691226976,230.28351741495004,231.37451171875,117064
2025-02-12,233.07344615885427,234.64749121873902,230.2751777177687,230.46673583984375,353171
2025-02-13,229.050920839141,234.85568833700628,229.050920839141,232.37387084960938,208126
2025-02-14,231.56604294216365,234.85569853113108,230.06697418164882,230.97474670410156,71640
2025-02-17,231.52440429320148,233.18171114055025,228.60952869958203,228.90933227539062,641947
2025-02-18,231.4994342131209,231.4994342131209,206.01508673399334,228.40133666992188,208609
2025-02-19,228.459621894348,229.7504851768937,226.53580607806504,227.56849670410156,129906
2025-02-20,227.56853365738573,231.27460045596422,227.36032822860497,230.77490234375,165585
2025-02-21,231.94082922032712,231.94082922032712,224.8701815541389,225.7779541015625,441752
2025-02-24,226.52750819337305,240.68547745545888,224.8618647507747,236.929443359375,576946
2025-02-25,235.68853358227722,244.8495719900689,234.8557119088416,241.56825256347656,798392
2025-02-26,241.51823576736788,243.1588951442085,239.01977125942958,239.2696075439453,89557
2025-02-27,237.36250507480312,242.35109859323447,237.36250507480312,237.91217041015625,58200
2025-02-28,238.18701219839284,240.5189028508376,237.35419047741945,238.3202667236328,50130
2025-03-03,238.32026322523672,240.25241568930065,233.19841479957628,234.52259826660156,41973
2025-03-04,234.52259826660156,234.52259826660156,234.52259826660156,234.52259826660156,0
2025-03-05,236.10493954128253,241.8930602183629,234.43929622882197,237.4291229248047,15418
2025-03-06,235.89672903780377,240.68545345781212,235.89672903780377,240.1774444580078,46900
2025-03-07,241.3933318688031,244.84953622558268,239.10307260138694,241.65150451660156,130802
2025-03-10,243.60031989541034,244.01673069865035,241.50992953012195,241.8180694580078,222183
2025-03-11,243.89177602809633,243.89177602809633,241.51822972182907,241.65982055664062,86202
2025-03-12,243.10062780771682,243.10062780771682,241.51827179975479,242.04295349121094,68479
2025-03-13,241.51828106380785,243.18392438148928,241.43499381478375,241.8014373779297,235666
2025-03-14,243.22816629871005,244.06184692845963,240.8646417145353,242.29995727539062,178537
2025-03-17,243.21956070477844,247.52548111317438,241.9389685186062,242.6351318359375,40228
2025-03-18,242.62649847398825,246.57145841731167,240.64974321762537,242.5405731201172,254723
2025-03-19,240.86463589085943,243.64928912223382,240.86463589085943,242.28274536132812,225967
2025-03-20,242.80702210376307,243.75241089416346,241.52640375698417,242.39447021484375,227693
2025-03-21,242.394434876862,244.08757863697932,241.07945706927006,241.51779174804688,351776
2025-03-24,241.5177895662498,243.21951010850267,239.3605282968414,239.91917419433594,947709
2025-03-25,244.0876261158631,244.0876261158631,237.21191833795146,237.74478149414062,269129
2025-03-26,241.50918341938169,241.50918341938169,235.98284078407727,237.63299560546875,2003240
2025-03-27,239.60978775906037,241.85297444787378,237.650212426897,241.21697998046875,1084898
2025-03-28,241.21697998046875,241.21697998046875,241.21697998046875,241.21697998046875,0
2025-03-31,241.21697998046875,241.21697998046875,241.21697998046875,241.21697998046875,0
2025-04-03,241.45765275897656,242.79841358169472,236.36104102718627,241.77565002441406,886073
2025-04-04,242.36865911138827,252.6306533720632,242.36865911138827,248.96075439453125,1866890
2025-04-07,247.95517822352187,249.0724700949048,238.07134962882344,244.56028747558594,1178602
2025-04-08,244.50873697215803,248.3849253421481,240.6497546567525,241.43186950683594,1462227
2025-04-09,241.51778379530214,243.4000104697038,238.93079093906084,240.72706604003906,530483
2025-04-10,244.08756693173692,244.08756693173692,236.44692592636858,238.09710693359375,435487
2025-04-11,238.9221979096617,240.62394471119202,235.10617870288857,235.3898162841797,983166
2025-04-14,235.38982332803715,237.9682133433516,232.05510137829884,233.335693359375,1142930
2025-04-15,234.6163502914195,234.97731026504397,232.95756584061792,233.61936950683594,406464
2025-04-16,235.38981790123506,239.7043143183796,234.27249984978098,235.81954956054688,698724
2025-04-17,237.77053016981716,238.23464772215786,234.64209721952403,236.1289520263672,170844
2025-04-18,236.35244435817134,239.60121508965395,236.35244435817134,237.676025390625,1645145
2025-04-21,238.92222171478218,250.53358061972014,238.92222171478218,248.1614532470703,1743559
2025-04-22,249.07249358444423,249.07249358444423,244.087616140674,245.3510284423828,180199
2025-04-23,247.40510725080273,253.71359131878876,244.97283751183707,246.3823699951172,3317598
2025-04-24,244.0876048768164,246.66599506917714,238.4151412078745,239.72154235839844,592202
2025-04-25,241.5092292966602,245.80654654393172,239.7903023977516,245.1963348388672,863049
2025-04-28,245.19631498934697,247.946582067711,242.79840481544085,243.40003967285156,406490
2025-04-29,243.4516127278444,249.3303392762543,243.4516127278444,248.42788696289062,1168476
2025-04-30,249.6964615819149,249.6964615819149,236.4079309873711,238.767578125,2099322
2025-05-02,241.19815385643668,246.60049260842246,239.51269953331155,243.72634887695312,546716
2025-05-05,243.7263302658037,244.7908418999944,241.73039125543772,242.0231170654297,65470
2025-05-06,242.1739520836248,247.9311190581403,241.88122625087723,242.821533203125,392094
2025-05-07,235.07726318691218,246.13920189974365,235.07726318691218,242.3690948486328,771853
2025-05-08,242.36910540648938,244.83519798448128,224.44113078671631,236.31033325195312,3235392
2025-05-09,235.07730604031724,243.9481477776877,234.1902218665802,239.79660034179688,693599
2025-05-12,263.7744724653526,263.7744724653526,252.81897800417318,260.06646728515625,2402150
2025-05-13,259.87128603274533,259.87128603274533,249.44804833468092,254.15846252441406,891440
2025-05-14,254.5931337566773,254.5931337566773,247.54080441454516,249.15530395507812,352747
2025-05-15,249.15532251261013,254.06089681140693,249.15532251261013,251.87867736816406,179229
2025-05-16,252.81896827929472,255.71972353796542,251.94076368399203,252.88992309570312,487883
2025-05-19,252.81898583746892,254.59315415913537,250.16661285950883,252.0827178955078,256616
2025-05-20,252.37542397891633,253.61733629242474,248.8359671175029,249.3238525390625,298504
2025-05-21,251.84316610154815,251.84316610154815,247.48757999932832,248.42788696289062,377052
2025-05-22,249.31498589451598,251.04481079046388,245.81987222873224,247.1859893798828,378541
2025-05-23,248.38355485457728,248.38355485457728,243.9481342321741,244.48924255371094,595250
2025-05-26,244.8352181470545,248.38355464193933,243.5489353389951,244.26747131347656,167477
2025-05-27,243.9658826775986,245.6336052759394,242.1739823706903,243.1231689453125,262638
2025-05-28,243.1231689453125,243.1231689453125,243.1231689453125,243.1231689453125,0
2025-05-29,244.8263526207588,245.45620187615535,241.99655193879357,242.16510009765625,284925
2025-05-30,242.351397195921,246.16584815854276,241.29576490655344,245.53602600097656,455631
2025-06-02,246.59163780239948,246.59163780239948,241.77475076147712,242.3602294921875,472011
2025-06-03,242.18286257506827,245.7134403137461,242.18286257506827,244.56024169921875,459027
2025-06-04,243.07880452725772,252.81899886074348,243.07880452725772,250.2198486328125,1579630
2025-06-05,251.99396962321052,251.99396962321052,250.18431060238538,250.8141326904297,268278
2025-06-06,250.8141326904297,250.8141326904297,250.8141326904297,250.8141326904297,0
2025-06-09,250.8141326904297,250.8141326904297,250.8141326904297,250.8141326904297,0
2025-06-10,250.81414886789963,252.22460933322165,248.8270891539856,249.77627563476562,286846
2025-06-11,249.77627725857047,254.5842579343854,249.77627725857047,251.02706909179688,754124
2025-06-12,253.3068556155139,255.47134299968047,251.62140122860612,252.43753051757812,1312441
2025-06-13,251.9318978496824,252.81898199704045,245.33198962760582,251.36415100097656,526702
2025-06-16,251.36415100097656,251.36415100097656,251.36415100097656,251.36415100097656,0
2025-06-17,252.73026947403804,254.14960953147775,249.75853215069924,250.5214385986328,527083
2025-06-18,250.15770862644655,250.8673650562983,244.3916621510143,245.59808349609375,1476406
2025-06-19,247.4077464679883,250.09561016892775,245.7311716206983,247.69161987304688,368318
2025-06-20,249.26173153034662,249.79398735969602,243.99245025593387,246.52064514160156,222946
2025-06-23,244.8352012770516,247.93999549614463,242.17394908925755,242.71505737304688,269270
2025-06-24,246.50294511677788,252.10932337791448,246.50294511677788,248.62306213378906,1470335
2025-06-25,248.62303535067474,252.81895262601873,248.0819270780458,250.76979064941406,1878442
2025-06-26,251.48835312067882,251.48835312067882,246.60939036172385,248.2061309814453,367365
2025-06-27,249.03998386276564,253.70605493463407,248.47226411080374,253.10284423828125,579207
2025-06-30,253.10283046017526,256.36729330331036,251.0891323184029,255.7818145751953,763063
2025-07-01,255.78184907380094,281.3565011294529,255.03670161160457,278.5621643066406,2109433
2025-07-02,281.6492121289943,306.4166130252221,278.58876104255097,294.3167724609375,1589952
2025-07-03,294.7336969791276,302.4956829793304,283.96448283702154,287.0604248046875,835301
2025-07-04,282.97981113841064,299.8344080400714,282.97981113841064,294.8844909667969,989196
2025-07-07,295.3989920950991,306.0262688838365,294.91995912244846,299.64813232421875,1136654
2025-07-08,300.7214964886146,302.49566460949137,293.6425559405197,302.1230773925781,511703
2025-07-09,301.60861254081277,305.13033771717045,297.19092370544683,301.2271728515625,316675
2025-07-10,299.8344487019779,311.36654288282324,299.1247921964362,309.0246276855469,594438
2025-07-11,309.02459573886193,310.47942661798186,304.3319404681436,305.7956237792969,404553
2025-07-14,306.05289560727067,322.89861409159084,306.05289560727067,315.72210693359375,1150894
2025-07-15,315.8818029894534,322.89864211477766,310.4794635719016,312.1737976074219,1035433
2025-07-16,312.1560585062952,312.1560585062952,303.382783156865,306.061767578125,311225
2025-07-17,306.93109165304827,312.1737618139868,303.83517687705057,305.75128173828125,541329
2025-07-18,306.0529172477672,310.03591649633387,306.04403774316216,307.17950439453125,559747
2025-07-21,307.8181448907954,311.3576013521144,304.26980892663636,306.9044494628906,1226374
2025-07-22,309.14880351610697,310.479429643149,306.9133613684731,307.2770690917969,608314
2025-07-23,306.93996803070576,308.7939704902617,302.1940628371263,304.0214538574219,192443
2025-07-24,304.935183575665,309.58349596563977,303.3827862774616,307.7383728027344,303268
2025-07-25,307.8181737180206,309.1487998291936,304.890807102103,305.9552917480469,152104
2025-07-28,308.70525371527407,308.9270247308741,301.60858121607237,302.2384033203125,833973
2025-07-29,303.3827792738491,307.8182000234668,300.18927091979236,301.3247375488281,336010
2025-07-30,304.2521037050072,304.2521037050072,299.5771533359223,301.9811706542969,149356
2025-07-31,303.8263236406079,306.04403403214513,302.584411235679,304.28759765625,170858
2025-08-01,306.0440094167224,311.36651392831754,303.391636664708,308.8738098144531,503149
2025-08-04,310.47943213946706,312.04070880401326,309.1488060017265,311.0649108886719,477626
2025-08-05,311.3842830790627,321.3019049120914,310.48834645459436,318.3124084472656,516788
2025-08-06,321.09786912206647,324.58410353266135,313.5931443662706,318.6140441894531,1958751
2025-08-07,318.4631915247023,322.00264841660055,310.4883141380311,312.92779541015625,863444
2025-08-08,314.89712279760215,317.5583750911269,312.2536024402373,314.9325866699219,513343
2025-08-11,316.2454578232802,325.4533944189967,316.2454578232802,322.5526123046875,920465
2025-08-12,324.6728216065951,329.8977606099076,323.87445123009155,325.338134765625,836011
2025-08-13,326.44692478023876,328.2122133464193,317.5760844329497,320.1929931640625,1418004
2025-08-15,322.01150438527975,323.68810620416014,319.3502522829221,320.2462158203125,951998
2025-08-18,321.14685858026417,321.14685858026417,313.868742805074,317.9172058105469,1705711
2025-08-19,318.4176272736905,325.6866379376038,317.5078626243371,324.38568115234375,802651
2025-08-20,323.3758166266089,331.1542923327468,322.5570063301225,329.9352111816406,1470941
2025-08-21,331.9730954669952,331.9730954669952,322.96643152100285,323.6396484375,705043
2025-08-22,327.0603657750821,327.33328404294423,323.0664859512269,323.603271484375,198341
2025-08-25,323.8853319984049,325.69575482375876,319.96424845612904,322.566162109375,682968
2025-08-26,322.96640094580266,324.78592996521564,316.60715590737334,318.5813293457031,235528
2025-08-27,318.59046305866696,322.95732197233264,318.59046305866696,321.0923156738281,320344
2025-08-28,321.1469294526521,322.95735226684553,316.5981060893001,317.7626037597656,219003
2025-08-29,316.5980741102722,324.785955337262,313.91425749145645,321.68365478515625,738787
2025-09-01,323.785204552525,324.33106884668416,318.4175991482173,323.3940124511719,293235
2025-09-02,323.8761801733541,325.4864534337385,321.1559930501378,323.0391845703125,145600
2025-09-03,323.87620841447176,327.46978980998904,322.51156146890514,323.7579345703125,567224
2025-09-04,322.9664124466138,325.6957060729232,320.7374782129369,323.0846862792969,402155
2025-09-05,322.975529832712,327.92465132921404,319.3273650118324,324.4038391113281,342001
2025-09-08,327.11496035452126,327.11496035452126,322.87545394798775,324.8587341308594,302367
2025-09-09,324.8769194061179,326.6054664613687,323.421290604503,324.6039733886719,870476
2025-09-10,326.4872105248624,326.4872105248624,323.1028851752331,324.2764892578125,170643
2025-09-11,323.21205349215893,325.69572079937217,322.11124612030767,322.5479431152344,712254
2025-09-12,322.54792167795324,325.6956991528825,318.6450241013885,319.92779541015625,359275
2025-09-15,320.22805110366915,321.14692228698436,318.4358136279456,319.7276916503906,258328
2025-09-16,321.1468898478432,321.1468898478432,317.06205585572786,318.12646484375,276016
2025-09-17,320.23712252961394,320.23712252961394,317.5078288716911,318.3811950683594,300458
2025-09-18,319.3273867663398,324.76778927659103,318.4358074293984,322.3659973144531,646461
2025-09-19,324.7859213211926,324.7859213211926,320.23709889372486,321.7291259765625,170766
2025-09-22,322.96641986630044,323.8124942465792,317.51693901832806,318.8633728027344,362552
2025-09-23,318.8633728027344,318.8633728027344,318.8633728027344,318.8633728027344,0
2025-09-24,317.0529566732997,320.1279654011789,315.4608686555715,316.5616760253906,456331
2025-09-25,318.4267138799051,319.2909735844238,313.86878438742434,314.64208984375,362732
2025-09-26,317.0347773728049,322.96643256178413,314.68756916025484,322.0384826660156,253475
2025-09-29,322.05666072577566,322.9118416505027,320.2371315691328,321.0741271972656,199919
2025-09-30,322.0566528583278,327.42425818653777,288.96852039529074,324.76776123046875,890800
2025-10-01,327.0603822526415,327.9701468764319,321.14691219800403,324.4766540527344,556310
2025-10-02,324.60399971516,342.16247323678607,323.8761991372305,337.1678466796875,2034936
2025-10-03,338.25043858546843,338.25043858546843,331.60916867231504,332.5735168457031,840746
2025-10-06,335.6940444568626,338.3414628816749,325.6957399825992,331.55462646484375,1181087
2025-10-07,331.55462646484375,331.55462646484375,331.55462646484375,331.55462646484375,0
2025-10-08,329.7714952661339,336.15803301614994,327.9883365895532,333.9563903808594,732604
2025-10-09,333.95639222382107,363.9058564235578,332.2551367872511,341.48016357421875,1192975
2025-10-10,336.6220366348316,340.23380350892876,332.5189890618502,333.5470275878906,764993
2025-10-13,333.54696492495094,333.54696492495094,322.9663992891286,324.7586364746094,1509542
2025-10-14,328.87991592784357,335.7031506981308,327.5243755045668,333.9563903808594,258204
2025-10-15,336.61290170322025,341.13443287178626,335.70313710402235,338.2231750488281,780548
2025-10-16,340.0426906418184,340.25194648623386,333.8835945466519,334.56591796875,447990
2025-10-17,333.70165406521465,336.33999369446343,329.79878380548047,331.07244873046875,329543
2025-10-20,331.15433074690964,337.96845905285835,329.3075096282967,337.22247314453125,308147
2025-10-21,338.978317993293,349.5770707334238,338.978317993293,348.30340576171875,2811814
2025-10-22,349.3495806816227,350.25934521464774,341.9350052902305,343.1722717285156,744892
2025-10-23,343.89100975052725,347.5300680547656,342.7265122037234,346.8295593261719,1042234
2025-10-24,342.1715360419797,346.6021127799356,340.2519461430427,344.6824951171875,311376
2025-10-27,344.8007865499199,344.8007865499199,339.3421989000531,341.4255676269531,157485
2025-10-28,341.43466382366483,346.1654511339114,339.80620508160115,340.4430236816406,218412
2025-10-29,340.02452429773336,342.07149467812104,334.61141374184973,334.84796142578125,556763
2025-10-30,334.69873077996,335.72456152099664,326.39887925652454,329.3551330566406,1398110
2025-10-31,329.28984187951244,343.18510256874805,329.28984187951244,339.1470947265625,885939
2025-11-03,339.45484395396704,341.30133933965703,333.40248510156994,334.04595947265625,175194
2025-11-04,335.72456992172164,337.1234222963955,326.39888742389604,327.6391906738281,463305
2025-11-05,326.3988674497349,329.000740676128,320.8034582934537,321.9411926269531,731165
2025-11-06,324.53373357277303,326.3056074606798,320.5237016969986,321.2697448730469,230160
2025-11-07,323.59181822809023,325.69943138655015,321.73601668821703,324.43115234375,289957
2025-11-10,325.47561964407464,329.19655746124243,325.47561964407464,328.49713134765625,249091
2025-11-11,328.2639935433129,328.2639935433129,321.73601639898567,323.4612731933594,401877
2025-11-12,324.52438658850855,326.8651417894613,320.85006574211457,325.7926940917969,424374
2025-11-13,326.39886278848337,328.27333393617977,322.68723118898856,326.0071716308594,564865
2025-11-14,326.86515042514355,330.12913908844746,324.5337299513551,326.21234130859375,113191
2025-11-17,327.3500541272171,333.8593899077902,325.9325608178008,327.01434326171875,408653
2025-11-18,329.17793739542043,329.17793739542043,322.6779358257466,324.0021667480469,392872
2025-11-19,324.62700180160397,327.3314439370595,324.5337392880248,324.7855224609375,496005
2025-11-20,327.33144405387134,327.33144405387134,323.60117118716056,324.39385986328125,259434
2025-11-21,326.3242858214947,327.09830492598337,322.66860585713545,325.8580017089844,130454
2025-11-24,326.3988838866595,327.79773624617377,324.53374740730715,325.87664794921875,446900
2025-11-25,326.86515396764713,327.3314380674583,325.46630166821353,326.4175109863281,299794
2025-11-26,327.70446538907174,331.00576484221887,324.5337391468233,327.9842529296875,262544
2025-11-27,329.19659105930464,331.95698510059754,329.19659105930464,331.12701416015625,117005
2025-11-28,331.9942799692873,337.58968918225276,331.9942799692873,335.4447937011719,612303
2025-12-01,335.44478744555477,342.2525238104847,333.4024608441313,339.89312744140625,246323
2025-12-02,340.4806715070131,342.2245695693821,335.9577098325892,337.53375244140625,106258
2025-12-03,337.58971813758086,340.38742298402485,335.6313190531249,336.02301025390625,174993
2025-12-04,338.51291295556786,338.51291295556786,333.96197570506234,335.7059020996094,60847
2025-12-05,335.8178418990505,340.38742075977086,331.1643068489271,333.4957275390625,471317
2025-12-08,335.72457429268525,335.72457429268525,332.74034447063815,333.28125,135344
2025-12-09,335.71525085809355,335.71525085809355,333.0201432890311,333.99932861328125,515190
2025-12-10,334.7919939607285,338.52226687394,333.1133825336729,334.0179748535156,187764
2025-12-11,336.59181632570613,336.59181632570613,332.92683031808394,333.25323486328125,105302
2025-12-12,333.39311478920297,344.11764855165285,333.39311478920297,343.1571044921875,952509
2025-12-15,346.91537320270714,347.3816573064742,335.7245547122972,342.3457946777344,1198327
2025-12-16,342.34578074682446,349.4612804343182,341.7862341531287,342.6908264160156,1371602
2025-12-17,343.18510447466144,345.9828091307049,335.7245587252123,341.4878234863281,968435
2025-12-18,341.32930762750595,345.98281399706644,341.32930762750595,345.09686279296875,602354
2025-12-19,345.09687143860947,348.3049085131429,342.7188337718376,343.7633056640625,240905
2025-12-22,342.2525321650363,344.8637117622427,341.357274654526,342.3457946777344,117869
2025-12-23,342.34582703462604,346.81283713963757,341.3293310075062,344.2948913574219,318798
2025-12-24,346.2159499390277,346.906041311256,342.2525350239008,344.0057678222656,150872
2025-12-26,344.0057529015615,348.7804974033675,341.319952004365,348.4261169433594,515391
2025-12-29,348.78051991667553,353.3500985765802,347.20447732262704,352.86517333984375,847376
2025-12-30,353.35010563332935,355.1966010211475,352.04451577010036,353.2755126953125,363525
2025-12-31,353.4433795084175,356.2317495694588,349.2561570218811,353.7977600097656,279218
2026-01-01,353.7977600097656,353.7977600097656,353.7977600097656,353.7977600097656,0
2026-01-02,359.97135399804716,366.0237129931303,358.1062174488345,364.3730773925781,710352
2026-01-05,365.5667603425453,382.25042028517277,365.5667603425453,376.3099365234375,2046316
2026-01-06,377.6901305263872,409.39745012613326,375.19085451768206,406.0588684082031,1861093
2026-01-07,410.1434979912057,421.52084183161224,396.3414995098124,414.42401123046875,1228650
2026-01-08,414.9928420546947,416.2984318208998,403.1678843069302,408.5301513671875,882320
2026-01-09,408.5115080785393,413.60335118400224,405.6578515274322,411.3371887207031,515570
2026-01-12,410.3300217303181,412.1951581927286,406.1427994793181,406.8515319824219,236790
2026-01-13,407.5323115482497,419.87950565600966,400.6686231196833,416.9325866699219,920401
2026-01-14,419.1427892046487,421.3063258009666,404.73459911938954,405.74176025390625,1724178
2026-01-15,405.76041208677566,406.59971773878755,396.4067545808525,399.1764831542969,469621
2026-01-16,405.46201454373823,407.2991750981394,396.5373297381573,400.5380554199219,816138
2026-01-19,401.00436568231265,402.7575986253635,396.3415242208904,399.2604675292969,494114
2026-01-20,401.461275136742,401.461275136742,396.3601259465659,397.09686279296875,449223
2026-01-21,397.09686839174225,399.12986026519053,385.61695596964154,388.1815185546875,779889
2026-01-22,388.1815430821024,392.6019075827001,385.05743368006716,388.4519958496094,233390
2026-01-23,388.4053439592598,395.5861309166594,387.4821104926347,393.8702087402344,269987
2026-01-26,394.56960515388107,396.54664515447183,392.8070376218291,393.77691650390625,231140
2026-01-27,396.34148518680774,404.837167832145,373.9598483762586,388.1628723144531,776193
2026-01-28,391.02583685420115,396.3414870049807,386.1018778716811,389.1420593261719,315358
2026-01-29,389.8135131169158,391.66931475406903,380.4878309849321,384.7869567871094,384928
2026-01-30,387.01580338191536,388.41465568329573,376.75755317179227,379.8163757324219,392942
2026-02-02,380.4878014412519,384.21807400440144,375.824960737315,382.9404602050781,457687
2026-02-03,382.91252002211434,390.77406335204205,382.16644836404885,388.68511962890625,846335
2026-02-04,388.8902732132603,394.3551091908803,383.2855292382131,387.67791748046875,1422161
2026-02-06,387.71522650255196,387.71522650255196,379.55525480827094,383.3041687011719,311015
2026-02-09,386.08323735064596,398.43976608227894,380.0215440105996,387.8830871582031,511446
2026-02-10,389.8135194608933,389.8135194608933,384.21811009064123,385.2905578613281,410687
2026-02-11,387.01581512017276,396.26690447616716,385.1413438723586,393.5437927246094,381022
2026-02-12,396.3414731933559,396.3414731933559,383.378781291447,386.8665771484375,687300
2026-02-13,388.880979297678,389.72028507184297,384.2181378192886,384.9921569824219,210206
2026-02-16,388.78766272997615,388.78766272997615,366.49928925357347,373.652099609375,872112
2026-02-17,373.03664411042996,382.3623268434446,367.5438033200163,369.5208435058594,841764
2026-02-18,372.9713444155237,391.67866104483977,370.2202567219143,389.67364501953125,619305
2026-02-19,389.8135351627476,389.8135351627476,371.16216984395584,373.58685302734375,186188
2026-02-20,373.0273083594114,376.7202707434465,361.3702049731798,367.08685302734375,673608
2026-02-23,367.08684794535924,376.7482414374467,358.10621106737915,359.9806823730469,204992
2026-02-24,359.98066814616953,365.5667426836371,354.37592403005635,363.9161071777344,1053242
2026-02-25,365.5667491143731,376.75756796481306,365.5667491143731,373.0646057128906,931214
2026-02-26,373.0646025086614,382.7633064037963,369.5301609500318,375.19085693359375,1242465
2026-02-27,373.01793159702737,379.5459087587788,368.3644255559755,370.453369140625,2801915
2026-03-02,333.41177727130525,362.76903486248995,333.41177727130525,333.4211120605469,1154454
2026-03-03,332.926859175152,359.0294349092519,331.9942909421684,347.03662109375,741433
2026-03-04,353.4433723964068,359.0387819857958,335.7339101531025,343.77264404296875,394501
2026-03-05,344.1176987425977,353.44338163535105,344.1176987425977,348.6593017578125,371255
2026-03-06,349.7130870482882,350.645655280417,343.99643923178303,344.7052001953125,260640
2026-03-09,336.72243264901897,340.3687780060561,321.7360536944258,333.6822509765625,493393
2026-03-10,354.3665894918353,363.7016064990902,340.4806634684007,343.7259826660156,461271
2026-03-11,348.7525483088498,351.5782289575734,342.25254649185524,347.2510986328125,201506
2026-03-12,343.1851170361369,348.7805265530304,334.47493297000625,336.9648742675781,1126543
2026-03-13,337.12342464877264,343.1851183146565,333.4024864132881,338.61553955078125,561101
2026-03-16,336.7130774508217,340.3221118895271,328.26401169920524,331.7704772949219,300049
2026-03-17,334.87039653309114,349.2124078868406,331.04330628699864,346.6099853515625,3068659
2026-03-18,346.8396276444627,358.31132121518664,343.5770297338645,356.53173828125,459765
2026-03-19,354.00586726525546,358.78973033640756,347.7868452727577,351.9870910644531,333743
2026-03-20,351.9870910644531,351.9870910644531,351.9870910644531,351.9870910644531,0
2026-03-23,351.9870910644531,351.9870910644531,351.9870910644531,351.9870910644531,0
2026-03-24,355.067862505346,360.66498800670047,337.7407248841611,346.4569091796875,743917
2026-03-25,350.16917077381447,360.1770325136815,346.83004396983495,359.1341247558594,408707
2026-03-26,358.78974254882604,362.61683313601355,349.2220160808574,350.8485412597656,377373
2026-03-27,353.9101723451579,356.7709422210705,349.2219925316694,350.5136413574219,168352
2026-03-30,351.99660840515605,352.3123596915598,343.0029524511344,346.06463623046875,1170453
2026-03-31,349.1167873314584,354.00588157254674,347.327597943895,351.25994873046875,304760
2026-04-01,357.83292894592455,373.14128954254164,356.86657933978125,370.1657409667969,841461
2026-04-02,360.7032512860237,363.52574198737557,350.89633265026316,354.0919494628906,585135
2026-04-03,351.6139175758724,357.83293924728235,349.2219861637916,351.4895324707031,195410
2026-04-06,351.479982913763,360.2248988560641,347.3084682197909,357.8712463378906,423584
2026-04-07,362.6168012828934,362.6168012828934,354.13023332302686,360.9520263671875,306474
2026-04-08,395.14706470955895,395.14706470955895,378.88193129536404,393.34832763671875,885696
2026-04-09,392.2385123218904,394.19033672783803,368.3574748548972,384.4312438964844,492443
2026-04-10,389.3968550210872,396.9649294778003,387.5024640384234,393.70233154296875,347147
2026-04-13,382.7090458667125,389.40645416937997,380.7955006373789,382.6516418457031,320521
2026-04-14,385.72286064211823,391.3199860871983,385.10096430341645,388.0860900878906,241134
2026-04-15,391.36782694847165,398.01740830992577,388.0191227920179,391.7122802734375,723834
2026-04-16,391.7026881695586,397.05104338463804,387.9808580188239,392.3819885253906,510465
2026-04-17,395.02267541522355,400.8876957793933,392.3819738513332,399.9596252441406,446592
2026-04-20,399.930953894316,399.930953894316,388.92806879913746,393.2239685058594,413026
2026-04-21,397.02236135837046,401.12692410616694,393.2335499287647,395.0896911621094,348588
2026-04-22,392.2671858770267,398.4957847980244,390.4589008602617,393.2622375488281,68240
2026-04-23,396.1038595589044,396.1038595589044,386.5839604336307,389.73175048828125,301524
2026-04-24,382.81427321938685,391.3199956985722,382.81427321938685,388.2774658203125,405531
2026-04-27,388.4496734012971,392.1810806805001,377.92517486086786,387.28240966796875,172621
2026-04-28,387.28240966796875,387.28240966796875,387.28240966796875,387.28240966796875,0
2026-04-29,387.28240966796875,387.28240966796875,387.28240966796875,387.28240966796875,0
2026-04-30,381.7522552684846,381.7522552684846,376.00204278173527,377.2745666503906,422156
2026-05-04,387.4929184376744,390.267553248539,379.83873733273265,384.412109375,953092
2026-05-05,384.4121030460443,422.85526966685813,382.1806780029774,394.8156433105469,2745167
2026-05-06,400.28653981158425,410.07349677519267,394.9917925101814,407.3233642578125,667240
2026-05-07,407.6267606916941,408.1161085436649,400.2865429121317,401.6077880859375,164259
2026-05-08,401.60778770306786,401.60778770306786,394.41436831247006,395.950927734375,297502
2026-05-11,395.3832629493182,397.10577692435936,387.56349392987386,394.4828796386719,45605
2026-05-12,394.48288403486725,396.8611074241226,390.59746090065426,391.3118896484375,194625
2026-05-13,390.98891812472834,394.41435295185363,387.56348329760306,388.99237060546875,195844
2026-05-14,388.0528274651438,391.47826225991815,387.75923071541735,388.54217529296875,157602
2026-05-15,388.5421884396159,394.4143625722046,387.82772983454566,390.38214111328125,542968
2026-05-18,390.97912804158864,394.41435943944265,384.62740262953093,392.4961242675781,709362
2026-05-19,392.4961425238585,395.39307351146,388.0724187248665,393.2105712890625,830148
2026-05-20,393.21055392839963,396.37175173774045,391.4782733212251,395.0505065917969,661945
2026-05-21,398.3291360761559,400.77587524124283,395.0602961356903,397.2330017089844,571134
2026-05-22,399.30785191097107,399.30785191097107,393.9250254758967,396.3815612792969,70440
2026-05-25,399.30784059937747,405.65956605525815,398.3291449116339,403.7804870605469,418998
2026-05-26,403.7804870605469,403.7804870605469,403.7804870605469,403.7804870605469,0
2026-05-27,403.7804870605469,403.7804870605469,403.7804870605469,403.7804870605469,0
2026-05-28,403.7804870605469,403.7804870605469,403.7804870605469,403.7804870605469,0
2026-05-29,398.818482068006,405.1800038678638,398.818482068006,404.475341796875,237115
2026-06-01,406.1587060870649,406.1587060870649,398.1333895860867,398.7010498046875,65316
2026-06-02,396.87091184254655,402.24394179951946,395.39307174453984,399.4154968261719,270122
2026-06-03,399.4154968261719,399.4154968261719,399.4154968261719,399.4154968261719,0
2026-06-04,401.26522883524353,406.64805507571634,401.26522883524353,403.82940673828125,165369
2026-06-05,406.1489266418843,406.64807101586905,397.8496060645812,398.9261474609375,120160
2026-06-08,397.85937149980606,400.2767511117091,394.9135177060948,396.3815612792969,94497
2026-06-09,396.38154610768333,400.2963288197162,393.45522572059195,395.08966064453125,224617
2026-06-10,395.08967111771284,398.2215093173278,387.56349876492936,388.7379455566406,327875
2026-06-11,389.03154156429156,391.4880773340086,389.03154156429156,390.2940673828125,349001
2026-06-12,392.12421738125556,392.89739533655563,390.0102311140873,391.4293518066406,373407
2026-06-15,398.3193577940236,398.3193577940236,391.3314859497415,393.8369445800781,333132
2026-06-16,395.34413423540946,403.22262255932054,394.43392454835276,401.7350158691406,745156
2026-06-17,401.7545658172508,404.00555387364335,398.3291310295276,399.8950500488281,330198
2026-06-18,400.178905140685,402.13629657018595,398.23128035848396,398.4367980957031,263994
2026-06-19,400.27674933287636,400.2865458475628,389.5208930252567,394.3458557128906,217893
2026-06-22,395.3930484756581,397.35043980474546,389.5208744883958,391.5761413574219,403253
2026-06-23,393.38674657518175,394.70796186957097,387.5634952426229,390.33319091796875,623624
2026-06-24,392.4374002132576,397.35044172068496,388.05283286268866,395.14837646484375,682750
2026-06-25,395.14837646484375,395.14837646484375,395.14837646484375,395.14837646484375,0
2026-06-26,395.14837646484375,395.14837646484375,395.14837646484375,395.14837646484375,0
2026-06-29,395.1483951202318,399.30785191097107,393.93482199062674,396.3815612792969,794472
2026-06-30,396.4011259470499,400.306112309025,395.49094609638877,396.87091064453125,374981
2026-07-01,398.0746708432889,420.3497940506737,396.3913130810317,417.7464599609375,1857558
2026-07-02,418.89154314959643,424.7539206535767,410.07348560794617,414.7222900390625,2254969
2026-07-03,416.9145772500791,418.6272947479391,411.5415473429392,418.0107116699219,399609
2026-07-06,418.01069930118337,424.75392690102063,418.01069930118337,423.37396240234375,661569
2026-07-07,424.69520056311825,425.7326155818089,417.04179327114457,422.4637756347656,553953
2026-07-08,406.15871266731153,417.9030609854025,406.15871266731153,413.00958251953125,495330
2026-07-09,411.0423910503092,412.03088324940893,401.75457856029067,404.3089599609375,564764
2026-07-10,407.13740214881426,411.0521848617836,405.15065111667917,408.47821044921875,228112
2026-07-13,399.30784409232496,408.0965421974133,399.30784409232496,403.7217712402344,89651
2026-07-14,400.28654770413067,401.16736787473826,387.8571001683046,388.64984130859375,498510
2026-07-15,390.4995881416093,398.32915381863404,385.4103585045741,389.20770263671875,488651
2026-07-16,391.37063974795984,398.00619543213116,390.9889340867063,395.93133544921875,399312
2026-07-17,398.31933787300017,398.31933787300017,389.2957626757236,393.1420593261719,512547
2026-07-20,389.0413207346947,396.83172981281166,385.6060894160782,393.16162109375,293091
2026-07-21,396.62623041211424,397.49725405728833,391.4782814534264,395.4322204589844,419900
2026-07-22,396.3717684066034,401.2554505140871,393.455244395438,396.8317565917969,214892
2026-07-23,396.4793891852976,400.26696652302167,391.4782686397867,393.07354736328125,238478
2026-07-24,392.4471753464485,396.37175462263286,388.56175226075936,393.4552307128906,295127
2026-07-27,397.350463529295,403.12476232138386,396.3717678063164,401.47076416015625,128049
2026-07-28,403.47710884289796,404.18177095906543,398.8283041526411,400.433349609375,299409
2026-07-29,400.13973211107566,400.13973211107566,396.37174779436094,398.2117004394531,28378
2026-07-30,393.45521732687024,401.2652194230341,393.45521732687024,398.3193359375,90673
2026-07-31,398.3193610225304,406.1489267726492,398.3193610225304,399.9635925292969,176177
2026-08-03,400.98140089822834,406.12934976095437,398.3291439536998,399.1610412597656,196723
2026-08-04,399.33720789114335,401.20652027447426,393.98374118239224,397.4678955078125,250892
2026-08-05,401.1771632975802,409.0948080316133,398.50531324883355,408.2335510253906,240031
2026-08-06,408.2335563134985,419.86046631326906,408.2335563134985,414.321044921875,827520
2026-08-07,415.9358719219867,415.9358719219867,408.1258994274357,410.9739074707031,219867
2026-08-10,413.0095789219077,415.9456659758549,408.2237426876112,409.4667053222656,215653
2026-08-11,410.8466752605345,412.2266397782484,407.13741020373277,409.8875427246094,212817
2026-08-12,409.88754361720834,412.5104409243205,408.12590330465184,410.9053955078125,273467
2026-08-13,411.06198170495026,414.2818689843994,410.0734895115598,411.56109619140625,338511
2026-08-14,411.56109619140625,411.56109619140625,411.56109619140625,411.56109619140625,0
2026-08-17,413.0095871931501,415.9456743058976,411.6883420189292,413.45001220703125,441142
2026-08-18,422.45001220703125,422.45001220703125,422.45001220703125,422.45001220703125,0
2026-08-19,407.0,409.5,404.0,405.4200134277344,78737
2026-08-20,415.0,415.0,405.57000732421875,407.260009765625,356501
2026-08-21,404.5,409.0,401.54998779296875,405.239990234375,76004
2026-08-24,406.0,406.1700134277344,399.54998779296875,400.82000732421875,266496
2026-08-25,401.9700012207031,403.5,398.510009765625,400.2099914550781,143109
2026-08-26,400.2099914550781,400.2099914550781,400.2099914550781,400.2099914550781,0
2026-08-27,400.2200012207031,405.0,400.2200012207031,402.989990234375,117990
2026-08-28,402.989990234375,406.0,401.0,402.67999267578125,83540
2026-08-31,402.5,406.489990234375,401.1099853515625,405.2699890136719,154736
2026-09-01,405.0,405.0,398.0,400.1700134277344,117847
2026-09-02,400.0,402.1700134277344,397.010009765625,397.9100036621094,101263
2026-09-03,401.9800109863281,402.0,397.1199951171875,398.239990234375,153370
2026-09-04,398.25,401.989990234375,398.25,399.5799865722656,39844
2026-09-07,399.510009765625,400.0,392.0,393.6400146484375,264511
2026-09-08,394.95001220703125,404.0,390.0,398.8399963378906,352905
2026-09-09,403.489990234375,403.489990234375,391.7099914550781,392.6000061035156,289435
2026-09-10,393.9599914550781,394.0,389.6499938964844,390.05999755859375,900992
2026-09-11,386.0,394.0,386.0,392.2300109863281,153550
2026-09-14,392.2300109863281,392.2300109863281,384.0,385.1700134277344,1107317
2026-09-15,389.9700012207031,392.0,388.0199890136719,390.6499938964844,391989
2026-09-16,388.0299987792969,390.8999938964844,388.0299987792969,390.010009765625,319155
2026-09-17,390.510009765625,391.989990234375,389.5,390.3699951171875,408637
2026-09-18,390.989990234375,398.0,390.3699951171875,397.3599853515625,175935
2026-09-21,397.3599853515625,400.0,395.0299987792969,398.4200134277344,119273
2026-09-22,398.0,400.489990234375,396.0,396.3399963378906,121376
2026-09-23,396.1099853515625,398.9700012207031,390.0,390.6000061035156,651877
2026-09-24,392.9599914550781,392.9599914550781,387.75,387.989990234375,1066808
2026-09-25,389.239990234375,392.0,387.20001220703125,389.29998779296875,1252178
2026-09-28,390.9599914550781,391.9700012207031,389.3299865722656,390.010009765625,459995
2026-09-29,393.44000244140625,393.44000244140625,388.7699890136719,389.0,505688
2026-09-30,390.989990234375,405.0,389.0299987792969,390.0400085449219,491395
2026-10-01,392.989990234375,392.989990234375,387.5,388.5400085449219,475782
2026-10-02,389.989990234375,389.989990234375,387.20001220703125,388.0299987792969,170252
2026-10-05,387.95001220703125,389.44000244140625,385.0,387.20001220703125,110931
2026-10-06,389.9800109863281,389.9800109863281,379.8999938964844,385.8900146484375,1316112
2026-10-07,386.489990234375,386.489990234375,384.989990234375,385.5899963378906,308518
