date,open,high,low,close,volume
2021-10-08,79.82843534735008,80.40274372365342,79.65614813619723,80.17301940917969,423927
2021-10-11,80.31659115690249,80.89089950359244,79.65614402883972,80.3740234375,1986088
2021-10-12,80.89089963846175,80.97704805950164,79.82843136420668,80.67266082763672,4521816
2021-10-13,80.67267186783583,84.88232944913713,78.82341097753105,79.9720230102539,3357042
2021-10-14,78.97846949330749,80.40274778358231,78.97846949330749,79.89161682128906,841350
2021-10-15,79.82844521168174,80.11560184519809,79.2885980667101,79.83419036865234,789927
2021-10-18,79.31157796065465,80.2878980335238,78.6798420099467,79.33454895019531,614466
2021-10-19,79.33454895019531,79.33454895019531,79.33454895019531,79.33454895019531,0
2021-10-20,79.82843680271522,80.40274518948887,79.25413323570362,80.32234191894531,1308586
2021-10-21,80.40361321804714,82.34839468304091,80.32233827429071,80.6474380493164,3854346
2021-10-22,80.17140208443817,80.6938768979889,78.95228281811977,79.53861999511719,1343699
2021-10-25,79.53861999511719,80.10173715195998,76.65918646349947,79.53861999511719,721426
2021-10-26,77.73318489965223,79.5328342833646,76.97849510855298,78.9581069946289,218429
2021-10-27,80.40362638444144,81.27442601584669,78.95229691344282,79.41091918945312,217641
2021-10-28,80.37457493517896,80.37457493517896,78.42979860403472,78.99871826171875,134657
2021-10-29,80.02627297665104,80.02627297665104,76.36892476971092,77.36743927001953,319616
2021-11-01,77.80282769486847,80.40360617933862,77.80282769486847,79.5037841796875,519154
2021-11-02,78.66202511792471,81.2163639840892,78.66202511792471,80.65325164794922,334545
2021-11-03,80.98416156678424,81.53566394320062,79.7418220512955,81.22798156738281,4676676
2021-11-04,81.21635604401196,81.8491381291292,80.43263895687801,81.66336822509766,926054
2021-11-05,81.44859261422317,83.13213708218062,81.2744326736753,82.4587173461914,2732130
2021-11-08,82.08714934782488,83.19015380714255,81.56466970497922,82.44127655029297,1877340
2021-11-09,81.86075305444214,83.01601495977734,81.56468558400366,81.91880798339844,1315725
2021-11-10,81.9710527136913,82.43548238569161,81.30344541322205,82.27873992919922,370614
2021-11-11,81.91879593917558,83.00438787254072,81.7678609413044,81.93621826171875,515531
2021-11-12,82.14521364941375,82.40645106467232,80.83901682909195,81.32085418701172,487239
2021-11-15,80.71129554169234,81.27441270685568,80.12495835603127,80.6474380493164,138818
2021-11-16,81.26862153429369,81.85496370934467,80.55456922093984,81.45439147949219,921083
2021-11-17,82.23229927470314,84.11902614770588,82.23229927470314,83.19598388671875,1023394
2021-11-18,83.59656068982481,86.4992199944468,82.6386834116205,85.46006774902344,2606177
2021-11-19,84.84467092906765,88.47299612760752,84.84467092906765,87.0042495727539,2390421
2021-11-22,89.91272836396516,91.14344798556569,88.53106398437235,89.1638412475586,1186828
2021-11-23,89.98238554955144,89.98238554955144,86.20893236901401,86.98684692382812,757930
2021-11-24,86.49918193621359,86.49918193621359,84.18286100566135,85.62838745117188,624605
2021-11-25,85.33813661086063,86.470168652567,85.04787173493519,85.77352905273438,319641
2021-11-26,85.7735296920601,86.499196759297,85.33813724694109,86.24376678466797,1017526
2021-11-29,85.92448528738353,92.24647052551366,85.39619320368564,87.80540466308594,1014569
2021-11-30,87.6602742723802,87.6602742723802,85.91868464621706,86.31925201416016,1632877
2021-12-01,86.20893402825614,87.07972868421037,85.62840425761999,86.49919891357422,508011
2021-12-02,86.4991936314869,86.4991936314869,80.98414653117696,82.3600082397461,1695826
2021-12-03,81.85495173831727,86.42953962382278,80.69388244260635,84.78083038330078,1364485
2021-12-06,85.62840439216937,86.49919904949189,84.17707021926931,84.31059265136719,206640
2021-12-07,84.7575965090479,85.62840087462772,83.89260932866023,84.15384674072266,249715
2021-12-08,84.1828898627704,84.75761227622141,83.01602270913733,83.09729766845703,145921
2021-12-09,83.24822040933728,83.5965402201238,80.95512392035273,81.6807861328125,1013240
2021-12-10,81.28020570930762,83.30626187959137,80.69386859265833,82.41804504394531,327855
2021-12-13,82.72574716185082,82.95795712551396,80.9841529463185,81.2511978149414,292785
2021-12-14,81.27441917769988,81.44857908932772,80.54875206724809,81.04801177978516,911419
2021-12-15,81.27441776190481,82.6967196220768,79.82889100777622,81.930419921875,787861
2021-12-16,81.86075113183567,84.3222099047581,80.54875166756517,81.18153381347656,1686207
2021-12-17,81.70982451819798,81.70982451819798,79.82890021172871,80.71711730957031,988540
2021-12-20,80.69388347466817,82.43548256849469,80.34556852791756,80.8157958984375,878247
2021-12-21,80.98414586244729,80.98414586244729,78.95228206204588,79.1264419555664,827747
2021-12-22,79.12644878403441,79.9391933999305,77.50095955224222,79.39349365234375,1145427
2021-12-23,79.9914367063392,79.9914367063392,78.95228475081721,78.97550964355469,309362
2021-12-24,79.5270202143236,79.5270202143236,77.79123335223206,78.20921325683594,360122
2021-12-27,78.32531800082592,79.21353011211133,77.79122827136905,78.43561553955078,1386688
2021-12-28,78.3717606958766,78.95229048822588,77.84928095955338,78.13374328613281,116458
2021-12-29,78.89425743655909,78.89425743655909,78.08151262888747,78.47627258300781,154050
2021-12-30,78.08730513196137,79.82309696175508,78.37176748317634,79.27739715576172,1688298
2021-12-31,79.3586563212078,81.2163553455469,77.50675986581177,77.8550796508789,1421581
2022-01-03,78.35435078126856,78.37176823575945,77.40808362085144,77.93637084960938,475049
2022-01-04,78.34275002841684,78.48207993678106,77.64611510264325,78.27889251708984,558432
2022-01-05,77.84928443617015,78.77813409421576,77.79123437755167,78.4414291381836,800482
2022-01-06,78.69104574010629,79.67214275188857,78.13953859103668,78.67943572998047,1044213
2022-01-07,79.51541788879659,79.51541788879659,78.21502825897538,79.08582305908203,1292608
2022-01-10,78.9522978138395,80.69389222449648,78.69106035744628,80.21785736083984,608770
2022-01-11,79.82890840256098,80.69390069252061,79.53284087825106,79.90438079833984,418414
2022-01-12,80.11334344604234,80.97833544081625,79.82307859153023,80.39199829101562,531941
2022-01-13,80.68808302506588,80.9841553659965,79.82889346660285,80.45006561279297,285743
2022-01-14,80.51972744917427,81.24538966935118,80.17721020411672,80.7345199584961,593923
2022-01-17,81.27441464979424,81.27441464979424,80.14237772328795,80.65904998779297,592764
2022-01-18,81.07122510265059,81.21635753834468,80.2875080010967,80.97834014892578,872656
2022-01-19,81.26281631768462,81.27442632987953,79.53283193235495,80.10755920410156,871134
2022-01-20,80.10755747314374,80.69388987240065,78.96391039646743,80.33976745605469,812506
2022-01-21,80.52553840087585,80.68808831416071,79.30061635321722,79.54444122314453,541105
2022-01-24,79.544433193866,80.1133529609207,79.13805845167361,79.6779556274414,417450
2022-01-25,79.53281502571774,80.97833675293819,79.3586551357857,79.61408996582031,792393
2022-01-26,80.11336859797954,80.63584842334456,79.59088877261453,80.27011108398438,259450
2022-01-27,80.88544669891867,80.98413908339082,79.9972347267248,80.41521453857422,992200
2022-01-28,79.59667090762755,82.65026905261493,79.59667090762755,79.99723815917969,460697
2022-01-31,80.69388118891644,80.69388118891644,79.18450184637472,79.53282165527344,886723
2022-02-01,80.02047187212632,80.02047187212632,79.53282702992291,79.70117950439453,766261
2022-02-02,80.33976342339746,80.56617082497938,79.67795867170099,79.96822357177734,804995
2022-02-03,80.25847887926342,80.72871107927389,79.76502665930569,79.95660400390625,489892
2022-02-04,80.51973583083861,80.51973583083861,79.4747762785917,79.54444122314453,238888
2022-02-07,79.54443859646209,79.817286051596,78.94649132549374,79.12065124511719,127215
2022-02-08,79.53282025162927,79.75922763621621,78.37175586646289,78.7549057006836,264973
2022-02-09,79.23095138496234,80.75194579250409,78.86521895219593,80.4210433959961,393501
2022-02-10,81.14088453024965,81.14088453024965,79.53861553320577,79.97982025146484,1203600
2022-02-11,80.63582770616229,85.959297524115,79.5966757650138,83.01600646972656,494872
2022-02-14,81.66915995973169,84.17705333145642,81.0421853987971,81.22215270996094,443818
2022-02-15,81.22216716641813,81.22216716641813,80.54874757977032,80.65904998779297,1342048
2022-02-16,81.2744187744162,84.1770725857761,80.92609895288888,81.18153381347656,422626
2022-02-17,81.8549494858191,81.8549494858191,80.69388022205868,81.00736999511719,334342
2022-02-18,80.984145119254,81.04219516855194,80.69387538470741,80.90287017822266,201592
2022-02-21,80.69388107006928,81.73884049522643,78.95809434150134,79.23094177246094,903038
2022-02-22,78.51689191309032,81.12928568173831,78.51689191309032,80.09013366699219,800801
2022-02-23,79.53282079503354,80.40361543584714,77.84927669423739,78.81876373291016,510118
2022-02-24,78.81877092187413,78.81877092187413,75.46910473863826,76.3224868774414,745845
2022-02-25,76.69983876509221,78.36015822343727,76.63017381914392,77.93637084960938,509588
2022-02-28,78.6620429780414,81.85497215771224,77.2107133043786,80.98997497558594,1176232
2022-03-01,80.4094261568801,83.59073483106796,79.7069839486891,80.28751373291016,427491
2022-03-02,79.53862503754249,80.37458966423472,79.44574007902114,79.99143981933594,561311
2022-03-03,80.34557900916968,80.34557900916968,78.80716708760293,78.9581069946289,100161
2022-03-04,78.6678367914799,79.5328289517277,78.66202934959249,78.83618927001953,392579
2022-03-07,78.43561763458905,78.83618494238097,76.92043079486207,77.08878326416016,505089
2022-03-08,77.67513626687003,77.67513626687003,74.3138595358236,75.83485412597656,254250
2022-03-09,76.04963818588382,77.72156752936819,74.83051877658012,75.84645080566406,540951
2022-03-10,75.87548265732008,81.26861829543392,75.44008040710104,78.86521911621094,1956876
2022-03-11,77.84929100704171,79.0974331448909,74.74344939630214,76.10769653320312,903104
2022-03-14,75.48652981479361,76.04964710371499,75.12079248751049,75.44589233398438,53941
2022-03-15,76.04963734001971,76.04963734001971,74.59830797404862,75.23689270019531,1137621
2022-03-16,76.04962698206657,77.21068641909538,75.46909239153801,76.21797943115234,827579
2022-03-17,76.63016257508767,77.49515465031278,76.22378784336337,76.40375518798828,351271
2022-03-18,75.52714957114742,75.52714957114742,74.45316761096824,74.6911849975586,1718113
2022-03-21,75.17884071415664,75.17884071415664,74.30804111168467,74.34867858886719,1264297
2022-03-22,74.45441786287529,75.18868010246288,74.01386051912273,74.30168914794922,2694794
2022-03-23,74.30168914794922,74.30168914794922,74.30168914794922,74.30168914794922,0
2022-03-24,74.60125489167672,75.11230268513388,72.33972075952094,74.49552154541016,2240624
2022-03-25,74.89497880707479,75.95232239861595,74.19008800913514,75.7467269897461,439314
2022-03-28,74.66000373668378,76.65719973141084,74.66000373668378,76.36349487304688,146507
2022-03-29,77.4501973387131,78.94809788736684,76.36348749584812,77.16236877441406,609561
2022-03-30,77.24461441060218,77.24461441060218,75.30615642887491,76.38111877441406,320430
2022-03-31,76.3634918223636,77.00964445685226,76.2166393990483,76.92740631103516,1073979
2022-04-01,77.14474762956687,79.3299199237949,73.45580339767822,77.85551452636719,4517246
2022-04-04,75.8113217571605,76.65132211867525,73.1327255834095,73.71426391601562,979712
2022-04-05,73.7788811445208,75.94642961300941,73.7788811445208,75.22391510009766,174403
2022-04-06,76.04041901466506,76.04041901466506,75.54111878044715,75.85244750976562,102067
2022-04-07,75.77609372168952,76.36350350481545,74.16071188833908,74.56015014648438,1355410
2022-04-08,76.36349252375072,79.82922256318274,76.36349252375072,79.13020324707031,898378
2022-04-11,80.47537359240464,83.99984157328669,80.47537359240464,82.8955078125,4380024
2022-04-12,83.70614571384522,85.73271822469987,82.53132128420863,84.9279556274414,7033408
2022-04-13,84.88096237503045,85.75621056358794,84.05859072451689,85.36851501464844,2013140
2022-04-14,84.64599693233644,85.17466369570172,83.99984428399799,84.52851104736328,299037
2022-04-15,85.16880012359749,86.58445775900573,84.1466945812292,86.26725769042969,587640
2022-04-18,86.23201725793419,86.43760772139139,84.38167350829491,85.60935974121094,1915205
2022-04-19,86.0558088120274,86.0558088120274,82.82504479327565,84.61664581298828,2863632
2022-04-20,85.46837003992648,85.46837003992648,82.56068800142214,83.0306167602539,2792040
2022-04-21,83.23621570607217,83.99985433071802,82.82503477850115,82.91313934326172,259460
2022-04-22,83.4124345041965,83.4124345041965,81.06278582336516,82.84264373779297,405923
2022-04-25,84.58725620582653,85.85019006434588,82.23761239111074,83.10697937011719,1569796
2022-04-26,84.29355714994934,84.88096691164094,82.26698952831018,82.49020385742188,2609482
2022-04-27,83.20683116722873,83.20683116722873,82.29634517126287,82.48432159423828,656045
2022-04-28,82.68062056996723,84.91121110972969,81.6813186439122,83.36466979980469,644521
2022-04-29,83.36466979980469,83.36466979980469,83.36466979980469,83.36466979980469,0
2022-05-02,83.36466979980469,83.36466979980469,83.36466979980469,83.36466979980469,0
2022-05-03,83.36466979980469,83.36466979980469,83.36466979980469,83.36466979980469,0
2022-05-04,83.36466979980469,83.36466979980469,83.36466979980469,83.36466979980469,0
2022-05-05,83.36466979980469,83.36466979980469,83.36466979980469,83.36466979980469,0
2022-05-06,83.3646675575211,83.3646675575211,81.12812665332262,81.63372802734375,5834928
2022-05-09,81.63373551718628,81.63373551718628,77.26772600423459,77.797119140625,3643411
2022-05-10,78.45735906420362,79.1116660920081,76.85133363085926,77.89822387695312,305731
2022-05-11,78.72503405104095,78.72503405104095,76.31599088600635,77.41641998291016,703589
2022-05-12,77.9220161957873,78.21347713309997,76.01857449986257,77.93985748291016,587417
2022-05-13,77.98149311915131,79.70648694801999,77.32718614791824,79.57562255859375,277349
2022-05-16,79.70650515087799,79.70650515087799,76.13755313567111,76.76212310791016,567212
2022-05-17,77.62460887953604,77.62460887953604,76.31599474522994,76.38737487792969,320285
2022-05-18,76.13755444219008,77.62461655938579,75.6141117318605,77.23798370361328,422279
2022-05-19,77.32719912898416,77.80305837049471,77.02978772703592,77.22608184814453,269832
2022-05-20,77.46996377732286,77.89228919003833,76.73238066328922,77.2498779296875,410525
2022-05-23,77.26771357449147,77.26771357449147,76.34573231289865,76.72047424316406,372079
2022-05-24,77.0297845030296,77.32719589252999,75.98883964781164,76.2029800415039,819959
2022-05-25,75.54272437173009,77.02978634679249,75.39401867342052,76.8156509399414,484855
2022-05-26,76.43493583297152,77.62458098800059,76.43493583297152,77.33906555175781,410967
2022-05-27,77.63651480874897,79.6589154264962,77.02979112904785,77.10711669921875,5219445
2022-05-30,77.33908982588379,78.07072741686373,77.10710814912751,77.81494903564453,1528092
2022-05-31,77.80304490908921,78.13019839302187,77.32718574991134,77.96959686279297,589902
2022-06-01,78.20158503749516,78.36813700509062,77.41641860735433,77.9874496459961,252943
2022-06-02,78.21943716330696,78.81425995835565,77.02978658124282,77.30935668945312,2305794
2022-06-03,77.25582113538643,77.26772198472496,76.19703491768423,76.43496704101562,501622
2022-06-06,77.19632774050787,77.19632774050787,75.84012536850257,76.12564086914062,374216
2022-06-07,76.37547536391217,76.37547536391217,75.86987401878031,76.01263427734375,266135
2022-06-08,75.59626290609884,76.72642927843745,74.56126838625227,75.37023162841797,265653
2022-06-09,75.37022985150348,75.54272727008878,74.12704537364998,74.69213104248047,289201
2022-06-10,74.94194935930543,75.01332949053523,74.0556606231048,74.30548858642578,247658
2022-06-13,73.2228946289982,73.2228946289982,69.08886795661394,69.9811019897461,1378689
2022-06-14,70.18928553625669,70.61161080488803,69.23756732412485,69.54092407226562,405872
2022-06-15,69.55878474962955,70.77222696931044,69.54093846946813,70.052490234375,322567
2022-06-16,70.0167913563024,70.18929373437585,69.2970546863102,69.61231231689453,641568
2022-06-17,70.70678791177666,71.25997260394233,69.683689509262,70.12980651855469,1755624
2022-06-20,70.48076193219616,71.25998294974926,69.29706183351776,69.41007995605469,1687997
2022-06-21,70.18929937794469,70.48671075389126,68.46430541030836,70.33800506591797,2324076
2022-06-22,70.33801060294182,71.85481473003216,69.15431043799218,69.36249542236328,777466
2022-06-23,70.06439048028986,71.02205937350207,69.35654955712434,70.01085662841797,1057826
2022-06-24,69.95138381999357,70.01086810603279,66.02554074862724,67.8635482788086,2112574
2022-06-27,68.41078217011537,68.88069601087042,67.21518605695543,67.92302703857422,1387090
2022-06-28,69.54690290329654,69.54690290329654,66.62631239085476,67.1854476928711,876564
2022-06-29,67.78026964794655,67.78026964794655,64.84183310815402,66.06122589111328,2090896
2022-06-30,66.61441541229308,68.46431872365872,66.50139727034833,67.20329284667969,905363
2022-07-01,67.74456055327602,68.61300286490112,67.3341311066123,68.36912536621094,648560
2022-07-04,67.81596236596017,69.38630053552943,67.81001194078661,69.01155853271484,713544
2022-07-05,68.42265806804365,68.99963945306995,67.83973125181208,68.51782989501953,86004
2022-07-06,68.96990110811542,68.96990110811542,68.34533627129072,68.49999237060547,727018
2022-07-07,68.52380213561717,68.64276570922263,68.1074271320144,68.40483856201172,562587
2022-07-08,68.40483856201172,68.40483856201172,68.40483856201172,68.40483856201172,0
2022-07-11,68.40483856201172,68.40483856201172,68.40483856201172,68.40483856201172,0
2022-07-12,68.40483856201172,68.40483856201172,68.40483856201172,68.40483856201172,0
2022-07-13,68.99965860610442,72.26524875364142,67.68509894109178,70.95663452148438,817320
2022-07-14,71.52765522124676,73.45488372370936,70.95662418407515,73.08014678955078,694057
2022-07-15,73.08014075670253,74.94193940178933,71.37894364156872,73.26453399658203,1752705
2022-07-18,71.38489604942875,74.35306939976654,71.37895061734908,73.12773132324219,1503760
2022-07-19,73.16343551940074,73.16343551940074,69.06509028974986,69.60638427734375,1140591
2022-07-20,70.18334937650458,70.72464327563131,69.29706067534667,69.55878448486328,301810
2022-07-21,69.55879004642564,69.60042804199531,68.70224341294968,69.36844635009766,297804
2022-07-22,69.44576703848793,70.78412324326611,68.70223858692589,69.33869934082031,881619
2022-07-25,69.51716050616773,69.51716050616773,68.85095748799006,68.95207977294922,66696
2022-07-26,70.00490410880522,70.4688674724534,68.70224042962121,69.88594055175781,2044601
2022-07-27,68.79146346667899,70.78412680591137,68.79146346667899,70.72464752197266,826479
2022-07-28,71.08154581347304,72.5626625096082,70.20120738920565,70.85551452636719,585578
2022-07-29,70.78412045976542,71.31946391901826,70.24877700051259,70.48075866699219,54986
2022-08-01,69.05912183115039,71.37298774731141,69.05912183115039,70.71273040771484,442792
2022-08-02,68.9996502422278,71.61687838929137,68.9996502422278,70.8138656616211,360551
2022-08-03,71.37894587149032,73.16341901908095,70.60567034702699,73.03255462646484,436096
2022-08-04,73.46083350849051,75.39401241808856,73.05040401810082,74.34712219238281,759092
2022-08-05,73.75824279120374,75.24530460076521,73.75824279120374,74.22220611572266,862627
2022-08-08,74.22220611572266,74.22220611572266,74.22220611572266,74.22220611572266,0
2022-08-09,74.22220611572266,74.22220611572266,74.22220611572266,74.22220611572266,0
2022-08-10,74.94788875283326,76.43495047341825,74.85866235393657,75.7984848022461,600739
2022-08-11,76.42902172150545,77.90418800558113,75.10256115245721,76.17324829101562,3442831
2022-08-12,76.6074618386174,78.51684921671232,76.22677444789153,78.07073211669922,2818653
2022-08-15,79.40906235615917,80.89017852285473,78.82019013678583,79.86112976074219,2176773
2022-08-16,80.30132115009015,80.59873254469652,78.87374346079953,79.55779266357422,1340412
2022-08-17,79.55779643113141,80.89614777023935,79.11167432612845,80.62252807617188,1391659
2022-08-18,80.89613855153846,82.08578904269876,80.06933413088409,81.48501586914062,1893826
2022-08-19,81.49096883928875,82.62113509401486,80.95562535274485,81.81217193603516,2607555
2022-08-22,83.59302716822141,83.77883287861292,81.920765649046,82.57109069824219,1656534
2022-08-23,82.62416834905729,85.00647569045633,82.62416834905729,83.12186431884766,3166829
2022-08-24,83.28113217521013,84.94011887192747,83.01569329117024,83.42048645019531,4243321
2022-08-25,83.6129278526187,84.07744209333637,82.1198398552505,82.36537170410156,831301
2022-08-26,83.21477365272025,84.94011880334814,80.52721318107783,80.83246612548828,2843216
2022-08-29,80.29494973318492,83.41384244975706,79.63135510729083,80.54048156738281,2143114
2022-08-30,81.542517251183,81.93404076807727,80.16224408335856,80.4940414428711,506890
2022-08-31,81.27043268782384,81.5491412089152,80.29494780117899,80.56038665771484,311334
2022-09-01,80.95855306329923,81.95394510915946,79.89680256028014,80.40776824951172,475347
2022-09-02,81.27706430739605,81.27706430739605,79.83042795748052,80.04277801513672,348894
2022-09-05,81.51595564876895,81.51595564876895,79.49863258402932,79.69107055664062,287637
2022-09-06,79.66454750288999,80.29496045655073,78.90141256863032,79.30620574951172,219156
2022-09-07,78.96775300041335,80.29494212647072,78.96775300041335,80.04277801513672,414373
2022-09-08,80.62673928929699,80.95189920711147,79.36590860883358,79.62471008300781,320035
2022-09-09,80.26176827001025,81.29034196903424,79.89679426213013,80.63338470458984,520264
2022-09-12,80.55375290517998,81.29034336024577,80.55375290517998,81.01163482666016,683410
2022-09-13,81.0116393988366,82.94933464097156,80.16223902216515,82.24592590332031,1920074
2022-09-14,81.95393722663202,82.61753186004604,81.16425799276524,81.40315246582031,1539329
2022-09-15,81.05811014664515,81.91414809174444,80.2286166024978,80.28833770751953,528677
2022-09-16,80.95190540586191,80.95190540586191,78.3041643181199,78.57624053955078,683089
2022-09-19,78.76867487628202,78.96775527605749,77.30876882067813,77.6272964477539,160901
2022-09-20,78.94786049555769,78.94786049555769,76.67836788761804,77.35523223876953,278177
2022-09-21,77.35523502856479,78.29090599844686,77.2424251431087,77.6140365600586,404942
2022-09-22,78.17144975516582,78.30416665657228,76.14748410035313,77.3220443725586,1734734
2022-09-23,76.32666464207664,77.4746857680388,74.32261075820423,74.80039978027344,1307884
2022-09-26,74.98618833143735,75.98158021194315,74.82028968468637,75.40425109863281,1028947
2022-09-27,76.31338887866815,76.63854885716869,74.32260482096376,74.68758392333984,769135
2022-09-28,74.97955452436277,75.64978650661772,73.99743732419579,74.18988037109375,1547754
2022-09-29,74.18988028286722,74.18988028286722,72.26545487900133,72.69015502929688,1453959
2022-09-30,72.72997333876606,74.91983773031406,72.331817557437,72.82951354980469,1207019
2022-10-03,73.32721266211679,74.2429715044201,72.26546217912185,72.59725952148438,531672
2022-10-04,72.65034227261894,73.99080119670082,72.33181462278375,72.98213958740234,697031
2022-10-05,73.00206091100874,73.58602247675788,72.50436484137813,72.78307342529297,545537
2022-10-06,73.49311746446544,74.48850957459364,72.66362403935861,74.30270385742188,1166714
2022-10-07,73.6722814316831,78.2842676384681,73.06177552221995,73.57274627685547,917917
2022-10-10,73.65900117676817,74.28278172575654,71.67485472482282,71.814208984375,1099099
2022-10-11,72.0066489484259,73.26084229359141,71.94029050330879,72.54415893554688,1279628
2022-10-12,72.39817102935072,74.31595904963302,72.3318125808324,73.08167266845703,1030331
2022-10-13,73.0816718044018,73.3272036301242,72.00665178777,72.30526733398438,519385
2022-10-14,72.33845052255742,72.69679222280979,71.6682185426692,72.18582153320312,630758
2022-10-17,72.696794470425,72.696794470425,71.60186230738312,72.25881958007812,227810
2022-10-18,72.65698427030993,72.65698427030993,71.80094647638492,72.13274383544922,585212
2022-10-19,72.33182678670767,73.85809671651175,72.0730252426804,72.71671295166016,1638100
2022-10-20,73.32720699919957,73.32720699919957,72.53089546415738,72.66361236572266,491350
2022-10-21,73.00204276333827,73.00204276333827,71.96683175312918,72.52425384521484,912964
2022-10-24,73.65900320669601,73.65900320669601,72.01328631281324,72.37826538085938,194258
2022-10-25,72.38490835588888,72.89587402793782,72.00002222935429,72.3119125366211,304001
2022-10-26,72.31191996702752,73.65901648549384,71.8341309419343,73.3935775756836,3638000
2022-10-27,73.66389204659265,73.66389204659265,72.31902059879752,72.58934783935547,500093
2022-10-28,72.35957102391578,72.98132009496662,72.04193688916534,72.37984466552734,170362
2022-10-31,72.91374093843497,72.91374093843497,70.82547331626195,71.17689514160156,738398
2022-11-01,71.18366213545582,71.97436519165524,71.03498187065303,71.42695617675781,480746
2022-11-02,71.94057575053725,72.3122764301272,71.04174483127635,71.79190063476562,552107
2022-11-03,71.78513699449641,71.9743645457968,71.6364567310278,71.9000244140625,152402
2022-11-04,71.04173097908006,72.31226233019412,69.20351189674423,70.5821762084961,698612
2022-11-07,72.24468289272681,72.24468289272681,70.29157637743101,70.96063232421875,528322
2022-11-08,71.49452001074768,72.98807159786533,70.66326470443764,72.87318420410156,2429031
2022-11-09,72.87318420410156,72.87318420410156,72.87318420410156,72.87318420410156,0
2022-11-10,73.66389355842388,77.21192512889843,73.66389355842388,76.76588439941406,4282796
2022-11-11,77.21193376952954,78.19186434575445,75.69134864058914,76.59693908691406,1156474
2022-11-14,76.43473746164594,76.97539196257077,76.23199589084672,76.36039733886719,1136967
2022-11-15,76.02924941130105,76.36715718646239,75.70485567847824,76.11710357666016,220752
2022-11-16,75.63051511905317,76.1981976644367,75.63051511905317,75.79946899414062,83637
2022-11-17,75.83328246201613,76.029269642489,75.01554604725581,75.27911376953125,852354
2022-11-18,74.91414852770228,75.69133739827217,74.66410008796342,75.13716888427734,1090116
2022-11-21,75.13717192268004,75.35343268917775,74.71816443181301,75.19123840332031,125802
2022-11-22,75.42100300256071,75.65753737826412,74.54244601336762,75.45479583740234,397877
2022-11-23,75.69135808607213,76.02926593467066,75.10339657332743,75.70487213134766,686276
2022-11-24,76.22524602875333,76.23200562879582,75.08987555662867,75.22503662109375,865558
2022-11-25,76.36716473924542,76.36716473924542,74.819546357218,75.56294250488281,648554
2022-11-28,76.22522811477482,76.22522811477482,74.33970231904601,74.7114028930664,663283
2022-11-29,74.73169611124308,75.31965242919698,74.4816424635669,74.90065002441406,495841
2022-11-30,74.67761366157657,75.04931425353908,73.72471132003437,74.01531219482422,434524
2022-12-01,74.0355941196426,75.04931742485324,74.0018012803769,74.08290100097656,271576
2022-12-02,74.20455854948163,74.83982173823811,72.31227271507278,73.5760498046875,358287
2022-12-05,73.98153050053064,73.98153050053064,72.65017301655934,72.76506042480469,204498
2022-12-06,73.59631873513317,73.59631873513317,71.7783731492557,72.2582015991211,258717
2022-12-07,72.19060975006751,73.32597996872906,71.95407536202615,72.13654327392578,1845638
2022-12-08,72.31226889398984,72.31226889398984,70.96063769970966,70.99443054199219,341014
2022-12-09,71.56887176127167,71.56887176127167,70.62272890737637,71.15662384033203,238276
2022-12-12,71.63644823421295,71.63644823421295,70.96063268483357,71.2647476196289,688410
2022-12-13,71.06877380433936,72.37985261448712,71.06877380433936,72.14331817626953,247835
2022-12-14,72.31226407551478,72.31226407551478,71.70402904740523,71.83919525146484,292245
2022-12-15,71.70402461188107,71.87297848945668,69.94690531630724,70.83222198486328,1424184
2022-12-16,70.96063852725665,71.90678140549952,70.21724239294578,70.8051986694336,842800
2022-12-19,72.177107644568,72.177107644568,70.89305698221226,71.7851333618164,1219732
2022-12-20,71.80539474059162,74.33970279025955,69.5076210776801,71.83242797851562,3337471
2022-12-21,70.28481986212893,71.63645101332372,70.14965880943491,70.21047973632812,360535
2022-12-22,70.2848046379051,71.48099567894039,69.81173589988268,71.00792694091797,317546
2022-12-23,71.04173542442861,71.04173542442861,69.56169765848311,69.9671859741211,340433
2022-12-26,71.26474489574126,71.26474489574126,68.7304366824352,68.83856964111328,778816
2022-12-27,70.48757260944969,70.62273367367223,68.27089300132576,68.39929962158203,275909
2022-12-28,68.58851813632107,68.58851813632107,66.36508437720266,66.9124984741211,5088729
2022-12-29,68.25737367748123,68.25737367748123,66.50025419818455,67.02738952636719,661835
2022-12-30,67.56803612987333,67.98703844105465,66.90573466952742,67.27067565917969,553631
2023-01-02,67.51397709749072,68.52770046184926,66.90574204766288,68.05462646484375,1045918
2023-01-03,67.7505054588485,68.39252813643225,67.24364382199926,67.41935729980469,218223
2023-01-04,67.98705210397749,67.98705210397749,66.70300136146385,66.8111343383789,374911
2023-01-05,66.56782191227754,67.27743019813299,66.060960324113,66.21640014648438,567575
2023-01-06,66.2299298385279,66.70299870352038,64.91884590402883,65.16889953613281,2489023
2023-01-09,65.04725137525752,67.57480027071252,64.10110850585919,64.23627471923828,2795241
2023-01-10,64.53361541364785,65.14860994364416,63.95241371833409,64.30384063720703,373743
2023-01-11,64.40521887905783,65.18240257518458,63.53341626984279,63.87807846069336,1589929
2023-01-12,64.4660370842337,64.67553822938724,63.06033967324707,63.60099411010742,343849
2023-01-13,64.06732137624601,64.16868959208134,62.78327069633852,63.07387161254883,373564
2023-01-16,63.79022001853801,63.79022001853801,62.5129292284101,62.769737243652344,386617
2023-01-17,63.188758536263315,63.188758536263315,59.559626911740935,60.17462158203125,1826716
2023-01-18,62.14124926490852,62.14124926490852,58.80272333593682,60.904510498046875,612875
2023-01-19,60.904497118798844,62.093928733355206,60.147581872756646,60.56658935546875,399814
2023-01-20,60.21515641511946,61.1545394914156,59.485274481345215,59.67450714111328,841155
2023-01-23,61.11399989076399,61.11399989076399,57.91739009685241,59.65423583984375,272559
2023-01-24,59.80967695403106,60.58686587786677,59.471769174629756,59.924564361572266,483602
2023-01-25,60.417914992826546,61.97228776173539,60.161101767829244,60.64768981933594,7909588
2023-01-26,60.985584754096635,65.04723705161447,60.80987644949118,64.61471557617188,5190106
2023-01-27,64.61473215559012,66.3988849886002,62.37778409242865,62.850852966308594,1255846
2023-01-30,63.526657220591225,63.526657220591225,61.77629754442352,61.93849182128906,197699
2023-01-31,63.121184603694886,63.15497229355331,61.850647844324754,62.49943542480469,1248242
2023-02-01,62.5129351951725,63.188750710795986,62.31018847806018,62.864356994628906,242154
2023-02-02,62.85084488145374,62.884637720697064,62.215576627335324,62.53321075439453,175101
2023-02-03,62.54673385242387,62.85084880032254,61.02614880080316,61.87091827392578,261622
2023-02-06,61.87092050749721,62.71569001111643,61.093731532954756,62.512943267822266,580385
2023-02-07,62.37778175280339,64.12814167657183,58.19448155157978,63.546939849853516,1018761
2023-02-08,63.52667300422616,65.25000502580912,63.39151193260037,63.59425354003906,1210116
2023-02-09,64.13489629835124,65.79064232237991,63.5942417995327,65.3108139038086,1543510
2023-02-10,65.0202150145093,65.55410993060994,62.85084766543015,64.17544555664062,1073537
2023-02-13,64.67554806313275,65.38515647489817,63.51990405579241,63.817264556884766,755610
2023-02-14,64.40523125122184,64.40523125122184,63.32392212425021,63.83078384399414,376879
2023-02-15,64.13489324496152,64.13489324496152,61.90469998859134,62.44535446166992,1918798
2023-02-16,62.83056470616941,66.25694891293841,62.44535009674791,65.30404663085938,7235853
2023-02-17,65.25675537084723,66.36509258796123,65.25675537084723,65.61493682861328,979631
2023-02-20,65.62169024217826,65.62169024217826,63.86457080675023,64.42549896240234,858896
2023-02-21,65.08104494087942,65.1486254702881,64.33764364919239,64.85126495361328,300027
2023-02-22,64.87153490832046,65.08104124045813,64.54038672380189,64.7296142578125,426596
2023-02-23,65.18240460012441,65.18240460012441,63.864566403431276,64.22274780273438,493635
2023-02-24,64.50659250927288,64.50659250927288,63.66858266675897,63.9118766784668,246669
2023-02-27,64.2024741418777,64.40522085948786,63.22254370424274,63.55369186401367,258796
2023-02-28,63.864580939854925,65.06077240942514,63.18876526853371,64.15518188476562,647523
2023-03-01,63.87132832952346,64.54038427252517,63.19551278740278,64.20247650146484,3842315
2023-03-02,63.66183752055504,66.50026658286177,63.66183752055504,65.6217041015625,1200964
2023-03-03,65.63520960900087,68.7980266632993,65.63520960900087,67.6761703491211,4330624
2023-03-06,67.71671120915707,69.27108892552081,66.94628194968998,67.27067565917969,796641
2023-03-07,67.27067972417937,67.58155425502488,65.8987749977725,66.35832977294922,865895
2023-03-08,66.86520163224242,66.90574892104189,65.8987850526959,66.07449340820312,552305
2023-03-09,66.77057234254585,66.77057234254585,65.82442962720198,66.33805084228516,614815
2023-03-10,67.17605881668581,67.58154706788052,66.39886999419261,67.20984649658203,1143888
2023-03-13,68.25060082825047,68.25060082825047,66.73677566447041,66.99358367919922,600702
2023-03-14,67.5139687873901,67.5139687873901,66.36507935555908,66.64892578125,469676
2023-03-15,66.39886646122154,68.35873225312152,65.82442437292221,67.89917755126953,922075
2023-03-16,68.25061289531303,68.25061289531303,66.9057413561944,67.44639587402344,884687
2023-03-17,68.12220605496321,68.39252813643225,66.90573606409976,67.41935729980469,1432843
2023-03-20,67.4820672144487,67.4820672144487,66.19304580666183,66.3323974609375,222235
2023-03-21,66.19304095406935,66.19304095406935,65.35692045786142,65.53111267089844,667758
2023-03-22,66.11641799020605,66.12338716950906,64.72984900077725,64.74378204345703,3700308
2023-03-23,64.74378204345703,64.74378204345703,64.74378204345703,64.74378204345703,0
2023-03-24,65.25240774087369,65.25240774087369,64.10273800691259,64.53473663330078,125466
2023-03-27,65.25241355588057,65.25241355588057,63.75435924272974,64.62532043457031,4762770
2023-03-28,64.79253174535401,64.86917674161107,64.10273209496482,64.61833953857422,518723
2023-03-29,64.77860614042025,65.46143669242643,64.27693167678517,64.77163696289062,396911
2023-03-30,64.93886607695657,65.49628338103768,64.93886607695657,65.447509765625,171446
2023-03-31,65.80982078351649,66.88284553239862,65.16879466836868,66.3323974609375,267783
2023-04-03,66.86890348274903,66.88980569648132,65.84465248247379,66.43690490722656,297354
2023-04-04,66.43692405637458,66.54144047108498,65.77499562308483,66.17912292480469,392125
2023-04-05,66.17910273825261,66.47174435743698,65.92129636939549,66.38813018798828,474436
2023-04-06,66.01886208710201,67.58659232136036,66.01886208710201,67.2730484008789,332462
2023-04-07,67.58658565874217,68.2833545830591,67.09884953809032,67.3984603881836,212849
2023-04-10,66.90373953815187,67.5865753185209,66.88980650080418,67.21031951904297,513230
2023-04-11,66.97342096591792,67.27303177148498,66.88980679369308,66.98038482666016,204649
2023-04-12,66.88980389787147,68.03947346555094,66.88980389787147,67.91405487060547,635408
2023-04-13,68.63171466265416,69.67686767782149,68.28333032426505,68.98706817626953,1138825
2023-04-14,68.98706817626953,68.98706817626953,68.98706817626953,68.98706817626953,0
2023-04-17,67.69109597100837,69.60721034050414,67.69109597100837,68.47147369384766,1121955
2023-04-18,68.5620599569906,69.25882884818782,68.5620599569906,68.92437744140625,1690580
2023-04-19,68.84076107459579,68.9801127112792,67.8374122795178,68.35301971435547,1145741
2023-04-20,68.35303963727354,69.3285173261533,67.76775621350112,69.1334228515625,3552523
2023-04-21,69.1334228515625,69.1334228515625,69.1334228515625,69.1334228515625,0
2023-04-24,69.1334228515625,69.1334228515625,69.1334228515625,69.1334228515625,0
2023-04-25,69.1334228515625,69.1334228515625,69.1334228515625,69.1334228515625,0
2023-04-26,69.34941234180138,69.85108683344748,68.59690060433222,68.82683563232422,1822724
2023-04-27,68.95618088730545,70.42211120705818,68.82683393313818,70.1490478515625,827836
2023-04-28,70.42211687086494,71.57186462125027,69.82568334076734,71.36347198486328,2062197
2023-05-01,71.36347198486328,71.36347198486328,71.36347198486328,71.36347198486328,0
2023-05-02,71.12633726817643,71.57186141764204,70.50834685205045,70.78141021728516,900249
2023-05-03,70.78140742047927,71.14070390484719,70.4149234713438,70.4292984008789,548179
2023-05-04,70.42929370414697,71.28441555186504,70.42929370414697,70.73828887939453,2849011
2023-05-05,70.99698026069332,70.99698026069332,70.3861719136414,70.65924072265625,303945
2023-05-08,70.65925355097382,70.99699315032812,69.91910361150187,70.38618469238281,360532
2023-05-09,70.75985822523216,70.75985822523216,68.33819768282677,68.97774505615234,869007
2023-05-10,68.66155727669252,68.98492190515131,67.66271353353518,68.11542510986328,357456
2023-05-11,69.52387029267334,69.62447287052318,67.43994956984378,67.62678527832031,506590
2023-05-12,68.12260965724253,68.26632604541926,67.47587494558964,67.6124038696289,301935
2023-05-15,67.9070434864077,67.9070434864077,67.18845043364149,67.35372924804688,276205
2023-05-16,67.54773796191971,67.91422190509114,66.90100320409634,67.26029968261719,1028458
2023-05-17,67.79205860262519,67.79205860262519,66.82195918325183,66.87944793701172,707288
2023-05-18,67.18843825908954,67.18843825908954,66.3979871407625,66.48421478271484,319829
2023-05-19,66.46985470094448,66.95849817642159,66.11055818904748,66.8075942993164,145597
2023-05-22,67.22437271998587,67.79205632640858,65.68658424433316,65.77281188964844,350264
2023-05-23,66.54170327369741,66.54170327369741,65.38476823428242,65.42070007324219,839154
2023-05-24,65.39195556063606,66.26145233382559,65.39195556063606,65.6578369140625,238972
2023-05-25,65.57161099876271,66.82914874394446,65.39196274945103,65.42789459228516,204868
2023-05-26,65.57161103294676,65.7512592823521,64.60151158264385,64.68055725097656,668107
2023-05-29,65.0326707595339,65.74407634104955,64.45779412890862,64.65181732177734,1031742
2023-05-30,64.6733449816424,65.03264134265153,64.49369680113784,64.78832244873047,608374
2023-05-31,65.03266643852567,65.31291726966639,63.67452610840386,63.890106201171875,394717
2023-06-01,64.31407265229659,64.6589997000192,63.20025132400571,63.236183166503906,502721
2023-06-02,63.236177219731445,63.44456982527885,62.51758429677995,62.83376693725586,719054
2023-06-05,62.83376359806072,64.88893968707741,62.62537100358799,63.83260726928711,1475068
2023-06-06,63.961957594216486,64.67336305271627,63.52361547270932,63.6026611328125,743526
2023-06-07,63.94757538825526,64.1344110620032,62.733157214964365,62.869686126708984,739831
2023-06-08,63.236174629226376,63.236174629226376,61.90677887271133,62.007381439208984,830018
2023-06-09,62.007384595201586,62.51039745329173,61.798991987584536,61.86366271972656,597755
2023-06-12,61.863673222921776,62.359504183241924,60.721112901663915,61.08759689331055,2312352
2023-06-13,61.69119762969703,62.948735169252295,61.43969121827169,61.84928894042969,706924
2023-06-14,62.34511952755586,63.16431496853075,62.01456746211235,62.91999053955078,794049
2023-06-15,63.23617477949883,63.59547122710962,62.460093136876644,62.53913879394531,670411
2023-06-16,62.84096030559952,62.84096030559952,61.08759698394901,61.59779739379883,1079559
2023-06-19,62.15829117746408,62.15829117746408,59.283919331107356,59.614471435546875,1698074
2023-06-20,59.49951723614786,60.6492652226216,59.49951723614786,60.160621643066406,831538
2023-06-21,60.18216153665376,60.534270558623824,59.49950040473209,59.83723449707031,577146
2023-06-22,59.22643734829917,60.31870184492682,59.22643734829917,59.8803596496582,93816
2023-06-23,59.42763947461033,60.146232481473476,59.42763947461033,59.63603210449219,225761
2023-06-26,60.361800333297474,62.589437106254906,60.002503902742134,62.424163818359375,1585797
2023-06-27,62.517591994621526,63.58829404657557,61.08040597175667,62.06488037109375,1988931
2023-06-28,62.06488037109375,62.06488037109375,62.06488037109375,62.06488037109375,0
2023-06-29,62.06488037109375,62.06488037109375,62.06488037109375,62.06488037109375,0
2023-06-30,62.06488037109375,62.06488037109375,62.06488037109375,62.06488037109375,0
2023-07-03,66.72134399414062,66.72134399414062,66.72134399414062,66.72134399414062,1280696
2023-07-04,71.14069836136936,71.14069836136936,67.55492126187133,69.29391479492188,7229734
2023-07-05,69.68195841932263,71.0688430158119,68.63281338255065,69.84004974365234,1813009
2023-07-06,69.39452078550775,71.57904400583693,68.98492302434786,71.13351440429688,2716543
2023-07-07,69.92628348080254,71.78025474732824,69.92628348080254,70.73110961914062,563674
2023-07-10,69.8831689708729,71.10477487302177,69.8831689708729,70.78141021728516,552268
2023-07-11,70.43647807728502,75.38040104908931,70.43647807728502,74.44622802734375,2768436
2023-07-12,75.45225347186827,79.81411209613533,75.45225347186827,79.3829574584961,5297599
2023-07-13,79.72787947931485,81.58185046354748,78.0535622011979,78.62843322753906,3276575
2023-07-14,78.32663668601899,80.84171217593703,78.32663668601899,80.18778991699219,1920209
2023-07-17,81.1291558223287,81.55312308702675,78.97337668878106,79.51232147216797,1298464
2023-07-18,80.10155286536603,82.4585367421132,79.15301043978658,80.99979400634766,2743513
2023-07-19,80.84172065794885,81.91242280091595,80.41056591092581,81.35192108154297,1254336
2023-07-20,81.56030372512352,82.26452726206753,81.2441210576267,81.78306579589844,897458
2023-07-21,81.91960833108763,85.87187013653484,81.91960833108763,85.03829956054688,4292178
2023-07-24,84.9736147467404,87.38089998768866,84.15441923767058,86.71260833740234,1814363
2023-07-25,86.71261056594923,88.8180881434421,85.55567546977979,87.07190704345703,2269346
2023-07-26,87.66834808411511,89.02648844780745,86.37487846039403,88.56658935546875,2359953
2023-07-27,88.56658935546875,88.56658935546875,88.56658935546875,88.56658935546875,0
2023-07-28,88.56658935546875,88.56658935546875,88.56658935546875,88.56658935546875,0
2023-07-31,90.21935451133125,95.21357373303563,90.21935451133125,94.76085662841797,5554674
2023-08-01,94.92614155792187,95.56568890193961,92.87814708159105,94.35126495361328,1767806
2023-08-02,94.17160324603672,96.93817937642622,93.41707849598227,95.0770263671875,2698878
2023-08-03,94.1356651009236,95.35727077567414,91.26129364746029,92.05175018310547,2406114
2023-08-04,91.97271570824688,93.73327183188029,89.14146304174693,93.05779266357422,2278521
2023-08-07,92.69849544674673,98.54784193014089,92.33919895276709,96.45673370361328,4242459
2023-08-08,96.15491307537444,98.48315799162224,94.861443677459,95.23511505126953,1837016
2023-08-09,94.92613227831609,97.0028654476624,94.24346020970168,96.2267837524414,1899207
2023-08-10,96.47111399368987,98.08794830643328,91.9870895523321,93.92729949951172,3988784
2023-08-11,93.41708587896254,98.792158211684,92.77753857577014,95.12014770507812,5907832
2023-08-14,95.12014770507812,95.12014770507812,95.12014770507812,95.12014770507812,0
2023-08-15,96.2842782898581,96.2842782898581,93.81231665983152,95.1991958618164,765778
2023-08-16,95.10578523835068,95.86029909506235,94.45186299533246,94.97643280029297,1072360
2023-08-17,94.49496359137727,95.21355647039915,92.33918495431163,94.07817840576172,2000034
2023-08-18,94.13568816400024,94.49498468371017,93.30931055461126,93.43865203857422,530774
2023-08-21,92.73442468780446,93.41708581424454,91.91522914310465,92.51884460449219,1184294
2023-08-22,93.4310607124219,93.4310607124219,90.85017171212644,91.98487091064453,674116
2023-08-23,92.251854501659,92.7042517026253,90.56092985591808,92.0219497680664,2035400
2023-08-24,92.70424697718451,95.67078288045441,91.29514129148765,93.49779510498047,2260232
2023-08-25,93.18630802081576,94.48416744824156,92.33342783686376,94.15042877197266,1914720
2023-08-28,93.46072310227026,94.03920243033423,92.70425883975419,93.21598815917969,1491287
2023-08-29,93.44588309505923,93.44588309505923,92.14802360762785,92.36309814453125,292897
2023-08-30,91.82170886064519,92.68200706466608,89.73771901481541,90.79825592041016,652749
2023-08-31,90.77601055405663,90.77601055405663,85.2879173494892,86.75635528564453,7393117
2023-09-01,86.99366338889664,86.99366338889664,85.287903064323,85.87379455566406,1117695
2023-09-04,86.76376704761942,87.5128190321108,85.70323011607103,86.12596130371094,792829
2023-09-05,87.20133755630938,87.29033002574319,85.51041273843846,85.76256561279297,477143
2023-09-06,85.66615489199967,86.58577957470159,85.47332844526217,85.93314361572266,1516556
2023-09-07,86.84534146860003,88.20995098973313,86.03696311337268,86.77117919921875,1268122
2023-09-08,88.23219412928998,89.2927309304719,86.77117430617034,88.89966583251953,2190543
2023-09-11,89.14440475143506,90.4793482179379,87.92071317506226,89.05541229248047,2166855
2023-09-12,89.51522487274276,89.51522487274276,88.1209549377401,88.26927947998047,526122
2023-09-13,88.2989483887501,88.85517392755017,88.2544521562761,88.61785125732422,101505
2023-09-14,88.88483194018947,89.69321592583634,88.21736022227422,88.30635833740234,186316
2023-09-15,88.40276668800077,88.99607612545775,86.25203270821005,86.9120864868164,2273577
2023-09-18,86.93433104046031,87.141987637601,86.10369899367963,86.31135559082031,181429
2023-09-19,86.61544595468575,87.1420054790195,86.11113454771245,86.72669219970703,578530
2023-09-20,86.40035019031527,87.1345661741552,85.99986720143413,86.30393981933594,424669
2023-09-21,86.28912220412204,87.26807894215264,85.2879173494892,86.75635528564453,1028936
2023-09-22,86.77118387355648,87.12717070726939,85.88863754318689,86.80084991455078,1227791
2023-09-25,86.80827627336875,87.67598683843579,86.39295731731617,86.77861022949219,546928
2023-09-26,86.77859117236245,87.20873456856212,85.8812147604884,85.97020721435547,503450
2023-09-27,86.02954168963785,86.73409170742949,84.91709071951323,85.9034652709961,1556672
2023-09-28,85.9034652709961,85.9034652709961,85.9034652709961,85.9034652709961,0
2023-09-29,85.9034652709961,85.9034652709961,85.9034652709961,85.9034652709961,0
2023-10-02,85.28047839509588,87.43863570483143,84.9541633350315,86.49675750732422,942555
2023-10-03,86.7711696832881,87.4608894635096,86.39293479523943,86.98624420166016,446477
2023-10-04,87.4312348740658,89.07024539256923,87.14199805657803,88.54368591308594,2209795
2023-10-05,88.54369445322469,89.73772580292948,88.54369445322469,89.10733795166016,1175497
2023-10-06,89.70063098845628,90.479348960006,89.38172813874391,89.67838287353516,758946
2023-10-09,88.9960782620838,90.33102169930237,88.25444427656645,89.91570281982422,461753
2023-10-10,90.10853324368988,93.4458863267895,89.84896246887028,92.54109191894531,1695875
2023-10-11,92.7784130315867,93.77961780817931,92.14802525804457,93.0676498413086,712220
2023-10-12,93.44588620522948,93.62387678512874,91.59180116147493,92.43726348876953,496916
2023-10-13,92.19251587056193,95.55954039031475,91.77720266308,95.2183837890625,1951060
2023-10-16,94.92174701942123,95.55955845727034,93.81671379303779,94.49901580810547,671870
2023-10-17,95.67078670991893,97.51745945753929,94.92915270441569,95.1664810180664,1551332
2023-10-18,95.29996432987225,96.34567093457274,94.70665489565974,96.17508697509766,1077660
2023-10-19,96.22702741175726,99.37897243295163,96.18994344233784,98.37776184082031,4569550
2023-10-20,98.63731894749128,99.37154065868671,98.08850573055805,98.60023498535156,1309901
2023-10-23,99.0081422852932,100.12059332220662,98.563157343953,99.06747436523438,1675210
2023-10-24,99.9722635600441,99.9722635600441,98.26650312923051,98.88947296142578,700292
2023-10-25,98.6743932450584,100.56556196459137,98.63730928655083,99.08970642089844,1510789
2023-10-26,99.08230374783777,102.23424814671777,99.0081358236425,100.86222076416016,1277251
2023-10-27,99.83136188828576,102.93881042958427,99.83136188828576,102.02660369873047,1387699
2023-10-30,103.05015509141738,105.16656987423268,102.73462581230103,104.5354995727539,937360
2023-10-31,105.43595149874336,107.74476795492023,104.58938076751275,105.76687622070312,1512563
2023-11-01,106.20554762416268,106.97515304172907,105.05113949781308,105.44363403320312,1135954
2023-11-02,105.52060843004239,106.58266775629558,103.62737377149293,104.01217651367188,797885
2023-11-03,105.35898028292401,110.36141565451967,103.97369988231057,108.97613525390625,5199507
2023-11-06,109.29937035494261,110.6538717324829,107.26761241700852,109.16083526611328,1179922
2023-11-07,108.51438106147924,111.24648307515201,108.51438106147924,109.82270812988281,2203138
2023-11-08,109.82269907496305,112.72411500755045,109.66878032841481,112.13151550292969,9764905
2023-11-09,112.13151550292969,112.13151550292969,112.13151550292969,112.13151550292969,0
2023-11-10,112.2084745564806,117.90355006726104,112.13150931582939,115.14836120605469,3590067
2023-11-13,115.44081579133484,116.18733400624524,112.59327801713133,113.73998260498047,1336903
2023-11-14,113.88621004606824,113.88621004606824,110.97710241407788,112.0391616821289,1613067
2023-11-15,112.03915198227958,112.36238483082255,110.03048148235489,112.06993103027344,3545898
2023-11-16,111.59278084591809,112.70870630572803,110.82317546077383,112.06224060058594,2234847
2023-11-17,112.24695047006172,112.71641022619119,110.63077445892843,111.04635620117188,873703
2023-11-20,112.31620793517105,113.49370319460178,110.06125812754016,112.35469055175781,1308109
2023-11-21,112.36238847516852,114.66351285027665,112.36238847516852,112.9088134765625,1297930
2023-11-22,113.5168133367934,118.75013318164775,113.13201057971953,117.97282409667969,2730894
2023-11-23,117.74963654078361,125.44569121665182,117.3648338069902,124.69917297363281,3188282
2023-11-24,125.06089309621048,127.75451233212885,123.14457118365928,123.583251953125,1908471
2023-11-27,121.97476717955794,124.29127526497723,115.05601022980865,121.63613891601562,8995965
2023-11-28,121.72848099343055,123.89107022250488,120.08152595742855,122.45191192626953,4241449
2023-11-29,122.75975226982123,124.5221551997413,120.4432442595544,120.4663314819336,5217781
2023-11-30,122.98295882089313,123.90648305401261,117.3648364331486,119.16571044921875,2247161
2023-12-01,119.48124202043948,120.05844608817107,118.13443252906576,119.3888931274414,1175094
2023-12-04,117.74960470554123,120.28930441058412,117.74960470554123,119.55818176269531,978128
2023-12-05,119.98147425125161,124.29896091021409,119.98147425125161,123.22920989990234,3005900
2023-12-06,123.22920874502766,128.75498143764216,122.99063295797221,128.2316436767578,5155029
2023-12-07,128.4471437677268,134.4885511939079,126.97720629614045,133.8882598876953,3257556
2023-12-08,133.91133129888615,137.74396266519375,133.1417259465937,134.7117156982422,3868344
2023-12-11,133.21870026993025,135.365894182322,127.75449719847978,130.6251220703125,1494980
2023-12-12,130.98683687345087,131.56404092407703,130.14027797848036,130.64820861816406,624253
2023-12-13,131.60253186016683,133.14174275911614,121.03585232698897,126.76171875,1253621
2023-12-14,126.76170878131217,128.13929726050787,123.15225762820788,123.72946166992188,1208938
2023-12-15,124.67607438061762,125.0223944608034,120.82804739356153,122.2979965209961,2595594
2023-12-18,123.13685879142263,124.98390697599558,117.74962121929788,119.00408172607422,1279721
2023-12-19,118.51924841105469,121.9824732022868,116.71837433799354,119.49665069580078,2375339
2023-12-20,121.4745254019852,121.5053161972156,115.51778653889009,117.49566650390625,1278692
2023-12-21,117.90354021066794,118.12673234394967,114.67120000873534,117.2262954711914,727262
2023-12-22,118.13443569186897,118.13443569186897,115.82561935912886,116.09498596191406,342332
2023-12-25,116.09498596191406,116.09498596191406,116.09498596191406,116.09498596191406,0
2023-12-26,116.09498357369476,116.09498357369476,112.36239254858347,114.33258056640625,992469
2023-12-27,115.42541814018772,122.36726234897449,112.47782795869261,121.57456970214844,1173850
2023-12-28,122.35958363387206,127.75451400368738,122.35958363387206,124.70687103271484,2399892
2023-12-29,124.67607206089822,125.95361981520998,123.1368612947143,124.18352508544922,694657
2024-01-01,124.67605517676296,127.98536022454819,124.18350826801665,126.4769287109375,603653
2024-01-02,127.73911226522733,130.05563223912685,126.21529672699847,127.83916473388672,1194684
2024-01-03,128.52411299213037,129.239840439699,125.42260389950464,126.1229476928711,936862
2024-01-04,126.21529609484385,126.9849015588368,124.49907919824885,125.599609375,249269
2024-01-05,126.20760262792167,126.59240535491828,124.67608354690609,125.31485748291016,520864
2024-01-08,126.60008937920553,126.60008937920553,124.67607586280423,125.23788452148438,174594
2024-01-09,124.98392414873587,125.83049486654376,122.9521661692445,124.16814422607422,214549
2024-01-10,124.06040308700858,124.98392732969145,120.06614870057611,121.3821792602539,779204
2024-01-11,122.14408699479088,125.0608865037574,120.82805649901483,122.54427337646484,1362772
2024-01-12,123.9064635246647,126.13831438153733,122.02862455878771,123.82949829101562,1352892
2024-01-15,124.67607196403218,126.21528272902023,123.52166389029114,124.10655975341797,597573
2024-01-16,123.90649008955495,124.67609561806151,123.1368845610484,123.20614624023438,397173
2024-01-17,124.29126758034998,126.68474075704506,123.13685952232815,126.51542663574219,2778728
2024-01-18,126.55392718239968,126.9079391274629,124.68377975696502,126.38461303710938,5414426
2024-01-19,126.97716577580805,128.52406799537033,126.59236317701952,126.87711334228516,909282
2024-01-22,127.36970479442593,127.62367600773744,126.29995366497606,126.92333221435547,1837901
2024-01-23,128.508696499476,130.448105246111,126.90791598166167,129.50918579101562,2064458
2024-01-24,129.84013301254367,131.29468675790494,129.1013066568975,130.6251220703125,1107720
2024-01-25,130.83292322910643,134.27306044406092,130.83292322910643,133.08016967773438,8505529
2024-01-26,132.41828285947975,133.90362715930132,130.83289785846688,131.10226440429688,861328
2024-01-29,129.70158135084438,130.80981487100277,127.60056215243706,128.05462646484375,435690
2024-01-30,128.29321873979447,129.29370811552823,123.13686487193165,123.5986328125,461285
2024-01-31,124.2143060149172,127.7468037016746,123.14455498594829,123.99881744384766,977142
2024-02-01,125.29176532173058,128.9089084643188,124.68377046081497,127.4081802368164,1005572
2024-02-02,128.5164204057769,129.67852042654062,126.98490130788845,129.1705780029297,897500
2024-02-06,130.06331320345225,130.84061043348993,129.25522518105367,129.70928955078125,1884705
2024-02-07,130.8252172794595,132.71074803262303,130.6405077684482,131.27928161621094,846847
2024-02-08,131.27928161621094,131.27928161621094,131.27928161621094,131.27928161621094,0
2024-02-09,127.03104513736149,130.83289708450081,123.90644959179195,129.23211669921875,1148046
2024-02-12,128.90889620347784,130.8252177537129,125.83047480160374,128.44712829589844,2231336
2024-02-13,127.36969849317664,131.2177256379856,124.69147488849873,130.52508544921875,2491967
2024-02-14,130.90989532307108,131.98733828524342,129.67852187209047,130.0017547607422,603754
2024-02-15,130.8175146840005,134.68862867217769,128.1469831682188,130.2403106689453,5071966
2024-02-16,130.83288355095584,131.60248874831439,128.13926536020085,129.08587646484375,1081197
2024-02-19,128.51640929849782,129.87091056781418,126.98489033297385,129.07052612304688,713794
2024-02-20,127.84684021397219,129.98634220156302,127.0618511922778,127.454345703125,425981
2024-02-21,129.6785073717996,130.37114752099737,128.44713405850777,130.0171356201172,935668
2024-02-22,129.3014158716146,135.79688817275385,129.3014158716146,134.98880004882812,1880159
2024-02-23,135.2581447431436,140.76081848063023,135.2581447431436,140.0373992919922,2582739
2024-02-26,140.83776566789052,144.67039665861316,140.0758522162175,141.9459991455078,1982115
2024-02-27,141.60741784392965,142.68486089109496,140.1066894056464,141.784423828125,1767204
2024-02-28,142.34621498715157,143.3005181341955,141.22258597530615,141.69973754882812,3097288
2024-02-29,142.23077960513393,146.14806847959503,141.79980243729696,144.60116577148438,1627314
2024-03-01,146.21736861949321,151.61229951686366,143.9162437038249,150.23471069335938,2838550
2024-03-04,150.8426556241035,152.5357851242962,147.4179140057769,148.84938049316406,643877
2024-03-05,148.53384655689172,150.75800575840236,147.76424113431716,148.3260498046875,316293
2024-03-06,149.27267692038137,149.6882586926536,147.3794423632039,148.11056518554688,472381
2024-03-07,149.68825233364424,149.68825233364424,145.4554225761376,146.64060974121094,806139
2024-03-08,146.99466420099242,147.1485829666892,144.72433011303002,145.0398712158203,326384
2024-03-11,144.68582009074152,144.68582009074152,142.7310274756931,143.89312744140625,331290
2024-03-12,143.8931246944925,144.64733470947985,143.30822880945593,143.94699096679688,679259
2024-03-13,143.53138872486062,144.3009940263344,143.13889424867716,143.52369689941406,1482780
2024-03-14,143.53141107834543,147.61032216005233,143.53141107834543,146.60983276367188,1429431
2024-03-15,147.37945232267185,149.68826880814453,146.03264270614613,148.44920349121094,987738
2024-03-18,148.53384578287898,152.38187287569968,148.53384578287898,151.11972045898438,1546946
2024-03-19,152.3741778216472,157.5382234946148,151.61226424583796,154.92156982421875,4094341
2024-03-20,155.46029542127437,156.9841108704629,154.69068999839678,156.38381958007812,1795871
2024-03-21,156.2235937311037,159.98898046843507,156.2235937311037,157.38525390625,2375031
2024-03-22,157.22501081211243,159.02759055390737,156.6241508981808,158.03416442871094,1295025
2024-03-26,160.95036823508218,167.59988833522243,160.22934108998868,165.82936096191406,3646215
2024-03-27,166.72664296838374,169.754976566233,166.72664296838374,168.45712280273438,2375850
2024-03-28,169.04193681719715,170.56411050536101,168.6413635072038,169.20216369628906,4787576
2024-03-29,169.4344962564276,172.15838976516542,169.04993709262027,171.14093017578125,1764939
2024-04-01,172.04622075209488,174.48972016228015,171.46138719638697,172.1984405517578,1033148
2024-04-02,172.23049066784355,173.848810204132,172.23049066784355,172.8634033203125,1763596
2024-04-03,173.66455477647673,173.8087552990882,168.2568151370577,170.27569580078125,1020085
2024-04-04,170.27570742768208,174.89032005878235,169.04194693782864,174.2654266357422,1468620
2024-04-08,174.64996559439552,180.7306655910661,173.0476723320616,179.62509155273438,1856452
2024-04-09,181.0591361382451,190.67289557921384,180.7386823800237,184.11952209472656,2593637
2024-04-15,183.4705895449844,186.66716907285598,182.76558880708765,183.4305419921875,4388357
2024-04-16,181.90034698322197,185.06487376503458,181.90034698322197,182.78160095214844,931991
2024-04-17,181.8682820409196,184.2637147332819,180.25798180429751,183.93524169921875,1623482
2024-04-18,184.26372371307792,185.86601696275685,173.4482442777451,175.45111083984375,5230338
2024-04-19,177.05337177587148,183.62277045568206,174.08913224986827,178.3992919921875,2123553
2024-04-22,180.01762877852678,181.78014875770498,177.51004836966777,179.04824829101562,1604012
2024-04-23,178.65570925605905,179.0562825951982,173.8488291863893,174.81822204589844,1254857
2024-04-24,175.41103751518548,176.89316354647204,172.32663058250535,172.8313446044922,1091952
2024-04-25,173.44826199855697,176.0119290150618,170.60418874489895,174.25741577148438,3631747
2024-04-26,175.25883187840307,178.25512466689216,174.17729126570242,176.8771514892578,1745546
2024-04-29,178.7966599598874,181.94069099219428,173.66689853916486,175.77671813964844,1517912
2024-04-30,179.29309412111832,179.29309412111832,175.40441388541242,175.96702575683594,821836
2024-05-02,175.65263516658698,176.48001450074443,173.7496601730635,174.70114135742188,1008057
2024-05-03,175.3216938483243,178.71395451638256,174.65980041292485,177.4149627685547,917389
2024-05-06,179.5247554292987,179.5247554292987,176.6123894083003,177.1005401611328,338513
2024-05-07,177.05918721939062,177.05918721939062,174.08061640316015,174.67633056640625,1070008
2024-05-08,176.21525594870906,176.21525594870906,172.9222895674895,174.61013793945312,909953
2024-05-09,176.01669195529797,176.02496120407847,173.84894941811558,174.60186767578125,881765
2024-05-10,175.4044240377764,176.19043190355032,174.16335499977328,174.84181213378906,3379285
2024-05-13,174.57703671211817,176.4220890628028,174.41156337289738,174.618408203125,807659
2024-05-14,174.6184068266982,181.19606985112713,174.6018557054646,179.56613159179688,1304562
2024-05-15,180.12047283246275,185.12612017098587,180.12047283246275,183.66993713378906,2617264
2024-05-16,184.25736997246247,187.4014138781611,183.6782069799195,185.4818878173828,3134728
2024-05-17,186.1603643456544,186.5740540442003,184.5056055514708,184.91102600097656,918987
2024-05-20,185.00201106373615,186.86361443373204,184.10843993116143,186.3423614501953,841740
2024-05-21,186.90497767802526,196.08889290183092,185.3329620675533,194.14454650878906,2757096
2024-05-22,194.43415978972357,197.7023059080361,191.952021579642,195.41046142578125,1927786
2024-05-23,194.43414477095783,196.494323871121,194.0204551012324,194.8892059326172,403204
2024-05-24,194.84782069027676,201.78126310552048,194.84782069027676,199.45632934570312,8615485
2024-05-27,199.45633935507664,201.88055471033874,197.74365809742196,199.69627380371094,865800
2024-05-28,199.69627380371094,199.69627380371094,199.69627380371094,199.69627380371094,0
2024-05-29,200.22578549164785,200.22578549164785,198.4055536030486,199.33221435546875,962411
2024-05-30,200.15962896065088,200.58986979655336,198.69516384360367,199.3488006591797,1315420
2024-05-31,199.3487827034309,204.11448321675863,199.3487827034309,203.5849609375,1048137
2024-06-03,203.61805759610078,204.36269394110525,199.81210763877294,201.11109924316406,1703377
2024-06-04,200.63949595222988,201.05318563460563,199.23295355711383,199.41497802734375,1636665
2024-06-05,198.74479143952217,199.77073371349022,196.5025879338672,199.36532592773438,1482973
2024-06-06,198.57105368567366,199.6052779236199,196.51087445875407,197.77676391601562,933385
2024-06-07,199.3735889059916,199.3735889059916,182.5695175136358,190.40480041503906,2707686
2024-06-10,191.10806338116075,191.10806338116075,185.01028210128,187.64134216308594,521770
2024-06-11,189.46986119603284,189.46986119603284,181.60975778397034,183.86849975585938,1039627
2024-06-12,183.67820229937658,185.66390754458254,182.18891705306905,184.6214141845703,757265
2024-06-13,184.6214275369161,194.43414712668488,184.50559493298184,192.77938842773438,1584794
2024-06-14,194.02044519745215,201.83917703119423,191.9602662024509,200.63121032714844,3177696
2024-06-20,201.05318556182746,213.05018634638097,201.05318556182746,211.445068359375,2276547
2024-06-21,211.3954192172522,218.33714392897562,202.7079362357213,204.65228271484375,2221530
2024-06-24,204.65228900932436,206.01745989848789,197.4127196353815,198.63723754882812,1004030
2024-06-25,198.58759468704585,200.3912756061885,197.74366421694808,198.76133728027344,1540226
2024-06-26,198.98471140850683,200.80494324986051,196.91626326496723,197.82638549804688,940542
2024-06-27,198.6124035283996,200.62292916788172,194.43413553762971,195.93997192382812,572608
2024-06-28,196.08887882925396,199.19155096262824,194.43412035812102,198.06631469726562,1001578
2024-07-01,198.57103484930857,200.63948312898887,196.90800697737592,197.24722290039062,751953
2024-07-02,197.3299562911893,199.8120941061728,197.3299562911893,198.8771514892578,933377
2024-07-03,199.3984328773862,200.22581226691892,198.0746208042108,198.5379638671875,1195930
2024-07-04,198.9847305550063,200.88770555512988,197.7436615494657,200.22579956054688,963460
2024-07-05,200.80497213883993,202.087412697295,198.1573606591695,198.65379333496094,3371691
2024-07-08,199.31566480894116,200.22578707283097,197.41270255230862,197.85948181152344,588101
2024-07-09,198.57104424024874,200.05204772362552,196.9080162896672,197.28033447265625,1659890
2024-07-10,197.74366863494078,198.40557465324093,196.13028139488912,196.90802001953125,569043
2024-07-11,196.50258378803002,196.90800419003872,195.26151483778983,195.93997192382812,591806
2024-07-12,195.26151038529164,197.4954319198232,190.29723469753,196.24609375,995728
2024-07-15,198.98472789307564,200.6394865449931,195.2615209262613,196.22955322265625,1598960
2024-07-16,196.22955322265625,196.22955322265625,196.22955322265625,196.22955322265625,0
2024-07-17,196.22955322265625,196.22955322265625,196.22955322265625,196.22955322265625,0
2024-07-18,197.3216892855845,200.43263083745032,195.8820447916052,199.45632934570312,1400102
2024-07-19,200.21752744808097,200.21752744808097,196.50258973303966,198.21527099609375,1327195
2024-07-22,197.66092609962365,200.62294575405375,194.43415161215336,195.24497985839844,3418732
2024-07-23,195.26151951647614,198.4882938144953,195.26151951647614,196.80044555664062,783996
2024-07-24,198.48826578265792,201.88052556544176,195.2614919403453,201.0531463623047,1501062
2024-07-25,202.54246998895127,202.54246998895127,197.74366717276786,198.3228302001953,381002
2024-07-26,197.7519360997399,198.90199290404888,194.9305820796888,195.7496795654297,599189
2024-07-29,196.91628722989284,197.909139934662,196.08890787178404,196.65151977539062,436320
2024-07-30,198.24007707704433,198.24007707704433,195.2615066711219,196.99900817871094,348340
2024-07-31,196.99901742573473,200.14304868258054,196.916274445373,197.17276000976562,308107
2024-08-01,196.91627012586065,199.19983241096148,196.91627012586065,198.18215942382812,244448
2024-08-02,197.74367223326854,198.98474130586226,197.73540298438192,198.60414123535156,218841
2024-08-05,198.98472134862266,199.31566801819892,195.8406774884233,197.36305236816406,899172
2024-08-06,197.32995544200924,200.14303990362922,196.83352283122653,199.57215881347656,1145706
2024-08-07,199.57218422852912,200.45747359323738,198.57931888052465,200.13479614257812,587585
2024-08-08,200.22580812584098,201.0118160046793,198.5710493809993,200.19271850585938,1082045
2024-08-09,200.19270590375734,205.554120364598,198.86889394129486,203.10507202148438,845899
2024-08-12,205.09905557401743,205.1900678026318,199.27431081711555,199.42323303222656,308309
2024-08-13,200.22581252304576,200.22581252304576,197.040396819347,198.48004150390625,303842
2024-08-15,198.1573292780509,200.4739936901875,197.32995003263107,199.87001037597656,609828
2024-08-16,199.89485083130586,206.42287322869402,199.89485083130586,205.4300079345703,3126150
2024-08-19,206.03448702135665,209.3548723182516,202.24583892847366,205.97488403320312,2111123
2024-08-20,206.0344979608303,207.73726240678755,205.35338958423503,206.09410095214844,439069
2024-08-21,206.8858945701682,206.8858945701682,205.18313000580468,205.96640014648438,706608
2024-08-22,205.966378640002,206.4346414445197,204.33172638782673,204.37429809570312,103794
2024-08-23,204.33172575083748,205.4981151948589,204.33172575083748,205.16607666015625,592637
2024-08-26,205.1660529041888,205.56620352673607,203.48031999943083,204.510498046875,255553
2024-08-27,204.54458100856087,204.96176297855519,203.90604433527713,204.2380828857422,162383
2024-08-28,204.33171419567677,204.74889612227472,202.3309609644199,203.5654754638672,273235
2024-08-29,204.3232176718336,204.3232176718336,201.18161529345235,201.4881134033203,1001804
2024-08-30,200.84106866770492,202.3735593242278,199.64913870766614,200.44091796875,315746
2024-09-02,201.68391860223565,201.68391860223565,195.90303947370128,196.64373779296875,457054
2024-09-03,196.6692722204612,200.92618287458376,193.68943476257544,194.79623413085938,1016702
2024-09-04,196.2435998233706,196.2435998233706,191.54396637665423,191.93560791015625,377519
2024-09-05,192.4123728854695,193.26375506637865,189.86673548776912,190.55636596679688,433157
2024-09-06,191.10125159184184,191.98668335109704,187.72977241204833,188.65777587890625,637181
2024-09-09,188.99832709018816,190.25836902759025,185.7886127652794,186.99757385253906,478443
2024-09-10,188.1554656024299,188.83657395847902,185.41401388785167,188.0192413330078,914732
2024-09-11,188.581135146547,190.70959039650802,183.58352637677766,184.41787719726562,465653
2024-09-12,184.6647909884982,185.60131658973324,183.82193093844782,184.52857971191406,384279
2024-09-13,187.3040626437964,187.3040626437964,181.62534557620486,183.03012084960938,585444
2024-09-16,183.03014940462685,185.6013273940975,180.49303397958104,181.0379180908203,456975
2024-09-17,181.0379180908203,181.0379180908203,181.0379180908203,181.0379180908203,0
2024-09-18,181.03789747472345,186.4441792525257,181.03789747472345,185.37142944335938,1364327
2024-09-19,185.60129867441978,193.64685695911268,185.43953399608807,192.07180786132812,1577593
2024-09-20,193.1786006373199,201.77756537063613,193.17009149277797,200.9346923828125,2089920
2024-09-23,200.95172138794626,201.99040861695792,197.47808076829327,199.24044799804688,328336
2024-09-24,200.07480095344502,200.90064266049512,193.99593305262957,198.30392456054688,623784
2024-09-25,198.37205670278126,200.93471250100066,197.52067448517278,199.74278259277344,2475481
2024-09-26,200.92619149296357,201.78608280519813,197.5206628235913,198.6785430908203,301120
2024-09-27,199.2234345591713,199.2234345591713,195.94560789670908,197.17160034179688,138139
2024-09-30,197.52065477629202,198.20176308062923,177.45357167387095,194.24282836914062,285910
2024-10-01,194.24282932539617,194.96650933814095,191.56098079074985,193.1956329345703,234917
2024-10-02,193.59579328700352,195.80939215024392,192.412372577079,194.89840698242188,245754
2024-10-03,194.75367596144352,197.5206680789285,193.2637571289516,196.05628967285156,494213
2024-10-04,195.81792851583145,201.99045017556963,195.81792851583145,201.35191345214844,1542157
2024-10-07,201.77757499060726,205.60879476890995,201.77757499060726,204.11036682128906,776316
2024-10-08,204.1103854359283,206.23884106243142,204.1103854359283,205.6769256591797,1240040
2024-10-09,205.6769256591797,205.6769256591797,205.6769256591797,205.6769256591797,0
2024-10-10,205.21716999001504,207.7372671435616,204.97027485578877,205.1405487060547,566684
2024-10-11,205.39593298917032,206.88585167406586,203.48883239572245,204.85955810546875,431871
2024-10-14,205.1830910011126,207.7287282177006,205.1830910011126,205.54917907714844,244769
2024-10-15,206.0344772828903,206.80071601024545,204.75740407659137,206.32394409179688,290008
2024-10-16,206.32396540825377,207.72875387495523,204.2551128360141,204.36578369140625,637454
2024-10-17,204.75742523120047,206.4516805367149,200.93471436195216,204.36578369140625,1343617
2024-10-18,204.33173817399503,206.1196460794423,204.33173817399503,205.1405487060547,615843
2024-10-21,206.03447893351418,206.88586107786753,204.75740571698412,205.06390380859375,721430
2024-10-22,205.48108815415569,206.46017243525944,204.9702536651081,205.34486389160156,282690
2024-10-23,206.0344948929982,206.0344948929982,204.75742157754573,205.14906311035156,618763
2024-10-24,205.69395520600136,207.2179237056507,205.18312066352627,206.06004333496094,1050602
2024-10-25,206.2899014650415,210.2913950479028,206.2899014650415,208.8780975341797,1397199
2024-10-28,210.206243685853,211.99415136365738,208.58862282769502,210.29989624023438,971936
2024-10-29,209.85304084781532,212.49043750833616,209.85304084781532,211.45651245117188,6944069
2024-10-30,211.1673540826392,211.9997538417549,208.53871482019971,209.39739990234375,680133
2024-10-31,209.39740510245764,211.3425992745653,202.40522823431309,203.17630004882812,738399
2024-11-01,203.28143486527543,205.47196756856505,201.52900870264375,202.86961364746094,1216336
2024-11-04,204.1576756572062,204.59578225732895,200.65282285622413,203.90357971191406,712700
2024-11-05,201.52901189980938,204.15765118545906,199.77658570937626,202.53665161132812,998518
2024-11-06,202.536644672496,204.15764419109212,202.40521806069648,203.62315368652344,527183
2024-11-07,203.6757553230861,204.94626178695648,201.52903566069094,201.94085693359375,461780
2024-11-08,201.95836171644152,203.28143868088046,199.7765862898308,200.3636474609375,569711
2024-11-11,200.40745675127238,201.44138176822034,199.13695045910987,199.85543823242188,382241
2024-11-12,198.90037459858445,200.56517414812527,198.02416149462593,199.2508544921875,317038
2024-11-13,199.3297252223153,199.68896243627995,195.87744342945928,196.7273712158203,1746993
2024-11-14,197.84891152028595,199.77657757730498,196.63097590231004,198.35711669921875,2737833
2024-11-15,199.86421675260317,204.04374368213513,199.77659009317836,201.993408203125,3688228
2024-11-18,204.1576435525249,204.1576435525249,198.90036517778174,201.0996551513672,1630609
2024-11-19,202.40522743703684,203.28144054282487,200.83681186045467,202.3351287841797,5125765
2024-11-20,203.2814451342863,204.8586314343184,202.40523200870746,203.61441040039062,1336674
2024-11-21,203.54429888017745,207.66249763610162,201.52900614473998,205.9451141357422,1434626
2024-11-22,207.66249875234033,226.53613587295317,207.66249875234033,225.57229614257812,5502694
2024-11-25,225.5722767510442,246.21585288195502,220.84948921810644,230.74192810058594,2081690
2024-11-26,227.81540888579033,245.33967110777422,207.6712646484375,207.6712646484375,9780616
2024-11-27,193.643105187472,208.53872866343139,193.643105187472,204.5519561767578,10801776
2024-11-28,203.28144897845814,203.28144897845814,197.6736902166882,199.28591918945312,3149852
2024-11-29,198.4622656019739,202.46656585531636,197.32318590686867,199.23333740234375,2225444
2024-12-02,200.09201805188786,211.15859345148783,199.77658081054688,208.53871154785156,2528738
2024-12-03,208.53871053896415,212.04356281692995,205.82244467556052,206.84762573242188,974532
2024-12-04,207.72384275080148,211.60546030486302,204.59575561567502,205.1915740966797,1588932
2024-12-05,205.9100767265154,215.1103141972746,204.1839358647864,213.8836212158203,2804890
2024-12-06,215.63605391674304,227.81541092189465,211.6054682216829,223.31167602539062,2929183
2024-12-09,225.186771600496,225.186771600496,209.41493545727062,216.7926483154297,2625079
2024-12-10,214.67220606545968,222.5581238392929,211.1235403932446,213.39292907714844,3208349
2024-12-11,213.39293821551917,217.9580144717564,213.0161729899888,214.7598419189453,1000996
2024-12-12,215.98654424669658,215.98654424669658,209.7829534606934,211.57919311523438,1861976
2024-12-13,211.60547806711392,212.05234196537734,199.33849383133918,199.79412841796875,4247367
2024-12-16,199.86422118680338,200.58270900421311,195.8336354229588,196.68356323242188,2128923
2024-12-17,193.73070867795238,201.79186597970073,193.73070867795238,197.21803283691406,3652286
2024-12-18,198.90037837561715,201.03834052906709,185.75718156665567,188.18429565429688,2786799
2024-12-19,186.5983489890031,190.57635060858317,184.00475231173547,185.2314453125,3411719
2024-12-20,185.7484222277813,198.46226965614727,185.31907299017723,191.4700927734375,1696946
2024-12-23,198.0241711199665,198.0241711199665,189.76148756559067,193.60806274414062,2240088
2024-12-24,194.34407455476224,197.23558055249708,191.8994324393327,194.29150390625,5939131
2024-12-26,195.48315103776423,197.45463054382435,192.76688503698983,193.65185546875,3519507
2024-12-27,194.95740608959915,204.13135790866977,193.44156123752225,201.3712921142578,3683307
2024-12-30,205.03386211966352,216.33700558084422,204.16640635135965,213.39292907714844,6024573
2024-12-31,214.66344010594054,214.66344010594054,208.53870606831512,212.01727294921875,1984119
2025-01-01,212.01727294921875,212.01727294921875,212.01727294921875,212.01727294921875,0
2025-01-02,211.43023818450516,221.24382290263154,211.43023818450516,216.9065704345703,2777521
2025-01-03,216.42464620801704,218.61517906437348,210.6416341192554,215.6973876953125,909251
2025-01-06,215.69738208689395,216.4246405806888,211.16736186212952,212.0961456298828,802312
2025-01-07,212.91979991742377,216.86275917515383,210.2911604122704,215.37319946289062,1286956
2025-01-08,216.4246508273187,218.56261307994683,210.29115869860925,211.57919311523438,637784
2025-01-09,211.60546388529318,212.09614108264662,205.47197217847307,205.9013214111328,1735396
2025-01-10,205.03387999270643,207.16307155966922,203.28145366798245,204.42929077148438,1018318
2025-01-13,204.95502358006866,210.63288111648683,204.95502358006866,207.3032684326172,1616945
2025-01-14,207.66250533639845,209.39740353612896,205.0426233461873,208.0129852294922,1409923
2025-01-15,208.52997417929774,209.40618733685108,206.78630518258402,208.06558227539062,1221962
2025-01-16,208.95054053583155,208.95054053583155,206.34818654043886,207.1017303466797,1308848
2025-01-17,207.10173125107048,208.5387202169269,206.348187441539,207.60116577148438,682012
2025-01-20,208.9768247465765,211.92090130296154,207.66250509408232,210.886962890625,1984007
2025-01-21,211.9559467149679,217.46733468364502,210.72925370458483,215.5221405029297,1218550
2025-01-22,215.54844618573895,219.9295121651239,212.043593402231,212.95484924316406,1236807
2025-01-23,212.95482270148307,215.1103127774694,211.16735388745468,212.27137756347656,501047
2025-01-24,213.59445787632848,215.11030270167896,212.4816635647949,214.32171630859375,1001560
2025-01-27,214.67222268472443,215.54843583853966,209.85305033874084,211.9910125732422,443230
2025-01-28,210.31744019006996,213.35790087376034,207.98671001485775,209.3185577392578,794683
2025-01-29,209.31853834484818,211.9559348545667,206.8125684467625,207.61868286132812,162586
2025-01-30,207.66250533639845,209.4149315417689,206.78629223371323,208.0129852294922,1229658
2025-01-31,208.53874286850532,212.8234249077702,206.838887110973,210.86070251464844,814223
2025-02-03,214.67222163764228,218.52755414764377,212.91979533855948,213.46304321289062,1013776
2025-02-04,214.1201845491305,215.98652267456055,209.5113085944904,210.2911376953125,588996
2025-02-06,210.291132493821,211.1673455458786,205.97140856475315,206.9001922607422,1729512
2025-02-07,207.22441477715213,209.15208107783295,205.91009502169453,207.6625213623047,312403
2025-02-10,208.53874715912417,209.29229106600988,205.0338942656935,207.79396057128906,421383
2025-02-11,205.9100685521176,209.41492078279194,205.9100685521176,208.10060119628906,344587
2025-02-12,209.41493558358263,210.07209542328008,206.7862962247929,208.5211944580078,708868
2025-02-13,209.8004632542861,210.72048966771342,207.57487453076084,209.59893798828125,1844800
2025-02-14,210.29113986246108,210.55400646127927,206.34818099003994,207.075439453125,852505
2025-02-17,207.09297400644098,208.4510936317013,204.90244123027787,205.84873962402344,530609
2025-02-18,205.4719906492195,206.7863104188307,201.52903134038584,205.56837463378906,425272
2025-02-19,206.7775477737241,209.1082646106329,205.0426360961623,207.43470764160156,755375
2025-02-20,207.43469627802477,208.27585337565517,206.39200053892063,207.31202697753906,688331
2025-02-21,207.31204243789435,207.8377623206313,203.71956307440786,205.5596160888672,867974
2025-02-24,206.74249375398193,212.0435860799716,203.9386142979892,210.32620239257812,1270099
2025-02-25,210.2823963146862,210.992126819005,208.53872735263081,209.30979919433594,1824302
2025-02-26,209.76540318492178,210.29113637383654,206.80381210588985,207.3383026123047,822532
2025-02-27,210.20350461409228,210.20350461409228,207.66249212593223,209.42367553710938,1395752
2025-02-28,207.99547420935963,214.5845872297255,207.99547420935963,211.95594787597656,2170597
2025-03-03,212.0435755436297,213.68208980353697,211.60546898258912,212.86721801757812,1243582
2025-03-04,212.86721801757812,212.86721801757812,212.86721801757812,212.86721801757812,0
2025-03-05,212.91976686040388,214.5845662738839,211.77192992722084,213.1212921142578,739302
2025-03-06,213.12131222572626,213.12131222572626,209.853041050242,210.3349609375,1293908
2025-03-07,212.03482925596919,212.03482925596919,209.06446715238945,209.27474975585938,585205
2025-03-10,209.41494650265017,211.6054794158578,207.21565627097235,209.47628784179688,1718709
2025-03-11,210.46639245539407,213.7083783824809,210.46639245539407,211.3426055908203,1766776
2025-03-12,212.83217258104858,213.35790582840116,209.44123190848487,210.32620239257812,1519352
2025-03-13,211.377639082928,211.95592952953436,210.81686327079913,211.16734313964844,323714
2025-03-14,211.82453072075393,213.34037573889196,210.8606909000004,211.8595733642578,1053094
2025-03-17,211.61422531013676,213.44552088787756,211.43898536053103,213.14759826660156,2204251
2025-03-18,213.35791108611926,215.05776680850286,212.80589249979099,214.48822021484375,2126714
2025-03-19,213.7960012724905,217.73896031235202,213.6645746524756,216.8627471923828,2294747
2025-03-20,218.21530295182203,220.0187352076222,216.95290587640037,217.34063720703125,1585100
2025-03-21,218.215310828237,218.98177506825584,215.87084330743545,216.27662658691406,713313
2025-03-24,216.2766296384065,218.21531390708273,211.81312357393867,212.33612060546875,812469
2025-03-25,212.8050274877723,217.75545447879261,212.8050274877723,215.61837768554688,715765
2025-03-26,216.41188787425313,221.73200794752293,216.41188787425313,220.83029174804688,1155936
2025-03-27,220.92045100886256,223.61658718057186,219.11701875572896,223.08456420898438,550356
2025-03-28,223.08456420898438,223.08456420898438,223.08456420898438,223.08456420898438,0
2025-03-31,223.08456420898438,223.08456420898438,223.08456420898438,223.08456420898438,0
2025-04-03,223.1296621831062,232.64277047165405,220.46960224930004,231.25411987304688,1421036
2025-04-04,231.47054731523787,249.7753742006431,231.47054731523787,239.25233459472656,3876121
2025-04-07,239.85652129078613,239.85652129078613,217.31361515443407,231.63287353515625,2160581
2025-04-08,231.63285382939503,237.5931844960477,230.83933919799097,235.0233154296875,1526036
2025-04-09,233.54450602553953,235.257761376914,225.45611025666852,234.32899475097656,648391
2025-04-10,240.75822731642617,241.56976639924707,229.93763283029466,231.795166015625,1214827
2025-04-11,229.93762172298267,233.35513368819488,228.9367162310011,230.74916076660156,384202
2025-04-14,232.14684134485063,234.3560294729984,229.93762569850895,232.76902770996094,853512
2025-04-15,233.10266819258857,235.34793276834924,229.9376354633297,230.8573760986328,1009297
2025-04-16,230.85736912312635,233.90517424910715,225.60938805055935,228.21534729003906,988044
2025-04-17,228.12519949589924,229.75730371019972,227.23249545334295,228.06207275390625,420150
2025-04-18,228.13420023232274,233.54449747103396,226.330767819419,230.52374267578125,1281552
2025-04-21,231.7410699441014,253.38225935522374,231.5607156917306,251.57882690429688,5496803
2025-04-22,252.4805386833208,252.87729601699303,242.110802273113,243.37319946289062,2414444
2025-04-23,243.46336632451158,245.71765675344224,239.76632451742657,242.74200439453125,824645
2025-04-24,234.44621185043994,243.46337384468762,234.44621185043994,239.13514709472656,1073742
2025-04-25,239.13515383013572,246.04227589626217,239.13515383013572,244.91513061523438,2091238
2025-04-28,246.52922230705812,252.43548037671815,244.91514248132975,250.01885986328125,1580632
2025-04-29,250.01882748303566,255.68951492731767,247.9189273288646,251.5821990966797,1992907
2025-04-30,249.7690696752796,251.52669822310781,243.29357527629088,244.41290283203125,1636928
2025-05-02,246.9938645414411,253.9411541847208,244.21865258030132,252.76629638671875,674314
2025-05-05,254.39443366911306,255.31024459642865,248.84400966178697,251.64697265625,422772
2025-05-06,251.1011799185869,253.9134026039932,247.4563992929575,249.16778564453125,643335
2025-05-07,231.2769195612995,251.61922924226698,231.2769195612995,243.1918487548828,1779567
2025-05-08,241.44343895604248,248.84400413477175,218.87172080710135,234.10763549804688,2366753
2025-05-09,234.0428801525212,238.66823351521924,226.64231477220432,237.04010009765625,1243316
2025-05-12,259.0197668021283,260.7403845593322,249.77832058475917,260.7218933105469,5642903
2025-05-13,268.17798392771533,268.17798392771533,253.931901131546,255.24551391601562,1823012
2025-05-14,256.66083376203255,262.7200345337379,254.39439963654198,259.24176025390625,1864130
2025-05-15,260.8699351747244,265.4952886352691,259.9448644826154,264.2001953125,3181215
2025-05-16,265.02350459861157,266.7256313553525,263.64515824379225,265.1437683105469,1555553
2025-05-19,266.4110896074179,266.4110896074179,262.35004410125396,264.5794677734375,368736
2025-05-20,265.4952822812363,267.252910907995,262.72007027132787,265.9208068847656,4055565
2025-05-21,267.25291437112423,270.573914731639,266.1335867506133,267.2436828613281,756808
2025-05-22,267.3639081711146,269.1862984745207,263.1825990107691,264.8292236328125,663619
2025-05-23,264.8292298633875,271.50824121955844,263.2103561934242,266.3555908203125,833300
2025-05-26,263.64513756546717,267.80795552702716,262.2575315782805,263.3583679199219,618593
2025-05-27,263.19185440319745,269.0197880893088,263.1825946629895,267.60443115234375,1855820
2025-05-28,267.60443115234375,267.60443115234375,267.60443115234375,267.60443115234375,0
2025-05-29,268.2704839952636,272.80332445796597,265.9578074090975,268.7422790527344,495333
2025-05-30,268.27047071971833,289.53783451977876,266.697839426582,280.5646667480469,2194180
2025-06-02,284.45923933430765,286.77191607686296,277.5212091066416,282.5906066894531,1495296
2025-06-03,283.07162793450095,287.69698133212347,274.431471175452,286.2353820800781,6196558
2025-06-04,286.23536976318456,290.00964555163165,284.92175703318196,287.2159423828125,921729
2025-06-05,286.7719111771206,287.51195642972715,280.296416408605,281.1659851074219,811330
2025-06-06,281.1659851074219,281.1659851074219,281.1659851074219,281.1659851074219,0
2025-06-09,281.1659851074219,281.1659851074219,281.1659851074219,281.1659851074219,0
2025-06-10,283.9689359349031,287.6969694907068,278.557267036242,286.1798400878906,1162076
2025-06-11,289.02907125926447,292.923610725282,286.3093613357601,287.56744384765625,1271575
2025-06-12,288.5203304021892,292.96065871957654,286.7719331300071,287.687744140625,741331
2025-06-13,286.77188306107473,286.77188306107473,280.29638892743753,283.3768615722656,861190
2025-06-16,283.3768615722656,283.3768615722656,283.3768615722656,283.3768615722656,0
2025-06-17,282.1927805291807,286.67937866949416,282.1927805291807,285.3380432128906,299491
2025-06-18,283.99665864195885,286.77187028992586,282.60905281797534,286.0133056640625,1070346
2025-06-19,286.03186091542864,289.54711815012433,283.07162349500976,284.9957580566406,1181477
2025-06-20,285.01426019159425,288.5202857032841,283.9966768758237,285.15301513671875,746532
2025-06-23,282.14653794329394,286.7718910243316,277.5674271007008,281.9245300292969,1871653
2025-06-24,288.62205012923476,297.87275686414614,284.96800967657816,296.47589111328125,2391204
2025-06-25,296.02261617408703,300.64796955180714,294.172474822999,296.2076416015625,763581
2025-06-26,296.9476767091408,299.2603533190251,294.1724647772797,295.80059814453125,469802
2025-06-27,296.02261459314485,308.9828637221942,296.02261459314485,304.6072692871094,970170
2025-06-30,308.97360737178985,311.63781544930765,306.17064433834236,307.1697082519531,791117
2025-07-01,308.0485020618983,321.92456071333515,307.2159441889948,319.48236083984375,1458511
2025-07-02,320.9994961591536,338.5758374474069,320.9994961591536,330.3612060546875,1987911
2025-07-03,333.0254423429079,334.8755836892574,320.2594783454631,325.0883483886719,1350085
2025-07-04,325.6156193282645,330.2502324648153,323.77473771060323,328.95513916015625,903721
2025-07-07,332.0911406901955,337.5490807193501,329.0014077619124,332.0819091796875,1092919
2025-07-08,333.1179542181686,337.18825952371185,328.95513619935736,335.24560546875,1261516
2025-07-09,335.8006561191287,337.1882621361499,332.1003734070722,336.0504150390625,732003
2025-07-10,336.05038309012417,365.40288307604544,335.80062419393545,346.70721435546875,2005892
2025-07-11,347.00324118590004,352.4519209157257,345.97642630572545,347.2900390625,848725
2025-07-14,351.5268533082363,351.5268533082363,345.5138939753323,347.6600646972656,2460758
2025-07-15,347.8265842402147,349.4732089619024,337.88207418547455,338.5481262207031,1535602
2025-07-16,338.52039636911013,338.52039636911013,326.09670283052884,330.0929870605469,2749610
2025-07-17,329.32519576376257,336.4944942670467,326.54998343991065,333.8765563964844,1091216
2025-07-18,333.8765366969186,337.65081281306067,328.44634785633747,329.21417236328125,661170
2025-07-21,329.4639262467446,331.8228734852445,326.5592189104135,329.0106506347656,1000294
2025-07-22,329.14012707498995,334.7830637049867,329.04764259441424,329.6859436035156,1126535
2025-07-23,331.17531538104606,331.98012238471796,327.02175691197635,327.80804443359375,472835
2025-07-24,328.03002915213284,331.1752634380433,323.8857028431872,324.801513671875,789082
2025-07-25,326.5499501585474,332.56290958073026,325.17160387874037,328.5203552246094,632227
2025-07-28,328.4000973513523,331.1753094416454,323.6729996417267,324.4407958984375,1076008
2025-07-29,324.88482364603055,331.1660330346954,324.88482364603055,327.1419982910156,787333
2025-07-30,328.40009632947994,336.7257325744527,326.3649295105642,333.978271484375,922447
2025-07-31,337.669262642251,338.56658225984773,332.13735848282636,333.44171142578125,561432
2025-08-01,333.44172274180113,336.77195445369233,331.19377963608446,335.7913818359375,499099
2025-08-04,336.1244253994006,338.57585696897644,334.00600571206945,335.1068420410156,561631
2025-08-05,335.19934106881624,337.6507725383225,334.8755607092404,336.6054382324219,591958
2025-08-06,337.1882473350442,347.8265596652308,336.5499463367597,346.11517333984375,2369276
2025-08-07,347.82654460186336,348.29833964040205,341.31403969189586,341.8228454589844,980582
2025-08-08,343.2012371995917,345.74518168018164,340.5185377571531,342.26690673828125,1024977
2025-08-11,342.27611218150906,350.60174734268094,342.27611218150906,349.64892578125,1409686
2025-08-12,349.6767141152957,354.2928077359932,349.6767141152957,353.5342712402344,993638
2025-08-13,355.59716284732997,370.0375308057202,352.6554448677828,358.0208435058594,5497643
2025-08-15,358.02084456176226,365.0328961284388,358.02084456176226,363.9783020019531,2219737
2025-08-18,365.40289052335874,383.4140164082657,365.40289052335874,379.38995361328125,2567111
2025-08-19,381.13834851679434,398.7054302495829,381.13834851679434,392.9422302246094,4244422
2025-08-20,395.83773282341633,397.752635879818,393.15503353489095,394.2281188964844,1050185
2025-08-21,394.22811339356474,394.4963917879474,378.35389757930034,382.5629577636719,2686806
2025-08-22,383.0717942675623,384.7369102862757,376.5130461910717,378.5296936035156,1797562
2025-08-25,380.4307933640286,380.4307933640286,367.8944151169216,373.0990905761719,1499854
2025-08-26,371.6685060017414,372.70380007974944,366.31323950584454,368.22381591796875,1783888
2025-08-27,367.9979545488437,372.6096878767416,367.9979545488437,371.7344055175781,1934069
2025-08-28,371.76263427734375,375.52731918141814,369.8802918253066,371.76263427734375,923414
2025-08-29,371.76261089583653,373.65437413227926,367.056755061712,367.9320373535156,1393018
2025-09-01,368.46853352149026,371.2920471883216,367.8097021769898,368.6003112792969,1420132
2025-09-02,368.9391193975365,369.8802906204894,366.86853121813357,367.0379638671875,694935
2025-09-03,367.05676062254634,368.93910298471326,364.7038326698377,365.7297058105469,1344833
2025-09-04,367.99798464553623,368.45914939936233,365.23093867804147,367.4521179199219,1041203
2025-09-05,367.4520884494937,369.8802976128186,366.5861982702108,368.6097106933594,1341026
2025-09-08,368.9485453712583,371.7061701990637,368.9485453712583,370.8497009277344,1746896
2025-09-09,371.29206114149935,384.93904437737194,369.8897251587318,382.4449462890625,3480828
2025-09-10,384.9390190383498,384.9390190383498,377.4096494728075,380.5155029296875,610346
2025-09-11,382.35077107129996,387.7625050618476,379.2919649027296,384.2895812988281,840953
2025-09-12,384.18611996868606,384.18611996868606,378.3508466655345,380.3743591308594,525628
2025-09-15,379.76258497179276,383.9978554361622,379.76258497179276,381.5414123535156,211882
2025-09-16,383.98842460439704,392.89192474153646,382.1155031274833,391.621337890625,1905419
2025-09-17,392.23309485866054,393.8707235440901,385.78606643926605,387.7154846191406,699558
2025-09-18,388.8919536856245,391.05663596983646,387.29195114702213,388.29901123046875,496795
2025-09-19,389.6448740767498,390.49192240637655,386.82136049648346,387.7154846191406,716016
2025-09-22,387.76251674946883,388.2331023280483,381.1743186493565,381.8896179199219,1164912
2025-09-23,381.8896179199219,381.8896179199219,381.8896179199219,381.8896179199219,0
2025-09-24,379.3861133127955,382.0213811619974,375.33905995305605,376.7414245605469,582324
2025-09-25,379.2920179258965,381.1743604466206,376.7414518525503,380.3743591308594,357938
2025-09-26,383.99788168184375,388.70373807500357,381.1743678459478,387.24493408203125,1590123
2025-09-29,388.7037318608816,395.29193070598126,387.5743148556718,394.2378234863281,1136965
2025-09-30,396.23309260906666,412.2330037120456,396.23309260906666,410.33184814453125,2409510
2025-10-01,405.74834384144293,422.5670990363555,405.74834384144293,419.6023864746094,1376449
2025-10-02,418.83060674455237,461.17389002759353,417.880014637248,455.8750915527344,2882630
2025-10-03,453.64453631684916,455.62100165936346,428.2329129132082,432.2799377441406,3059262
2025-10-06,431.99759128432254,436.91050621644666,416.938851718856,424.0164489746094,1806181
2025-10-07,424.0164489746094,424.0164489746094,424.0164489746094,424.0164489746094,0
2025-10-08,419.7623911476055,426.35059011180556,414.11536346400544,416.3647766113281,1085737
2025-10-09,416.3647531467884,423.5270524018292,415.51767606417155,418.27532958984375,690401
2025-10-10,415.20709599283157,427.29173092745594,413.36240845661274,419.084716796875,1389100
2025-10-13,413.17417605199483,421.1553185398946,400.0919015068748,405.0330505371094,1920374
2025-10-14,409.4095225143817,424.39298250489037,409.4095225143817,422.84002685546875,1180704
2025-10-15,425.3905848063445,434.623472316773,421.6541338573934,431.3952331542969,1376376
2025-10-16,434.82111282537466,437.64462654501995,426.3505716664388,427.6588134765625,1019694
2025-10-17,427.6588348954807,428.5717434705121,420.70356529771783,427.3105773925781,667864
2025-10-20,428.23288276068575,435.2822456396216,425.4187901508117,433.5693359375,641942
2025-10-21,433.56937888342446,437.6446378192989,423.6211917282523,431.2729187011719,594672
2025-10-22,432.0070071487898,433.1270031886892,425.64468056546445,427.9505615234375,754682
2025-10-23,429.1740999642101,430.134084321482,422.5859010612507,425.73883056640625,506623
2025-10-24,423.5270343260381,425.4093767008205,415.1506165027095,416.6941223144531,1025360
2025-10-27,415.99765343531357,415.99765343531357,409.40945530398506,413.08001708984375,529581
2025-10-28,414.1153465117933,420.7976680749597,404.7036340910707,405.5412902832031,481239
2025-10-29,405.64480659688445,409.4094915769019,401.4095359943648,402.85894775390625,645123
2025-10-30,406.58596002126217,407.98829592372897,399.9977615949917,400.6659851074219,604303
2025-10-31,404.69421773685156,439.0375762772769,403.76246738785125,427.7341003417969,1455911
2025-11-03,430.1429400242669,433.0106234129589,415.80452308080686,421.5207824707031,1072728
2025-11-04,423.46122689275825,424.1303646535469,415.8140715538371,416.8177490234375,431634
2025-11-05,411.03460073430824,418.68175609680696,406.2551286327465,407.6507263183594,898687
2025-11-06,411.00591437194754,413.8353536143915,398.59839461743485,403.2918395996094,658208
2025-11-07,403.3874622203145,410.71918556583466,403.29186693997394,408.04266357421875,461153
2025-11-10,409.610319871175,413.39565353815016,403.9800878364275,407.6029357910156,1842575
2025-11-11,408.64489363335605,409.10373348938157,399.56389599705926,401.6286315917969,1087757
2025-11-12,404.8117462493614,405.203666488929,395.74031691866907,398.713134765625,756242
2025-11-13,399.5638552744119,404.20948801041067,399.5638552744119,403.31097412109375,587958
2025-11-14,403.38745112556416,407.6411930252608,401.9536094746439,406.30291748046875,1550393
2025-11-17,407.68897644353814,413.90229026975857,407.0198386705427,408.01397705078125,1039943
2025-11-18,410.9390374073848,411.2736063148225,400.99774049754336,402.010986328125,1072567
2025-11-19,402.4315546702387,406.7330796013933,401.47566024109324,403.1962585449219,822743
2025-11-20,403.86539520631004,407.7845681893742,399.57343856612465,401.2940368652344,1115016
2025-11-21,401.4756273250649,403.38741602661287,398.60794427274305,399.28662109375,734517
2025-11-24,399.5639024899589,402.32645160762115,391.9167464614429,395.0425109863281,991021
2025-11-25,396.3138217153766,398.607962427405,391.91670166723276,393.53216552734375,1009152
2025-11-26,396.2182362899878,404.8212860526172,392.4711173356573,403.53082275390625,1831327
2025-11-27,403.53083774798813,423.4612429396211,403.53083774798813,421.3487243652344,4221656
2025-11-28,422.50535261571997,433.9760861708979,422.50535261571997,425.23919677734375,2604630
2025-12-01,426.32890245041324,427.2847968505263,418.681747249509,422.0082702636719,1346244
2025-12-02,422.5053775485419,427.65766301014884,420.7847790823631,425.2774658203125,1744655
2025-12-03,428.24072190402677,428.24072190402677,415.34571485838615,416.4736633300781,1260459
2025-12-04,416.49277586951274,419.15972963776017,413.04201079777454,414.82952880859375,400530
2025-12-05,419.6089688007887,420.1155916693857,412.93681534144844,414.1316833496094,2235212
2025-12-08,414.75303121760055,417.2479015751753,414.7434629387866,416.597900390625,1259670
2025-12-09,418.6817591587881,418.6817591587881,414.18904368183007,414.9824523925781,2539306
2025-12-10,415.8141051175416,416.7699996120647,413.80672084472616,415.0876159667969,1105628
2025-12-11,415.0875943157893,415.9096787074233,410.8912328729397,412.0096130371094,1410189
2025-12-12,410.32723722913244,413.87359726564523,410.32723722913244,412.75518798828125,2954712
2025-12-15,412.9464111328125,413.90230560302734,412.27727333502844,412.9464111328125,1081892
2025-12-16,412.9464334649794,414.8582225087988,411.03464442116007,412.6023254394531,1972073
2025-12-17,413.42432662739304,413.9022738258062,408.16690744484816,410.9389953613281,1521535
2025-12-18,412.00962449078264,416.7604211796937,411.99051710312824,415.4604187011719,5916732
2025-12-19,417.2383616921587,424.51273367028045,416.349386849413,419.4273681640625,14227920
2025-12-22,419.3986851767941,423.9391837627537,416.0530546397713,420.0773620605469,1950734
2025-12-23,420.59357040298283,424.27376997832584,420.59357040298283,421.2722473144531,1737303
2025-12-24,421.5494429910888,422.50533741964006,420.11560134826203,420.51708984375,1646026
2025-12-26,420.59356588029755,423.46124928402685,419.6854544671496,422.5149230957031,1785462
2025-12-29,422.98330307006836,425.25833657663316,420.70826956350356,424.4171447753906,1758817
2025-12-30,425.36344921309706,428.909838519774,424.417123070886,427.3804016113281,2979718
2025-12-31,428.2407288727684,430.05692255822436,423.93920369435887,424.7803955078125,1226754
2026-01-01,424.7803955078125,424.7803955078125,424.7803955078125,424.7803955078125,0
2026-01-02,432.0547367361734,439.74013652441107,429.1966215755108,438.5739440917969,5582307
2026-01-05,439.2335018801455,452.5682411901893,439.2335018801455,448.11376953125,6136500
2026-01-06,449.2608314485498,473.93246532117007,442.57913845558517,470.40521240234375,9414033
2026-01-07,471.49492565497707,482.7266851612031,468.3882687702763,476.2839660644531,5036801
2026-01-08,477.88985806074584,477.88985806074584,456.91753217889186,463.52276611328125,4826989
2026-01-09,462.65290488248326,465.9985353929971,455.00574942988027,460.8653869628906,2364003
2026-01-12,459.7852373211173,459.7852373211173,448.3145037496965,450.6946716308594,1670965
2026-01-13,453.28516204676106,460.7411271241196,441.62323803183244,458.6763916015625,3133109
2026-01-14,459.3072838811668,462.65291446094636,455.10135412947494,461.1043701171875,1798889
2026-01-15,458.9918514566104,463.608808820293,456.1528437697547,457.1756286621094,1748995
2026-01-16,459.92857129169255,470.20443579154625,458.92489386964166,467.39410400390625,2208410
2026-01-19,469.3441696025979,481.2928500914624,467.41327333736734,478.14794921875,3833022
2026-01-20,478.4251726360932,478.9031198615039,468.9618234072784,470.06109619140625,2309687
2026-01-21,470.0515274928891,470.0610957722955,455.866057355938,457.6822509765625,2443507
2026-01-22,457.87345810649947,462.00292928099935,457.4911061469905,459.4889221191406,779255
2026-01-23,461.21905671140746,466.9544232197359,458.82932066627063,464.9375,1283687
2026-01-26,464.93752207963007,466.9544453951485,453.0844073955874,455.9329833984375,1307586
2026-01-27,458.8006802069125,466.38091652258026,458.8006802069125,463.188232421875,1317985
2026-01-28,465.37721906055623,465.37721906055623,460.35877319542783,462.4139404296875,552403
2026-01-29,463.1308861667355,464.0485367205081,449.70058008378516,456.1146240234375,2076460
2026-01-30,457.87343139733935,468.8662173285907,456.96532002134194,467.116943359375,1532149
2026-02-02,467.4323679914568,471.11256731609456,461.69700151303397,468.9713439941406,1081757
2026-02-03,468.9713883786586,477.4693045174767,467.43241223032254,475.9303283691406,1803162
2026-02-04,476.0354524189719,495.90847771219893,475.93031802822793,491.3871154785156,4411444
2026-02-06,493.2415153375448,494.48416640135144,473.2920036772953,478.7501525878906,2363863
2026-02-09,479.00823359985975,486.5502544940823,460.74110543447483,467.57574462890625,3718236
2026-02-10,466.9544264160933,466.9544264160933,459.7852182316088,464.0102844238281,976569
2026-02-11,464.01031107562653,472.2118728742613,463.6088225587383,469.2677307128906,663746
2026-02-12,469.2677024258481,471.2559499878664,463.60879461280973,467.13604736328125,604190
2026-02-13,467.43236930469504,467.43236930469504,454.0498474841107,465.95074462890625,753205
2026-02-16,466.4764936266447,467.3176854137527,448.31449899773844,454.04986572265625,1487625
2026-02-17,454.04986873498495,459.97642605868566,438.7555573670697,448.3909606933594,1665498
2026-02-18,454.52777396891673,477.9567543658167,447.47326883481685,474.85009765625,2269641
2026-02-19,474.7927694396351,474.7927694396351,455.005743303799,457.48150634765625,574831
2026-02-20,457.87342061989904,464.5646814640312,450.2262653694623,460.94183349609375,438159
2026-02-23,460.7411290122634,466.46692748396123,432.3701884842236,443.5732727050781,917868
2026-02-24,444.4909255183376,452.9888413010377,433.9760864200543,437.6180419921875,1492777
2026-02-25,438.7555338866053,450.70421400334294,432.0929486866491,433.24957275390625,1162654
2026-02-26,433.0201682232162,440.6099721809877,425.373012934506,436.5665283203125,769198
2026-02-27,436.56652783078323,446.2879868161515,430.15248450761277,440.1989440917969,605266
2026-03-02,405.2992754037969,430.61137272795577,396.1800335391675,397.5182800292969,5321505
2026-03-03,396.80133231431415,428.66131076341867,391.91672566268335,419.6376647949219,2861423
2026-03-04,419.63766515018307,427.2848207793436,412.4684567478451,414.5045166015625,1031338
2026-03-05,414.5045118268388,439.71144361164426,414.5045118268388,437.3790588378906,1900341
2026-03-06,436.8437953386508,436.8437953386508,423.4612720678825,425.2774658203125,996077
2026-03-09,401.95364676431274,416.7700118650187,391.9167542767378,409.5816955566406,1601118
2026-03-10,439.7114554156073,450.54172690589036,420.6987004388634,442.3305969238281,3486750
2026-03-11,442.33060480152943,448.3145136145324,434.7886124815879,436.5474548339844,1029850
2026-03-12,434.93199902475783,446.92846337318025,425.3730539912467,427.7436828613281,1289180
2026-03-13,427.74365519075275,430.15249868159975,420.6413373198955,425.1053771972656,453980
2026-03-16,424.40610910524174,428.2811119215781,407.89603163432844,411.469970703125,1482873
2026-03-17,416.6366701863191,421.7450919902761,411.4699798904466,413.90765380859375,337786
2026-03-18,417.60784402548944,434.933710090813,417.60784402548944,430.505126953125,684175
2026-03-19,427.3196464337798,427.3196464337798,415.7722899436371,424.7168884277344,974087
2026-03-20,424.7168884277344,424.7168884277344,424.7168884277344,424.7168884277344,0
2026-03-23,424.7168884277344,424.7168884277344,424.7168884277344,424.7168884277344,0
2026-03-24,438.2454440210798,445.7623757817058,422.463752131124,424.57122802734375,1405635
2026-03-25,428.29082701789093,453.54153337268724,427.58185420821604,450.71539306640625,2768694
2026-03-26,449.6374099852585,461.3109954531164,437.57532838970224,440.43060302734375,2738016
2026-03-27,440.9161725706245,452.57034453284365,440.9161725706245,444.6649169921875,1202815
2026-03-30,443.69377946157294,445.77212122472315,406.9248775450087,427.61102294921875,2710199
2026-03-31,432.1755605225854,442.37296138884864,432.16583922804676,439.4205627441406,1645297
2026-04-01,444.8009217319548,476.8013492445458,444.8009217319548,463.82635498046875,3846804
2026-04-02,460.32040711365005,461.25273262777375,438.9738368552665,458.2420654296875,1003131
2026-04-03,447.2774207985911,474.7132854657731,447.2774207985911,464.00115966796875,1211610
2026-04-06,466.1669092763243,470.0516335202937,452.57037442243154,464.48675537109375,1478842
2026-04-07,463.23392753385895,470.05160753542395,457.5233784688132,467.29345703125,1330715
2026-04-08,509.8700474638201,509.8700474638201,492.0488694010374,504.081787109375,6087017
2026-04-09,504.5382802974884,504.5382802974884,483.6481662817321,496.8367919921875,3297445
2026-04-10,497.2544262092316,502.10061023582836,482.6769889501096,486.5228576660156,2444510
2026-04-13,475.8787250758742,477.82108721904103,462.5347066365082,466.0018005371094,1320028
2026-04-14,471.0227962338258,476.84988237280095,471.0227962338258,473.34393310546875,758114
2026-04-15,481.9000466754402,485.5905227934329,476.9470174153285,481.084228515625,1313815
2026-04-16,484.6193287633778,486.56169080250953,475.87869958728476,477.81134033203125,1361155
2026-04-17,482.6769672729951,486.75593941504627,478.98649124968614,482.7837829589844,1773674
2026-04-20,477.82107779679046,482.18167123802243,465.195724115168,476.0923767089844,1052438
2026-04-21,480.73462708624055,485.3962843421423,477.82108389177847,479.40411376953125,1178870
2026-04-22,479.7634391877662,480.73462023875356,472.97489312555433,475.23773193359375,491274
2026-04-23,477.6268406668017,477.6268406668017,464.2245536916121,466.681640625,928013
2026-04-24,465.1957209972079,490.0191061599572,460.339815767592,480.2296142578125,1764997
2026-04-27,480.2490073180704,487.5328648608116,473.9654650256753,482.9974365234375,1478378
2026-04-28,482.9974365234375,482.9974365234375,482.9974365234375,482.9974365234375,0
2026-04-29,482.9974365234375,482.9974365234375,482.9974365234375,482.9974365234375,0
2026-04-30,475.8689638627963,485.5904950580478,468.10923723595806,478.1512451171875,1358821
2026-05-04,484.12401293645127,485.4836900630196,470.5372000698118,472.7709045410156,2872627
2026-05-05,472.77091709990384,477.8803775173764,468.5295041556616,476.7361755371094,420317
2026-05-06,482.3387875796297,489.73662174496144,469.5257484378717,484.8146057128906,1631999
2026-05-07,485.2979367663712,489.2434484473986,484.31155884611434,488.207763671875,966665
2026-05-08,485.2979270404136,485.2979270404136,478.39328173699306,479.3303527832031,1057466
2026-05-11,479.37966664343173,481.3524224732401,473.49098928737914,475.4637451171875,448867
2026-05-12,478.3439777634679,481.24393121651815,475.73005222993925,476.99261474609375,295200
2026-05-13,473.71785907709494,480.2476759476383,473.71785907709494,474.9902648925781,379228
2026-05-14,475.43414738237806,478.3932810797788,471.6661765832403,475.3946838378906,729880
2026-05-15,476.5388891224062,476.5388891224062,471.4886390600695,473.0569763183594,358652
2026-05-18,473.0569634874456,475.4341377886123,448.81180846080497,458.4980163574219,960069
2026-05-19,463.0057643833645,469.94987299007613,452.7474405950477,457.1960144042969,1815226
2026-05-20,458.67558321405886,469.51586637873623,454.72019832058277,468.7267761230469,685488
2026-05-21,469.51589088189684,478.39329218008396,469.51589088189684,474.89166259765625,1252169
2026-05-22,478.39327234908603,478.39327234908603,471.4886271811611,473.0273742675781,1150369
2026-05-25,476.50929838192747,486.28430702998725,475.43415007799973,483.5224609375,1104404
2026-05-26,483.5224609375,483.5224609375,483.5224609375,483.5224609375,0
2026-05-27,483.5224609375,483.5224609375,483.5224609375,483.5224609375,0
2026-05-28,483.5224609375,483.5224609375,483.5224609375,483.5224609375,0
2026-05-29,483.52246037729446,487.2706843701652,478.3932832379153,486.6492614746094,1177147
2026-06-01,489.2434275254777,490.7229943425911,477.40689298857103,479.15277099609375,1289167
2026-06-02,475.43414314901764,495.65488990120616,475.43414314901764,491.3246765136719,2571769
2026-06-03,491.3246765136719,491.3246765136719,491.3246765136719,491.3246765136719,0
2026-06-04,487.20161743224537,491.2161826150122,485.2979153545904,486.0870056152344,694518
2026-06-05,486.7774875247214,490.0325225130164,479.3993700888913,482.6445617675781,618768
2026-06-08,480.36604488139653,482.3388007125317,476.42053321912636,478.7187805175781,625423
2026-06-09,482.3387939684794,488.2570613791356,479.5374843396593,483.67041015625,849815
2026-06-10,481.3524126911372,492.0052819148674,479.48814402095894,489.13494873046875,1674545
2026-06-11,488.158409492931,501.0306589592801,484.31154176001655,494.06683349609375,1840728
2026-06-12,498.02219296553267,505.0254820375988,496.641269933459,503.2598571777344,1966348
2026-06-15,507.98461453641784,516.8323953325925,502.0663471825955,504.4928283691406,7259660
2026-06-16,508.1424150152525,514.8695195513379,505.0254873253076,513.26171875,1980632
2026-06-17,515.3824491341895,515.3824491341895,502.0663475776124,504.8972473144531,7613907
2026-06-18,505.02549310738664,511.40732932757425,505.02549310738664,507.7774658203125,963452
2026-06-19,507.9846291297308,510.6379881444023,501.7803035803813,505.99212646484375,1284857
2026-06-22,505.9921094326286,512.9165014676347,504.43364561529717,505.1931457519531,1455490
2026-06-23,507.9846083334646,507.9846083334646,502.1255213165761,504.27581787109375,1511977
2026-06-24,505.025476059018,509.7403912372023,502.22416648372683,507.25469970703125,1044374
2026-06-25,507.25469970703125,507.25469970703125,507.25469970703125,507.25469970703125,0
2026-06-26,507.25469970703125,507.25469970703125,507.25469970703125,507.25469970703125,0
2026-06-29,506.01186257498307,508.96112286265776,503.0527288757142,504.3251647949219,642943
2026-06-30,505.51866555829747,510.12503341960917,505.51866555829747,509.42474365234375,628601
2026-07-01,508.08320134715916,552.263103335026,508.08320134715916,545.9108276367188,3775484
2026-07-02,546.4533771753188,556.2185428344931,542.5078654267605,544.885009765625,1916238
2026-07-03,544.8850004033086,551.3852573870115,544.4806119456715,548.366943359375,969134
2026-07-06,548.3669486409566,564.2081757836562,548.3669486409566,559.0494384765625,1856345
2026-07-07,560.9531247451783,574.0719387972212,556.3467568012207,557.421875,2377619
2026-07-08,556.1790519357518,560.7262397995459,538.5623563402572,549.4815673828125,1951528
2026-07-09,544.4806172463437,550.3988848251083,534.6661448041463,537.181396484375,3260137
2026-07-10,540.5350886476253,552.3716234355296,540.5350886476253,550.1029663085938,1383382
2026-07-13,542.5078310486058,545.4669646725073,538.5623195500705,539.6276245117188,949159
2026-07-14,537.3589577081211,537.3589577081211,517.8483748034519,521.3697509765625,1762148
2026-07-15,520.8075230022117,537.5759470382677,520.8075230022117,530.6121215820312,830639
2026-07-16,531.9141403763176,544.4805848209289,531.9141403763176,540.0517578125,1136450
2026-07-17,539.5487370132174,544.5299336048599,532.0522886974517,533.5712890625,884337
2026-07-20,532.436881945365,534.6167986834491,527.7121536820024,532.64404296875,669201
2026-07-21,535.7116604657766,542.6064320149918,534.3800744477757,534.9817504882812,633058
2026-07-22,535.603187191679,541.7384286886083,530.6811712182231,532.1409912109375,533867
2026-07-23,532.644056569899,539.5980086010381,528.6985450397516,531.1644897460938,1529383
2026-07-24,528.49140364128,536.5895880310475,523.7666750817762,532.7525634765625,717473
2026-07-27,552.3716488986662,558.6055647321132,541.5214915095852,556.119873046875,2082728
2026-07-28,558.289918731517,562.2847373813406,553.4665161154886,555.01513671875,2208555
2026-07-29,554.3444046623558,554.3444046623558,540.8310147855342,548.2485961914062,725700
2026-07-30,543.4942015233834,555.330735857831,543.4942015233834,551.2372436523438,903940
2026-07-31,557.3034912628386,557.3034912628386,549.4124683777011,553.279052734375,541184
2026-08-03,557.5599484033397,562.2353697401618,557.550074992327,561.39697265625,694696
2026-08-04,564.2081553052657,568.844143447296,561.7422105705399,565.885009765625,920265
2026-08-05,569.9784268218116,585.5632452958987,569.1400297156798,582.59423828125,2528945
2026-08-06,586.884968036569,593.3062976991263,577.0310626001477,579.921142578125,4052268
2026-08-07,579.921126451213,584.8924491789486,575.7487673797872,578.8460083007812,1367419
2026-08-10,580.976577961016,586.8948453086665,579.990200069741,585.4547119140625,881925
2026-08-11,586.0169383494027,596.7586077375735,582.4660021203889,591.4420166015625,2412014
2026-08-12,591.333553930512,594.2926876449266,580.4833969776586,583.0775756835938,1024694
2026-08-13,583.9357269412428,586.8455538375238,578.1654402075217,579.8916015625,682451
2026-08-14,579.8916015625,579.8916015625,579.8916015625,579.8916015625,0
2026-08-17,581.9629482282055,585.4152708024405,577.031058836441,579.280029296875,780156
2026-08-18,587.280029296875,587.280029296875,587.280029296875,587.280029296875,0
2026-08-19,567.489990234375,572.8900146484375,560.0599975585938,562.9000244140625,466878
2026-08-20,585.0,585.0,565.1599731445312,567.489990234375,1395529
2026-08-21,568.0999755859375,574.4400024414062,567.0,569.9199829101562,379873
2026-08-24,571.6300048828125,572.6300048828125,562.0999755859375,563.7999877929688,807579
2026-08-25,564.0,574.5700073242188,561.5,571.8300170898438,766444
2026-08-26,571.8300170898438,571.8300170898438,571.8300170898438,571.8300170898438,0
2026-08-27,571.8300170898438,576.8800048828125,565.5,569.4000244140625,598894
2026-08-28,569.0,576.5,566.0,574.3400268554688,693845
2026-08-31,573.989990234375,580.0,568.0,578.1500244140625,779420
2026-09-01,578.0,582.0,571.0,572.2999877929688,476661
2026-09-02,571.0,572.0,562.0,562.72998046875,920644
2026-09-03,562.7999877929688,566.8900146484375,559.5,561.0,403198
2026-09-04,561.0,567.47998046875,559.0,565.4600219726562,388918
2026-09-07,565.4600219726562,567.0,562.0,564.7999877929688,503642
2026-09-08,562.02001953125,567.3900146484375,558.0,560.0599975585938,683029
2026-09-09,560.0599975585938,563.9500122070312,551.1099853515625,556.1199951171875,486009
2026-09-10,553.3499755859375,555.0,531.0,536.2100219726562,1472281
2026-09-11,534.5,556.9000244140625,527.0,554.0900268554688,1203940
2026-09-14,552.7999877929688,570.0,540.5,552.27001953125,936384
2026-09-15,564.8800048828125,564.8800048828125,541.4000244140625,543.02001953125,1525266
2026-09-16,543.2000122070312,548.0,540.010009765625,541.7100219726562,410517
2026-09-17,545.0,548.0999755859375,542.5,543.8599853515625,267479
2026-09-18,543.6099853515625,554.0,543.6099853515625,552.75,664646
2026-09-21,553.0,554.7000122070312,549.0499877929688,550.97998046875,420908
2026-09-22,553.3099975585938,553.3099975585938,550.0,550.4199829101562,311619
2026-09-23,550.5499877929688,558.969970703125,550.5499877929688,555.510009765625,732130
2026-09-24,555.0,555.8900146484375,549.52001953125,551.6599731445312,272765
2026-09-25,555.0,555.0,545.2000122070312,548.1199951171875,418869
2026-09-28,548.1199951171875,550.7000122070312,545.010009765625,549.22998046875,200646
2026-09-29,549.25,554.989990234375,547.0,549.9299926757812,432219
2026-09-30,551.1099853515625,562.0,551.1099853515625,554.9099731445312,557326
2026-10-01,557.0,560.0,552.0700073242188,553.6500244140625,200402
2026-10-02,554.0,556.0,545.1099853515625,548.7899780273438,546614
2026-10-05,548.7899780273438,553.9400024414062,546.0,548.1099853515625,352590
2026-10-06,546.260009765625,554.5,546.260009765625,552.2999877929688,385160
2026-10-07,553.9000244140625,554.5,549.8099975585938,550.0999755859375,193672
