date,open,high,low,close,volume
2021-10-08,54.46127521110687,54.46127521110687,53.96224091459134,54.2283935546875,2917327
2021-10-11,54.235042458567456,54.89376623194797,54.08865826971872,54.38807678222656,1850337
2021-10-12,54.56109109296115,54.76070687143828,53.78259869449258,54.454627990722656,2561805
2021-10-13,54.161856753726276,55.35953602148905,53.569669793659486,53.91566467285156,2533731
2021-10-14,53.58297023405421,54.88711246917208,53.38335957926085,54.39473342895508,2718612
2021-10-15,54.69415941647933,56.52395192231147,54.228396081934264,56.02491760253906,4721041
2021-10-18,55.7254868943537,59.55141584530933,55.399452631240266,57.30243682861328,5744903
2021-10-19,57.302436828613274,57.302436828613274,57.302436828613274,57.30243682861328,0
2021-10-20,57.898350132062916,57.999927218211226,56.81487326813976,56.9503059387207,1313329
2021-10-21,57.22119064628209,59.04278996626636,56.98418083073663,58.20309066772461,3614738
2021-10-22,58.16246320699848,58.16246320699848,56.81488865401216,57.173789978027344,1986965
2021-10-25,57.41079979894053,57.89836581134856,57.05189847492534,57.173789978027344,761334
2021-10-26,58.16244522622706,58.16244522622706,56.55077377583493,56.69975280761719,601163
2021-10-27,57.89834861010386,57.89834861010386,56.720067874462174,56.98416519165039,939830
2021-10-28,56.8893667272155,57.69519995590939,56.5778674301638,57.28212356567383,1358121
2021-10-29,57.39046496390224,58.23693199876806,57.39046496390224,57.7222785949707,2381766
2021-11-01,58.23694203116677,60.26169008076745,58.135364936199366,59.59128952026367,4670531
2021-11-02,59.726742408457056,60.73573534900806,59.26626389972492,59.49650573730469,3228702
2021-11-03,59.455847883771845,59.455847883771845,57.97283595329866,58.52811813354492,8389963
2021-11-04,58.44009719814716,58.710962567354535,57.96607246918274,58.59584426879883,4435522
2021-11-05,58.30465456904743,59.5235692962935,58.30465456904743,59.333961486816406,4691853
2021-11-08,59.748555358550114,59.748555358550114,58.421885816904755,58.65681457519531,1229180
2021-11-09,58.73281424324935,58.93319741856747,57.143571278569375,57.43378448486328,2270370
2021-11-10,57.84146226287435,58.73281980785835,57.73781505592906,58.60844421386719,1513019
2021-11-11,58.387340814847825,58.73282803860432,57.57890197646962,57.703277587890625,1337772
2021-11-12,57.35086503191791,57.41996140532414,56.141660046305184,56.224578857421875,1752873
2021-11-15,56.183114365107926,57.00537540640369,56.00346485643174,56.26603317260742,689072
2021-11-16,56.62534093052211,59.07139054859224,56.62534093052211,58.56698226928711,2262921
2021-11-17,58.21457202259892,58.38040434219158,57.69634141112178,58.028011322021484,948047
2021-11-18,58.04184630982402,58.04184630982402,57.21958513348572,57.94511032104492,1558134
2021-11-19,57.90366209111105,59.07831656917996,57.69636764358511,58.249149322509766,6338668
2021-11-22,58.041848343807885,58.594629960530625,57.35087395876255,58.00729751586914,2249792
2021-11-23,58.37350874583796,58.40805429636599,56.56315425762198,56.66680145263672,1841420
2021-11-24,56.77734857808322,57.48905115846907,56.0380063971747,56.78425979614258,4921535
2021-11-25,56.92938100405257,56.92938100405257,55.97583821965672,56.38351058959961,1246576
2021-11-26,56.04494103860212,56.514803900432064,55.27795893661917,55.54052734375,1999175
2021-11-29,54.93246027691924,57.20576649834356,54.93246027691924,56.93628692626953,3427846
2021-11-30,57.71017568797197,59.14740360854367,57.39923933756607,58.684452056884766,9514821
2021-12-01,58.65681238306764,58.65681238306764,57.66180762816095,57.924381256103516,1670063
2021-12-02,57.92437107182624,57.92437107182624,54.42113193020127,54.99463653564453,4286061
2021-12-03,55.070655719960754,55.85836608774238,54.3105849598559,55.112117767333984,2906716
2021-12-06,55.27794622166604,56.3005905463218,54.41422831195251,56.00347137451172,1697795
2021-12-07,56.2107616724742,60.08712815318437,56.2107616724742,58.38042068481445,7907015
2021-12-08,58.72589983667644,59.59652886486956,57.433781367358996,58.94010543823242,3556607
2021-12-09,58.63607434897519,60.79882181943793,58.59461758157999,59.90055847167969,7789954
2021-12-10,59.76928426614578,60.35661143869531,59.078309881566064,59.56890106201172,2153798
2021-12-13,59.42378174739461,59.458332566398795,57.93818614936678,58.083290100097656,888232
2021-12-14,58.52552045629283,58.56007127959826,56.56315599634389,57.54433822631836,3152851
2021-12-15,58.0418438062853,59.948934436000805,57.392326248170676,59.0852165222168,4636889
2021-12-16,59.14739610595401,59.14739610595401,57.73090202390597,57.958919525146484,1344460
2021-12-17,57.703266073639725,59.31323220858374,57.41996407626617,58.59462356567383,2759264
2021-12-20,58.66372161448055,59.25104874006811,58.11094004233005,58.96774673461914,1736143
2021-12-21,59.00920205869797,59.59652911739594,58.11093342418449,58.421875,1127439
2021-12-22,58.56006577052088,60.14930860218266,58.56006577052088,59.893646240234375,5580283
2021-12-23,60.43953157233613,61.14432314032456,59.76928556129555,59.90747833251953,1850655
2021-12-24,60.03876059115631,60.35660815818133,59.08521789008126,59.63108825683594,574760
2021-12-27,59.83147501803876,59.83838623861053,58.90557178665493,59.092132568359375,392903
2021-12-28,59.423795333762875,59.838378898027315,59.14740453368124,59.28560256958008,768946
2021-12-29,59.07829810477168,59.73472153058309,59.043747283743656,59.327049255371094,754601
2021-12-30,59.11285907299227,59.6656354023232,58.52552664498636,58.69136428833008,1399405
2021-12-31,58.180036358686884,60.322060994691995,58.145490805286784,59.56198501586914,3368560
2022-01-03,59.734726265195214,60.56389859015234,59.53434835683902,60.018028259277344,2288947
2022-01-04,60.35661400269061,61.01304285895666,60.23223839731404,60.75046920776367,1970237
2022-01-05,61.01304173852083,61.4276253249239,60.52935649462033,60.78501892089844,1875335
2022-01-06,60.78501075677803,60.805739142556675,59.8176456706215,60.12858200073242,619510
2022-01-07,60.39115134879776,60.73663847862874,60.12857775622847,60.48097610473633,782135
2022-01-10,60.480971298434625,61.39305703783816,60.15621257872699,60.77117919921875,2180857
2022-01-11,60.79882730218081,61.095946462642026,60.011117020346994,60.315147399902344,1008011
2022-01-12,60.529347441768465,61.77310328667615,60.5224362227091,61.130496978759766,4364604
2022-01-13,60.978480960005534,61.49671167637952,60.874833762387645,60.9922981262207,977741
2022-01-14,61.49671166203312,62.01494237828621,61.15122451786439,61.2894172668457,3533970
2022-01-17,61.49671780691159,61.634910569701404,60.322063508050235,61.08213424682617,856159
2022-01-18,61.35851916258695,62.028759796759054,61.01303201701318,61.36542510986328,3313419
2022-01-19,61.710917096068464,62.084043875162216,60.467166437471846,60.86792755126953,3512725
2022-01-20,60.86101896119324,61.4207064696773,60.183861812595865,61.04066848754883,2283068
2022-01-21,60.978499460268765,61.39308310480536,60.598461377608594,60.674468994140625,635622
2022-01-24,61.047583128904485,61.10977356206427,60.39115960121186,60.798831939697266,623694
2022-01-25,60.81955201589042,61.151221980082866,60.322054977174616,60.48097610473633,2371627
2022-01-26,60.598445513131686,60.7366435396088,59.94202202044137,60.059486389160156,1153802
2022-01-27,60.183885584870744,60.70211652608097,59.76930188624611,60.080238342285156,1331729
2022-01-28,60.114762639246834,60.64681051776355,59.50670716783982,59.60344314575195,2530451
2022-01-31,60.13548380144894,60.28749896897114,59.76926831880807,60.14239501953125,1115476
2022-02-01,60.460260683251995,60.94394066003146,60.12859064794866,60.895572662353516,1063564
2022-02-02,61.15123369695857,62.11859890018026,60.88175410579402,61.91130447387695,2264735
2022-02-03,62.3258811358361,62.42952833748165,60.8126509699874,61.04066848754883,1403327
2022-02-04,61.60035848562974,62.86484269082187,61.28941689473645,61.8491096496582,7935067
2022-02-07,62.01494719105244,63.459081035328545,61.911299985415035,63.24488067626953,5926878
2022-02-08,63.28634359352524,63.84603644961456,62.74047844949426,63.03759765625,2803404
2022-02-09,63.12050980383256,64.43336220607438,62.77502260701715,63.34162139892578,5310348
2022-02-10,63.22414901486041,63.91512332103375,62.7059182852304,62.80265426635742,3345536
2022-02-11,62.56774340598748,63.18961624181723,61.94586529844063,62.16697692871094,1301741
2022-02-14,62.35352596213979,62.567731602600986,61.634911981398346,61.883663177490234,2267567
2022-02-15,62.08403497122933,62.29132935379042,61.32396435469724,61.496707916259766,915389
2022-02-16,61.63491818677352,61.731654187024574,60.90939818489057,61.3792610168457,552856
2022-02-17,61.03377669064821,62.04951001318315,60.80575384850427,61.282527923583984,2142672
2022-02-18,60.97847358508417,62.65754111393298,60.97847358508417,62.29823684692383,2067350
2022-02-21,62.671370473407265,63.673286428543015,61.945850580083984,62.31897735595703,2214161
2022-02-22,62.18769874893317,62.52627474381895,61.082140714406556,61.66946792602539,2113420
2022-02-23,61.80764294316477,62.46407162658796,60.1976769891225,61.413787841796875,3938075
2022-02-24,60.9784944533542,60.9784944533542,59.66564196035509,60.246063232421875,2314921
2022-02-25,60.460258407863186,60.771194770988586,59.2856040674826,59.49289321899414,2027329
2022-02-28,59.76927662480464,60.94393081972731,58.905558754504,60.667545318603516,2326644
2022-03-01,65.21414530252717,65.21414530252717,63.0513978812401,63.30706024169922,11205457
2022-03-02,62.878647909464625,64.95848158562696,62.533160833039,64.2536849975586,7390044
2022-03-03,64.5300940757569,66.02950714890639,64.43335808856764,65.62874603271484,11658343
2022-03-04,65.2970610049729,66.33352229076613,65.05522109263076,65.49744415283203,3900595
2022-03-07,65.64570204038439,66.2456885626095,62.54694298780019,64.12102508544922,6335213
2022-03-08,63.81043705712672,64.23395657284615,62.822221263552834,63.041038513183594,2525207
2022-03-09,63.17515509087616,63.49279338133003,61.975182232113966,63.041038513183594,4171859
2022-03-10,63.633965981682344,63.73984720002307,62.73751110311896,63.316322326660156,1132010
2022-03-11,63.104563324793254,63.73984522985894,62.39869573812967,62.815155029296875,1164457
2022-03-14,63.17515342010364,63.17515342010364,61.58695123915132,61.79871368408203,1353967
2022-03-15,62.10929469280837,62.24341127323975,60.422271394579276,61.08578872680664,1262623
2022-03-16,61.403415048233164,61.74929401606331,60.881074582895934,61.19165802001953,741116
2022-03-17,61.20577877798836,61.65047342601708,60.52814653013118,60.61990737915039,574677
2022-03-18,60.35167941947419,60.35167941947419,57.95172851753773,58.22701644897461,3365301
2022-03-21,59.21523572924703,60.66932134042006,58.65759964890817,58.89053726196289,3910864
2022-03-22,59.15877784070983,59.53994709409309,58.41055970555595,58.55173110961914,1370318
2022-03-23,58.55173110961914,58.55173110961914,58.55173110961914,58.55173110961914,0
2022-03-24,58.51642794203045,58.90465190956706,58.092908438652934,58.77759552001953,768055
2022-03-25,58.90464881908177,59.01053003570666,58.24113693989439,58.318782806396484,633633
2022-03-28,58.58702215210637,59.575238060656375,57.881154415334,59.34230041503906,1086114
2022-03-29,59.645813327126,59.99874713379538,59.292879520456616,59.75875473022461,1162071
2022-03-30,59.61052126290588,59.61052126290588,58.24114167533493,58.64348602294922,1819695
2022-03-31,58.51641783126701,58.93287707844987,58.51641783126701,58.67876434326172,1295794
2022-04-01,58.58700747689823,59.15170367900517,58.445836119042546,58.6223030090332,993326
2022-04-04,57.168218614714256,58.12113885096247,56.68117360549651,57.05528259277344,1626371
2022-04-05,57.387036622417995,57.59879366600334,56.575287825318505,56.899986267089844,600492
2022-04-06,56.61058629906873,58.128202902002585,56.04589538111541,56.20118713378906,2507663
2022-04-07,56.46940370261059,56.50469923406152,55.76353615632796,55.92588806152344,1446029
2022-04-08,55.26943416559985,56.74469483611392,55.26943416559985,56.624698638916016,2141815
2022-04-11,58.234097569818616,59.11643238148254,57.88116364515305,58.819969177246094,3961781
2022-04-12,59.27876765249262,59.27876765249262,58.16349547233414,58.53054428100586,1576604
2022-04-13,58.75642628170985,58.93995339298531,58.02232322195125,58.219970703125,2138464
2022-04-14,58.339964574930725,58.45996078752568,57.81762400190217,57.90232467651367,1867346
2022-04-15,58.16350665205158,58.41055930011927,57.59881026903072,57.80351257324219,1128595
2022-04-18,57.95879691382074,62.13753237909408,57.90232620569304,62.01753616333008,14234819
2022-04-19,62.09517380833992,62.73751052576888,60.5281468702768,60.73284912109375,4419457
2022-04-20,60.84578510245182,61.1987189032441,59.30699351558379,59.5822868347168,1758882
2022-04-21,59.29287495527534,59.857571156605275,59.08111253344109,59.603458404541016,675099
2022-04-22,59.63874498502961,60.80342746478854,59.165815041267585,60.309322357177734,1527981
2022-04-25,61.05755113605594,61.69283309199675,60.73991285075691,60.85990905761719,1239041
2022-04-26,60.85285205646494,60.85285205646494,59.85758142788129,60.019927978515625,783135
2022-04-27,60.55637947575157,61.481064269130016,59.37052174275334,60.07638931274414,2524399
2022-04-28,59.666984777200604,60.56343960609226,59.15170446735204,59.68815994262695,1978240
2022-04-29,59.68815994262695,59.68815994262695,59.68815994262695,59.68815994262695,0
2022-05-02,59.68815994262695,59.68815994262695,59.68815994262695,59.68815994262695,0
2022-05-03,59.68815994262695,59.68815994262695,59.68815994262695,59.68815994262695,0
2022-05-04,59.68815994262695,59.68815994262695,59.68815994262695,59.68815994262695,0
2022-05-05,59.68815994262695,59.68815994262695,59.68815994262695,59.68815994262695,0
2022-05-06,59.610527967500204,59.645823508328895,58.58702190758933,58.615257263183594,2040410
2022-05-09,58.52349884833885,58.61525971885695,56.116487190184834,56.35647964477539,3524752
2022-05-10,56.35646732907573,57.06939512220684,55.70001562250078,56.271766662597656,2249661
2022-05-11,56.83649559940907,57.029498524867506,56.2717756603759,56.42189025878906,4651599
2022-05-12,56.5791416200363,56.65062396646728,55.220955222834036,56.0001220703125,2260989
2022-05-13,56.90081685933742,59.152546298615505,56.90081685933742,58.24470901489258,3637398
2022-05-16,57.973078472122985,57.973078472122985,56.40044470987238,56.679229736328125,1955736
2022-05-17,56.86507856225552,57.172457571652984,56.47191746171679,56.543399810791016,565021
2022-05-18,56.54340385716586,57.10097385510093,55.87146318327813,56.293212890625,882579
2022-05-19,56.40044811691897,56.822197891327505,56.04303083538432,56.1502571105957,916729
2022-05-20,56.114499058228425,56.54339859722214,55.83571408519483,56.357540130615234,992406
2022-05-23,55.900051681785456,56.21458058427378,54.98506446046018,55.07084655761719,1161818
2022-05-24,55.04225177696984,55.61412150940098,54.82779926386967,55.006507873535156,489413
2022-05-25,54.863536103672075,54.89213013198757,53.43386741041678,53.73409652709961,3937019
2022-05-26,54.02718662860287,54.32741577530231,53.26231401939021,53.7484016418457,4567957
2022-05-27,54.67769146013613,56.02158386171588,54.67769146013613,55.05655288696289,4250275
2022-05-30,56.82932641535468,58.401959681825616,56.02871004212695,57.19389343261719,8486888
2022-05-31,58.11605430772994,58.97385363362609,57.36547580725447,57.95878982543945,6257934
2022-06-01,57.57991864087629,58.25900920470554,56.75785791104065,56.92941665649414,1483402
2022-06-02,57.04378946917407,57.3297188770365,55.0065069887541,55.692752838134766,3754097
2022-06-03,55.75708638639145,55.935794996604244,54.39889985802343,54.87069320678711,1294683
2022-06-06,55.04225343841508,56.185987484046905,54.69198607994905,55.721343994140625,1271660
2022-06-07,56.00727001086896,56.40758095384245,55.75707908010631,56.057308197021484,687770
2022-06-08,56.07876555350719,56.3289619969092,55.40682481756176,56.0358772277832,1095509
2022-06-09,55.97153543099097,57.54416892188897,55.935791529662254,56.46476745605469,1742559
2022-06-10,56.579151523346624,57.90159425192995,55.97154329170071,57.62995910644531,1746967
2022-06-13,57.75862550401925,57.75862550401925,55.18521713159693,55.3996696472168,2113031
2022-06-14,55.39968078513438,56.46478279833908,55.32819841680781,56.250335693359375,1856137
2022-06-15,56.24317125582208,57.68713435561246,56.11450084465235,57.265384674072266,3089634
2022-06-16,57.40119626375099,58.97382953655806,57.00803521867279,58.22325134277344,4484707
2022-06-17,58.33048990777444,60.474993253308455,58.33048990777444,58.988136291503906,5536222
2022-06-20,59.331256318135935,59.50281505031805,58.22326079575358,58.39482498168945,1385672
2022-06-21,58.86661148386499,59.68152225989089,58.00881238923361,59.38844299316406,3035631
2022-06-22,60.04610077899456,60.324885810596655,58.93810507121362,59.30982208251953,2041969
2022-06-23,59.26693262698266,60.08184354287703,58.97384785619814,59.31697082519531,2674158
2022-06-24,59.40274763879638,59.40274763879638,54.87069939083047,56.75786209106445,6788080
2022-06-27,56.900820204165484,57.54417228945678,56.07875950927959,56.45762634277344,2192878
2022-06-28,57.10097945010048,57.10097945010048,55.792836424365355,56.078765869140625,1868558
2022-06-29,56.471916608760175,56.61488130474928,55.32818267958663,55.449703216552734,2256249
2022-06-30,55.4497099332216,57.1009758230553,55.12088672961318,56.236026763916016,4790126
2022-07-01,56.23603682780616,56.471933555356365,55.6141342144986,55.792842864990234,1139618
2022-07-04,55.57838334159032,56.11450922591434,55.399674713482305,55.47115707397461,468516
2022-07-05,55.47115210350849,55.72134306969055,55.04225252523152,55.07084655761719,786372
2022-07-06,55.256705937859515,55.47115300360067,55.049403290015185,55.31388854980469,312691
2022-07-07,55.163769568696644,58.43771244322402,55.04939890017252,57.51557540893555,5795311
2022-07-08,57.51557540893555,57.51557540893555,57.51557540893555,57.51557540893555,0
2022-07-11,57.51557540893555,57.51557540893555,57.51557540893555,57.51557540893555,0
2022-07-12,57.51557540893555,57.51557540893555,57.51557540893555,57.51557540893555,0
2022-07-13,57.186743007444846,60.61794976939266,57.186743007444846,59.78158950805664,9979259
2022-07-14,60.760925468765855,60.760925468765855,59.83878841602472,60.10327911376953,4360091
2022-07-15,60.11042431836112,60.11042431836112,59.01672851820244,59.12395477294922,1668315
2022-07-18,58.509201285419486,58.509201285419486,57.544175825066745,57.85155487060547,1649733
2022-07-19,57.89443488454628,58.401966639680175,55.47114677367636,55.9858283996582,3402840
2022-07-20,56.03586097855264,57.68712648514797,55.43540277751905,57.30112075805664,3546551
2022-07-21,57.1152691012124,57.47983616875572,55.76423253451178,56.30750274658203,2175720
2022-07-22,57.1510096776829,57.51557675880757,56.00727569683023,57.258235931396484,2619804
2022-07-25,56.82935033731952,57.18676763503851,56.29322439074103,56.77931213378906,809586
2022-07-26,56.22886822574853,57.758613179748416,56.22886822574853,57.19389343261719,2725853
2022-07-27,57.4726952805914,57.86585098600554,56.757860775742635,57.30828094482422,1988791
2022-07-28,57.30827455813738,58.61642286512587,57.30827455813738,57.901588439941406,2372179
2022-07-29,58.22325512510038,58.22325512510038,57.20819166573382,57.486976623535156,1422768
2022-08-01,57.54418182373047,57.97308146706941,57.186764545322205,57.54418182373047,919957
2022-08-02,57.28683090209961,57.830106597071634,57.18675451799343,57.28683090209961,1497420
2022-08-03,57.815807186829524,58.72364997412571,57.36546345576187,58.25900650024414,3945301
2022-08-04,58.47345045979602,59.08105855042131,58.33048032133804,58.752235412597656,2751781
2022-08-05,58.75224767686768,59.49567619077717,58.1160454257464,59.10966491699219,3333864
2022-08-08,59.10966491699219,59.10966491699219,59.10966491699219,59.10966491699219,0
2022-08-09,59.10966491699219,59.10966491699219,59.10966491699219,59.10966491699219,0
2022-08-10,60.274836473278285,62.00473441477182,60.15331593401097,60.57506561279297,7617652
2022-08-11,60.76093418701684,61.07546312095109,60.22480829713139,60.42496109008789,1933226
2022-08-12,60.75378235870081,62.81965361824495,60.51074124758004,62.51942443847656,6862248
2022-08-15,62.97690944774559,63.620261497459396,61.90465784947381,62.490821838378906,6997128
2022-08-16,62.69097340250387,63.11987839664016,61.833174321738404,62.09051513671875,3751148
2022-08-17,61.904668164400306,62.06908250318262,61.47576854437649,61.568695068359375,2225078
2022-08-18,61.58298351386471,61.97613915435445,60.61795818243081,60.91103744506836,3048758
2022-08-19,60.76808368061244,61.33280360222348,60.31059002706127,60.596519470214844,856995
2022-08-22,60.29628979954108,60.760933321574605,59.08107331461138,59.367008209228516,3603096
2022-08-23,59.974609063166426,60.76092583617796,59.83163890659371,60.55362319946289,2698387
2022-08-24,60.40350758371395,60.97537729263522,60.04609037907659,60.23194885253906,646553
2022-08-25,59.97461476074569,60.389220073563266,59.76016223239057,60.088985443115234,1209208
2022-08-26,60.046099906266384,60.33203480609476,59.04533048374436,59.16685104370117,1771063
2022-08-29,59.22403343696849,61.475763058344725,57.980223013769404,58.487754821777344,1874621
2022-08-30,59.90313760846654,59.93887606379537,57.99452521074897,58.12319564819336,1756142
2022-08-31,57.901588835392374,59.4027400477814,57.901588835392374,58.7593879699707,1044019
2022-09-01,59.331256970996925,59.331256970996925,58.43771394432528,58.4806022644043,1153468
2022-09-02,58.795138320456914,58.795138320456914,57.90159518488766,58.066009521484375,615400
2022-09-05,58.073151747863456,58.151783977125895,57.19390838975334,57.25109100341797,1439261
2022-09-06,57.27255115855621,57.615668718703105,57.13673083688062,57.4155158996582,999785
2022-09-07,57.758629800140575,57.758629800140575,56.829342768338925,57.072383880615234,712302
2022-09-08,57.11527802816702,57.54417764032539,57.043795668433035,57.30828094482422,1449141
2022-09-09,57.57991864087629,57.57991864087629,56.82934026716676,56.92941665649414,1147183
2022-09-12,57.0437906874289,57.25108787643015,56.457626662786325,56.50051498413086,572401
2022-09-13,56.829335365444784,56.829335365444784,56.12879524682288,56.20028305053711,654071
2022-09-14,56.07876509879789,57.18676077022275,55.86431801816225,56.72926712036133,1118996
2022-09-15,57.18675139002306,57.18675139002306,55.792826506392686,55.900047302246094,1750164
2022-09-16,56.328960861616544,56.328960861616544,54.86354795303056,56.043025970458984,2499800
2022-09-19,56.11450939952519,56.3289619354201,55.67131003709451,55.7427978515625,736086
2022-09-20,55.75708871486187,55.97154123757456,53.977152409861695,54.234493255615234,1581672
2022-09-21,54.26308072701675,54.68483039592875,50.8390233719585,51.82549285888672,3471806
2022-09-22,51.074917431099834,53.16938251229998,50.78898802440325,52.72618865966797,2980991
2022-09-23,53.612587928431644,54.00574908807526,52.1829189170068,52.41881561279297,4149061
2022-09-26,52.54033211371401,53.25516656424073,52.54033211371401,52.669002532958984,1295266
2022-09-27,53.18369156169919,56.47192939791546,52.82627428702884,54.74203109741211,2822998
2022-09-28,54.82065575564524,55.614122432023706,54.18445353098201,54.627647399902344,2048636
2022-09-29,54.32742058636021,54.68483782705995,53.61973597682593,54.18445587158203,1107643
2022-09-30,54.17729648754359,54.67053393831049,53.64117072062422,54.12725830078125,1463910
2022-10-03,54.10582288392454,54.3202699530859,53.61258535347125,53.71266174316406,751886
2022-10-04,53.65547027842886,53.96284929980524,53.255164745009886,53.42672348022461,596467
2022-10-05,53.612584717071066,53.78414346111453,53.240873196017866,53.31949996948242,519520
2022-10-06,53.25516300211207,54.827796506579006,53.25516300211207,54.49182891845703,1766625
2022-10-07,54.04863901954397,54.89214397950381,53.82704206138868,53.94856262207031,789060
2022-10-10,53.9699969266609,55.36392181809969,53.9699969266609,54.584754943847656,2201264
2022-10-11,54.69198883803826,55.68560835157809,54.69198883803826,54.992218017578125,2725856
2022-10-12,54.86355404212636,55.185227421783395,54.684845397038,54.806365966796875,1067530
2022-10-13,55.042245143525925,55.29243607615493,54.57760172364161,54.70627212524414,3945656
2022-10-14,55.12749952996055,55.20139585633943,54.31462866393628,54.617610931396484,2147880
2022-10-17,54.6102094275617,54.68410574016566,53.353949561585324,53.48696517944336,836345
2022-10-18,53.53869932278168,54.24072846812028,53.05837041662063,53.21355438232422,1211234
2022-10-19,53.07314648361995,54.019032908030134,53.07314648361995,53.878631591796875,1189977
2022-10-20,54.129882221421305,54.388522169296415,53.35395673986795,53.420467376708984,1061325
2022-10-21,53.64214675913614,54.536310707329136,53.080530297798056,53.91556930541992,4553831
2022-10-24,54.647166130601505,54.868860752449436,53.915582899188806,54.10032653808594,1265381
2022-10-25,54.03381547230934,55.34179780827182,54.019032825616094,54.10771179199219,4391704
2022-10-26,53.76778058014481,53.79734023360733,52.76277491412884,52.925350189208984,1759687
2022-10-27,53.13226717642784,53.13226717642784,52.35634170357537,52.71105194091797,1310959
2022-10-28,52.71105063147289,52.82189793025928,51.9129568457242,52.05336380004883,928073
2022-10-31,52.39329787227562,52.54109053034734,51.65432330605996,51.77255630493164,1568147
2022-11-01,51.986859706256666,52.459802978515334,51.72821973516654,52.41546630859375,1561100
2022-11-02,52.289831554250874,53.12487061945941,52.289831554250874,52.81450271606445,1403371
2022-11-03,53.124877569985756,53.65694012423307,52.81450962598421,53.39830017089844,3215528
2022-11-04,53.39072093170797,53.542181658669556,53.01206333644763,53.277122497558594,851616
2022-11-07,53.617920302252394,54.07988305225743,53.47402856042427,53.67850112915039,1189278
2022-11-08,53.95870817645011,54.75389145019301,53.88297781177375,54.27677917480469,967994
2022-11-09,54.27677917480469,54.27677917480469,54.27677917480469,54.27677917480469,0
2022-11-10,54.337369532722526,57.48022899576147,54.337369532722526,56.07919692993164,12082071
2022-11-11,56.344240879617324,59.441656660969215,55.77625459207653,59.047855377197266,12535792
2022-11-14,58.313274066092134,59.22205005208332,57.56353358875657,57.73771286010742,4367124
2022-11-15,57.85888395233401,59.56284319700307,57.65440560737403,58.16938018798828,6570407
2022-11-16,58.31326573586385,58.84338402232022,57.32875374346661,57.59381866455078,2408954
2022-11-17,57.927044178893475,57.934618949497306,56.69262235189351,56.85165786743164,1306240
2022-11-18,56.60931532003767,57.025841021495076,56.079196952598124,56.3366813659668,1895748
2022-11-21,56.38210902069423,56.79863465262249,56.041319523920855,56.44269561767578,747024
2022-11-22,56.647184763225916,56.90466918281857,55.9655998615733,56.064048767089844,1832635
2022-11-23,56.26852026177098,56.374543924886865,55.889862671255315,56.033748626708984,661563
2022-11-24,56.0413213881046,56.41997896505125,55.73839417097606,56.05646514892578,1602557
2022-11-25,56.60931003438518,56.87436919335619,56.117054008949694,56.24579620361328,2351914
2022-11-28,55.63995899183649,55.81413828455392,54.51156075227447,54.700889587402344,2333164
2022-11-29,54.83718354286261,55.43545732601895,54.61756149303398,55.003787994384766,1297750
2022-11-30,55.17041251198054,55.38245984870282,54.64029417017484,54.95079040527344,1254629
2022-12-01,55.276425655991176,55.47332919311097,54.829612535519686,54.87504959106445,2715962
2022-12-02,54.79932886484313,55.094681333474476,54.35250988803129,54.85234069824219,1145494
2022-12-05,54.53426753351135,54.75388962826441,54.14803517530036,54.254058837890625,692614
2022-12-06,54.450959923310215,54.526690282019594,53.39071756781085,54.110164642333984,957355
2022-12-07,54.52669853786558,54.64029698205751,53.65578483620329,53.86783218383789,1823903
2022-12-08,54.11015715894816,54.148025221993734,53.76936770295882,53.935977935791016,1395145
2022-12-09,54.034437620317846,55.586936070080895,53.82996506139049,54.45853805541992,3443549
2022-12-12,54.64028887528269,55.05680873837977,54.45096008900511,54.602420806884766,1482364
2022-12-13,54.60242269328425,54.90534991736509,54.07230438453494,54.216190338134766,709841
2022-12-14,54.00415077448645,55.73840345924127,53.814821954463305,55.32945251464844,3095047
2022-12-15,55.28400988913321,55.435470618782766,53.84510984603653,54.64029312133789,2101633
2022-12-16,54.80689761854693,55.08710051667402,53.92083453205981,54.92049026489258,753472
2022-12-19,54.814473299115015,55.359741179540336,54.22376835460644,54.32979202270508,1171096
2022-12-20,54.51911973569439,54.67058624270134,52.25474890111265,53.11808776855469,1992528
2022-12-21,52.7091407884623,53.58005449052274,52.63341041825202,52.83788299560547,935392
2022-12-22,53.39071346401756,55.66265871780554,53.39071346401756,54.71601486206055,3719850
2022-12-23,54.52669226873073,55.65509025482555,54.382800537440914,55.268863677978516,2677053
2022-12-26,55.81413097051415,58.351141651056686,55.66267023340269,58.21482467651367,7699788
2022-12-27,58.229962824040484,58.57832710808991,56.6850391874803,56.88194274902344,2590526
2022-12-28,56.139766409851475,57.480217375480166,56.04131752665702,57.00310516357422,2684756
2022-12-29,57.4423683796351,58.31328219131061,56.95768701585801,57.90433120727539,3601912
2022-12-30,57.904305314321654,61.857490614399794,57.904305314321654,60.32771682739258,10287417
2023-01-02,59.90363212239772,62.59210343653388,59.835476526678875,60.751827239990234,7749060
2023-01-03,60.96386664841873,61.26679384944787,60.22169529479013,60.539772033691406,1858912
2023-01-04,60.64581311440995,61.26681145493318,59.29779274921493,59.48712158203125,2277612
2023-01-05,59.82789588711824,60.96386859383568,59.75216552890827,60.41102600097656,3589864
2023-01-06,60.58521007855005,62.85715545649567,60.1308221585321,62.3346061706543,6016343
2023-01-09,62.3194683256619,65.05337665218343,62.1074209947167,64.24304962158203,9556450
2023-01-10,66.64373962682926,66.64373962682926,62.925319108370225,63.94012451171875,4541910
2023-01-11,64.71258202973635,66.74976178241829,64.22033176821147,66.3180923461914,12916671
2023-01-12,66.63615992524954,67.55251058395919,65.37144498306934,65.71223449707031,5546368
2023-01-13,65.05337147590625,65.05337147590625,61.796914073059085,62.13013458251953,6502396
2023-01-16,62.07712427585939,62.07712427585939,59.259910970443315,59.835472106933594,4066153
2023-01-17,60.29744569067573,60.73668416931308,55.40518959270007,56.154930114746094,5105207
2023-01-18,56.41998277294865,58.19209757929163,56.26852204309004,57.62411117553711,5724570
2023-01-19,58.002772102833546,60.91086566123771,58.002772102833546,60.16112518310547,10995702
2023-01-20,60.3580217498455,61.1910731283051,59.297785046090915,60.02480697631836,3449930
2023-01-23,60.58521525684695,62.26645590468147,60.21413243119854,61.88779830932617,3790890
2023-01-24,61.887801930706495,64.70501552945686,61.887801930706495,63.99313735961914,7615354
2023-01-25,65.12910280735447,66.07574674350788,64.59898451425097,65.10638427734375,5623599
2023-01-26,65.43960548349445,66.00001708182124,63.61447318192772,65.3563003540039,5701519
2023-01-27,65.46988544852273,66.2650685826568,64.29605055748608,65.61377716064453,4688381
2023-01-30,66.11362725002236,66.99968475427008,65.12911506006456,65.33358764648438,5019786
2023-01-31,65.43204409011803,66.82550149035261,64.78832723070842,66.4922866821289,4506916
2023-02-01,66.6437429441212,67.6282550942112,65.81069731289107,66.1136245727539,5230319
2023-02-02,65.6819416263346,66.11361100525063,64.2960535969205,65.90155792236328,5157941
2023-02-03,66.18176856473879,66.18934333381742,64.57625841356786,65.08366394042969,1261253
2023-02-06,69.96076965332031,69.96076965332031,69.07471233760242,69.96076965332031,10552549
2023-02-07,75.20140838623047,75.20140838623047,73.86095712693566,75.20140838623047,16106888
2023-02-08,74.21687574990267,76.40551580723769,72.17212740262913,75.56489562988281,22259031
2023-02-09,77.24614119687381,81.22962029208084,76.26162924302625,80.23753356933594,18217949
2023-02-10,77.24615706799327,83.00175192925275,75.36044367501572,76.5342788696289,38731937
2023-02-13,75.73150678838485,76.11016432232678,73.68675841624064,74.8227310180664,15131425
2023-02-14,75.7239423445669,75.7239423445669,70.44545467725865,71.1421890258789,12752194
2023-02-15,70.80139958209728,73.0809200533755,69.9153421453378,72.53565216064453,7173531
2023-02-16,72.85371537414002,73.38383944771124,70.43030919679073,70.71051788330078,6685151
2023-02-17,70.47573190958359,71.93735008776311,70.43786962637256,71.6268539428711,4774367
2023-02-20,71.47541337672322,71.56629328950031,67.4010592885241,67.94632720947266,5383683
2023-02-21,68.66577378962542,69.44580758924023,68.23410431906883,69.08987426757812,3211839
2023-02-22,69.09742582563217,69.5593884836135,67.1056892583977,68.74906158447266,10388052
2023-02-23,68.46129307732222,68.46129307732222,66.53771183662055,67.12084197998047,5525692
2023-02-24,67.28745451804869,67.75699202314898,66.12118841404329,66.3862533569336,5213678
2023-02-27,66.03789108811242,66.79520637938829,64.7504574040863,65.07610321044922,2249423
2023-02-28,64.826193504425,65.50020371097439,62.04684752659931,62.56939697265625,5333028
2023-03-01,62.10742368261321,62.114992674862805,60.130830468413414,61.22893524169922,6085035
2023-03-02,60.66094136665044,62.85715642127835,60.58521100846106,62.13013458251953,4211620
2023-03-03,61.236509035989805,66.78763097481081,61.236509035989805,66.734619140625,13422769
2023-03-06,67.48845790835873,69.8277072294279,66.73461895834666,67.2164535522461,8787996
2023-03-07,67.76822246234536,67.88479742944642,65.90304670572509,66.2916259765625,3637278
2023-03-08,66.05070377719274,68.15680274488399,65.98076235344338,67.0610122680664,6363804
2023-03-09,67.45738371226167,67.98585191385085,66.95222932512849,67.7604751586914,2499392
2023-03-10,68.07132848071313,68.18790347292254,67.37189038595753,67.51954650878906,1839096
2023-03-13,69.36139399357069,72.57882961036113,69.36139399357069,72.43116760253906,18456595
2023-03-14,72.12034428159231,72.27577368124922,70.37950417332692,71.34318542480469,8699947
2023-03-15,71.17995728864926,72.08146416085188,70.72143653517544,71.28876495361328,4386458
2023-03-16,71.53745686702449,71.80946121157496,69.72667577019563,69.9986801147461,3082568
2023-03-17,70.25514232837223,70.25514232837223,68.77853972470375,69.69558715820312,4208478
2023-03-20,69.56345978445347,69.56345978445347,67.07654899868781,67.48067474365234,3771274
2023-03-21,67.61281492364716,69.02724368832813,67.14652083416186,68.45991516113281,3624109
2023-03-22,67.96251643228722,68.93396467133792,66.6802095001399,66.82786560058594,1725014
2023-03-23,66.82786560058594,66.82786560058594,66.82786560058594,66.82786560058594,0
2023-03-24,66.68797754120968,66.83563957250881,65.6699016729883,65.80201721191406,574968
2023-03-27,66.12066380669454,66.68021902096281,65.28133098529212,65.91082763671875,748707
2023-03-28,65.91082501306929,66.43152582905044,65.59219304105855,65.67768096923828,1064294
2023-03-29,65.97299976777796,65.97299976777796,64.9082902433115,65.31241607666016,999991
2023-03-30,65.66212198168617,66.60248308348757,65.00931166807158,65.14920043945312,3343193
2023-03-31,65.28133959573361,65.49894311237254,64.23217639522383,64.7839584350586,2441216
2023-04-03,65.45228956964543,65.6621197549776,64.5041552545731,64.85387420654297,1505351
2023-04-04,64.73731738597,64.73731738597,62.87213545541117,64.04564666748047,2765087
2023-04-05,64.11558710142882,64.76063018862072,62.97316296439612,63.47831726074219,4567822
2023-04-06,64.27102120587287,68.2345352630049,64.23216682897467,67.87703704833984,10588322
2023-04-07,68.16458235907214,68.36664526197502,65.66990388170322,65.81756591796875,4694653
2023-04-10,65.669904560039,65.96522270637077,64.89274592619238,64.9937744140625,1166108
2023-04-11,65.5066904272685,65.5066904272685,64.34872592686402,64.85387420654297,782206
2023-04-12,64.58189963506359,66.78903386546327,64.54304524988231,66.25279235839844,2311136
2023-04-13,67.22423081309948,68.0324766118422,66.22169532992584,66.69576263427734,3918667
2023-04-14,66.69576263427734,66.69576263427734,66.69576263427734,66.69576263427734,0
2023-04-17,67.21646355920006,67.37966619716468,66.52479269528999,66.77348327636719,1493547
2023-04-18,67.06879918521517,67.06879918521517,66.38489572426207,66.85896301269531,1621594
2023-04-19,66.90558184885371,67.3796490750102,66.52477579037132,67.1309585571289,997745
2023-04-20,67.37965438673349,68.11795868154437,66.84341893577098,67.93144226074219,2875066
2023-04-21,67.93144226074219,67.93144226074219,67.93144226074219,67.93144226074219,0
2023-04-24,67.93144226074219,67.93144226074219,67.93144226074219,67.93144226074219,0
2023-04-25,67.93144226074219,67.93144226074219,67.93144226074219,67.93144226074219,0
2023-04-26,67.9314417335891,68.49876423849119,67.41851416880084,67.65943145751953,2650189
2023-04-27,67.92366853652632,68.0790978978942,67.23976511630747,67.55840301513672,3320080
2023-04-28,67.92366929432463,67.98584341126546,66.68021660175864,66.81233215332031,2370620
2023-05-01,66.81233215332031,66.81233215332031,66.81233215332031,66.81233215332031,0
2023-05-02,66.9211346043659,67.13096483970794,66.05848799270933,66.16728973388672,2335414
2023-05-03,66.17505687148062,67.22421980983034,65.94190691662527,66.92890167236328,3246696
2023-05-04,67.03769802014745,67.21644116583317,66.05847658933924,66.20613861083984,2517489
2023-05-05,66.19838033171891,67.60503572446362,66.01963121637127,66.96776580810547,3759969
2023-05-08,67.30112645231404,67.38843822147508,64.76909725813864,65.15802764892578,3969537
2023-05-09,65.28503747149792,65.28503747149792,63.261000452817754,63.69755935668945,6109361
2023-05-10,63.499122032572465,64.06267601392176,62.30851349446173,62.41169738769531,3068518
2023-05-11,62.70538060838332,63.4118078295116,62.3878837992166,62.64188003540039,2200473
2023-05-12,63.02288254997585,63.47531357176519,61.84814607711577,62.102142333984375,3755722
2023-05-15,62.07039509886733,62.07039509886733,60.64166835459151,60.967098236083984,4927429
2023-05-16,61.35603226021813,63.41975262188329,61.276653508972615,63.18956756591797,6272502
2023-05-17,63.65785899704411,63.697548365365094,61.83226311347895,61.94338607788086,2799253
2023-05-18,62.38788270885171,62.38788270885171,60.816282917352915,60.982967376708984,4997154
2023-05-19,60.95915999505045,61.871955035981344,60.95915999505045,61.35602951049805,2330981
2023-05-22,61.11791510888153,61.475095307348056,60.01461816475257,60.30830383300781,4488921
2023-05-23,60.3082835015968,60.52259033727874,59.53041672519221,59.625667572021484,3325975
2023-05-24,60.00666979873608,60.5543516703959,59.45105489686977,59.65742874145508,3246386
2023-05-25,60.0860403577647,60.649600381325556,59.61773725078218,60.06222915649414,3692857
2023-05-26,60.00666301498941,60.09397478337613,58.339812442079506,58.82399368286133,2702758
2023-05-29,59.054190301923484,60.40354435078414,58.81606614941925,59.22087478637695,4021878
2023-05-30,59.53043205247832,60.848041855332546,59.53043205247832,60.1495475769043,4514023
2023-05-31,60.24480151669268,60.56229838162663,59.133565517298344,59.3875617980957,3593659
2023-06-01,59.538362448314075,60.04635490988453,59.17324324504455,59.71298599243164,1397603
2023-06-02,59.816174955576926,59.92729793749122,59.45105572132307,59.800296783447266,842756
2023-06-05,60.64166041050757,62.42757314870856,60.0066667924036,62.268821716308594,8459334
2023-06-06,62.626010324226456,63.81661886249788,61.998955767380394,62.28470230102539,8973676
2023-06-07,62.284702446763454,63.102252676036414,61.51477462129336,62.68157196044922,2345653
2023-06-08,62.705381459523885,63.69755521679483,62.229139267183434,62.40376281738281,3834904
2023-06-09,62.5307494383542,63.59436271105114,62.3085035157526,63.36417770385742,4140321
2023-06-12,63.380055020183775,63.499117075850535,61.14171138548995,61.498897552490234,3523397
2023-06-13,62.10213993247747,62.22914108387482,61.18140580783948,61.45921325683594,1627614
2023-06-14,61.59415238979463,62.11008401126156,61.27665554152662,61.641780853271484,1488762
2023-06-15,61.14172355789939,61.51478191391002,60.522608012072766,60.61785888671875,2042241
2023-06-16,60.721038692875915,61.308403907498075,60.1654237676588,60.32416915893555,2068412
2023-06-19,60.721039801853166,60.879785196029154,58.02232571062108,58.49063491821289,3959904
2023-06-20,58.736690083750425,59.720924816571284,58.18107516741971,59.538368225097656,4484598
2023-06-21,59.92728425821485,60.04634629901632,58.53824124560722,58.728736877441406,3492226
2023-06-22,59.038305365767506,59.53042573188707,58.657314032302345,59.109745025634766,1012450
2023-06-23,59.53043327867172,59.53043327867172,58.577948768512506,59.085941314697266,2050520
2023-06-26,60.32415647209209,61.79257222769752,60.32415647209209,61.34014129638672,8154666
2023-06-27,61.213152047982874,62.58631708611434,60.72103170248178,61.91164016723633,10932081
2023-06-28,61.91164016723633,61.91164016723633,61.91164016723633,61.91164016723633,0
2023-06-29,61.91164016723633,61.91164016723633,61.91164016723633,61.91164016723633,0
2023-06-30,61.91164016723633,61.91164016723633,61.91164016723633,61.91164016723633,0
2023-07-03,66.55501556396484,66.55501556396484,66.55501556396484,66.55501556396484,1139805
2023-07-04,69.45216017126795,69.45216017126795,67.0709432511102,67.65037536621094,18359451
2023-07-05,68.18218630650121,68.45999376570511,66.3486449642586,66.5867691040039,6014874
2023-07-06,66.6740944765982,69.01562275317886,66.6740944765982,68.37269592285156,11511519
2023-07-07,68.42028291777237,68.65840698278585,67.46779876921153,67.61067199707031,2284433
2023-07-10,67.94407515669955,68.18219934197083,66.92015084923243,67.19002532958984,4910360
2023-07-11,67.51544442452263,68.65843064124535,66.83282832906308,67.92819213867188,8868315
2023-07-12,68.65842424882653,69.63472589400372,67.95199701558168,69.1346664428711,10791446
2023-07-13,69.83317096423693,70.04747786370969,68.6584343933245,68.80130767822266,10861164
2023-07-14,68.97592145652095,68.97592145652095,67.5233776090214,67.70594024658203,2116695
2023-07-17,67.86470068797502,68.14250819309169,67.2297069142088,67.41226959228516,4242706
2023-07-18,67.65831704794931,67.78531820669089,66.59470959435703,66.81695556640625,2567334
2023-07-19,67.1900251032492,67.8805743378604,66.68996552701398,66.8963394165039,7908623
2023-07-20,67.37257057134032,68.45999528521556,66.95982891646898,68.0869369506836,7304995
2023-07-21,68.57905766786403,68.68224156811135,67.49163294907117,67.63450622558594,5460130
2023-07-24,68.26155513350903,69.05529414668936,67.30907073999187,67.70594024658203,4833108
2023-07-25,68.06312541652919,69.76172654596286,67.88056276545987,69.28548431396484,13058495
2023-07-26,69.45216496153536,69.69028909227418,68.73779862506706,68.91242218017578,4726907
2023-07-27,68.91242218017578,68.91242218017578,68.91242218017578,68.91242218017578,0
2023-07-28,68.91242218017578,68.91242218017578,68.91242218017578,68.91242218017578,0
2023-07-31,73.81772304810985,78.22297668457031,73.81772304810985,78.22297668457031,22459291
2023-08-01,80.1676441219734,80.54864153084473,77.15143330696614,77.73086547851562,14887779
2023-08-02,77.8261199915017,83.34260423015027,77.70705791716604,82.61236572265625,28365714
2023-08-03,83.50134434216352,85.48569193637604,81.84243266016102,82.75523376464844,24521243
2023-08-04,82.54885377669899,86.35880329638422,82.54091469130337,85.45394134521484,27995429
2023-08-07,86.51755378643665,88.50190135034575,82.82666610641608,83.79502868652344,26010351
2023-08-08,82.54885436277011,82.54885436277011,77.50861302388518,77.6673583984375,27785286
2023-08-09,76.99268704062325,83.49341172962461,76.19894799896734,82.82666778564453,37776498
2023-08-10,84.94593352003389,85.31899176802972,78.66746203605763,79.85807037353516,22027805
2023-08-11,80.56451454134414,84.29508569879172,79.8104648570989,82.12818145751953,22570520
2023-08-14,82.12818145751953,82.12818145751953,82.12818145751953,82.12818145751953,0
2023-08-15,82.54886063460563,82.54886063460563,80.0882708076084,80.38195037841797,12071945
2023-08-16,80.16763801456882,80.16763801456882,77.62767566808957,78.0086669921875,10957134
2023-08-17,78.26267377640227,79.28659793852763,76.8339470348252,78.99291229248047,9372798
2023-08-18,79.38184157760244,81.31062765038175,78.28647784753755,78.81034851074219,19811273
2023-08-21,77.78641034306642,78.57221013969843,76.20687166538272,76.54817962646484,7312226
2023-08-22,76.19895184955887,79.37390817662381,76.19895184955887,78.98497772216797,13626842
2023-08-23,79.77077881587158,80.00096387944303,78.22299000741533,79.4215316772461,16050104
2023-08-24,79.77077737326557,80.92169661456053,79.53265322746385,79.93746185302734,12764451
2023-08-25,79.76283707211286,79.76283707211286,78.4611054879185,78.7309799194336,6372621
2023-08-28,78.58811478406561,78.97704527119843,76.79426261294924,77.03238677978516,5005999
2023-08-29,76.43706663958571,77.23080562418889,74.49240249385919,75.9449462890625,6318415
2023-08-30,75.8496944956353,76.93711907120326,73.82566374330165,74.80989837646484,6720973
2023-08-31,75.00833590382514,76.38150704574704,69.92840506532653,73.77803802490234,17491092
2023-09-01,74.21461177680975,75.20678573104517,73.14306511738535,74.97660064697266,4133540
2023-09-04,75.56394947288376,76.1830709722986,75.429015297879,75.78620147705078,2749710
2023-09-05,76.04020210485083,76.15925811570507,74.24635018708508,74.50828552246094,3940168
2023-09-06,75.00039632709041,75.96081978928272,73.97647229159249,75.42901611328125,4240419
2023-09-07,75.52427149470509,76.87362545161798,74.69878215955605,75.42108154296875,7844273
2023-09-08,75.80207894642481,76.54819558803014,75.08771259337166,76.16719818115234,4333104
2023-09-11,76.51644090332896,76.98474400713408,75.47663869416768,76.19894409179688,6296596
2023-09-12,75.3972854621808,75.3972854621808,73.73837342884393,74.1034927368164,3443533
2023-09-13,73.93679679314249,75.15121662122164,73.93679679314249,74.4765396118164,2627321
2023-09-14,74.5320909464286,74.88927106279695,74.45271826009649,74.80989837646484,1360455
2023-09-15,76.1195740698138,76.51644358419682,74.88927615292714,75.14327239990234,4692649
2023-09-18,75.39727259912635,75.92114329233185,75.12740422195881,75.54014587402344,1522474
2023-09-19,75.96082645009866,76.82600518394592,75.61158537778972,76.262451171875,3006186
2023-09-20,76.35770002585997,76.572012976965,75.1274080377433,75.41315460205078,1882996
2023-09-21,75.40521954712509,76.14339720176375,74.41304560571554,75.8338394165039,2113012
2023-09-22,76.15131717756441,76.74662139300942,75.32582793879095,76.20687866210938,2727059
2023-09-25,76.51645163532169,76.91332119146365,76.00052000118735,76.70694732666016,3129427
2023-09-26,76.23070652955234,76.83394996204433,76.00052145589422,76.1910171508789,1851960
2023-09-27,76.34975163347467,77.98485193467286,75.80206981945301,77.63560485839844,6830288
2023-09-28,77.63560485839844,77.63560485839844,77.63560485839844,77.63560485839844,0
2023-09-29,77.63560485839844,77.63560485839844,77.63560485839844,77.63560485839844,0
2023-10-02,76.59581919778637,79.15165993682915,76.59581919778637,78.86591339111328,17023821
2023-10-03,79.15958889665795,79.69139254480791,77.88960172004933,78.22297668457031,9902658
2023-10-04,77.78642611915097,78.58016516118312,77.67530313772633,77.84198760986328,5097021
2023-10-05,77.78642271827869,78.13566981934298,76.91331102136598,77.28636932373047,4933716
2023-10-06,77.04032193548984,77.31019640239552,75.81796288647428,76.11164855957031,5482386
2023-10-09,75.5242662958186,76.54819032213236,75.39726515034656,75.81001281738281,3007680
2023-10-10,75.81003259345938,76.34977549101903,75.48459661510378,75.80209350585938,3328348
2023-10-11,75.81001620516798,77.07205835201788,75.81001620516798,76.86568450927734,5898265
2023-10-12,77.11174378511659,78.06422814705583,76.8339363508633,77.21492767333984,7861597
2023-10-13,77.06410900642884,79.5723269059332,76.92124181403044,78.39759063720703,12277567
2023-10-16,78.8976526011902,79.92950959960335,77.54829275684558,78.31028747558594,5472397
2023-10-17,79.20027955720296,79.20027955720296,77.3223322924438,77.61627197265625,5148182
2023-10-18,77.57546035174816,77.87756056118258,76.30171950459206,76.4405288696289,4370844
2023-10-19,76.38335703995938,80.42501788346682,76.38335703995938,79.82897186279297,18109346
2023-10-20,79.9269585799927,79.9351253011408,78.75119990998563,79.27375793457031,5635981
2023-10-23,79.93512393354443,85.21786490766358,79.77182066029125,83.65018463134766,27498695
2023-10-24,83.77265750153573,83.89513339470382,81.24968275743373,82.48258972167969,13018300
2023-10-25,82.88268240826166,83.90330452263505,81.81306619641789,82.28663635253906,13945391
2023-10-26,82.71121731327995,82.95616287916903,81.48647079568576,81.79673767089844,7394331
2023-10-27,81.97636061835188,82.21314567083809,80.66996569892993,80.96390533447266,4521193
2023-10-30,81.23335552607476,82.37645356739237,80.6291489641404,81.78857421875,5020490
2023-10-31,83.29092171220746,83.29092171220746,81.7395750302055,81.95186614990234,7538611
2023-11-01,82.26213785063767,84.26255459197704,81.85388902755759,82.00902557373047,11174138
2023-11-02,82.4580956724995,83.20111152178944,80.99656413602476,81.8702163696289,8186728
2023-11-03,82.13966258571213,83.09496334397001,81.60893786577462,82.87451171875,8746576
2023-11-06,82.95616228258481,83.32358997285044,82.05801608868474,82.98882293701172,7410364
2023-11-07,83.29910278167225,84.09927336628031,82.79287813268088,82.89085388183594,12020957
2023-11-08,82.91533889942342,84.17273979932746,82.55607793980357,83.50321197509766,12279739
2023-11-09,83.50321197509766,83.50321197509766,83.50321197509766,83.50321197509766,0
2023-11-10,84.60642278739846,86.92895457174187,84.39905410409601,86.19901275634766,17303084
2023-11-13,86.27367373967212,87.09485200087391,85.48566890072523,85.88381958007812,12985882
2023-11-14,85.70133796049582,86.24879437811748,84.60643145364313,85.90870666503906,10515770
2023-11-15,86.47274226275003,89.5003263510567,86.02482514054336,88.55472564697266,18992131
2023-11-16,89.58327661327787,95.14075513107879,88.3639476690547,94.42740631103516,28731264
2023-11-17,94.89191140029241,94.95827089822113,91.32516749149896,92.33712768554688,13821022
2023-11-20,92.07170317842113,92.3205481508001,90.82749097330732,91.1012191772461,4718564
2023-11-21,91.23391932266088,91.82284559277656,89.50032025929933,89.85699462890625,5270511
2023-11-22,89.99800737473682,92.61085401581038,89.70769248759306,91.79796600341797,9958383
2023-11-23,92.06339436533959,92.66891367546599,88.96116078677551,89.599853515625,12035986
2023-11-24,90.16390875154705,91.20075225756021,88.91969654433129,89.2514877319336,9868458
2023-11-27,89.59985439779084,90.82747973949189,88.58790057864114,90.0726547241211,8516642
2023-11-28,90.42932209812226,91.36663248765437,89.25146963295741,90.39614868164062,12904027
2023-11-29,90.33808511438616,91.69842300317411,89.20999910977334,89.66620635986328,11777293
2023-11-30,90.32980290002332,90.7362437616905,89.4173819269706,90.24685668945312,5559771
2023-12-01,90.5039857688279,92.15463866347658,90.24685063479438,91.54912567138672,8578061
2023-12-04,92.27076022466066,97.75358828215072,92.27076022466066,95.71308135986328,23810103
2023-12-05,96.1361254317188,101.94244872043568,93.97949233301628,100.88072204589844,31154943
2023-12-06,101.1793297603266,103.43549569693249,99.5286705008041,102.10833740234375,28693019
2023-12-07,101.18762101262267,103.26960436658085,99.77751649640287,101.07149505615234,17176383
2023-12-08,102.85485426474827,104.90365761627383,101.40327366020546,103.99952697753906,17924383
2023-12-11,103.26959809891372,105.34328480772726,100.99683923800319,103.88340759277344,11190926
2023-12-12,103.89170788515997,105.21886616132836,103.52673698606748,103.85852813720703,9144317
2023-12-13,106.04833741653569,106.91928204043522,99.74433106402962,101.61064910888672,18895028
2023-12-14,102.02538777364326,105.34328656303003,99.86875482621981,103.67604064941406,12357484
2023-12-15,105.67506981285332,106.79485930493597,103.518437026548,105.13591003417969,17093245
2023-12-18,105.96539244994258,105.96539244994258,102.44012499074684,102.92951202392578,6701981
2023-12-19,102.85486498237,102.85486498237,95.55548493613618,97.47986602783203,11777994
2023-12-20,97.91948549224182,98.87337628217765,92.91774800990474,95.15733337402344,13742412
2023-12-21,95.5554664258784,97.12317283218691,94.22830840048343,96.74161529541016,9371700
2023-12-22,96.96559832405318,97.04854453233443,93.61451961669226,94.23662567138672,4196705
2023-12-25,94.23662567138672,94.23662567138672,94.23662567138672,94.23662567138672,0
2023-12-26,93.73064265218643,93.81358885788208,87.16949462890625,87.16949462890625,10515065
2023-12-27,87.01191228102962,89.5749865078199,86.26538365678314,88.9197006225586,8314253
2023-12-28,89.79064669574369,92.90117718173943,89.17683711845653,91.37494659423828,12285704
2023-12-29,91.69012840403175,96.1361130262355,90.99336640853359,93.27442169189453,10443776
2024-01-01,93.73064077385087,100.26689910888672,93.73064077385087,100.26689910888672,10262639
2024-01-02,102.8548643597658,105.09444355237251,100.78947409739385,101.95903015136719,24573372
2024-01-03,102.85486734292125,106.25571882584276,101.36181028561963,105.66678619384766,17714428
2024-01-04,106.17275922904061,106.50454403891968,102.8133842377034,104.19031524658203,7826527
2024-01-05,104.18202549419127,105.63360628105251,100.3664429772626,103.71752166748047,7662088
2024-01-08,103.85851624283359,104.34790955860448,102.06685435729341,102.340576171875,2819259
2024-01-09,103.2198286059794,103.684332390002,101.03830620232452,101.61894226074219,4622420
2024-01-10,101.81802270495906,105.09444534414962,101.19591665991857,101.75166320800781,18027804
2024-01-11,102.440130718083,106.54602816287687,101.9424471381671,105.39305877685547,11335960
2024-01-12,106.5874970357053,107.41697172080806,104.43086412011604,105.78290557861328,16501298
2024-01-15,106.67044879028798,110.98371459006276,106.59578645002009,108.07225036621094,18594025
2024-01-16,107.19300433377484,107.7238675978489,104.52210130507254,104.8621826171875,9848693
2024-01-17,103.68434142068877,106.60409601899374,102.48160559156476,104.83731079101562,10097639
2024-01-18,104.430867016158,104.430867016158,101.6106517429214,103.029052734375,6663481
2024-01-19,103.60139230805252,104.49722651161998,102.19128150723932,103.029052734375,2989138
2024-01-22,103.26958808354041,110.7597427368164,103.26958808354041,110.7597427368164,16631096
2024-01-23,111.9293186057209,115.21403134643568,105.5091798390081,113.22329711914062,52947125
2024-01-24,112.80855705638734,121.71711972154552,111.81318996665742,120.99546813964844,33646470
2024-01-25,119.34483378684486,123.4673244003831,111.92102448055276,112.2362289428711,49679574
2024-01-26,111.9873658312757,118.78076511193683,111.05006810103505,117.26282501220703,31070396
2024-01-29,116.54120937517915,116.78175149814427,113.2233101758858,114.14402770996094,7102542
2024-01-30,114.44262241468734,116.12645499963978,107.8731844792355,111.3818588256836,17143209
2024-01-31,112.72560448237833,114.88224372328895,111.688761127475,112.21133422851562,6014807
2024-02-01,112.71731954319242,120.35678730700636,111.73024259825436,119.66001892089844,16985527
2024-02-02,120.35678653453164,124.0064702276847,117.20478007765594,122.43047332763672,13579691
2024-02-06,124.54563266675807,131.54640180763872,124.54563266675807,129.04139709472656,23123662
2024-02-07,129.39805327137321,130.55931278930194,124.50415760138563,124.9769515991211,24951384
2024-02-08,124.9769515991211,124.9769515991211,124.9769515991211,124.9769515991211,0
2024-02-09,121.10330225306936,123.01109653224749,115.60388112113395,120.3401870727539,18933926
2024-02-12,116.12647785411846,116.95595269593359,111.31552124023438,111.31552124023438,14939483
2024-02-13,102.9709935298622,104.9202578996354,102.9709935298622,103.0041732788086,14952555
2024-02-14,104.11565997013827,106.17275997922724,97.0485384185124,101.20420837402344,32231367
2024-02-15,102.44012656998979,102.77191771929525,93.85506459680626,94.65135955810547,12066082
2024-02-16,93.56474374375017,96.3849525119087,87.69206165947791,89.52519989013672,20693864
2024-02-19,86.68010370376632,96.23564919360398,86.68010370376632,95.82920837402344,12158845
2024-02-20,96.64210668614743,98.49183186904199,92.98411993320286,93.73894500732422,10492785
2024-02-21,97.04024283608032,98.24298494135965,94.97485261662852,97.21443176269531,6512111
2024-02-22,97.4632772057312,98.20980570107007,95.81262432543008,96.7914047241211,5780199
2024-02-23,96.21906678386074,104.04931010583898,96.21906678386074,103.85852813720703,16618638
2024-02-26,104.42257004426644,107.62434290993927,102.86315987801133,103.69263458251953,14939405
2024-02-27,104.04930615082456,104.14054887212946,99.74433052551197,100.42449951171875,10000500
2024-02-28,99.53697125235179,103.44379661459978,99.53697125235179,102.1664047241211,6716014
2024-02-29,102.23275457783478,106.05663336892395,102.23275457783478,103.78387451171875,10849918
2024-03-01,103.966357661434,104.33962507993414,102.01709334834386,102.29911804199219,4787226
2024-03-04,103.68433609142943,109.97175575082723,103.1037063406733,109.63166809082031,20945917
2024-03-05,110.72659693974465,110.72659693974465,105.55066956907156,106.15618896484375,10469000
2024-03-06,105.43452567965544,109.20033510781818,105.43452567965544,106.70362091064453,11204196
2024-03-07,106.1727473741757,109.4076932080215,106.04832492016881,108.95149230957031,9797618
2024-03-08,109.92391169591909,110.60036911759518,108.65555886865847,109.17135620117188,6231759
2024-03-11,109.92390712818845,110.21986126985882,107.80998583726173,108.12284851074219,4226173
2024-03-12,108.2750403231026,108.64709249764466,104.00491716004531,104.50379943847656,4054404
2024-03-13,105.40011184866044,105.69605952509562,101.89945887328332,102.77039337158203,4044182
2024-03-14,103.59905508771931,107.80998927191631,103.59905508771931,107.21809387207031,3554520
2024-03-15,108.35959961373165,109.05297198645641,104.00492693940451,104.58837127685547,8016182
2024-03-18,104.89277642487966,106.03429262509152,103.75971126493566,104.28396606445312,3153698
2024-03-19,104.00493551838069,105.68761518913732,103.18473296218573,104.06412506103516,4296717
2024-03-20,104.10640644778222,105.56923648633263,102.4068117865798,103.25238037109375,5328271
2024-03-21,103.18473236378371,104.00493491522204,100.79177174387475,101.60352325439453,4601392
2024-03-22,101.29912218363089,101.34139674347719,99.15137713743604,99.76863861083984,3524802
2024-03-26,102.82114338450461,105.18028061952184,102.44909757675798,103.48914337158203,20903604
2024-03-27,104.18249889840504,104.62219815126913,103.33693035954823,103.72589111328125,4512518
2024-03-28,103.8358177583997,104.5968242722158,103.03252378656198,103.84426879882812,4201030
2024-03-29,104.02183568436165,104.42771140932821,102.48290124795543,102.86341094970703,2792424
2024-04-01,102.65202354485545,103.49759209719994,100.62265772899347,101.27374267578125,1842893
2024-04-02,101.46822147078682,101.46822147078682,99.98847657433784,100.69029998779297,2001159
2024-04-03,101.04544349017158,104.00493346687117,100.41972455857014,103.28620147705078,5586893
2024-04-04,106.20340423271567,109.06988743469871,105.71297294555362,105.94973754882812,7916927
2024-04-08,106.92213993579273,109.41656456309595,106.92213993579273,108.35960388183594,5865538
2024-04-09,108.65555913286751,109.83934994691508,107.38720630252276,108.40188598632812,4868813
2024-04-15,109.91546829895708,113.89808922819631,107.72544224364411,112.51982116699219,15716557
2024-04-16,113.34845536892821,115.5046575361986,112.48597192154989,112.798828125,10709918
2024-04-17,112.43524196908514,112.43524196908514,110.76947102905552,110.972412109375,4282994
2024-04-18,111.4459214110888,113.1370582673956,109.74632061299627,111.25989532470703,7638371
2024-04-19,112.08856410420593,114.48152463149457,110.89630936085733,113.17089080810547,8418350
2024-04-22,113.3061785218688,116.68845250759622,111.78415264782119,114.73519134521484,12878056
2024-04-23,114.82820077438632,114.8873838580473,112.88339071345953,113.46683502197266,3461267
2024-04-24,113.3061828871932,114.65909769454817,113.12860781906653,113.61058807373047,4954424
2024-04-25,114.15174232915808,116.26566348340175,112.6719975211875,115.4116439819336,8800644
2024-04-26,116.13885060180607,117.8722558835189,114.45616446859127,115.9697265625,7239643
2024-04-29,116.60390425855869,116.9421394384606,113.2385448582399,113.49221801757812,5410125
2024-04-30,113.39919777154564,116.56162876592178,112.46906721368441,112.94259643554688,13576160
2024-05-02,112.98487451953707,114.36315549454599,111.30220122854664,112.037841796875,7309709
2024-05-03,112.67200390183372,117.95680708672273,111.6234943051052,116.97594451904297,16078368
2024-05-06,117.61857745319872,118.80236813128909,115.29326419795997,115.81751251220703,11672431
2024-05-07,115.3355414361931,115.6737765869799,113.5598552783814,114.0164566040039,6653585
2024-05-08,114.15378766378426,115.95622112869684,114.15378766378426,114.72026824951172,10021600
2024-05-09,114.33402447641625,115.6557992770769,113.97352734326802,114.54859924316406,2595611
2024-05-10,115.09793154864126,116.72011656337428,114.58294677393589,114.93485260009766,3471449
2024-05-13,115.00352191186983,117.87023828087368,113.89630853863065,115.71591186523438,8980112
2024-05-14,116.38536198958053,120.24770789945681,115.65580252351754,119.65547943115234,18217177
2024-05-15,120.16189955485343,121.87849811992277,119.04610786823682,119.57826232910156,13245266
2024-05-16,119.99023435099049,120.41079258968085,118.19639211277993,118.4281234741211,3342683
2024-05-17,118.44528581970164,119.46666393056039,117.58698664709512,118.52252960205078,2602794
2024-05-20,118.65984268114433,118.65984268114433,116.42825993095857,116.84883117675781,3681647
2024-05-21,116.74586105956635,117.67282576881476,115.69873498596759,116.11929321289062,2288452
2024-05-22,115.87038273099529,118.17920948975865,115.6558079481601,116.6085205078125,4399729
2024-05-23,116.74584484553165,120.54810349388188,116.30810393171654,119.78421783447266,15108766
2024-05-24,121.02016986860731,121.10600501495738,119.13191451834712,119.44090270996094,5798540
2024-05-27,119.73272639413014,119.73272639413014,117.32948625578715,117.56980895996094,2712134
2024-05-28,117.56980895996094,117.56980895996094,117.56980895996094,117.56980895996094,0
2024-05-29,117.55267109539156,117.55267109539156,112.86635142577612,113.81048583984375,9766932
2024-05-30,114.58293262456725,114.58293262456725,112.43718482260907,113.39847564697266,6987345
2024-05-31,113.98213107575639,115.22666223852733,113.03799676104418,114.55718994140625,5355724
2024-06-03,115.00350938113684,115.012087657975,113.20965417991663,113.44139862060547,3160346
2024-06-04,113.74180637446855,113.9821290873655,110.59185008357836,111.15831756591797,5736630
2024-06-05,111.14973341382067,111.49304781506694,108.53191854035178,108.7379150390625,3736797
2024-06-06,108.69501106654809,110.37728327502155,106.85825128716313,107.40756225585938,4733764
2024-06-07,107.27881375442914,107.27881375442914,103.30489086842098,106.24027252197266,6549772
2024-06-10,106.24027363564721,106.3003543175496,103.21906334122214,104.04302978515625,3376152
2024-06-11,105.57078356681579,105.57078356681579,101.54535891096589,101.98309326171875,5615593
2024-06-12,101.70844514774811,103.2962972011537,101.70844514774811,102.24059295654297,4617127
2024-06-13,104.71248935131317,110.9351577758789,104.19751120514752,110.9351577758789,17606435
2024-06-14,113.28691157139448,114.9691706017089,112.00804109999571,112.61743927001953,11098685
2024-06-20,113.037996535063,116.08496116651828,112.99507895782446,115.32107543945312,8402049
2024-06-21,116.55701632313952,116.55701632313952,113.85336639472744,114.79750061035156,4950071
2024-06-24,115.0120824248168,115.61288919129703,112.44576333354486,112.98649597167969,4313719
2024-06-25,113.20964866176088,113.20964866176088,110.51458994948207,110.76350402832031,3198079
2024-06-26,110.7205948673013,118.78860196782651,109.23573439596707,116.1622085571289,27462390
2024-06-27,116.72011573284347,118.4452924515992,115.87039478960791,117.73290252685547,16928743
2024-06-28,117.58697419904034,117.91313204101687,115.78454088873437,116.18794250488281,4871292
2024-07-01,115.87038934737687,117.90455421389463,115.22666496211366,116.32528686523438,8319346
2024-07-02,116.7372855856384,117.84449904052086,116.08498281840636,116.50555419921875,4774175
2024-07-03,116.72868924602948,119.47524402073246,116.72868924602948,117.3724136352539,7030126
2024-07-04,117.93029531786877,118.99459095469965,115.5270682292271,116.10212707519531,4895636
2024-07-05,115.87039400042075,116.28237395648348,113.72464596337592,114.11087799072266,5330385
2024-07-08,114.84041879491718,115.44122552778549,113.72462737867343,114.6344223022461,3066480
2024-07-09,115.22666391583971,116.20512444869098,114.92625396680218,115.18374633789062,3303402
2024-07-10,115.44982489293322,115.76740451422219,113.25258095615672,114.265380859375,3920835
2024-07-11,114.15378756352365,115.69013728777432,113.72463798621718,113.86196899414062,3392575
2024-07-12,114.15378253630858,114.28252216518867,110.76350364421293,112.29127502441406,3416381
2024-07-15,114.15378728490919,115.69872837876294,113.40707121313226,113.92204284667969,3879184
2024-07-16,113.92204284667969,113.92204284667969,113.92204284667969,113.92204284667969,0
2024-07-17,113.92204284667969,113.92204284667969,113.92204284667969,113.92204284667969,0
2024-07-18,114.36835503876523,117.99895656356559,113.89628791459381,117.35523223876953,8532750
2024-07-19,117.80156207888456,118.14487651114597,114.41128294803022,115.02066802978516,5116199
2024-07-22,114.79751063522498,114.79751063522498,110.72058969677775,111.3557357788086,3758064
2024-07-23,111.57888378835467,113.46713920237507,111.57030551207184,113.18389892578125,2329756
2024-07-24,113.46714489109499,114.05079512271483,112.69468089555137,113.166748046875,1291235
2024-07-25,113.29548603658134,113.69888767853094,112.17969453962725,112.6946792602539,1138719
2024-07-26,112.69468549746674,113.81047705617556,110.11119657136445,110.75492095947266,3538925
2024-07-29,110.75490355412951,115.60430104041647,110.75490355412951,113.88770294189453,5897164
2024-07-30,114.58294477468195,115.37257847794089,112.0252167905816,113.00367736816406,3516742
2024-07-31,113.11524307100413,113.42423129939878,110.76351170168387,110.91799926757812,1132394
2024-08-01,111.54456125227992,111.78488396214719,109.90520676263827,110.2742691040039,952493
2024-08-02,110.90084402765186,112.8663434089202,110.30002411777183,111.99946594238281,1236400
2024-08-05,112.85775245907419,115.6128852136453,110.59184337730342,110.9351577758789,6768020
2024-08-06,112.4371832165548,113.29548232507811,110.76350257425533,111.3042221069336,2302149
2024-08-07,111.57888944041929,112.60884580054818,110.59185065708861,110.84075164794922,2213452
2024-08-08,111.32141227843252,120.14472769291604,110.7206054110275,118.91736602783203,24259389
2024-08-09,120.50521018417,121.11460841783246,116.0420566767206,116.57421112060547,8579756
2024-08-12,115.8703863271005,117.67281979749772,114.23962316558364,114.61726379394531,4634802
2024-08-13,114.61724759630869,115.87036995237342,113.96494504320607,114.88333129882812,2670708
2024-08-15,115.35538272583528,116.51409163822709,113.29547032225396,113.51862335205078,4156156
2024-08-16,113.73321033757753,114.45419154331026,112.52301854604364,112.71184539794922,2117011
2024-08-19,113.93921557926625,114.71167959878834,112.95217676580957,113.14958190917969,1729436
2024-08-20,113.51005497872957,114.3597757950494,112.87490893552643,114.02503967285156,942044
2024-08-21,115.01208684500567,115.85321635040461,114.15378768944592,115.07217407226562,2916406
2024-08-22,115.52706724446158,117.4582402720477,115.02066080825232,115.81888580322266,4247613
2024-08-23,115.8875551461114,116.98617701271563,115.2695787090708,115.89613342285156,2543680
2024-08-26,116.63428816974505,116.72870161403247,115.01210306088493,115.50991821289062,1162536
2024-08-27,116.30810728874123,117.13208019406626,114.07653746823661,114.23961639404297,3196959
2024-08-28,114.63442470239269,114.63442470239269,113.72462975977129,113.82762145996094,781528
2024-08-29,113.75039006813275,114.55719339839628,113.22682704083022,114.03363037109375,1144541
2024-08-30,114.19669247517639,115.35538834743106,113.81046051775817,114.06793975830078,1303913
2024-09-02,114.36834399042048,116.72866628665805,113.43280120527847,114.28250885009766,3098055
2024-09-03,114.58294076527976,115.6128971640734,114.58294076527976,115.05500793457031,1144426
2024-09-04,115.52706975957156,119.04608838404367,115.52706975957156,118.19638061523438,12999171
2024-09-05,118.17920775757986,119.00316757749094,117.11491213553906,117.75863647460938,3485543
2024-09-06,117.80155841842891,118.35086935094206,117.15783405548667,117.36383056640625,1320815
2024-09-09,117.8444772558367,119.04609084087333,116.72868572881363,117.03767395019531,2074252
2024-09-10,117.10633143005386,117.36382377966198,115.87037862921873,116.78876495361328,1678777
2024-09-11,116.72868612316311,118.2993751624425,115.52707253406702,117.63848114013672,4187698
2024-09-12,117.638463946854,119.73271569314413,117.58696810007703,118.89158630371094,5114698
2024-09-13,120.25629260195906,123.93839013696908,119.655485825415,121.91280364990234,14126352
2024-09-16,121.87847250247822,124.02422025780353,120.54810627485553,121.0459213256836,6930981
2024-09-17,121.0459213256836,121.0459213256836,121.0459213256836,121.0459213256836,0
2024-09-18,121.36350787354405,123.11444566555679,120.80561860353824,122.11023712158203,4283261
2024-09-19,122.69387437575791,127.02828817958546,121.92141029438976,125.1915283203125,11439004
2024-09-20,125.30309759716656,125.64641201845275,120.41937333922735,121.26908111572266,29408063
2024-09-23,121.86131321124492,123.59508121196242,117.75864420207633,118.9688491821289,23080653
2024-09-24,119.68124963519845,120.3335523510725,117.4153401367957,119.97306823730469,7695595
2024-09-25,119.9902194278059,124.32463259707578,119.35507336511472,123.83539581298828,12712592
2024-09-26,124.88250944799235,125.48331615247635,122.69384429195418,123.2174072265625,9855544
2024-09-27,123.38049633279923,124.10146443775002,122.5651148024426,123.4663314819336,3487462
2024-09-30,123.98988740821257,124.11004875220385,122.30761549573035,123.10582733154297,2600225
2024-10-01,123.42341831459164,125.9553981452083,122.48787540000335,125.3545913696289,5724789
2024-10-02,124.62501460826171,127.4144864125981,124.20445647189578,126.82225799560547,5426787
2024-10-03,127.4145089295133,128.744875259853,126.94244176757266,128.3500518798828,5346618
2024-10-04,128.74488614069952,133.72302435746133,127.90375655163027,133.0792999267578,11575579
2024-10-07,133.02778594494967,145.73919387606773,132.69304981045033,143.2672882080078,20721547
2024-10-08,145.1383809071225,149.80751694108116,144.62339621607913,147.7476043701172,16675823
2024-10-09,147.7476043701172,147.7476043701172,147.7476043701172,147.7476043701172,0
2024-10-10,145.48172154510317,148.70034370318066,144.19427268187218,146.30569458007812,8150018
2024-10-11,146.76917266845703,150.28820485412143,144.3745235084789,145.91087341308594,5637289
2024-10-14,145.90230549651562,145.9108837748999,143.16432858198812,143.38748168945312,3004782
2024-10-15,143.335950691048,146.98372189126928,140.76105337324475,146.2112579345703,4933844
2024-10-16,146.78254569447648,150.1664600466519,146.78254569447648,149.03262329101562,6089810
2024-10-17,149.41938945225309,150.51806143351965,147.23083003742173,147.66151428222656,2499500
2024-10-18,148.13613756691882,148.13613756691882,144.58523555526412,145.62237548828125,2317889
2024-10-21,145.46416429346326,147.26598895039982,145.46416429346326,146.66830444335938,2235332
2024-10-22,146.34310858734338,148.90960473817105,146.34310858734338,146.75621032714844,3315231
2024-10-23,147.13415684856972,149.24361524979503,145.95638361951197,148.66351318359375,4641922
2024-10-24,148.962316705093,156.23113324180844,148.71621528964505,154.09532165527344,10907595
2024-10-25,155.6598369166205,160.6697779940364,152.0561877950199,154.3414306640625,22422781
2024-10-28,155.13248281265453,158.29666346409414,152.9351388634668,153.35702514648438,7324646
2024-10-29,153.81407921024797,154.6930168057351,151.9595203473092,154.0601806640625,4841297
2024-10-30,154.93912650444992,159.2195485305623,151.61674328963377,152.85604858398438,9305622
2024-10-31,152.97909301809202,153.81408106155,149.88522888951312,151.29153442382812,4569439
2024-11-01,151.168481361927,159.08770424218807,149.51607439634276,157.76051330566406,14105623
2024-11-04,159.51837299762457,160.40609505168047,155.14125455580887,158.77127075195312,9465022
2024-11-05,158.60429505462304,163.30661681098977,158.34061107932249,161.11805725097656,10140999
2024-11-06,162.71752785853607,163.0749469459217,158.9645592676657,159.53643798828125,8019798
2024-11-07,159.51857198331828,164.50464582631255,159.51857198331828,163.7183074951172,7976658
2024-11-08,163.56640214623621,172.90411520150354,162.18137937505372,171.0365753173828,10745580
2024-11-11,171.3850450680649,178.26546374898814,171.3850450680649,176.6034393310547,10975597
2024-11-12,178.26548070710368,178.26548070710368,172.63604174731506,173.9674530029297,6020079
2024-11-13,173.96744013703207,175.03971089896177,168.8473380454205,169.86599731445312,6479629
2024-11-14,170.6702178372876,175.68309755580077,170.6702178372876,174.1282958984375,8132920
2024-11-15,173.97638972209586,176.92514486341898,172.7254093031898,173.51173400878906,6608871
2024-11-18,173.35091550373104,175.04867674809736,171.07233115548607,173.44027709960938,3202280
2024-11-19,173.79767315763021,175.58479576079353,173.44025409086294,174.6644287109375,2645343
2024-11-20,175.1201240856052,177.63997327075398,172.45731546759336,174.19082641601562,6023711
2024-11-21,174.23554755536503,180.05262753652718,173.08284567914788,178.40847778320312,9205022
2024-11-22,177.78296360068225,181.61633560761314,172.99347445083419,173.9674530029297,8790620
2024-11-25,173.35982000638003,174.691231229601,171.56376673188436,172.29649353027344,4085788
2024-11-26,171.56377728508292,171.56377728508292,158.8305281897057,160.4210662841797,8464314
2024-11-27,169.77665310374834,170.26811456334985,164.41528511099838,168.2486572265625,7510180
2024-11-28,168.78481096813528,174.1104428693444,168.7043937150897,173.0113525390625,11210333
2024-11-29,173.3508829075304,176.7017376029079,170.44680883820322,174.46783447265625,7945611
2024-12-02,174.4678534759938,181.29466164024404,169.95536593444498,171.3493194580078,19610982
2024-12-03,171.11700323164732,172.68073563715845,168.6150286558966,171.44761657714844,6046821
2024-12-04,171.65311631557958,173.1721676670694,170.22341290555258,172.39476013183594,4666041
2024-12-05,172.90410611447592,177.1038413655177,171.8318353151172,176.39793395996094,8146703
2024-12-06,177.10384479422308,177.7293349697365,173.3598208108927,174.04786682128906,3278432
2024-12-09,174.11933991502747,178.05994816846163,172.45731550005496,176.0941162109375,6763850
2024-12-10,176.92513357150256,177.28255262990297,170.089395228287,173.1364288330078,5333706
2024-12-11,173.35090476385562,184.87784091542153,173.08283362749413,183.04605102539062,17784563
2024-12-12,184.4399868201974,192.10674422807728,184.4399868201974,190.69491577148438,20627002
2024-12-13,191.32934942598416,201.05130115142092,190.32856509001178,199.21949768066406,17022257
2024-12-16,201.2746960162518,210.43369994151965,201.2746960162518,208.45892333984375,12688572
2024-12-17,210.34431963495248,210.87153115193706,193.67940723449976,198.96035766601562,9567963
2024-12-18,203.73197724839568,208.19978376700087,193.90280290746432,197.26258850097656,13982326
2024-12-19,198.28125335397192,200.157737597817,186.75431766939175,188.69334411621094,14172158
2024-12-20,187.6478711867332,193.44708887617338,184.5293373713892,191.82080078125,6057125
2024-12-23,193.8939001508784,209.09337520955495,192.5535580020992,207.8334503173828,14962519
2024-12-24,209.00398549549075,228.2155537101601,202.83841789441578,205.63526916503906,23055594
2024-12-26,207.30620256359063,207.30620256359063,194.34956490336623,196.06520080566406,9133140
2024-12-27,194.79637584791175,201.40872443658984,193.50071460704888,197.56642150878906,5769967
2024-12-30,199.66627432829839,203.01712927999728,198.6386842636429,201.46234130859375,5797617
2024-12-31,209.97797853506532,209.97797853506532,201.96273244054535,203.07073974609375,8597991
2025-01-01,203.07073974609375,203.07073974609375,203.07073974609375,203.07073974609375,0
2025-01-02,204.75956597823077,206.6360501578539,198.4599697352031,199.49649047851562,5672947
2025-01-03,200.38111925841517,200.38111925841517,194.8052919010066,198.4420928955078,3513730
2025-01-06,200.14881642413513,200.95301620427125,187.7372495247587,190.82896423339844,6175293
2025-01-07,190.82892334483276,196.12774823019026,183.8948934992151,195.13589477539062,6978698
2025-01-08,196.58346858684982,199.26415224939777,188.9881982096306,190.2838592529297,4029719
2025-01-09,190.77533683868373,193.81343979349063,185.9590419950281,190.35536193847656,5564192
2025-01-10,189.79240773481266,205.51909149433095,186.83472212137508,201.0155487060547,10277964
2025-01-13,203.01712030581254,204.40214301822385,198.54931390104264,200.9708709716797,7647826
2025-01-14,201.8376476751683,201.8376476751683,197.47706380365113,198.50465393066406,3374101
2025-01-15,199.25524601172168,202.15037599657543,196.0473504726399,198.16510009765625,5707634
2025-01-16,198.808461699076,198.81739240373884,194.8052971946182,195.46653747558594,2698464
2025-01-17,194.79636368987232,199.53224131385235,193.6794120632102,198.29019165039062,4628837
2025-01-20,199.2641630796672,201.8108181513667,198.37953251446717,198.85311889648438,3836160
2025-01-21,198.45996830081432,201.27468091524207,193.91173096462526,195.0018768310547,3403901
2025-01-22,194.79635631621082,195.68991758371638,190.32854997868304,191.2131805419922,3247822
2025-01-23,191.22214088703416,194.79638651109087,189.8817987780129,191.1417236328125,3076058
2025-01-24,191.89229798175697,193.45603032852333,189.2562947527122,189.81922912597656,2141455
2025-01-27,190.3285373942489,190.81999878581433,186.66493098584692,186.8525848388672,2895036
2025-01-28,186.3075374743407,186.3075374743407,179.81134278163026,181.92909240722656,5222551
2025-01-29,182.28653893900366,184.04685611658988,179.69521614324694,181.60743713378906,3818978
2025-01-30,182.28649673477986,185.86074176879515,181.39293547627602,184.85101318359375,4297134
2025-01-31,184.9671773101483,188.45206070415563,183.76086417817362,184.52932739257812,3987393
2025-02-03,186.75433718784188,186.75433718784188,180.54408803221273,181.115966796875,1832312
2025-02-04,181.39294846700628,182.55458091318584,177.3719225157672,178.60504150390625,2904113
2025-02-06,178.72118698453238,179.33774645024516,171.6977947673341,174.6376190185547,6279265
2025-02-07,175.58479085865454,178.7033246225872,174.7091046252585,177.38084411621094,2347359
2025-02-10,177.37192764735852,181.29466142122587,175.49544336195908,179.5790252685547,2117785
2025-02-11,180.66916493292152,187.74616893003204,180.07048048646865,186.03053283691406,7363546
2025-02-12,186.03052964889812,187.97848674266126,184.08255892047154,186.8436737060547,2897545
2025-02-13,186.84366047172492,189.97112480727017,183.9395864458615,184.4578399658203,2869697
2025-02-14,184.46677958290599,185.86073289809576,179.60580438710215,180.374267578125,1333952
2025-02-17,181.25891559884835,181.25891559884835,177.8186991316323,178.2118682861328,939284
2025-02-18,179.51644659668588,184.31487969857716,177.81868570462726,183.84129333496094,2120629
2025-02-19,184.56509031632942,185.41397082933827,181.795044816339,183.00135803222656,1317290
2025-02-20,183.00135371946544,186.30752774386275,182.2865019652182,183.01028442382812,3826377
2025-02-21,183.26941476149298,183.6357645055178,180.49936947899005,181.16954040527344,825161
2025-02-24,180.9550927892624,189.2116040565735,179.60582014342987,187.97848510742188,6338246
2025-02-25,189.14012849664036,194.79637345372706,189.14012849664036,190.62344360351562,8383991
2025-02-26,190.23918589900097,191.2221087342101,185.95903348312703,186.64707946777344,2763837
2025-02-27,186.0394516197505,191.35613839023756,186.0394516197505,189.5332794189453,4496538
2025-02-28,190.3285521168152,191.89228435251673,189.0328909913094,189.96218872070312,5000445
2025-03-03,190.0158042869867,191.2221174913818,188.7380181773603,189.2205352783203,1565677
2025-03-04,189.2205352783203,189.2205352783203,189.2205352783203,189.2205352783203,0
2025-03-05,190.76640561454985,191.8922879368062,189.92645581642353,190.24813842773438,2303682
2025-03-06,190.23919000664165,200.157725613685,189.0954326653365,198.8888702392578,18047822
2025-03-07,199.77350351844356,203.73197347599228,199.0407767183214,200.01475524902344,8869795
2025-03-10,197.24829065971295,200.11486926026691,193.84478574352127,195.44644165039062,6097137
2025-03-11,195.20071258584377,200.20585906240387,191.83361682424785,199.1320343017578,8137145
2025-03-12,200.1512678379638,201.84391799804746,196.65676876098618,197.69419860839844,4562038
2025-03-13,197.69418816507255,200.02385409332481,197.24827012181166,198.64060974121094,3103443
2025-03-14,199.20485082286766,200.11487757653248,198.29482406920283,198.92274475097656,1589442
2025-03-17,198.38582100251168,203.29995963811996,198.38582100251168,201.4617156982422,4231096
2025-03-18,203.34544938399068,206.11193813825767,202.0077091159157,202.99053955078125,5498200
2025-03-19,203.39096113657814,206.5578500662218,201.57090779307407,205.19281005859375,4159013
2025-03-20,205.75704128849418,209.06953790277154,205.30202794100606,206.4031524658203,4915163
2025-03-21,206.39405956121774,208.53261398735734,206.12104877241754,206.8945770263672,3217231
2025-03-24,207.48609164547545,207.48609164547545,196.83878182505984,198.54052734375,3951500
2025-03-25,198.62240991353727,204.75599448045523,195.83773061034782,204.0188751220703,6130175
2025-03-26,212.0453177649452,213.85627590880102,207.71359564333545,211.8087158203125,8944307
2025-03-27,212.4366218527709,212.93713928381177,209.67013308078396,211.79049682617188,2613031
2025-03-28,211.79049682617188,211.79049682617188,211.79049682617188,211.79049682617188,0
2025-03-31,211.79049682617188,211.79049682617188,211.79049682617188,211.79049682617188,0
2025-04-03,211.93609147662525,214.76627472011032,209.32431961313682,213.56503295898438,3179307
2025-04-04,213.85626035260404,214.49327622328195,205.67511586189156,206.3667449951172,4442709
2025-04-07,203.84598413206305,203.84598413206305,185.72734890627882,193.89939880371094,11609437
2025-04-08,196.55665311466137,198.52230004519288,194.79119926393145,195.5556182861328,6186423
2025-04-09,192.925647358796,194.5636980852497,186.55546088940181,189.75875854492188,5505908
2025-04-10,197.47579803289162,199.2958514709828,194.74571787575488,195.42823791503906,5634924
2025-04-11,195.4282396948875,195.4282396948875,192.69815951288675,193.07127380371094,2693355
2025-04-14,194.2906831643714,195.65572309292668,191.5150991991281,192.94384765625,2030494
2025-04-15,193.7446913117762,197.2938040011309,192.52525878812023,195.0369415283203,5788920
2025-04-16,196.5657664990074,197.47579319576207,191.19661454251704,192.65264892578125,3196077
2025-04-17,193.74467326730422,195.37362878925785,192.0247234095279,194.81851196289062,1864871
2025-04-18,197.20276540850273,197.20276540850273,193.38065638882213,193.72647094726562,1714126
2025-04-21,194.6546915436067,195.6557263958075,192.48883759615188,193.13494873046875,2898447
2025-04-22,193.37158487097494,195.64665169614375,192.47065340928197,194.0904998779297,2071864
2025-04-23,194.0905031886878,197.6123022506334,192.0611474340745,195.07333374023438,5146592
2025-04-24,192.74364291339634,194.74569872119974,191.10559220304648,192.64353942871094,3503471
2025-04-25,192.92565419446066,194.47269675751826,188.56663255146893,193.26235961914062,4086778
2025-04-28,193.26236520096876,194.33620392411385,188.83053963000958,189.28555297851562,1711531
2025-04-29,187.5746930842943,190.1955743416788,185.64544098422238,189.11264038085938,2656000
2025-04-30,188.3755069256229,188.3755069256229,179.36624910528076,182.35113525390625,5330775
2025-05-02,184.73542971452665,186.08226541256897,184.052909654005,184.9629364013672,2120764
2025-05-05,185.64545104117497,185.64545104117497,181.55942606590145,182.20555114746094,1963019
2025-05-06,182.82436921348102,189.19455648762192,182.02355511286243,184.67172241210938,5936784
2025-05-07,173.00517493771252,183.81629648004733,173.00517493771252,178.9385528564453,8425414
2025-05-08,179.97597377212512,182.44213820811254,161.04741674713767,163.2496795654297,10630815
2025-05-09,166.58150668022822,171.91240580870794,161.2783574260156,170.8018035888672,9341157
2025-05-12,187.8865966796875,187.8865966796875,187.78479065598975,187.8865966796875,3446509
2025-05-13,193.4303692325428,203.6016650239801,188.3400963580022,202.37074279785156,30912153
2025-05-14,201.6673637027656,201.6673637027656,195.74414234907005,196.8269805908203,9743491
2025-05-15,197.17867782205343,199.81635638820498,195.6053234650742,197.80801391601562,6853346
2025-05-16,198.88159933538302,198.88159933538302,195.28138851950354,195.744140625,2618444
2025-05-19,197.13240333283096,197.60440541179392,193.8005824164042,195.9292449951172,4668009
2025-05-20,195.2628607296102,196.20687891252058,193.89311854798612,194.07821655273438,1452810
2025-05-21,194.6335542550067,198.52066943348518,193.8931480014692,197.81729125976562,4447556
2025-05-22,197.8172725652697,200.37165907039625,194.77235584239776,196.1143341064453,5090695
2025-05-23,196.94730583320637,197.7802540034929,194.91119932200397,196.54933166503906,1694126
2025-05-26,197.13238896556217,197.87279512881454,191.71818390148164,193.38409423828125,3432433
2025-05-27,193.66176090401166,195.18883724080513,192.50488061187298,193.80984497070312,4443220
2025-05-28,193.80984497070312,193.80984497070312,193.80984497070312,193.80984497070312,0
2025-05-29,194.79088113084558,195.42021724387698,193.24529072399875,193.5877227783203,2255894
2025-05-30,193.52293454086387,194.4484387440778,192.0421221668922,193.88388061523438,1912843
2025-06-02,195.63308138079458,197.59514575636103,191.1166163873,192.48635864257812,3666183
2025-06-03,192.50487442267934,194.35588283058974,191.81074626971295,193.56919860839844,1909426
2025-06-04,193.56920065073382,197.25271758923287,193.3841026324045,196.10508728027344,4379550
2025-06-05,196.10508120863682,196.66963932640968,193.8931267712133,194.30960083007812,2233027
2025-06-06,194.30960083007812,194.30960083007812,194.30960083007812,194.30960083007812,0
2025-06-09,194.30960083007812,194.30960083007812,194.30960083007812,194.30960083007812,0
2025-06-10,194.3558704691947,195.64232066598885,193.4303663241033,194.65203857421875,1191479
2025-06-11,196.80846485722293,200.3253836840971,196.29944883873634,199.2703094482422,8783176
2025-06-12,200.8344169196186,202.67617541218286,195.52201758166922,196.253173828125,8617378
2025-06-13,195.28139023158423,196.39199247009793,192.71773959047712,193.30081176757812,5201407
2025-06-16,193.30081176757812,193.30081176757812,193.30081176757812,193.30081176757812,0
2025-06-17,193.80056648592236,198.42808731053438,193.80056648592236,197.1786651611328,4640665
2025-06-18,198.29852529890633,198.29852529890633,194.8186345822389,195.438720703125,3680503
2025-06-19,197.64142083804296,199.91815321679758,194.2170581899667,194.98521423339844,4400385
2025-06-20,195.2813978790535,198.98341490045735,194.4576996566741,196.4382781982422,2708653
2025-06-23,194.35585807335224,194.818610116384,186.95182538484357,188.6732635498047,4604885
2025-06-24,199.90890668579385,203.88857755997202,195.28138569769678,201.7691650390625,9161337
2025-06-25,202.12084450304377,202.69465253923556,200.00144627879797,201.62107849121094,6810842
2025-06-26,201.75991264801198,205.91543152915818,200.01071030048783,201.10279846191406,6966647
2025-06-27,201.2971524446761,209.16393771262895,200.6030243327979,204.71226501464844,9560957
2025-06-30,207.31291725413743,207.31291725413743,203.61090087459925,204.12918090820312,4322821
2025-07-01,203.88858577005172,206.3874443798322,202.67617748188138,205.06398010253906,4591432
2025-07-02,205.87841215277268,207.30369656850584,204.82333790051024,206.3134002685547,4662816
2025-07-03,207.43324999274643,212.8659548429355,207.31292993398935,212.02374267578125,9420347
2025-07-04,212.56054144184344,212.86595951318503,209.64520894951377,210.3485870361328,2458630
2025-07-07,210.34859941605845,212.86597204126892,209.63595720765267,212.07003784179688,3418591
2025-07-08,212.40322367537786,214.30051019711084,210.56146514866867,212.16259765625,4163815
2025-07-09,211.93121801311003,212.86597219838245,208.29397905772018,211.03347778320312,7174231
2025-07-10,211.03346148327722,211.09823943068196,208.97884112837943,209.7377471923828,2904599
2025-07-11,210.13574205345662,211.94972246876358,209.2565158434403,210.9131622314453,2758043
2025-07-14,211.79235655499414,212.12553859855183,209.1639282791901,210.1912384033203,2390029
2025-07-15,210.55219627169632,211.01494835141435,207.31293171367022,207.7108917236328,2301456
2025-07-16,207.1278349596413,209.16394129830758,206.24860882727094,207.65536499023438,2358869
2025-07-17,208.05333207030583,210.9964284367375,207.405482001161,208.40501403808594,3409629
2025-07-18,209.16394847274745,211.10751293481914,206.38743588240126,206.64657592773438,2838810
2025-07-21,206.64656731071386,207.30368147674017,204.52716900217266,204.7030029296875,2493261
2025-07-22,205.46192055922992,211.94044958587233,204.54566637008725,209.74700927734375,6603594
2025-07-23,211.3851274489174,213.79144371969934,208.71968528607007,209.3767852783203,4488616
2025-07-24,210.08945938191377,211.6628137422975,208.23845092920968,208.5438690185547,1876360
2025-07-25,208.54384860680233,210.0709247819873,207.52578840863077,209.0806427001953,2022116
2025-07-28,210.18199857844664,212.0330068825384,206.85942793982676,210.2097625732422,9303039
2025-07-29,210.08020908818693,210.53369712024818,205.50821595777558,207.34996032714844,1827872
2025-07-30,206.75762031764128,209.16393674316154,206.75762031764128,208.03482055664062,1481340
2025-07-31,211.01496233630985,220.27000454404273,211.01496233630985,215.6517333984375,24206621
2025-08-01,216.058952763479,237.21597934994793,213.8007202549241,236.6236572265625,37045030
2025-08-04,245.25861043810937,248.96062719943933,239.81664127989092,240.83470153808594,17823555
2025-08-05,240.63107931460874,244.7958479950539,236.9290627097686,239.8351593017578,12663423
2025-08-06,240.41821190789392,243.77779661764563,238.45614755526054,242.70420837402344,8985338
2025-08-07,243.42610990943612,249.77508354905976,243.40760999291908,247.18365478515625,16976236
2025-08-08,247.2947306895094,256.35539636737,247.2947306895094,250.33038330078125,19939697
2025-08-11,249.84908801952685,257.75290122950304,247.53532768533023,256.44793701171875,12017894
2025-08-12,257.7529022548549,258.5395864204402,249.33080895604687,251.3114013671875,15701553
2025-08-13,251.73711535395407,253.5881235550861,248.20168291119745,249.42335510253906,11217565
2025-08-15,249.88611287413468,251.4131890262033,241.56583985767392,243.01885986328125,8770183
2025-08-18,243.41687005109705,245.16605831199251,239.3909211095928,243.93515014648438,8838838
2025-08-19,244.3053430591993,244.6848031677872,239.70558608827994,240.36268615722656,7628890
2025-08-20,240.6311007538588,241.55660498752746,237.8545880528527,239.02996826171875,5294589
2025-08-21,239.71482844743196,242.62089666440056,236.51257801474728,241.52880859375,9475709
2025-08-22,242.48209932356355,248.682988733695,241.74170726450902,243.52792358398438,12454594
2025-08-25,242.99109265938367,244.56446094324187,240.84394459082404,241.52880859375,2541898
2025-08-26,244.27757038531627,244.98096258543268,240.16832965310718,241.01980590820312,4337958
2025-08-27,241.55659315352585,242.47283326184342,239.72408469274433,240.93649291992188,2744110
2025-08-28,241.12161694326693,242.48210929695085,240.53854475680987,241.77871704101562,2197621
2025-08-29,241.92676034427183,251.0429811615474,240.63106028387955,244.66624450683594,14512990
2025-09-01,244.61998460047002,251.73711333631115,244.51819270741257,250.2100372314453,10452246
2025-09-02,251.709370565934,252.45902668505917,248.03511787657857,249.2567901611328,6923779
2025-09-03,249.88611948609338,254.97639229043972,248.2202233205108,252.75518798828125,8356395
2025-09-04,252.19990118666297,253.34751738696315,249.0161643947197,250.24710083007812,6155542
2025-09-05,250.53398617683376,254.32853061884524,248.54412964730903,252.64413452148438,11586114
2025-09-08,254.48586210555143,256.27207823012196,252.6626179088246,254.5136260986328,7208664
2025-09-09,254.97637764551322,256.7255939386368,250.811609226621,252.8014373779297,4430136
2025-09-10,252.65338687644024,254.97641149662368,251.04301857879918,252.588623046875,3937900
2025-09-11,253.5881364460648,254.32852846649746,250.16375980223725,250.57098388671875,2301602
2025-09-12,250.57102026014013,250.99677256562987,247.1096432837317,247.64642333984375,3159599
2025-09-15,248.94212493999441,251.0430092643788,247.57236858330444,248.51637268066406,2587458
2025-09-16,248.9606035212883,252.76441182459186,248.4978514701335,251.9129638671875,3910471
2025-09-17,253.12540109341867,253.72697318027747,249.88613636278993,250.25633239746094,5140674
2025-09-18,253.9583232995371,253.9583232995371,250.81161495993868,251.84817504882812,4160324
2025-09-19,252.66262898921067,268.3961992925681,252.19987692146486,256.60528564453125,21409448
2025-09-22,257.2901757848946,262.9357572333207,257.2346477906599,259.7335205078125,9754396
2025-09-23,259.7335205078125,259.7335205078125,259.7335205078125,259.7335205078125,0
2025-09-24,264.5091011873388,266.30458167717467,260.4831803281094,261.7881164550781,13702496
2025-09-25,261.78810043498953,263.4910529916894,255.6242674124858,257.1791076660156,10971601
2025-09-26,257.2901286899068,261.1772570397134,257.1790727217653,259.63165283203125,7867269
2025-09-29,260.9921710215919,260.9921710215919,257.3456824009785,260.5294189453125,4922860
2025-09-30,261.6400232611906,263.5835592973697,255.5501903991214,256.5775146484375,9770262
2025-10-01,257.2901363667748,259.60389658590043,255.34657213388053,256.0777282714844,6107600
2025-10-02,256.81817086091587,259.1319315360667,255.0226903174669,257.6696472167969,3122091
2025-10-03,257.7529054672164,259.8723178765463,256.3646492438741,257.21612548828125,3023187
2025-10-06,256.3646350409273,256.3646350409273,250.34885840639288,254.04161071777344,3715447
2025-10-07,254.04161071777344,254.04161071777344,254.04161071777344,254.04161071777344,0
2025-10-08,251.73714488332428,253.0328451272767,248.96063225593466,249.47891235351562,2531613
2025-10-09,248.96060508373827,252.01475734287004,247.01704080786172,247.60011291503906,3055646
2025-10-10,246.1841313912545,248.0258758172947,242.75975435619802,244.30535888671875,3026904
2025-10-13,241.5565882375519,242.38953634126602,231.376042373134,234.0044708251953,7675950
2025-10-14,236.91983014060608,245.35117414181923,235.17987768956658,244.54598999023438,7818648
2025-10-15,247.47980814056308,247.47980814056308,239.52046667053435,241.22341918945312,4519704
2025-10-16,240.63110369233453,243.22250428059274,238.31734307990823,239.59454345703125,4526045
2025-10-17,240.5848227478078,242.7597349742176,237.94713018752282,238.97442626953125,6474476
2025-10-20,240.6403430940214,245.44371189234036,237.8083026543836,244.24053955078125,5683753
2025-10-21,245.27827353288905,252.82529733390103,245.27827353288905,249.6461181640625,6000969
2025-10-22,249.53291318326455,257.83462770780136,247.7404720292211,251.80645751953125,8802862
2025-10-23,249.9951820684253,257.1176747964163,249.9951820684253,251.24044799804688,3981547
2025-10-24,251.6932331713518,255.07998544933943,248.76878446941888,249.30648803710938,2779419
2025-10-27,249.1461335565372,250.08951154895905,245.27827802968523,245.99525451660156,3529130
2025-10-28,245.99524617351864,247.7782155481274,240.56137990878597,241.40098571777344,1391665
2025-10-29,244.14621067587623,245.46696288480027,240.56138585351158,242.05191040039062,4014759
2025-10-30,245.278277202173,245.278277202173,238.73123165368455,239.42933654785156,2426497
2025-10-31,240.56140207260796,244.900946848311,240.56140207260796,242.13685607910156,2722444
2025-11-03,244.33489862618717,245.18393305654124,242.35379909562013,242.75003051757812,3411960
2025-11-04,242.4481260014781,242.75001384608348,238.01425264617077,239.76893615722656,3054725
2025-11-05,240.6179780892838,241.49532706977962,235.1369544923501,236.66522216796875,3461296
2025-11-06,237.7029640857556,237.73126427515624,233.3634193767786,234.2407684326172,3476731
2025-11-07,234.14506465013085,236.8242918824592,231.56152984062678,235.42726135253906,3216235
2025-11-10,239.3982696714178,243.03436282645896,235.81958613135603,241.7521514892578,6790953
2025-11-11,242.05835034354064,242.05835034354064,231.96341291022878,232.71934509277344,5846351
2025-11-12,232.53753563221645,235.8387197906344,227.9254353721636,229.79132080078125,5763232
2025-11-13,230.84387184988992,233.36043354992123,230.317592745239,232.6619110107422,2374235
2025-11-14,233.61878634968673,238.25959146136856,232.75761294368635,236.74774169921875,3338222
2025-11-17,237.76201724241884,239.88626055210474,234.89141975372044,235.71432495117188,2961628
2025-11-18,237.10178228234813,237.10178228234813,233.379574714031,234.83401489257812,1739620
2025-11-19,236.24060189314693,242.94822604016213,234.83400796864174,240.4508056640625,4970266
2025-11-20,242.94823090327782,245.6657263843672,242.1061988926079,244.38352966308594,4669196
2025-11-21,242.1923056432887,247.15842693042114,242.1923056432887,243.08218383789062,4400338
2025-11-24,242.08704616448523,243.0439119596018,238.40310701304122,239.9723663330078,2702952
2025-11-25,240.17332516431344,241.32156124896028,237.35057386437757,238.642333984375,1553282
2025-11-26,238.87197608197633,244.479210215363,235.38898517800115,242.6802978515625,4156348
2025-11-27,243.36923921717946,249.83766124064778,242.2305666017766,249.0530242919922,5914351
2025-11-28,249.74197364425416,254.52630264127052,249.74197364425416,253.77037048339844,9011505
2025-12-01,253.85649004842938,260.17181029278674,250.6988445268644,259.37762451171875,7542463
2025-12-02,260.93730869221264,261.70278963221864,255.15783123112124,255.85635375976562,4110677
2025-12-03,258.9278892466434,258.9278892466434,253.4833205521476,257.72222900390625,2663321
2025-12-04,259.21493348708725,260.25791368123026,254.90903748497212,258.994873046875,1963792
2025-12-05,262.05683949353653,264.094968378217,259.54985569779484,262.7362060546875,6618109
2025-12-08,262.8031950685634,266.2000862948391,261.7028052013809,262.52569580078125,5498405
2025-12-09,264.08538275440014,265.00399494713315,259.5594262099258,260.6502380371094,4113847
2025-12-10,261.7028148996622,261.94203136666374,258.1623995075482,258.5547180175781,2999715
2025-12-11,265.91302358797145,267.06127433040587,260.6024296069785,261.06170654296875,8803915
2025-12-12,261.55928314677385,264.0853937791802,259.5498590429698,263.24334716796875,4322752
2025-12-15,267.81718825895285,268.6879104576909,264.87960318454634,266.6498107910156,6874422
2025-12-16,267.4344120003718,268.391277796446,262.6596610223544,263.71221923828125,3972935
2025-12-17,263.606938348771,264.07582242706303,258.3537546813099,259.6263732910156,3611817
2025-12-18,260.2675061861868,260.2675061861868,257.1576922335945,257.6744079589844,2905022
2025-12-19,258.3537599971577,259.9804434998524,255.84677633160365,256.4304504394531,1865442
2025-12-22,256.91847588554384,257.3969088015318,254.52631130560394,255.35877990722656,1694899
2025-12-23,255.48316970062146,255.96160260268255,253.091005190316,253.4163360595703,1167274
2025-12-24,253.5694277206554,257.0906867275009,253.5694277206554,255.92330932617188,1480848
2025-12-26,255.9233233907171,259.31063656125576,255.7223897453712,258.73651123046875,3327082
2025-12-29,259.54983979861544,262.6500755452739,258.726949253999,261.769775390625,4284099
2025-12-30,262.16211810943975,269.64478692099004,261.70281198546905,268.601806640625,8989260
2025-12-31,268.774037435076,271.69246632358573,266.96554713146816,268.96539306640625,5922492
2026-01-01,268.96539306640625,268.96539306640625,268.96539306640625,268.96539306640625,0
2026-01-02,276.52464174147883,286.5813107727552,276.0557868378627,281.5481872558594,11018046
2026-01-05,281.89269456292294,288.9639182433909,281.07935272330747,282.7347412109375,8886146
2026-01-06,282.64861946160346,283.21316681297776,277.96953140518127,280.79229736328125,6362211
2026-01-07,280.7826724854976,285.62441057659424,277.49105215146506,283.10784912109375,19916990
2026-01-08,284.43791283377004,288.8777545830993,281.3185212469798,283.3374938964844,11611994
2026-01-09,283.3279983559373,283.3567031648401,277.6346345799764,280.4669494628906,5148026
2026-01-12,278.4383581978669,280.3616677201344,276.82125272713733,277.3762512207031,3816285
2026-01-13,277.3762530569907,282.28497911118626,276.0079420192305,281.8735046386719,6373967
2026-01-14,281.8735162776581,291.65268598284393,281.8735162776581,290.1695556640625,18156180
2026-01-15,292.2267947512533,297.5852488014276,289.27966108433134,294.9060363769531,8786131
2026-01-16,296.149955401667,317.4880503623953,295.86290735155796,314.808837890625,19786109
2026-01-19,319.3061108545451,322.55944854798844,311.93823293599627,314.7897033691406,10054787
2026-01-20,319.114726582511,320.4447839872541,313.8519649747035,319.4974670410156,7151890
2026-01-21,319.6888698817948,322.08103438375196,315.76571425833976,316.97137451171875,8140937
2026-01-22,315.76572882025494,319.5931921998944,314.473954089381,318.1483154296875,3159287
2026-01-23,318.2057174187383,320.55005036307864,310.98139214328523,313.7084655761719,4976997
2026-01-26,314.80885215716603,318.1578824992635,310.9813889090546,313.3448486328125,4356688
2026-01-27,311.93824137692593,318.63630177459,309.06764406364135,315.8805236816406,7151106
2026-01-28,318.1674522620837,321.6982893531254,317.29670089154126,319.1721496582031,6689440
2026-01-29,320.5596260344669,321.5069138469446,306.3501628411645,307.9289855957031,10913390
2026-01-30,310.9813729057261,315.2872688382669,304.8574378641354,309.95751953125,6707829
2026-02-02,309.8235633688907,316.70343031425523,306.44582850485193,314.7801208496094,5477804
2026-02-03,314.78017131593543,318.157906721501,312.89514435467913,314.8280029296875,4327179
2026-02-04,314.8279738014484,316.72257859065587,311.9382496089239,314.6174621582031,1776495
2026-02-06,314.80883869581106,314.80883869581106,302.1781988366438,307.3261413574219,6350781
2026-02-09,310.98137233924655,310.98137233924655,293.00185651288973,296.69537353515625,12789231
2026-02-10,297.57566932179407,299.0205459441884,293.7577843355707,294.7624816894531,2692709
2026-02-11,296.1595515418776,298.44644568440793,291.84407731650947,293.1071472167969,2094636
2026-02-12,294.6189661458837,294.6189661458837,281.8926630247648,287.50946044921875,8206049
2026-02-13,284.1987153427109,285.5478995998887,277.01264397331136,282.026611328125,14028465
2026-02-16,282.2754307355986,283.56720549615983,269.36731953550634,273.0990905761719,14889577
2026-02-17,274.6204712034538,282.6581376911147,272.10390960002053,280.935791015625,6856284
2026-02-18,282.81124556812006,287.0406051338629,278.926372865339,284.6579895019531,5125937
2026-02-19,285.997642178954,285.997642178954,267.44399970350605,271.43414306640625,4478464
2026-02-20,272.8215941857454,280.3521239657514,268.4008785060773,277.8834228515625,3597651
2026-02-23,277.3762662887762,281.7012892471049,270.3145919231538,272.563232421875,4989065
2026-02-24,272.7163242494135,279.4143846835567,266.94642478633637,273.2521667480469,7318099
2026-02-25,273.6636188407541,275.5295188315227,267.9320020422931,269.8457336425781,2199117
2026-02-26,269.93181684265033,277.4910499493004,265.5398068320824,274.6204528808594,4356222
2026-02-27,273.66363679915855,275.290320446638,269.83617334742206,271.2427673339844,2213776
2026-03-02,244.1156005859375,262.1812317369421,244.1156005859375,244.1156005859375,11960980
2026-03-03,244.47920552671158,254.5262961647956,239.23558516757842,249.12001037597656,7420387
2026-03-04,250.6510036841578,254.02873873207727,245.19685703737258,252.19154357910156,5847854
2026-03-05,254.5262992141146,276.10361101963264,254.5262992141146,272.97467041015625,8152076
2026-03-06,275.85955164534766,277.7828084866904,265.66051892606544,267.8848876953125,5937936
2026-03-09,259.3468348149911,267.50605515026626,246.00066651913832,264.6697692871094,6816293
2026-03-10,281.6875628182549,289.36111463542653,272.9552578565963,280.32769775390625,7435962
2026-03-11,281.63900134786934,282.7560322805349,273.43119690167975,275.15045166015625,3783886
2026-03-12,275.27672897372156,277.31654133593275,265.80619910322997,266.9329528808594,4562205
2026-03-13,264.9805417102187,268.7201925480019,261.28947547513786,265.2622375488281,2915016
2026-03-16,265.16513626236565,267.6032003135435,252.0812326874564,254.35415649414062,2405108
2026-03-17,256.43281973389384,260.3181654874377,249.24493601840481,255.11181640625,3046604
2026-03-18,256.4328344922922,273.9071685388431,254.4998843543651,271.73138427734375,5135452
2026-03-19,267.1272513335278,271.8576551859937,262.3094011133167,268.6813659667969,3024632
2026-03-20,268.6813659667969,268.6813659667969,268.6813659667969,268.6813659667969,0
2026-03-23,268.6813659667969,268.6813659667969,268.6813659667969,268.6813659667969,0
2026-03-24,276.8308836124689,281.00761842036496,267.1175192751893,268.57452392578125,5293284
2026-03-25,270.0315209594334,275.8401233407007,269.54585275626897,273.56719970703125,5683663
2026-03-26,271.9644782023933,273.43120570091907,264.4948986663481,266.2724609375,5013789
2026-03-27,262.2608364863492,263.96067524135333,255.21864735847504,258.0063781738281,8371102
2026-03-30,257.4041635126045,264.2035187752016,242.834116521325,255.94715881347656,6622456
2026-03-31,256.4328191592286,268.5745246118436,252.5474734143918,262.88250732421875,4137241
2026-04-01,270.4589264856839,276.72405851426277,268.08886315017577,271.08056640625,7654898
2026-04-02,265.1651415109331,265.6508097606797,259.346845364677,263.688720703125,3345653
2026-04-03,262.2608383982619,269.44872211468413,258.57946499630714,262.83392333984375,4511446
2026-04-06,262.26083851637895,268.5551093121929,258.8611609800555,267.48663330078125,5675692
2026-04-07,265.06799757345925,268.81734175199097,263.2418804458046,267.44775390625,3550872
2026-04-08,294.18865966796875,294.18865966796875,283.20284702144596,294.18865966796875,12924433
2026-04-09,294.1886629132508,294.2178018207447,281.6972905202994,289.1668701171875,6061644
2026-04-10,290.4198713940829,294.0041052128706,287.22419586380335,291.2940979003906,8632671
2026-04-13,284.5918655442529,293.44075628370285,283.6302519155894,285.0678405761719,10001847
2026-04-14,289.45825132640397,292.17798142804156,289.0697226894321,291.0415344238281,3863235
2026-04-15,300.86173805608826,300.92001587079335,293.7321321764209,295.40283203125,7810723
2026-04-16,304.9996294758057,310.536258810685,303.0666795262998,305.68927001953125,12057181
2026-04-17,305.9709626260229,319.95820070321713,305.9709626260229,315.412353515625,13430014
2026-04-20,311.7990032761669,321.5123678642095,307.0394605565933,317.28704833984375,14265811
2026-04-21,318.5012261736176,319.56970223122556,311.9058431680001,314.9169921875,5230868
2026-04-22,313.74166281130096,316.6556720634183,310.0991512461543,311.90582275390625,4410952
2026-04-23,310.82767009937663,311.9932857193839,306.78690683094436,310.18658447265625,2642398
2026-04-24,306.95203095457566,319.4725419690022,304.1254384209018,316.55853271484375,4675630
2026-04-27,314.61587525303327,316.539132126182,308.8947188854014,309.9631652832031,3282147
2026-04-28,307.5834124428392,311.2647859916076,307.03946638700666,309.3221130371094,2871347
2026-04-29,309.3221130371094,309.3221130371094,309.3221130371094,309.3221130371094,0
2026-04-30,295.8982148779666,299.06478105553094,288.50632939466385,294.4800720214844,5863557
2026-05-04,299.0744894942437,303.8826168185524,295.48056238529006,297.95745849609375,4889986
2026-05-05,293.3727579846263,303.9214876477838,292.6151167104753,302.4936218261719,3893802
2026-05-06,310.8082302158285,324.3098001722147,308.8849734830983,318.9771728515625,18183260
2026-05-07,319.1714278939436,325.3005582790107,315.6843337338392,324.1543884277344,10178258
2026-05-08,320.6478310941175,322.67795016919126,318.7440201313425,320.23016357421875,4956910
2026-05-11,318.6311373116538,321.7703724325229,314.903321801341,321.00518798828125,3452488
2026-05-12,318.96473300567936,325.3020318826445,318.96473300567936,320.122314453125,4800902
2026-05-13,321.76056935914903,322.6532895797569,318.16028939369517,319.2295837402344,1706584
2026-05-14,319.8083812476214,321.77039585650255,316.5906784865751,317.5716857910156,2021160
2026-05-15,319.8083801506653,319.8083801506653,312.45082539259784,315.63909912109375,3609510
2026-05-18,313.9027151010028,313.9027151010028,303.2783896670073,304.4752197265625,4951514
2026-05-19,306.0742817287885,312.34293283057355,306.0742817287885,310.6850280761719,4685426
2026-05-20,311.6660322379083,313.824230342418,309.5078041954317,312.4802551269531,3194694
2026-05-21,315.88435035175485,320.59317341286754,315.88435035175485,319.6318054199219,5129543
2026-05-22,320.59315388361523,321.3779776379703,314.9033238698752,317.36566162109375,2072490
2026-05-25,321.7703802043776,324.6152952612744,320.495082745827,323.78143310546875,4384086
2026-05-26,323.78143310546875,323.78143310546875,323.78143310546875,323.78143310546875,0
2026-05-27,323.78143310546875,323.78143310546875,323.78143310546875,323.78143310546875,0
2026-05-28,323.78143310546875,323.78143310546875,323.78143310546875,323.78143310546875,0
2026-05-29,323.7324025962808,325.5963104418176,314.90333707092765,324.0561218261719,3972556
2026-06-01,323.7324172375117,323.7324172375117,312.990375053989,314.2460632324219,3947944
2026-06-02,314.167583258645,318.3466838760521,313.912511784203,314.4913024902344,2144427
2026-06-03,314.4913024902344,314.4913024902344,314.4913024902344,314.4913024902344,0
2026-06-04,315.4036611970186,319.02358046700925,314.90333790244495,318.3957214355469,2362888
2026-06-05,318.8273669820972,320.19098147572146,313.67707874623255,314.2264404296875,2032744
2026-06-08,311.96031400473476,313.9223285582236,308.13439161302466,312.02899169921875,2805226
2026-06-09,314.90333185151746,316.32580435998943,313.3337142409884,313.5593566894531,2778242
2026-06-10,310.98912391988415,314.65808152572475,309.998296998064,310.6653747558594,1366369
2026-06-11,309.6549470672624,311.96032020099517,308.0461106691887,310.19451904296875,2336208
2026-06-12,313.87329634385986,315.1191648321653,310.98913249845873,311.95050048828125,3228564
2026-06-15,318.82735387605106,319.4650025962101,313.52992075308816,318.4643859863281,5774424
2026-06-16,320.2988736700488,323.6342924006123,317.84635549493356,321.417236328125,5305472
2026-06-17,322.65328694433157,328.6374373128453,319.6121584025001,327.6956787109375,9568482
2026-06-18,328.6374263872058,331.5411994436983,327.2640222346732,330.795654296875,7936728
2026-06-19,332.56147572130806,333.0421597196348,322.75140269118094,324.98809814453125,9526189
2026-06-22,327.6564205514912,328.39217598686133,324.70357915739027,327.90167236328125,11154880
2026-06-23,329.02984402352905,334.13109398338446,328.8826989154109,331.74725341796875,9873720
2026-06-24,331.82572075517635,334.2782390164858,330.5994616245216,333.50323486328125,3779720
2026-06-25,333.50323486328125,333.50323486328125,333.50323486328125,333.50323486328125,0
2026-06-26,333.50323486328125,333.50323486328125,333.50323486328125,333.50323486328125,0
2026-06-29,333.5424715996254,334.03297523433076,327.17574400129934,328.8336486816406,2691219
2026-06-30,329.42221723792034,333.2481694013093,326.4890151880894,328.5098876953125,4510910
2026-07-01,328.6374508842498,330.89375573602933,326.67543625210504,328.5491638183594,3716723
2026-07-02,330.15798987584714,333.33647383787576,329.1377638545225,332.6595764160156,5806078
2026-07-03,333.54246160234294,341.7829164308078,331.58044712232913,338.86932373046875,9309173
2026-07-06,339.41870211808936,345.3145655012573,339.41870211808936,342.09686279296875,6263980
2026-07-07,342.096871988485,342.096871988485,335.51432128930986,336.7994384765625,3205255
2026-07-08,334.9551427413212,336.2402599393415,327.6564458635742,329.07891845703125,5915924
2026-07-09,327.6564310708939,330.99184983072894,325.6944165135832,327.2149658203125,2768250
2026-07-10,328.5393308896383,331.9728563571519,326.6754230520098,327.7839660644531,3076684
2026-07-13,325.3314544850324,328.6374442837223,323.7324078018757,325.2922058105469,4341766
2026-07-14,323.92861352698856,324.811514085115,312.0289905151594,313.43182373046875,8454967
2026-07-15,314.9033438230876,318.709656943485,314.0204432392144,314.8935241699219,3078168
2026-07-16,315.88435030285416,319.072624024855,315.4036663064557,317.218505859375,4242702
2026-07-17,317.5030019576889,319.7102683500167,309.9983022113678,311.9014587402344,5019751
2026-07-20,309.6843805103063,313.92233927563956,307.153394822602,312.1761474609375,3036334
2026-07-21,312.74511230925566,316.1786378268076,301.6597418992033,309.8413391113281,3571634
2026-07-22,309.8413411375826,312.9413277891154,307.05528400624803,310.2828063964844,2417421
2026-07-23,311.0185615824126,312.9413275004114,304.7499105892179,306.0252380371094,2457711
2026-07-24,306.0252350117003,308.0362879739231,303.6217551844879,304.48504638671875,2732279
2026-07-27,311.86221524290323,318.28783103223185,310.5084203763954,317.30682373046875,4480053
2026-07-28,319.71028072742973,320.6912880508879,314.07930827092935,314.9033508300781,3219717
2026-07-29,313.9223343248218,313.9223343248218,310.68502222728375,311.0283508300781,1456028
2026-07-30,310.0964066725088,311.9603145137714,306.0742708437002,308.0362854003906,1574164
2026-07-31,310.0964035840862,310.8321590355173,307.54577869819855,308.0755310058594,1187278
2026-08-03,313.8242155339323,314.412825875739,310.97930047615995,313.02960205078125,3576712
2026-08-04,314.020449773495,314.29513062614825,307.12396949705277,308.1441955566406,3036213
2026-08-05,313.1767664474477,313.3827995394519,308.8210915628647,310.2926025390625,3514890
2026-08-06,311.4698218618128,313.431836487714,310.3416694395131,312.4410095214844,3879780
2026-08-07,312.8922838974277,313.9223295661301,310.9793077264476,313.1277160644531,3666665
2026-08-10,314.04003358263685,318.54285323177396,313.93213715621823,317.6305236816406,6152531
2026-08-11,316.85551921508005,319.28842795061666,312.99034829020223,314.2068176269531,3269899
2026-08-12,314.8935163147688,315.39383960626856,312.2938530178936,312.86285400390625,2423007
2026-08-13,313.87329529679613,315.3938446254022,311.96031910070883,312.43121337890625,2172684
2026-08-14,312.43121337890625,312.43121337890625,312.43121337890625,312.43121337890625,0
2026-08-17,313.72612089377543,318.57229932499996,312.450823385755,315.1976318359375,5793309
2026-08-18,315.1976318359375,315.1976318359375,315.1976318359375,315.1976318359375,0
2026-08-19,310.0963943330508,313.67706476893426,307.2612690412256,308.36981201171875,4560170
2026-08-20,313.7261231827478,313.9223366183211,308.03629280672754,308.96826171875,3650167
2026-08-21,313.94194512161323,322.2608977967437,310.9793138556096,319.6318054199219,7375968
2026-08-24,320.78938059427105,328.6374388351095,320.78938059427105,324.80169677734375,8635533
2026-08-25,326.5675335566034,327.09725594179014,320.69127948817163,321.2112121582031,2999058
2026-08-26,321.2112121582031,321.2112121582031,321.2112121582031,321.2112121582031,0
2026-08-27,321.7703828359826,324.6839756097905,316.8653465122634,317.7286376953125,2768188
2026-08-28,317.71883359664525,321.279894932074,315.9824614307111,319.0235900878906,1821529
2026-08-31,319.3178571368887,323.7225700714699,316.96344574467054,322.45709228515625,2824524
2026-09-01,323.73241506114096,328.6178422842774,323.2517310552907,325.39031982421875,6607093
2026-09-02,324.22289892460014,324.2719373123374,321.47609057606815,322.2020263671875,2363824
2026-09-03,325.4001273096495,325.4001273096495,319.6612287242069,320.8089904785156,2136582
2026-09-04,320.789374684777,327.75453223280414,320.789374684777,322.55517578125,8517799
2026-09-07,322.2020290378173,322.45710050728286,314.1675771293091,314.5697937011719,2979650
2026-09-08,314.9033477603602,316.374858731203,312.1859682785387,314.9425964355469,2759204
2026-09-09,315.1976219036644,318.30742810281185,313.93214408861786,316.0609130859375,1800494
2026-09-10,315.8843413590735,315.8843413590735,308.72300025375915,309.9198303222656,2261016
2026-09-11,308.52677904989054,316.8359116259547,305.48565059789473,314.7365417480469,2941107
2026-09-14,313.4318335531629,316.86535911634314,307.016037403904,309.14483642578125,3315903
2026-09-15,310.97932089252794,312.941335535383,308.03629892824534,308.8897705078125,1499010
2026-09-16,308.0362896284538,309.96887519083884,307.70275074179426,308.17364501953125,2470185
2026-09-17,309.70401539485397,311.46981655288045,306.27048985805055,310.19451904296875,2246109
2026-09-18,310.9792997441037,314.4128251356001,309.91000542902214,312.0191650390625,2977934
2026-09-21,312.9413220266387,313.8242225902178,310.97930746847794,311.4599914550781,1591013
2026-09-22,311.76408832749786,313.039415699948,309.99828727390843,312.3625183105469,1143864
2026-09-23,312.84320332356816,314.2166074740611,312.57834214603326,313.46124267578125,1712061
2026-09-24,313.4612499855043,314.8150448004046,309.4096851935962,310.22393798828125,1961861
2026-09-25,310.31223147889597,312.4508201744126,309.0172946779905,310.2337341308594,1603995
2026-09-28,310.4887987303063,313.72611072292415,309.3115780395549,312.63720703125,1646464
2026-09-29,311.9603162011302,313.1571462847035,310.9793089174788,311.7248840332031,1230793
2026-09-30,312.9413227726374,315.78623790115904,309.9983009283807,310.7144470214844,1805463
2026-10-01,310.7929249795765,311.420784031218,306.56478584819564,307.4378967285156,1340364
2026-10-02,307.065093406977,309.9492571593219,305.87805306172925,308.6445007324219,1836867
2026-10-05,307.92839464635335,308.77204655105834,302.5033955566523,304.44580078125,1581051
2026-10-06,304.4458002648352,311.567922804979,304.4458002648352,311.0283508300781,1514789
2026-10-07,311.9603052202147,312.40177045750494,309.01728347285416,309.9100036621094,2260742
