date,open,high,low,close,volume
2021-10-08,58.339929947516346,58.574910962746635,57.93479154510304,58.25890350341797,1393546
2021-10-11,58.51009283940053,59.87946274660436,58.50198833965178,59.320369720458984,1223575
2021-10-12,59.51483640833711,60.36562963434168,58.91523322747113,59.96049118041992,1591675
2021-10-13,60.31699916575893,60.932805003096014,58.75316489682761,59.028656005859375,533056
2021-10-14,59.5553380559888,60.56818394129473,58.38043930180219,60.219764709472656,791489
2021-10-15,60.78601744185458,63.27574432265188,60.21979127184251,62.7761344909668,2655843
2021-10-18,63.26739754486435,66.53152062425839,62.49300038212677,64.26661682128906,2939098
2021-10-19,64.26661682128906,64.26661682128906,64.26661682128906,64.26661682128906,0
2021-10-20,64.12507884189567,65.03270251629796,64.12507884189567,64.54974365234375,1057270
2021-10-21,65.61557590959332,66.44826085081719,64.61635016839553,65.66553497314453,2080503
2021-10-22,65.90702472436966,65.94865516624306,63.28406547679436,63.80865478515625,857815
2021-10-25,64.11675054885745,64.53309308488899,63.7004080128259,63.80865478515625,133411
2021-10-26,64.84949642488107,64.94109227027532,63.11751669579327,63.27572250366211,321401
2021-10-27,63.36731478573229,64.98272540143006,63.284047572660285,64.04179382324219,720223
2021-10-28,64.11674202475497,64.44981727987556,63.32569385261537,63.583824157714844,295273
2021-10-29,64.11672918224276,64.11672918224276,62.4513595930936,63.1674690246582,795518
2021-11-01,63.29238383569286,65.86537724145725,63.29238383569286,65.30747985839844,2001847
2021-11-02,65.77378462781355,66.19012711677811,64.62468164530898,65.09931182861328,887364
2021-11-03,64.54141822976742,64.94943211424207,63.034254010746004,63.32569885253906,1203766
2021-11-04,62.959307782132505,63.82530086778024,62.959307782132505,63.65876007080078,267419
2021-11-05,64.03347004335045,64.86615494286637,63.49222358808878,63.775333404541016,822891
2021-11-08,64.11673410675844,64.11673410675844,62.36809717442311,62.48467254638672,701246
2021-11-09,62.45970558869305,62.876048101757206,60.786006907367984,60.8692741394043,775921
2021-11-10,61.202333221316486,62.32645643847877,61.202333221316486,61.893463134765625,737552
2021-11-11,61.910103903834795,61.993371100204904,60.62776875051957,60.82761764526367,736151
2021-11-12,61.53541655909579,61.53541655909579,59.91167716126914,60.003273010253906,533352
2021-11-15,59.84507776222208,60.69441373117636,59.70351647332732,59.86172866821289,186943
2021-11-16,59.994953959283535,64.0251461196677,59.994953959283535,63.07588577270508,2212363
2021-11-17,63.07587468842127,63.275717265063065,61.62700489022658,62.18490219116211,608584
2021-11-18,61.701951590210115,62.28483484866727,61.527088518537504,61.801876068115234,325264
2021-11-19,61.410520412344205,64.11674673560006,61.410520412344205,63.72538375854492,2117157
2021-11-22,63.70040296982934,63.70040296982934,61.61869045447544,61.78522491455078,824444
2021-11-23,62.23486838635385,62.23486838635385,60.377984594913436,60.64444351196289,545032
2021-11-24,61.610353165084916,62.276503617510855,59.545298197751265,60.46125030517578,2223977
2021-11-25,60.203127890868984,60.786004848261,59.2039020816339,59.72016906738281,1109965
2021-11-26,59.870051921311315,59.95331914955368,58.29627780186611,58.662654876708984,1215837
2021-11-29,58.29627170574155,62.70117559497615,57.49689496301868,62.27650451660156,2674972
2021-11-30,62.8593675375213,65.36575031569386,61.74357306559133,63.11750411987305,10701446
2021-12-01,64.03346888921638,64.11673610709084,63.4505856583321,63.86692810058594,833064
2021-12-02,63.70038485856346,63.70038485856346,59.120618626902036,59.895015716552734,2332970
2021-12-03,59.95330772242859,60.86925976427837,58.30458896479413,59.42871856689453,1274226
2021-12-06,59.453714430337115,63.11752995725747,59.12063913645657,62.55130386352539,1985510
2021-12-07,62.3680914907553,66.53151540398488,62.035016307120785,64.9327621459961,5735564
2021-12-08,65.36575366812814,66.38995871832294,63.950192117104336,65.2325210571289,3480094
2021-12-09,65.78211056544941,69.02958311710495,65.19923364589567,67.94709014892578,9674939
2021-12-10,68.19688512751097,69.52085088560716,66.62311139288909,67.43081665039062,5103097
2021-12-13,67.86381535350644,67.94708256802652,65.32412401691597,65.44902801513672,1204911
2021-12-14,66.53153369759602,66.53153369759602,63.95021143220555,65.27417755126953,2145964
2021-12-15,65.74046675348286,69.72902797081663,64.54140488238102,68.3884048461914,4833867
2021-12-16,68.90466560475976,68.90466560475976,66.1984400674127,66.58147430419922,1848749
2021-12-17,66.69805174028232,68.27182551657772,65.61556530339519,67.63066101074219,2988951
2021-12-20,67.28094058296001,68.3634271110127,66.8645981445825,68.17191314697266,1980411
2021-12-21,68.43837658528842,68.69650688125337,66.40662331854492,66.53985595703125,1485506
2021-12-22,66.63143198575183,67.28093143775756,66.21508960396591,66.90621948242188,1747799
2021-12-23,67.36420670870001,68.28015878771504,66.94786427706761,67.01448059082031,1371492
2021-12-24,67.03944847339314,67.6556333863516,66.1234965535078,66.50653076171875,516720
2021-12-27,67.15603996250591,67.15603996250591,65.41572517895615,65.6322250366211,317497
2021-12-28,65.69884170866071,66.69806107531156,65.65720492134952,65.90701293945312,690483
2021-12-29,65.44903333804936,66.27338962874042,65.44903333804936,65.6322250366211,585652
2021-12-30,66.11519446688281,66.19013307225559,64.53309159589087,65.06600952148438,1163000
2021-12-31,65.07434047225662,66.59815569802434,64.65799793097908,65.8154296875,1165125
2022-01-03,65.99028515900144,66.4399358139134,65.44903864737324,65.7321548461914,451370
2022-01-04,65.94032320819008,66.73969999765959,65.86537825920875,66.29837799072266,923790
2022-01-05,66.206766086479,66.78131424258989,65.78209508622973,65.8320541381836,902026
2022-01-06,66.09853126097534,66.09853126097534,64.95775690705706,65.09931182861328,465370
2022-01-07,65.67386911463453,65.67386911463453,64.97441040178886,65.44071197509766,307563
2022-01-10,65.60725816660464,66.28173104797894,65.03270342891068,65.37410736083984,1016986
2022-01-11,65.68219470482609,65.68219470482609,64.87449553969961,64.98274230957031,1049225
2022-01-12,65.03269263900745,66.48989128614922,64.99938447901266,65.66553497314453,1668719
2022-01-13,65.69884046909755,65.98195028825043,65.36576523553758,65.57393646240234,494736
2022-01-14,65.94864548361312,66.53152876020768,65.29082996380124,66.29837799072266,1624511
2022-01-17,66.36498580589496,66.61479382388725,65.53230088309637,66.15681457519531,592477
2022-01-18,66.52319018284187,67.69727883585992,66.19844360921583,66.73136138916016,2291121
2022-01-19,67.11440028163602,67.61400994072879,65.45735914370708,66.19844818115234,2137137
2022-01-20,65.61557773888433,67.1560436525186,65.37409833685139,66.96452331542969,2160554
2022-01-21,67.0727696898313,67.32257134234331,66.2817152413396,66.77300262451172,288538
2022-01-24,67.11440368460937,67.19767090653323,66.40662276893377,66.92288970947266,392963
2022-01-25,66.82296722206395,66.95619986341654,66.2400902983514,66.29837799072266,718641
2022-01-26,66.5731448645356,66.7563365305181,65.8237336533427,65.9486312866211,225326
2022-01-27,65.99860843376457,66.69806071607657,65.37409474475096,65.6322250366211,883770
2022-01-28,66.0069380367794,66.28172561514315,65.3657733734798,65.44071197509766,1345330
2022-01-31,66.03191640077529,66.6147933010064,65.57393715567818,66.29004669189453,728534
2022-02-01,66.11517365216838,67.44746804671246,65.92365335503979,67.21431732177734,784293
2022-02-02,67.42248659569303,68.90466446438754,66.83128117351042,68.6631851196289,1810135
2022-02-03,69.11284762418082,69.11284762418082,67.73891625023221,67.93875885009766,901647
2022-02-04,68.52997575952091,69.61246241175124,67.53074998105963,67.76390075683594,2704294
2022-02-07,67.85549705935419,69.73736688791264,67.85549705935419,68.88803100585938,3294297
2022-02-08,68.70484220498199,69.30437643083411,68.19690383879518,68.32180786132812,936692
2022-02-09,68.2801623607224,69.92888127152973,67.86381990730337,69.0878677368164,1884474
2022-02-10,69.07121335012765,69.73736384442117,68.288493825147,68.52164459228516,1824809
2022-02-11,68.6965099912346,69.36266050806005,68.03035947440917,68.33845520019531,819408
2022-02-14,68.68817870101543,68.6965073291956,68.03035683818398,68.16358947753906,569286
2022-02-15,67.91376949312262,68.26350193338826,66.86459123096803,67.13105010986328,1206676
2022-02-16,67.8554891521532,67.8554891521532,66.62311908628148,66.85626983642578,211094
2022-02-17,67.43081994588776,68.26350477116091,66.28171082116693,66.73136138916016,516026
2022-02-18,66.61478803703476,68.03034974166924,66.28171282627333,67.69728088378906,653088
2022-02-21,68.18857396607442,68.18857396607442,66.78133428677795,66.88958740234375,719716
2022-02-22,66.94787620547666,66.94787620547666,65.69884868803449,66.45658874511719,1160073
2022-02-23,67.00615480363308,67.00615480363308,65.6988397670082,66.44825744628906,596782
2022-02-24,65.78210194705667,66.61478678182955,63.70038986012451,65.11595153808594,1708243
2022-02-25,64.93277190513939,65.54895695810097,63.009265448172876,63.81697082519531,1157364
2022-02-28,64.82453009381189,65.36577664874108,62.95098872489892,65.06600952148438,1576426
2022-03-01,69.94553895897275,69.94553895897275,68.07199773685741,69.27938842773438,5462685
2022-03-02,67.86382658790508,70.36188155433103,67.86382658790508,70.12873077392578,2497732
2022-03-03,70.40350176186605,74.10894654811972,69.9455225847422,72.86824798583984,6786944
2022-03-04,72.85993428978206,73.69261925309385,72.11051655222502,72.51020812988281,1945741
2022-03-07,72.4435934465505,73.56771690186879,69.53752463767407,70.42849731445312,2414042
2022-03-08,70.2369804401002,71.2695080901163,67.90546618674503,68.546630859375,1203280
2022-03-09,69.08095510073743,70.39557382678267,67.85115549569414,69.04703521728516,1079316
2022-03-10,70.14111898559092,70.18352853979178,68.95372911744053,69.72553253173828,578446
2022-03-11,69.9714955384485,69.9714955384485,68.3600294985566,68.67384338378906,274219
2022-03-14,68.86890639858692,68.93675909343533,66.79096776747016,67.1132583618164,1272137
2022-03-15,67.75784732868429,67.75784732868429,65.52724332651373,66.22271728515625,800189
2022-03-16,66.13789230958855,66.90121235117044,65.8580048432549,66.12092590332031,387960
2022-03-17,66.15486589092716,66.23967852739867,64.96746956795776,65.17950439453125,211734
2022-03-18,63.61045057457462,64.45858991556895,61.06603255159164,61.43073272705078,1605279
2022-03-21,62.46546199206185,64.0345184343754,61.96505643021448,62.21101760864258,1892503
2022-03-22,63.58500516090942,63.61044830490507,60.73525655918652,61.19325256347656,1549828
2022-03-23,61.19325256347656,61.19325256347656,61.19325256347656,61.19325256347656,0
2022-03-24,61.47314262680995,61.91417223945036,60.70133271620214,61.81239318847656,719066
2022-03-25,62.31279772681118,62.31279772681118,61.08299181354047,61.42224884033203,561585
2022-03-28,61.27806565408772,62.38064935451858,60.63347796133785,62.21101760864258,974453
2022-03-29,62.728368651625516,63.177881350708624,62.202520066795245,62.58418655395508,809493
2022-03-30,62.321281081345354,62.33824102087028,61.066032020444354,61.863285064697266,568832
2022-03-31,62.32975671261219,62.762309576922846,61.36287840706329,61.744544982910156,1326293
2022-04-01,62.73687202339138,62.75383196412751,61.49010607860903,62.06684112548828,774944
2022-04-04,60.44688430359797,61.490098476624524,58.49616782060619,59.709007263183594,1340189
2022-04-05,59.92104618584424,60.64196333695075,59.28494167531679,59.53090286254883,495096
2022-04-06,60.20940139861168,60.811579468143336,59.11530102863263,59.3188591003418,886501
2022-04-07,59.42912215524072,59.91256131093777,58.53009654273485,58.860870361328125,456600
2022-04-08,59.36976095029069,60.641970113511206,59.36976095029069,60.4129753112793,1562270
2022-04-11,62.12621193003625,63.186386195053935,61.91417707703271,62.914981842041016,2327328
2022-04-12,63.186364553744525,63.27117717173961,61.9565654158459,62.58418655395508,1009600
2022-04-13,62.67750175608993,64.2889678794451,61.95658457402814,62.406097412109375,1986130
2022-04-14,61.9989922394887,62.76231903542904,61.82936693851994,61.990509033203125,367308
2022-04-15,62.32128095607906,62.59268528345948,61.41377212976425,62.32975769042969,815950
2022-04-18,62.329756537247505,67.00300598144531,62.329756537247505,67.00300598144531,5599264
2022-04-19,68.27521722594395,68.27521722594395,64.89114305352261,65.23040008544922,2758356
2022-04-20,65.62054142635144,65.64598457058963,63.618932116280284,63.75463104248047,690457
2022-04-21,63.7546254400782,63.7546254400782,63.194856903658895,63.627403259277344,218493
2022-04-22,63.99209818262024,65.22190386917354,63.398403348276155,64.57731628417969,1084383
2022-04-25,65.29823801429795,66.13790051750358,64.71302634117781,64.8741683959961,832741
2022-04-26,65.28976439426538,65.28976439426538,63.61044577856405,63.68677520751953,905238
2022-04-27,63.610442650165226,65.94282554733795,62.76230341482969,63.695255279541016,1364528
2022-04-28,63.61044457747579,63.61892778190705,62.25342305398078,62.660526275634766,989948
2022-04-29,62.660526275634766,62.660526275634766,62.660526275634766,62.660526275634766,0
2022-05-02,62.660526275634766,62.660526275634766,62.660526275634766,62.660526275634766,0
2022-05-03,62.660526275634766,62.660526275634766,62.660526275634766,62.660526275634766,0
2022-05-04,62.660526275634766,62.660526275634766,62.660526275634766,62.660526275634766,0
2022-05-05,62.660526275634766,62.660526275634766,62.660526275634766,62.660526275634766,0
2022-05-06,62.17708276897586,63.186370489050624,61.490092086660006,61.56642150878906,573220
2022-05-09,61.57491673587851,61.57491673587851,59.20860712599803,59.395198822021484,1680965
2022-05-10,59.36974854932301,60.29421724218372,58.733644100580264,58.96263885498047,1287259
2022-05-11,59.344305621958895,59.36974876467465,57.927914597276754,59.05593490600586,1252571
2022-05-12,59.200130610153224,59.200130610153224,57.25789067649501,58.58098602294922,1846969
2022-05-13,58.945680470140054,61.27806351032545,58.945680470140054,60.52322006225586,2441652
2022-05-16,60.03129986982095,60.03129986982095,58.3604643786718,58.59794235229492,1595095
2022-05-17,59.14922812871304,59.14922812871304,58.30957210226134,58.43679428100586,282862
2022-05-18,58.33501367391589,59.149226536864006,58.10601893496961,58.40286636352539,1337956
2022-05-19,58.351997590373486,58.513139688061344,57.66500022582214,57.732852935791016,1148647
2022-05-20,58.16540399935336,58.1908471470743,57.68196478028431,57.953369140625,580366
2022-05-23,57.33421938921731,58.43680314452121,56.82533706784235,57.105224609375,913157
2022-05-24,57.39358398717127,57.65651156622697,56.48607520908882,56.63874053955078,686840
2022-05-25,57.27484723939881,57.27484723939881,55.25627798745484,55.69730758666992,2368043
2022-05-26,55.968716552104624,56.27404725026508,55.21387301242741,55.99415969848633,1659941
2022-05-27,57.5886639273549,58.597945367181076,55.977197846701,56.562416076660156,4991546
2022-05-30,56.969524582873866,58.85239517338296,56.969524582873866,57.69892501831055,6220523
2022-05-31,58.173867853006875,58.733642862075385,57.766764638037905,58.28413009643555,2551060
2022-06-01,58.182352098666776,58.60642172980982,57.037365388738394,57.22395706176758,712461
2022-06-02,57.41054567741371,57.6734667640681,55.90085890626871,56.07048416137695,1062013
2022-06-03,56.40126125955643,56.64722242349881,54.88309119502255,55.0527229309082,2033954
2022-06-06,54.467508595502665,57.1645919132156,54.467508595502665,56.79140853881836,1871018
2022-06-07,56.82533456779447,57.92791827458987,56.82533456779447,57.317256927490234,1129828
2022-06-08,57.037369247916686,57.50384846205188,56.52848695027161,56.95255661010742,599517
2022-06-09,57.41055318314594,58.94568329617792,56.82533497617152,57.427513122558594,1958073
2022-06-10,57.673477826492906,59.157721741145295,56.613303601741194,58.58946990966797,909931
2022-06-13,58.436805283769914,58.521617928638925,55.680352265391996,55.99415969848633,1718183
2022-06-14,55.78212401804698,57.308777486055064,55.78212401804698,56.681156158447266,1159907
2022-06-15,56.681157400697664,58.0975486393536,56.57089513788667,57.724365234375,1927029
2022-06-16,58.08058682741829,59.75141594863023,57.26636733900727,58.92872619628906,2462535
2022-06-17,59.267973996508466,61.32047609102436,59.267973996508466,60.226375579833984,2679386
2022-06-20,60.497789850550475,61.01515544407959,59.36976280427942,59.55635452270508,1155575
2022-06-21,60.548662224981186,61.14235712818887,59.369749152333696,60.96424865722656,1616351
2022-06-22,61.59186642858002,61.829344351498854,60.429913481969315,61.074501037597656,901947
2022-06-23,61.082995839594275,62.03291428306299,60.20941330581009,60.68437576293945,2174352
2022-06-24,60.42992596709661,60.68437034895805,56.138343119945596,57.308773040771484,3692046
2022-06-27,57.65650810589459,58.10602086561303,56.83381201171304,57.17306900024414,1333898
2022-06-28,58.012734158027335,58.564026042265944,56.452154353603746,57.03737258911133,3249218
2022-06-29,57.24092056127573,57.503848149079765,55.977194793664054,56.146820068359375,1513483
2022-06-30,56.31644610264934,58.43679417525821,55.3665278366366,57.25788116455078,6024940
2022-07-01,57.24941017901529,57.257893384937134,56.44368032777485,56.84230041503906,532489
2022-07-04,56.82532591902412,57.16458289031032,56.44366587056996,56.57936477661133,210506
2022-07-05,56.86774366278813,56.86774366278813,56.062007431011715,56.146820068359375,253497
2022-07-06,55.97718901131843,56.36733227944812,55.960229073916615,56.0789680480957,341671
2022-07-07,55.994143355039284,59.03048303895582,55.994143355039284,58.199310302734375,2833319
2022-07-08,58.199310302734375,58.199310302734375,58.199310302734375,58.199310302734375,0
2022-07-11,58.199310302734375,58.199310302734375,58.199310302734375,58.199310302734375,0
2022-07-12,58.199310302734375,58.199310302734375,58.199310302734375,58.199310302734375,0
2022-07-13,58.479196068517425,61.01513697090702,57.59713698249084,60.489288330078125,3742956
2022-07-14,61.06603261542329,62.08379723736448,60.421444903772716,61.15932846069336,3371818
2022-07-15,61.066036471840924,61.4476966114739,59.97193587522563,60.17548751831055,1240827
2022-07-18,59.32734310384455,59.53937793476721,58.106026877866896,58.7845344543457,847843
2022-07-19,58.78452868199357,59.19163836453629,55.17993691026156,56.375816345214844,2756455
2022-07-20,56.5708858471272,58.691233989385175,55.76515614138477,58.216278076171875,2299770
2022-07-21,58.012738940325534,58.928731087728394,57.25789535703717,57.69892501831055,1020891
2022-07-22,57.72436786955576,59.11531602515058,57.003450644037414,57.953369140625,1455537
2022-07-25,58.94567799932036,58.94567799932036,56.8253298698484,57.56321334838867,794316
2022-07-26,57.66499219606118,58.267170353903765,57.249405729255095,57.622589111328125,941701
2022-07-27,58.038172578128375,59.03049400648597,57.24940277002096,57.91943359375,994789
2022-07-28,58.02968788156482,59.79381913382158,58.02968788156482,58.79301452636719,1610235
2022-07-29,58.945686566402266,59.11531185309753,57.88551234758208,58.055137634277344,1369663
2022-08-01,58.301093058378406,58.52161108588534,57.673471794785556,57.71588134765625,331279
2022-08-02,57.758290499861836,58.24172968776433,57.164595522013144,57.60562515258789,1007896
2022-08-03,58.25020414519611,59.581782513353374,57.84309445667658,58.74212646484375,1501332
2022-08-04,58.190837710199474,59.7938204645651,58.190837710199474,59.00505065917969,1556219
2022-08-05,58.776059764509014,59.83623395599879,58.776059764509014,59.64115905761719,1576695
2022-08-08,59.64115905761719,59.64115905761719,59.64115905761719,59.64115905761719,0
2022-08-09,59.64115905761719,59.64115905761719,59.64115905761719,59.64115905761719,0
2022-08-10,61.40528784579735,63.47474337916881,60.72677380387229,62.21101760864258,4032551
2022-08-11,62.55026768534792,62.55026768534792,61.40528102865523,61.60034942626953,1017468
2022-08-12,61.91418121840336,63.77160872560846,61.490111484030734,63.02524185180664,3289601
2022-08-15,64.02604668375766,64.02604668375766,62.5502858199623,63.02524185180664,3247219
2022-08-16,63.14397542936808,64.01756444251092,62.01595495074785,62.431541442871094,2718440
2022-08-17,62.76231537541938,62.847128020957875,61.829363332915754,62.08380126953125,1261195
2022-08-18,62.465451208013015,62.54178062738759,60.89639503658165,61.05753707885742,1997813
2022-08-19,61.48161280159627,61.48161280159627,60.64195675071498,60.75221252441406,624024
2022-08-22,60.65045303054146,61.27807440291611,59.75990403221753,59.87864303588867,496274
2022-08-23,60.47232677401427,61.53250076043957,60.36206453812141,61.26957321166992,1816969
2022-08-24,61.0660381691931,61.651256438967415,60.4723431641976,60.57411575317383,512755
2022-08-25,60.80310539092361,60.85399167567936,59.7514080535187,59.9379997253418,1136787
2022-08-26,59.70053027239277,60.319674865196546,59.03049938758509,59.13227844238281,2246127
2022-08-29,59.53937074129611,59.53937074129611,58.01272402557419,58.23324203491211,1011906
2022-08-30,59.36975451170758,60.03978537483448,57.68195901669587,57.809181213378906,1167459
2022-08-31,57.800697074840656,59.191645068994355,57.681958085397504,58.80997848510742,1065563
2022-09-01,59.157707007034965,59.369741799174875,58.35197738521864,58.521602630615234,709208
2022-09-02,58.309579219744194,58.85238787590846,57.503849440659934,57.614105224609375,809258
2022-09-05,58.01273102767233,58.01273102767233,56.66418613835465,56.69811248779297,1267801
2022-09-06,56.57089781315562,57.164599301042585,56.57089781315562,56.96952438354492,375456
2022-09-07,57.07130619232933,57.33422735958549,56.7405323139133,56.85078811645508,1235788
2022-09-08,57.164591915999615,57.20699499986257,56.82533489114829,56.86774444580078,523353
2022-09-09,57.24091231168575,57.24091231168575,56.39277311886449,56.57936477661133,1178327
2022-09-12,56.740522430355085,57.09673939570943,55.934786184960764,55.977195739746094,826651
2022-09-13,56.06201396902027,56.40127102876487,55.96871811582076,56.0280876159668,448316
2022-09-14,56.0620133977844,56.74052751035997,55.85846175232778,56.46063995361328,697379
2022-09-15,56.73203865421646,56.74052185924605,55.21386849339425,55.50223922729492,1507342
2022-09-16,55.76515496591743,55.76515496591743,54.71346412134687,55.196903228759766,1457907
2022-09-19,55.2562677625032,55.68033734399472,54.772828698434395,55.00182342529297,779084
2022-09-20,55.17146080562725,55.553120879844954,50.879875035510956,51.066463470458984,4767208
2022-09-21,51.10039841687512,51.69409663892197,50.04022417586111,50.82051086425781,1602466
2022-09-22,50.29466492565986,51.04102849099728,49.030939052769746,50.354034423828125,2579347
2022-09-23,51.0495036421234,51.10039316520428,47.60606013185103,49.421077728271484,2063762
2022-09-26,49.40411460353381,50.08262540165362,48.85282276015196,49.70096206665039,2634937
2022-09-27,49.997816859661086,53.34796804176466,49.40411864941318,51.694095611572266,4035556
2022-09-28,51.94853283423707,53.68721777589586,51.736498006342224,52.236900329589844,2105549
2022-09-29,51.821316163680926,52.56767974328873,51.06647261362766,52.00790786743164,1307118
2022-09-30,51.48205577749284,53.00870585915765,50.80354498957455,52.118160247802734,2276124
2022-10-03,51.74497861395854,52.06727246224347,51.1597636464945,51.261539459228516,589556
2022-10-04,51.35484155039199,51.35484155039199,50.20985462049413,50.40492630004883,938701
2022-10-05,50.379476953215566,50.837469727579716,49.23448692881831,49.4465217590332,1188777
2022-10-06,49.819707762747626,50.34555326354947,49.6246328614971,50.22681427001953,1638970
2022-10-07,49.87058449782369,50.108065674772305,49.61614338395917,49.73488235473633,816085
2022-10-10,50.014770959364526,50.905316495433695,49.70095711772365,49.85362243652344,1639391
2022-10-11,49.87907803700734,50.803550089408496,49.76033580623157,50.243778228759766,1468539
2022-10-12,50.235286041740885,50.60846613698869,49.78577328662485,50.303138732910156,1164193
2022-10-13,50.464290721093185,51.142801545894464,50.26073585595539,50.47277069091797,1128962
2022-10-14,50.871394368888225,50.871394368888225,49.955405615519744,50.03173828125,554895
2022-10-17,50.04029577651747,50.3738972262725,48.58613268253806,48.894073486328125,915860
2022-10-18,49.0737055454213,49.244784135835836,47.90182258511869,48.23542404174805,1258927
2022-10-19,48.45781868766175,48.7572037210791,48.07289274251649,48.406494140625,1201586
2022-10-20,48.73154690543045,49.09936469711075,47.98735559869921,48.107112884521484,859912
2022-10-21,48.20120611142809,48.75721069652175,47.15763294346603,48.49203872680664,1770367
2022-10-24,49.030935127107135,49.244782542442756,48.415053526763714,48.49203872680664,704227
2022-10-25,48.397938774593726,48.92827934325032,47.98734894906069,48.04722595214844,925444
2022-10-26,47.90181766310436,47.90181766310436,45.7633436602872,46.345008850097656,2631592
2022-10-27,46.601622905506645,46.601622905506645,44.90795196579163,45.5067253112793,3722534
2022-10-28,45.703464960447896,45.75478950931785,43.1372962518907,43.66763687133789,3886082
2022-10-31,43.64197756673934,44.45459833531246,43.453790811497555,44.0867805480957,832728
2022-11-01,44.24930563914864,45.09614281760212,44.05256641372162,44.83952331542969,1477729
2022-11-02,45.070480215615724,46.1653812042695,44.736878768787406,45.55805206298828,2916383
2022-11-03,45.75478995020061,46.5331943354414,45.33564762135452,45.43829345703125,1405357
2022-11-04,44.87373435233997,45.0362604528119,44.40327075934404,44.70265579223633,649797
2022-11-07,45.33564989800161,45.806113536785475,45.16457132124772,45.198787689208984,924352
2022-11-08,45.33564828205592,46.01140684146818,44.90795348694218,45.74623489379883,981492
2022-11-09,45.74623489379883,45.74623489379883,45.74623489379883,45.74623489379883,0
2022-11-10,45.37841668320771,48.628896442964994,45.37841668320771,47.68796920776367,6723472
2022-11-11,47.6965189846913,51.06675583732928,47.054976834129505,50.45087432861328,10745242
2022-11-14,49.70669423494685,50.68183793644574,48.731550533447965,48.885520935058594,4940336
2022-11-15,48.79142621386297,52.09323077106041,48.75720984487431,51.00688552856445,8327900
2022-11-16,51.00688272720293,52.3926129646123,49.612596766490014,50.05739974975586,4114813
2022-11-17,50.04029486412297,50.72460593615003,49.27044286868466,49.561275482177734,1835427
2022-11-18,49.21056515420605,49.698136990034406,48.50059344677543,48.7486572265625,2650512
2022-11-21,48.41505110124675,49.30465708760772,48.07289721168269,48.81708526611328,1163517
2022-11-22,49.05659416591267,49.18490391613228,48.243976624696835,48.346622467041016,881274
2022-11-23,48.62034069476139,48.84274053535032,48.2439704787447,48.38083267211914,817647
2022-11-24,48.33806198007512,49.62114630362364,48.32095706058038,49.099361419677734,3318834
2022-11-25,49.826450526445505,50.382455142262145,48.85130678072025,49.039493560791016,2485413
2022-11-28,47.90182333134388,48.9796129205559,47.47412848017116,47.953147888183594,1804673
2022-11-29,47.739297274522905,48.96250472823416,47.68797272111069,48.45782470703125,1418046
2022-11-30,48.73155147107652,48.74865965636828,47.816284767810004,48.32096481323242,772852
2022-12-01,48.43215410011102,48.67166538652184,47.78205949540071,47.90181350708008,973639
2022-12-02,47.696521614561554,48.320958880357516,47.51689058563234,47.78206253051758,576489
2022-12-05,47.893258808398876,48.07288981751963,46.70426468061632,46.866790771484375,580459
2022-12-06,47.089200720011775,47.089200720011775,46.105504556526085,46.84113693237305,834508
2022-12-07,46.712822648140175,47.20039441807659,46.618729277967866,46.82402420043945,702322
2022-12-08,47.13197024841204,47.73074367938089,46.64439838993591,47.05498504638672,1035859
2022-12-09,47.046425423146175,48.88551426763549,46.96088777305224,47.936031341552734,3587853
2022-12-12,47.98736484413049,48.32952205772497,47.722196103495136,48.158443450927734,913003
2022-12-13,48.11566311366199,48.27818595659155,47.64519950471663,47.75640106201172,902720
2022-12-14,47.816284740102915,50.04029661789959,47.388589897214885,48.919734954833984,2504717
2022-12-15,48.919728466437036,48.92828418946953,45.47250953415323,46.99510192871094,2688390
2022-12-16,46.87534317144729,48.56901396184519,46.627279437421095,47.84193420410156,1463861
2022-12-19,47.226061922147245,48.67167252294289,46.61873605212375,47.097755432128906,3219583
2022-12-20,46.83258478502369,47.457018857257694,45.335652851255816,45.669254302978516,4035137
2022-12-21,45.3270984997683,46.22525696995882,43.20572931919013,44.249305725097656,2093916
2022-12-22,44.950723466257294,47.559661130726674,44.822416982265146,46.74704360961914,6362369
2022-12-23,46.61873621677622,49.74090976403823,46.4048888029378,49.159244537353516,6853755
2022-12-26,50.596290477803194,52.84596252441406,50.553518392152306,52.84596252441406,11055491
2022-12-27,53.290773978747794,55.17263184145442,51.75107327764329,52.27286148071289,12467526
2022-12-28,52.09322355335893,53.67569287472357,51.83660408455205,53.273658752441406,6188555
2022-12-29,53.205235856772326,54.99300032132495,53.205235856772326,54.223148345947266,6618729
2022-12-30,54.488315009868096,58.2862434387207,54.488315009868096,58.2862434387207,11900894
2023-01-02,59.02187686305221,62.65728232200833,59.02187686305221,61.04915237426758,14956006
2023-01-03,61.37421574896094,62.00720234888793,59.97137705393032,61.01495361328125,6624462
2023-01-04,61.588054497792854,61.84467400197569,59.74896545409608,59.92859649658203,4196964
2023-01-05,60.73266898836175,62.4862204921299,60.68989689271647,61.00639343261719,4499228
2023-01-06,61.24588131988484,65.57415623365516,60.818186608815665,65.0523681640625,10549556
2023-01-09,65.00105379830924,68.60224322683419,64.7529900314758,67.56722259521484,13970997
2023-01-10,69.28657157377248,70.05642367425783,65.26624225339106,66.91714477539062,9194984
2023-01-11,68.0034752206806,71.21118631599573,65.95909453802149,70.24459838867188,17774824
2023-01-12,71.2111865529867,71.98103852364538,69.39775819166901,69.86822509765625,8125800
2023-01-13,68.51671724319907,69.28656931862722,64.7530010614105,65.10371398925781,12902307
2023-01-16,64.75298164696926,64.75298164696926,61.16890412912477,62.56318664550781,6851446
2023-01-17,62.70006705257261,63.598222313774784,57.87566971035523,58.423118591308594,8640440
2023-01-18,58.42310933350436,60.30496374781717,56.66955813181401,59.75751495361328,6111954
2023-01-19,60.7326512639686,64.06867144143548,59.8772618095465,63.367252349853516,13642897
2023-01-20,63.298841570784816,65.22346851043706,62.01575694434999,62.37501907348633,8309230
2023-01-23,63.28172294732348,64.1542174329253,62.443438301380624,63.76929473876953,3852102
2023-01-24,63.72653526796161,68.00348394366372,63.72653526796161,66.84870910644531,13159970
2023-01-25,67.91793673029827,70.14194842388335,67.40470426656398,68.57658386230469,13282160
2023-01-26,69.07271116506631,69.95376142119936,67.41325322952727,68.65357208251953,7806490
2023-01-27,69.27799850987797,69.28655423277151,66.46376607951312,67.2763900756836,4523330
2023-01-30,68.13177998355488,68.43116502531976,64.62468408122812,65.23200988769531,5115060
2023-01-31,65.43731659635907,67.19086821363199,63.98315661577125,66.31836700439453,10194870
2023-02-01,66.92568557339665,69.20102521520474,65.11226366000307,65.54850769042969,9469438
2023-02-02,65.00961789743603,65.00961789743603,62.272373438512524,64.45361328125,12289269
2023-02-03,64.58191947529902,64.92407664528986,63.213297321440876,63.77785110473633,3499066
2023-02-06,67.24218545594307,68.55948638916016,65.09515546193748,68.55948638916016,21833048
2023-02-07,70.9973360134026,73.22134764354128,68.64501463946456,69.38920593261719,31774289
2023-02-08,68.31141949220311,69.88533335071956,66.60064015410859,68.47394561767578,15889192
2023-02-09,69.71427224636538,72.70813669866328,69.03851348685679,71.71588134765625,16183849
2023-02-10,69.88532406466133,73.56350176326642,67.61854696376977,68.4397201538086,28035187
2023-02-13,67.5757886752084,70.05642019762074,66.6434170019673,68.42262268066406,12576392
2023-02-14,69.10693015784207,69.44053159708722,65.180688296265,65.70247650146484,9660375
2023-02-15,65.43730593822512,66.8658050375395,64.93262919489203,66.32691192626953,5666093
2023-02-16,67.13096982205379,67.13096982205379,63.98313624834283,64.41938018798828,4152160
2023-02-17,64.55626847302538,64.96685191746312,63.136318289588246,64.3082046508789,3573598
2023-02-20,64.3595072915263,64.39372365632752,60.64711981300179,60.89518356323242,2746458
2023-02-21,61.998640774624064,61.998640774624064,61.07481844490158,61.49395751953125,1568994
2023-02-22,61.673588852308264,61.759126507083884,60.21087341949943,60.33062744140625,2807642
2023-02-23,59.87728181653146,59.87728181653146,57.74736319065303,58.021087646484375,4693330
2023-02-24,57.96120884241426,58.33757587878651,56.89197170001638,57.003170013427734,4157159
2023-02-27,56.98605856238976,57.65326141863528,55.600325035191844,56.25897216796875,2823739
2023-02-28,55.94247942905666,56.45571186809113,53.16246331434006,53.82966613769531,3540130
2023-03-01,53.63292638429392,53.87243441834482,51.71685232273003,52.940059661865234,4620269
2023-03-02,52.94005725942766,54.531082300398204,52.77753442413307,53.855323791503906,3486999
2023-03-03,52.74332303441859,57.89276885986328,52.64922965556498,57.89276885986328,6421254
2023-03-06,59.1074252970878,61.57950093825079,58.594192796789535,59.971370697021484,8005520
2023-03-07,60.73266413023247,61.14325402682447,58.63696213336363,59.1159782409668,4447315
2023-03-08,59.115973654220554,60.73265941804928,59.01332455651073,59.689083099365234,4500256
2023-03-09,60.304967314206216,60.50170979536988,59.902933154601406,60.22798538208008,2349244
2023-03-10,60.731257355502564,60.913476370115944,59.52513629201802,59.637943267822266,1598135
2023-03-13,61.59897316587977,63.77693568015771,61.17379544831454,63.26498794555664,10936425
2023-03-14,62.995995334059316,63.126153675973576,61.60765513393985,62.2410888671875,4891548
2023-03-15,61.70310592651367,62.69229876144382,61.3994075333559,61.70310592651367,1789547
2023-03-16,61.86795346218565,62.70962970057424,60.73992366044122,60.956851959228516,2018877
2023-03-17,60.95687266399421,60.95687266399421,59.62927208370003,60.028419494628906,2123583
2023-03-20,59.86354159253142,60.028409245901486,57.65954891011403,57.83309555053711,2752846
2023-03-21,58.050022973200335,60.02840830202359,57.71161530485569,59.308204650878906,4089371
2023-03-22,59.394976114669994,59.85486975073036,57.26908105682374,57.503360748291016,1683067
2023-03-23,57.503360748291016,57.503360748291016,57.503360748291016,57.503360748291016,0
2023-03-24,57.44262470315857,57.44262470315857,55.92412624598913,56.23650360107422,556505
2023-03-27,56.921994500762274,56.921994500762274,55.44688445213432,55.60307312011719,736689
2023-03-28,55.785292086163665,56.40136777047198,55.09979774499955,55.28201675415039,1264561
2023-03-29,55.663805830170105,55.663805830170105,54.1019193456259,54.31884765625,1488495
2023-03-30,54.709321755691136,55.66380835171296,54.709321755691136,55.29069137573242,2371780
2023-03-31,55.16921464945716,57.09553928518886,54.54445999785474,55.49894332885742,3139173
2023-04-03,55.43820655015536,56.20179193072525,54.92625553064901,55.86338424682617,2713355
2023-04-04,56.09766990358952,56.09766990358952,53.971771515050364,54.68329620361328,6695989
2023-04-05,55.360107400944294,55.57703903413853,54.232080782677315,54.804771423339844,3048626
2023-04-06,55.507619866420406,58.909054352691136,55.14317856571226,58.90037536621094,13574597
2023-04-07,59.438366310709085,60.1325396601991,56.66168615300441,57.3298225402832,5591512
2023-04-10,56.91331493324219,57.60748825500444,56.167087549519806,56.44475555419922,1906457
2023-04-11,56.40136804400084,56.61829638263161,55.44688467805094,56.271209716796875,2006499
2023-04-12,55.880732661482696,58.4838723200599,55.880732661482696,58.11943435668945,3773429
2023-04-13,58.99582646456074,59.65529043794676,57.919863807024676,58.32769012451172,3957408
2023-04-14,58.32769012451172,58.32769012451172,58.32769012451172,58.32769012451172,0
2023-04-17,58.77022956221727,59.38630526154249,58.05002587507023,58.284305572509766,1698788
2023-04-18,58.1367982809897,58.88303234077383,57.702941577400225,58.42314529418945,2240434
2023-04-19,58.570652365825204,58.917739037203766,58.180183998104084,58.49256134033203,2938415
2023-04-20,59.0045185706407,59.42102396752538,58.22357508906236,59.17805862426758,2273610
2023-04-21,59.17805862426758,59.17805862426758,59.17805862426758,59.17805862426758,0
2023-04-24,59.17805862426758,59.17805862426758,59.17805862426758,59.17805862426758,0
2023-04-25,59.17805862426758,59.17805862426758,59.17805862426758,59.17805862426758,0
2023-04-26,59.52513364356472,59.9589903124247,58.88302762728761,59.10863494873047,3113351
2023-04-27,58.91774246663183,59.186731508046655,57.963259029878834,58.52726745605469,2429262
2023-04-28,58.527268202551745,58.74419656004101,57.70294309214379,57.772361755371094,2022385
2023-05-01,57.7723617553711,57.7723617553711,57.7723617553711,57.772361755371094,0
2023-05-02,57.77235472822281,58.119441382013314,56.83522274902663,56.97406005859375,1227511
2023-05-03,56.765807504525824,57.26908285175064,56.323278448981505,56.73109817504883,3661628
2023-05-04,56.9219911672,57.008761173191694,55.724549196209615,55.8720588684082,1308027
2023-05-05,55.87206117154581,57.16495218846026,55.57704181498746,56.20178985595703,3983059
2023-05-08,56.479447965826395,56.53151525854939,54.674606264437415,54.91756820678711,1567777
2023-05-09,54.91757863294108,54.91757863294108,53.017284280871415,53.53791427612305,3287415
2023-05-10,53.1908215547536,54.049859128548505,52.50532729294451,52.68754959106445,2252281
2023-05-11,52.93051268080777,53.58129767278492,52.5226863599484,52.99993133544922,1457004
2023-05-12,53.79822944826387,53.79822944826387,51.93264436111305,52.48798370361328,2822108
2023-05-15,52.27972849689599,52.27972849689599,51.28185683641524,51.438045501708984,4325898
2023-05-16,52.06280118608447,53.260246540182266,51.71571452081841,52.817710876464844,8147822
2023-05-17,52.82638990008302,53.277601241214754,51.628944545158966,51.70703887939453,2885966
2023-05-18,51.70703742646074,52.05412408221339,51.021543101884255,51.24715042114258,2779634
2023-05-19,51.195086867406594,52.85241920816924,51.108316857758496,52.31443786621094,4526257
2023-05-22,52.48797698050621,52.48797698050621,50.93476943806487,51.04757308959961,2331028
2023-05-23,51.06493769848644,51.186420367864,50.344737221101596,50.50960159301758,1247254
2023-05-24,50.74388048433978,51.35128054130955,50.370763448346814,50.63107681274414,1384652
2023-05-25,50.76123718056629,51.45540728341591,50.500923805755704,50.84800720214844,2574212
2023-05-26,50.75255357820399,50.995512248751055,49.190666953076715,49.303470611572266,3488612
2023-05-29,49.459659726866605,50.50091638312916,49.450984050009204,49.53775405883789,2750008
2023-05-30,49.67659468457271,51.48144023748927,49.67659468457271,50.77859115600586,4947319
2023-05-31,50.82197249865306,51.16905917534009,49.89351944508869,49.980289459228516,1976085
2023-06-01,50.06706191040349,51.08228496040505,49.71997523976867,50.38811492919922,1626005
2023-06-02,50.15382917634359,50.587685835844944,50.15382917634359,50.37943649291992,821029
2023-06-05,50.37076571482275,53.70278553520204,50.37076571482275,53.42511749267578,9434106
2023-06-06,53.711465728317876,54.822137923337934,52.97390728438518,53.17348098754883,10796581
2023-06-07,53.312300031674795,53.72880198777421,52.713579090418754,53.329654693603516,2375871
2023-06-08,53.147443954385444,54.336210345404446,52.36650059674446,52.531368255615234,3945300
2023-06-09,52.49665256917809,53.88499247012272,52.49665256917809,53.43378448486328,3751614
2023-06-12,53.79823107215084,53.79823107215084,51.889260920481085,52.149574279785156,2173607
2023-06-13,52.06280545944155,52.670205518481175,51.6463034129737,52.218994140625,1655102
2023-06-14,52.40988373415434,52.58342374309073,52.062797096154576,52.10618209838867,1073014
2023-06-15,51.98470629423239,52.35782329686845,51.021543953012035,51.11699295043945,1110002
2023-06-16,51.19508329212156,51.88057757468554,50.6310683386067,50.761226654052734,1604432
2023-06-19,51.17773661186771,51.17773661186771,48.50518102574336,48.852264404296875,3360751
2023-06-20,48.67872027472401,50.153833712456475,48.59195025900136,49.89352035522461,5667316
2023-06-21,49.89351308560158,50.67445635357551,49.06918481608765,49.25140380859375,2398710
2023-06-22,49.25140692220655,49.719972912613066,48.64401024212068,48.90432357788086,1792169
2023-06-23,48.85225798311754,49.40759396386054,48.670038985073155,48.92167663574219,1489698
2023-06-26,50.32737265536278,51.45539931148749,49.93690099861016,51.01286697387695,6339034
2023-06-27,50.7178416833092,52.192954915659,50.45752836232123,51.31656265258789,7545699
2023-06-28,51.31656265258789,51.31656265258789,51.31656265258789,51.31656265258789,0
2023-06-29,51.31656265258789,51.31656265258789,51.31656265258789,51.31656265258789,0
2023-06-30,51.31656265258789,51.31656265258789,51.31656265258789,51.31656265258789,0
2023-07-03,55.16922378540039,55.16922378540039,55.16922378540039,55.16922378540039,762271
2023-07-04,59.00451234493462,59.00451234493462,56.48814211208092,56.98273849487305,14413155
2023-07-05,56.54020565520244,58.041346059136444,55.80264400388385,56.427398681640625,6083458
2023-07-06,56.40136715259618,59.00450717502369,56.27120882744932,58.34504318237305,14126634
2023-07-07,58.56197488449494,58.65742388708181,57.4339514486657,57.84177780151367,2651136
2023-07-10,57.963260039853246,58.5706567956083,57.295116988394554,57.60749435424805,5121219
2023-07-11,58.1281166176221,59.61190568118336,57.44262226308895,59.00450897216797,7295326
2023-07-12,59.84619337969499,60.87009544148661,59.360276001260914,60.297401428222656,12591221
2023-07-13,60.95685896498824,62.02414923054074,59.97634532502492,60.36681365966797,10306114
2023-07-14,60.21930843701491,60.60977680050344,59.09127842229405,59.290855407714844,2206447
2023-07-17,59.48175128857316,60.00237796140128,59.00450631007311,59.308204650878906,3601497
2023-07-18,59.438371333544495,59.525141354531314,57.96326111638374,58.18886184692383,2670286
2023-07-19,58.48387367823901,60.32342150947269,58.39710367829666,59.57719421386719,8961317
2023-07-20,60.03709795296593,62.024162621655975,59.86355128444563,61.581626892089844,11323426
2023-07-21,61.94605437299854,62.30182001753276,60.56639334985917,60.661842346191406,4796930
2023-07-24,60.739944555869805,61.16512231412489,60.045771112894144,60.50566482543945,2523215
2023-07-25,60.41020898798271,61.78119112180311,60.20195300653611,61.20850372314453,5958770
2023-07-26,61.29526932008441,61.356008988595825,60.50565362943594,60.61845397949219,2706309
2023-07-27,60.61845397949219,60.61845397949219,60.61845397949219,60.61845397949219,0
2023-07-28,60.61845397949219,60.61845397949219,60.61845397949219,60.61845397949219,0
2023-07-31,64.29755248164155,67.75105423588138,64.21078247799396,67.33454895019531,24102714
2023-08-01,68.54935425448622,68.54935425448622,65.96356557354952,66.12843322753906,7148147
2023-08-02,66.12843182248363,68.07210782033538,65.73796347358397,67.65560913085938,16067758
2023-08-03,67.68164096206402,68.4539053100979,65.77267424964653,66.17182159423828,11564548
2023-08-04,65.52104114441974,66.90070228237676,65.52104114441974,66.27594757080078,8324141
2023-08-07,67.24778094224699,69.19145688616796,64.21078438356487,65.0524673461914,15328254
2023-08-08,64.210782921187,64.210782921187,60.219303144706174,60.496971130371094,15271642
2023-08-09,60.49697072638279,65.03510745742582,59.898246446864405,64.07194519042969,22796703
2023-08-10,65.42558347156562,65.69457247336021,60.748609362246846,61.32129669189453,13162106
2023-08-11,61.6076441358206,64.81818068921393,61.6076441358206,63.23027038574219,15365570
2023-08-14,63.23027038574219,63.23027038574219,63.23027038574219,63.23027038574219,0
2023-08-15,63.317028502377745,65.39954134981771,62.31915707338298,64.26283264160156,13586629
2023-08-16,64.21078132847536,64.90495458548257,63.0914304271178,63.25629806518555,6077616
2023-08-17,63.25630194661813,64.64464192569486,62.648898654434596,64.41036224365234,7307763
2023-08-18,65.03511779869568,68.87908849150732,64.99173610002748,66.07637786865234,27990154
2023-08-21,65.94621005241147,66.20652668751127,64.34962077617196,64.58390045166016,6101632
2023-08-22,64.69671387551818,66.55362016225814,64.4711131409587,65.79871368408203,6484045
2023-08-23,66.16315133931202,66.62303841399097,64.81819282796977,66.15447235107422,8827889
2023-08-24,66.77053655781275,67.0742415124207,65.65119221360182,65.87679290771484,10213573
2023-08-25,65.87679264422043,65.87679264422043,64.64464133775415,65.20865631103516,2992875
2023-08-28,65.08718678733247,65.08718678733247,63.51662096408832,63.7161979675293,3787006
2023-08-29,63.776925102240206,63.776925102240206,61.28658564357373,61.81589126586914,8315062
2023-08-30,61.1824586029589,62.29313042189973,59.61189323449848,60.410194396972656,7881605
2023-08-31,60.60977221002779,61.12172649551593,55.88073740982393,57.31246566772461,12267446
2023-09-01,57.26908533950638,58.96112384921334,56.75713760276919,58.648746490478516,5284440
2023-09-04,59.004502892913536,60.08914449020974,58.65741625775336,59.78544616699219,3426833
2023-09-05,60.29739457523736,60.29739457523736,58.145469326635634,58.50122833251953,3642368
2023-09-06,58.5706560601537,60.479622942951934,58.23224835474972,59.60323715209961,3929670
2023-09-07,59.52514257749038,62.3452113483348,59.35160253195131,60.722591400146484,13140382
2023-09-08,60.844061627860604,62.865828673573944,60.65316363433025,62.484039306640625,7089082
2023-09-11,62.88318835474606,64.36697740820365,62.56213202780834,63.93312072753906,11683396
2023-09-12,63.438526505941695,63.438526505941695,62.04150741769526,62.76171112060547,4021971
2023-09-13,62.82244989839205,64.16740166236886,62.56213323691128,63.44720458984375,3202449
2023-09-14,63.551328339762144,63.75958432480172,62.9873132988372,63.26498794555664,1473435
2023-09-15,64.29755360112534,64.6446402418857,62.48403599884617,62.70963668823242,8044559
2023-09-18,63.32572461046204,63.41249462337486,62.735679254476175,63.09143829345703,1432531
2023-09-19,63.33439169972418,64.07194667821084,63.16953067496672,63.46455001831055,4000236
2023-09-20,63.69016634030225,63.75958500272019,61.71178080228689,62.14563751220703,6149595
2023-09-21,62.04149407884178,63.039365587351924,61.867954086112356,62.82243728637695,2382619
2023-09-22,62.82244612059932,64.8528921255899,62.475359466206044,64.28020477294922,6762444
2023-09-25,64.28020060936305,64.81817859970553,63.950465329989925,64.35829162597656,2907911
2023-09-26,64.60993043125215,64.60993043125215,63.13482049424205,63.317039489746094,2896927
2023-09-27,63.17821431826807,65.49501426628048,62.926576622786264,64.61862182617188,9115995
2023-09-28,64.61862182617188,64.61862182617188,64.61862182617188,64.61862182617188,0
2023-09-29,64.61862182617188,64.61862182617188,64.61862182617188,64.61862182617188,0
2023-10-02,64.63597365243949,65.85945280625313,64.31492390976398,65.48633575439453,6591768
2023-10-03,65.93752789755045,66.20652350626212,64.47109700932342,65.21733093261719,3056591
2023-10-04,65.03510966562364,65.42558462557389,64.5578713191873,64.6533203125,1990783
2023-10-05,64.68803727797852,64.9483473285574,63.39513953229671,64.05460357666016,4785992
2023-10-06,64.21078785076016,64.21078785076016,62.51874946760869,63.186885833740234,5713471
2023-10-09,62.562121423533654,64.8181744565632,62.2584231225708,63.96781921386719,6484440
2023-10-10,64.20210798405213,64.59258295797963,63.56000196797718,64.1500473022461,3084894
2023-10-11,64.6967202090649,65.93755085112775,64.34096109581475,65.72930145263672,7355736
2023-10-12,66.15446993673378,67.0308623531749,65.78135289766502,66.6143569946289,6826631
2023-10-13,66.69244379344269,71.0570405694693,66.12842883265577,69.95504760742188,15178339
2023-10-16,70.32816188974228,72.88791334117326,69.41706032492691,69.70340728759766,9554904
2023-10-17,70.51690176069151,70.84406724447723,68.35055449908414,68.70423889160156,3791020
2023-10-18,68.61582247518857,68.96066950369043,67.65202097145206,68.50971984863281,3589409
2023-10-19,68.20907805200041,73.64706012897315,68.2002339180073,73.34642028808594,18911504
2023-10-20,73.30221148951313,73.56747478856258,71.90513517778791,73.00157165527344,7552252
2023-10-23,73.39947199245995,76.92752558738817,73.22262305839394,75.35360717773438,24259049
2023-10-24,76.04329054158002,76.04329054158002,72.1792278843028,73.14303588867188,10255853
2023-10-25,73.08113648211874,74.17757267627056,72.4621754520895,72.91313171386719,8207368
2023-10-26,72.90429427972477,73.30219928117485,71.26848059668689,71.47185516357422,4518629
2023-10-27,71.48954709286225,72.0200804259588,69.42046506995656,70.08363342285156,4258249
2023-10-30,70.1808848970821,72.241122382517,69.80950556522659,71.38343048095703,4802381
2023-10-31,73.39062791299236,73.9653751434581,71.53375795356979,71.71944427490234,7796581
2023-11-01,72.07313178647956,73.21378205703274,71.44533328025511,71.63101959228516,6350377
2023-11-02,71.71061166609383,74.45170649871726,71.1800782704406,71.94935607910156,5718084
2023-11-03,71.72829694072371,73.19610616561936,71.45418274663703,72.52409362792969,6010320
2023-11-06,72.94850945690742,72.99272337319867,71.35690291577266,71.99354553222656,3862892
2023-11-07,72.33838694266116,72.84239451767498,70.86173399872018,71.1358413696289,4243204
2023-11-08,70.83520706186397,72.24112041804904,70.83520706186397,71.28616333007812,4665469
2023-11-09,71.28616333007812,71.28616333007812,71.28616333007812,71.28616333007812,0
2023-11-10,72.10850269206227,73.36409972402228,71.71944179637453,72.47103118896484,10555014
2023-11-13,72.41798890002602,73.83274677035826,72.10851166996859,73.09883880615234,9183312
2023-11-14,73.4436756809172,74.18642767655089,71.66638951405515,73.85041809082031,9040327
2023-11-15,74.27484949823315,76.91867856170363,73.87695121721706,76.3174057006836,19292737
2023-11-16,76.94521405898305,82.03834913654877,76.30857807712279,81.84381866455078,24336213
2023-11-17,82.66614809164135,83.77142873637004,80.46443093624913,81.24254608154297,16643997
2023-11-20,81.25138886245493,81.96760854956001,79.84547514390088,80.26105499267578,6097426
2023-11-21,80.2964205011637,81.48128477737879,78.5191342059869,79.12040710449219,5862888
2023-11-22,78.69597618233716,82.65730469328139,78.69597618233716,81.62275695800781,10655403
2023-11-23,81.83497286264311,82.76340445704236,79.47408853152055,80.04883575439453,7358871
2023-11-24,80.45556692305622,81.79074750089666,79.58018675762918,80.31409454345703,6139710
2023-11-27,80.90654008547787,82.14445570922926,80.01347146994401,80.97727966308594,7028494
2023-11-28,81.34864894599914,83.64763115394926,81.17180675542497,82.47161102294922,12452024
2023-11-29,82.47161812230463,84.21354150840759,80.64127363330307,81.45476531982422,14409867
2023-11-30,81.79075809015555,82.89603860488738,80.90653367837008,81.14527130126953,6286258
2023-12-01,81.73770779880019,84.08974125537466,80.9065346826536,83.75373840332031,9506132
2023-12-04,84.894386209205,90.03172779486535,84.894386209205,88.45780944824219,23518237
2023-12-05,88.86455582725561,95.08949666687562,86.91926476629183,94.93033599853516,26934622
2023-12-06,97.16740994021825,100.78389091531736,94.61200219628662,98.13121795654297,35324615
2023-12-07,96.3716194618478,99.47524912340523,95.93835137679527,97.89248657226562,15352002
2023-12-08,99.03313904791186,101.78307764509077,98.8209270674307,100.66895294189453,16604019
2023-12-11,99.9173578434441,101.68580665483249,98.59102123490281,100.7662124633789,8672394
2023-12-12,100.80158951907956,102.52582453609857,100.80158951907956,101.72118377685547,6735735
2023-12-13,103.01213888095587,105.65596785259869,97.4857365804754,101.8095932006836,17870916
2023-12-14,101.24369658926193,109.44929816795062,99.91735995272138,106.78778076171875,17322231
2023-12-15,110.52805669608067,113.00388786451175,108.40591665829648,111.64218139648438,20844934
2023-12-18,111.41227278033251,112.25228324968205,107.30062803088661,108.82149505615234,11710100
2023-12-19,107.69853310110017,110.1213060340592,101.69464870015582,104.90438079833984,24378331
2023-12-20,106.3722094746114,107.87538841806342,101.24370470383822,106.4341049194336,24173128
2023-12-21,109.65267185897352,110.07709580138851,105.93008787232759,108.59159851074219,14079720
2023-12-22,108.7596023339226,109.20171453853204,103.47193739851106,104.18816375732422,7362326
2023-12-25,104.18816375732422,104.18816375732422,104.18816375732422,104.18816375732422,0
2023-12-26,103.10056873085527,103.22435961321905,96.37162017822266,96.37162017822266,19050579
2023-12-27,94.8330652214415,99.03313104709974,92.67555556487875,98.30806732177734,11154977
2023-12-28,99.47524723903386,100.97842605442936,96.42467568880893,98.18428039550781,10430061
2023-12-29,99.0331422016219,105.22271358922326,97.97207551932921,101.71234130859375,13683173
2024-01-01,103.46309219832995,109.34318542480469,103.0121358947763,109.34318542480469,7405974
2024-01-02,112.73861989032345,116.27551776923555,110.62532394736125,111.42112731933594,34951008
2024-01-03,112.29650887044453,115.60351328019736,110.62532514426508,114.5866470336914,24928592
2024-01-04,114.8607628664577,114.91382767254113,110.97018026981272,113.38410949707031,11891649
2024-01-05,113.16305346400196,114.94034658197938,108.31750027914974,112.67672729492188,11228730
2024-01-08,112.20807347786061,113.38408675847967,110.085933648667,110.59878540039062,4561042
2024-01-09,112.38492152338962,112.73861263774704,110.30699550242308,110.89058685302734,7418243
2024-01-10,110.7048887117715,115.82455538293576,110.42193718248383,111.96932983398438,15931102
2024-01-11,112.65018472389315,120.1660850318369,111.85438145130487,117.2746810913086,19125010
2024-01-12,118.50377350409741,121.93455545414695,116.89447840747476,118.3003921508789,24740483
2024-01-15,119.70631082191353,121.4924345034481,115.61234728506264,116.82373046875,12654467
2024-01-16,116.2755014994034,116.2755014994034,111.19121150988578,111.98701477050781,10704013
2024-01-17,111.4122877872108,113.79969125564055,107.35370054166069,109.3166732788086,16519053
2024-01-18,109.20171412769734,109.85603829915053,105.35533931128528,107.9991683959961,11124990
2024-01-19,109.29013122555037,110.42193734436023,106.55788114930749,108.12295532226562,6414455
2024-01-22,108.22906600672466,116.23129263840018,108.22906600672466,115.84223175048828,23338496
2024-01-23,115.84224602925184,116.04562737712499,110.54574320241387,112.00471496582031,27788195
2024-01-24,112.20807559081747,115.7449663779469,110.0947798544026,112.91545104980469,34477717
2024-01-25,112.03123547335485,112.11966331551422,104.444594795227,104.58606719970703,27378044
2024-01-26,103.46310936508172,107.65433155477513,103.0209971205036,104.603759765625,20139069
2024-01-29,104.24123075384956,104.24123075384956,99.9262174159467,100.51864624023438,7641946
2024-01-30,100.51863648860099,106.08040912972996,95.50508543911793,100.7043228149414,18157957
2024-01-31,102.46393569283588,103.3570043534264,100.53632595539858,100.84580993652344,5252850
2024-02-01,100.80158185411148,103.67531116135589,97.04362814463802,102.3931884765625,19781910
2024-02-02,103.00330251180033,103.7902617190147,99.04198082206236,101.10221862792969,18483443
2024-02-06,102.51698439093342,107.30947926745772,101.68581125324278,106.42525482177734,19900893
2024-02-07,106.98229955416032,108.48548495939485,105.66480719436763,107.2298812866211,14223153
2024-02-08,107.2298812866211,107.2298812866211,107.2298812866211,107.2298812866211,0
2024-02-09,105.2138626516423,105.2138626516423,99.18345233096137,103.25972747802734,17861036
2024-02-12,99.0331399804653,99.91736444457659,95.51392364501953,95.51392364501953,12883624
2024-02-13,88.35169340162486,92.97618961408455,88.35169340162486,89.54539489746094,18646972
2024-02-14,92.84356416141573,95.65539808871962,91.96818387394381,94.93917846679688,15505464
2024-02-15,96.38046365570808,96.6899408595116,89.04139812844011,90.58879089355469,9737543
2024-02-16,88.51085605629115,91.51722019450878,84.53184648261684,86.85736083984375,11953769
2024-02-19,83.64762125220865,93.1441887791509,83.11708799719054,92.43681335449219,11550721
2024-02-20,91.9505015281882,94.0637974897684,89.70457054576083,90.5357437133789,7218710
2024-02-21,92.8435590908271,94.50589848214427,91.53490405155009,93.12651062011719,5836954
2024-02-22,93.28566816876314,93.71009882160484,91.51721948309938,92.1892318725586,3415808
2024-02-23,92.22461958664637,97.39733164870212,91.79134471722956,96.44236755371094,15411890
2024-02-26,96.47771854059596,98.6794352643025,94.96569572459775,95.68191528320312,11066294
2024-02-27,95.48738754870116,96.36277452963577,93.98420882252701,94.32905578613281,4562482
2024-02-28,94.61200992370605,96.76951959847423,93.93999749702311,95.79686737060547,6243665
2024-02-29,97.08784313948605,101.65928173062511,96.5573030953897,100.34178924560547,15985508
2024-03-01,100.6866532829532,100.80160004739442,99.04199505828156,99.9792709350586,4632027
2024-03-04,101.24369403856424,106.9027315611182,101.24369403856424,105.99198150634766,13808772
2024-03-05,106.56090521766423,107.45493122212893,102.31653293524943,103.12928009033203,6853016
2024-03-06,102.7770875645193,105.65784643706603,102.7770875645193,103.26473999023438,7916062
2024-03-07,102.9938269961096,104.73673021587985,102.51520019292732,104.12265014648438,4384060
2024-03-08,104.75478549837511,105.11601027460328,103.58080669808095,103.78851318359375,3220960
2024-03-11,104.75477833920293,104.75477833920293,103.1744260797753,103.50856018066406,2142642
2024-03-12,103.89688678430777,104.30326036748595,99.78796771088481,100.2936782836914,3232318
2024-03-13,100.23949662867507,101.41347547123313,96.64532065498624,97.99990844726562,3482193
2024-03-14,99.33643178009838,102.45198074819481,98.8849025447343,102.01851654052734,2631669
2024-03-15,103.74335061046578,103.74335061046578,100.24851887385354,100.79938507080078,2016604
2024-03-18,101.19673075965063,102.04560793302969,99.78796173982107,100.17627716064453,1545056
2024-03-19,100.23949830187762,101.50378164039982,99.43577674955928,100.32077026367188,1761518
2024-03-20,101.13351259093827,101.36830971407171,97.98184056994906,98.38821411132812,4202005
2024-03-21,99.06551844255873,99.33643875872573,95.81450909750386,96.28410339355469,2352350
2024-03-22,96.40149188058105,96.40149188058105,95.13720864189423,95.74225616455078,1112732
2024-03-26,97.98184890559014,98.29791800797281,96.35634082220824,96.96139526367188,1672934
2024-03-27,97.42195014704258,97.44001517563021,95.28170587531721,95.53456115722656,2464631
2024-03-28,95.72419264887144,97.30454488599904,95.54358372054388,96.78076934814453,2576572
2024-03-29,97.30454945137718,98.16245223586805,95.54358820330047,95.85965728759766,1914920
2024-04-01,96.22089417419457,96.71757225787141,94.95661078792504,95.37201690673828,1168218
2024-04-02,95.70614461024111,95.70614461024111,93.55686093150426,94.3967056274414,1009245
2024-04-03,94.82113951541378,98.02699984542208,93.91808104383841,97.5935287475586,4928965
2024-04-04,103.69822385778205,103.69822385778205,98.1624700612923,99.4899673461914,21170581
2024-04-08,101.13352164786265,102.94867120080748,100.42010459083667,101.69342041015625,5332113
2024-04-09,101.79276010425254,103.16540605857595,100.69102757904814,101.73857879638672,3825764
2024-04-15,103.16540998808894,103.83367829624092,99.78797283660657,103.24668884277344,9377687
2024-04-16,103.17443336902731,105.567539766048,102.50617200982633,102.93963623046875,9086389
2024-04-17,102.40684178701123,102.75903407321367,101.23286290647646,101.63021087646484,3641708
2024-04-18,101.6121415607281,102.95770371514166,100.70908304142279,101.69342041015625,4250356
2024-04-19,102.04560370092261,103.76141611455968,101.14254526109144,102.38876342773438,4931904
2024-04-22,102.94867886674564,103.98719761923664,101.86501131880125,102.40684509277344,7042817
2024-04-23,102.86740209489119,103.30086633790056,101.59408624024759,102.02755737304688,2784134
2024-04-24,102.47908045171783,103.26473692836097,102.06366748340437,102.34362030029297,4022391
2024-04-25,102.04561343680349,103.45438253261425,101.5940841738088,102.71387481689453,4801098
2024-04-26,102.77708881257023,104.03233961464292,102.04561361000998,102.99382781982422,5499839
2024-04-29,103.21959536736676,103.85173359857252,101.14255793947933,101.18771362304688,6241486
2024-04-30,101.37734802996354,107.68972494675825,100.4291338594222,103.77045440673828,23164949
2024-05-02,103.98717604823672,107.01242030766875,103.58079563471405,105.2966079711914,9249140
2024-05-03,106.38030365093555,113.19839180702235,105.74815851004517,112.27727508544922,26658354
2024-05-06,114.69745786179143,115.95270169037556,112.29531903165618,113.1622543334961,14348667
2024-05-07,112.8823076581389,113.55960150408774,109.9473676590273,110.28150177001953,11836660
2024-05-08,109.37845812813545,112.52109814084353,109.37845812813545,110.4260025024414,9279853
2024-05-09,111.31829256262549,111.75533087354802,109.76133055509139,110.63541412353516,5570014
2024-05-10,111.71890060709617,113.13018537634578,110.44419985027501,111.50038146972656,6754573
2024-05-13,111.53681684854243,115.36093350470999,110.58078421120102,113.14840698242188,12230801
2024-05-14,113.81306749094618,114.63252296620065,112.5383597457279,114.21369171142578,9789767
2024-05-15,114.73267677325283,115.16971505375967,111.71890208145749,112.04668426513672,9494603
2024-05-16,112.43821644033845,113.23946497215381,111.55502582500516,111.77355194091797,3814356
2024-05-17,111.90101765555958,113.63097779919876,111.64607747690516,112.44731903076172,4354540
2024-05-20,111.80996321546576,112.4473136314988,110.49883442065659,111.3456039428711,5249792
2024-05-21,111.54591895839806,112.99361791813912,111.17260874315994,111.74623107910156,3379929
2024-05-22,112.08311506450508,112.54747435635576,109.80685356056874,110.85393524169922,4054311
2024-05-23,111.199917374983,112.17415695847222,110.44420388344157,111.33649444580078,4918689
2024-05-24,111.76443639716264,114.17727490625818,111.76443639716264,112.52015686035156,11784831
2024-05-27,112.92077187170717,113.08466296949595,110.03447409910346,110.3804702758789,4209486
2024-05-28,110.3804702758789,110.3804702758789,110.3804702758789,110.3804702758789,0
2024-05-29,110.79019853934197,110.79019853934197,106.84771200634466,107.45774841308594,9507056
2024-05-30,107.88567530779295,109.26053903570636,106.71112367956735,108.7324447631836,5658625
2024-05-31,109.26055304140203,110.62630995441955,108.80530073706285,109.20592498779297,3446860
2024-06-03,109.48817191330578,109.66117000036304,107.21191054296678,108.66871643066406,6029798
2024-06-04,108.80529412093712,109.44264452961704,106.57456074395897,106.81128692626953,2818949
2024-06-05,106.99339703683654,107.23012323028043,105.62764014263448,105.90078735351562,2249474
2024-06-06,106.03736075051377,109.0329216013794,105.61852948442598,106.45619201660156,4436045
2024-06-07,106.39245024083837,106.39245024083837,103.2512124707053,104.17992401123047,7471203
2024-06-10,103.83394480986513,104.25277608982191,101.96740761215021,102.35892486572266,2982274
2024-06-11,103.31494827779609,103.4970464018912,99.90966334171101,101.81261444091797,3862308
2024-06-12,100.82017998054523,104.61698259199649,100.82017998054523,103.96141815185547,2299537
2024-06-13,106.082888422326,112.11042417459394,105.72779219901226,111.85548400878906,15368916
2024-06-14,111.70980902901174,112.11953331095378,108.75976919127386,109.04203033447266,4235086
2024-06-20,109.48818797338146,109.89791230150279,106.98430009873033,108.55036926269531,7357322
2024-06-21,109.26965474538443,110.58077659475371,107.89479090775698,108.88723754882812,8520848
2024-06-24,108.96008090710087,109.6884873463021,107.53969599191697,107.72179412841797,3460930
2024-06-25,108.07687860096128,108.07687860096128,106.16482058929383,106.35602569580078,2854288
2024-06-26,106.50172134664004,108.94187388773639,105.34537664523691,107.84016418457031,11103476
2024-06-27,107.89480245468606,109.03293328226714,106.34694730781551,106.92056274414062,2463246
2024-06-28,106.98429241160919,108.12242318194545,106.18305085006807,106.62919616699219,1931469
2024-07-01,106.66561306253973,111.94653546482957,106.34693784848237,110.03447723388672,10582603
2024-07-02,110.17106187608508,114.01339258354984,110.17106187608508,112.6749496459961,10150735
2024-07-03,113.34870925435541,114.90567119810298,112.62940982772376,113.5581283569336,8358809
2024-07-04,113.81307395703189,114.63252947884226,111.80996663402763,112.22879791259766,4973280
2024-07-05,112.4564154484891,112.4564154484891,110.89945354958242,111.35470581054688,2425734
2024-07-08,111.44575636995097,113.5399126305496,110.53525183579548,112.71135711669922,2781992
2024-07-09,113.08465067734316,113.9951551335105,111.99204810858146,112.37445831298828,2742062
2024-07-10,112.12864135786253,112.44731657421872,108.89634729308155,110.00716400146484,2447648
2024-07-11,109.7158065555886,110.85393732898682,108.35004962751073,108.64141082763672,2412092
2024-07-12,109.16038985084062,109.70669119105585,105.61852771008378,108.06778717041016,2242184
2024-07-15,110.17104797391946,111.53680476698457,109.02381032269724,109.67937469482422,3728718
2024-07-16,109.67937469482422,109.67937469482422,109.67937469482422,109.67937469482422,0
2024-07-17,109.67937469482422,109.67937469482422,109.67937469482422,109.67937469482422,0
2024-07-18,109.67938734084665,111.89191387858016,109.28787007049547,111.40934753417969,4234149
2024-07-19,111.49128774862017,111.98296107616648,106.07378804757666,106.9296646118164,8630861
2024-07-22,106.6929219068576,107.04801812050427,103.79751720178595,104.25276947021484,3513210
2024-07-23,104.29829765321328,106.16482778898956,103.34226510924611,105.27253723144531,2345579
2024-07-24,105.89169102455801,106.34694333859893,104.94476537776102,105.34538269042969,1203909
2024-07-25,105.60942047978908,106.16482880928324,104.16172158417537,104.49860382080078,919987
2024-07-26,103.8066177657231,104.65338721044282,102.79595723665128,102.96894836425781,1722480
2024-07-29,103.22390980844966,106.06467973679895,102.88702060304463,103.83394622802734,3549943
2024-07-30,105.06312287125614,105.4364330832131,102.91433150793937,103.251220703125,2010746
2024-07-31,103.93409966902811,103.93409966902811,101.43021206264005,101.99472045898438,742400
2024-08-01,102.33160407251884,102.33160407251884,100.27386187958594,100.80195617675781,1036491
2024-08-02,101.056915607393,103.34228436978144,101.056915607393,102.46820068359375,1012424
2024-08-05,103.61542219635758,106.89323723852984,100.88390850344761,101.59410095214844,7874158
2024-08-06,103.34226643589867,103.77931167644807,101.38468026387253,101.64872741699219,2473585
2024-08-07,102.1586127896559,102.8779122533632,100.38313160788387,100.73822784423828,2268140
2024-08-08,101.07511606208843,106.07378429542611,100.24655355425463,103.91588592529297,11665371
2024-08-09,105.10865659512676,105.52748789087669,102.89613006878322,103.72468566894531,4215892
2024-08-12,104.23456905443194,104.34382515996924,101.97651460314458,102.35892486572266,2429323
2024-08-13,102.3589192064509,103.15106066079386,101.52125669285046,101.88545989990234,1207129
2024-08-15,102.36803515763617,103.14196269874247,101.976517891439,102.3407211303711,902512
2024-08-16,102.43176907056795,103.19658961192738,101.07511914081435,101.16616821289062,783081
2024-08-19,101.98561767070564,102.97806430634967,101.16616217770687,101.92188262939453,845466
2024-08-20,101.53036264402732,102.7504353865737,101.25720850488496,102.42265319824219,526606
2024-08-21,102.08578368342738,103.56990375960247,102.02204863590083,102.53192901611328,1213981
2024-08-22,102.79596802150768,104.16172488553143,102.43176480178161,102.85970306396484,1403197
2024-08-23,103.60632051756575,103.61542750872329,102.34071966402462,102.48639678955078,1185722
2024-08-26,102.88701828850193,103.43331965115655,102.15861184056332,102.41355895996094,728553
2024-08-27,103.34226339470078,104.89011830567375,101.93097860494443,102.08576965332031,2668306
2024-08-28,103.25122525342695,103.32406729017974,101.70336323212558,101.858154296875,871232
2024-08-29,102.40444376412428,102.52280685012629,101.62140932663867,101.81261444091797,986713
2024-08-30,101.98561471834104,102.2496618665856,100.61075092803262,100.71090698242188,2002963
2024-09-02,101.15704468839161,103.11463067777488,101.06599563119657,101.52124786376953,2692949
2024-09-03,101.56678836470148,102.47729294189612,101.47573234970311,102.1404037475586,872874
2024-09-04,102.61386817081718,104.02515311424523,102.43177002496795,102.941650390625,3432563
2024-09-05,102.97806787229517,103.46063419416082,102.24966836731637,102.89612579345703,1573922
2024-09-06,103.0691147031773,103.20569177820614,101.98561898690532,102.37713623046875,511489
2024-09-09,103.34227470493674,103.79752701641223,101.98562476178749,102.24967193603516,523388
2024-09-10,102.65029382689649,103.34227931626465,101.61231906614388,102.44998168945312,1356688
2024-09-11,102.93253544901472,103.25121063143004,102.23144310110305,102.5228042602539,604730
2024-09-12,102.83238432821796,103.70646784756661,102.4317601102088,103.26032257080078,1355776
2024-09-13,105.60031683575342,105.62763085978122,103.84304284178369,104.33470916748047,2868404
2024-09-16,103.85214525108596,104.9811758783404,103.59720509222151,104.25276947021484,892091
2024-09-17,104.25276947021484,104.25276947021484,104.25276947021484,104.25276947021484,0
2024-09-18,104.26187896728516,104.71713124665918,103.80662668791115,104.26187896728516,1396232
2024-09-19,104.29829170719526,106.52902492048068,104.29829170719526,105.90988159179688,4523091
2024-09-20,106.43798753500198,106.93876088954168,100.29208157706053,103.10553741455078,15667189
2024-09-23,102.79597126848077,102.87791334854312,99.70025422292409,100.0826644897461,3329304
2024-09-24,100.57433343478215,100.6926965274784,97.24189033850126,98.32538604736328,4806350
2024-09-25,98.78065092618793,99.80041866998874,98.06135139439085,99.03559112548828,3972481
2024-09-26,100.24654841552129,100.82927076510767,97.79729592780924,98.1341781616211,3651625
2024-09-27,98.43465808276744,99.24500666402096,97.46952537848779,97.97029876708984,1512540
2024-09-30,98.06135055967748,98.33450474037382,96.87769865205853,97.2601089477539,1370058
2024-10-01,97.42398989735763,99.33604812284585,96.87768853958937,98.87168884277344,3126778
2024-10-02,98.78064083056941,99.92787855676994,97.87924323328264,99.14484405517578,2279840
2024-10-03,99.1539583283487,102.63208583291897,99.1539583283487,101.48484802246094,5753536
2024-10-04,101.06600655034349,108.85082334704991,101.06600655034349,107.98583984375,21636537
2024-10-07,107.83105961828055,116.45353925674594,106.53814475871097,115.3518295288086,40779930
2024-10-08,115.36092431073816,118.8208443975041,115.36092431073816,116.65383911132812,21544867
2024-10-09,116.65383911132812,116.65383911132812,116.65383911132812,116.65383911132812,0
2024-10-10,114.77819751804105,122.59942800704995,113.7220158875345,120.41422271728516,23209702
2024-10-11,120.65094570702637,124.2838636459192,118.81173662906703,119.94986724853516,7589810
2024-10-14,119.7313442388394,121.0971010172292,117.91033520098634,118.79352569580078,3407579
2024-10-15,119.27610619819335,121.00605943310167,117.4550969432591,119.33073425292969,7285568
2024-10-16,119.73914283568045,124.38019488357504,119.73914283568045,123.49839782714844,9575211
2024-10-17,124.38018858375314,124.8442937650358,121.03862561317153,121.8740234375,3455452
2024-10-18,122.01325278579931,122.24530538301968,118.34682458239071,119.41426086425781,3741919
2024-10-21,118.11477366561594,120.7601789769116,118.11477366561594,120.2032470703125,2433398
2024-10-22,120.20324265976276,122.3474063437713,120.20324265976276,120.82514190673828,2965363
2024-10-23,120.85298317666576,122.2452986836858,118.92230397399409,121.54914093017578,3130622
2024-10-24,122.0596613296942,126.70071309127954,122.0596613296942,123.79541015625,7642857
2024-10-25,125.02994629797216,132.73409595903738,124.74220332112286,126.39441680908203,16490623
2024-10-28,126.6450332844126,133.85723228835528,126.44082585682536,128.56642150878906,11457053
2024-10-29,129.4296599124768,130.8776658644125,126.0045612843546,129.27186584472656,12415812
2024-10-30,130.8498040919511,135.79716657591214,130.69201004421143,132.73406982421875,15770976
2024-10-31,132.73408403600527,134.03357289968255,129.9772980806497,131.36961364746094,8653799
2024-11-01,132.03792341634556,142.38746324198158,130.4135552899582,140.99514770507812,21652690
2024-11-04,142.48030896542892,145.2556634050012,133.90363901423495,137.1616668701172,21689618
2024-11-05,138.39616840501952,138.52611728706674,133.94075590668282,136.53045654296875,7607170
2024-11-06,135.5001423633699,137.32871787832948,134.49767348993777,135.3701934814453,5906750
2024-11-07,136.6789818442938,138.303350049574,134.7297343326108,137.0224151611328,6540226
2024-11-08,138.55617571673702,142.64935201587176,137.0506359759794,141.20968627929688,8609273
2024-11-11,141.99067739843542,146.31909362834713,141.56724880935298,145.05821228027344,10241549
2024-11-12,145.70748709209593,145.84862517975787,141.15323523900034,142.2447509765625,4370095
2024-11-13,142.55523913571352,143.91962634167209,140.34398050827423,141.20025634765625,3662335
2024-11-14,141.80250332927395,145.82980627181465,141.6143144208913,143.5244598388672,7079954
2024-11-15,143.49622267999035,146.68607256393804,142.11301204060757,143.66558837890625,4726511
2024-11-18,143.96670133025015,145.84861899469786,143.49622191413823,144.71005249023438,1819912
2024-11-19,145.60397150197275,148.20101265004672,144.71946792286212,146.62020874023438,4297229
2024-11-20,146.78956713019676,150.83569268549198,144.90764960288652,146.57315063476562,8034314
2024-11-21,146.6954659367258,150.41226455027132,144.90765002374522,148.59620666503906,5519695
2024-11-22,149.1419762865947,152.80230560347684,145.52869778333735,146.2720489501953,6522334
2024-11-25,146.78958500294937,146.78958500294937,143.49622892916523,144.97354125976562,2359325
2024-11-26,144.90766924593652,144.90766924593652,133.52206091916995,135.21578979492188,6980152
2024-11-27,141.15321993173248,144.86059978313324,140.2028567427867,143.6561737060547,4313776
2024-11-28,145.83920632819226,155.2581985372796,145.0111580081348,154.1761016845703,13297913
2024-11-29,154.55248064748412,160.8757248399577,151.72960428862595,158.0998992919922,11595055
2024-12-02,159.61485977203097,163.63274386108816,154.94769739914076,157.3000946044922,11429845
2024-12-03,157.14011363107517,158.88089308810888,153.2821769544611,156.72608947753906,4872039
2024-12-04,157.6105911198919,159.63364669558777,154.80653805629674,157.4976806640625,5335254
2024-12-05,159.95359714690892,167.2083817069416,157.3753647763505,165.13827514648438,12211804
2024-12-06,167.0295748722761,168.61979738400248,163.0210959502195,164.26316833496094,5483212
2024-12-09,164.26317012473592,168.5257119642771,162.08013900942527,165.85337829589844,8308524
2024-12-10,167.49063942975417,168.24340922011748,161.14857297014686,163.7926788330078,5471951
2024-12-11,164.4795923713984,176.40153801093845,164.4795923713984,174.46316528320312,14203556
2024-12-12,175.01835008164784,191.01465089556189,175.01835008164784,188.1259002685547,11138351
2024-12-13,191.0146260172621,192.7930374782796,183.48695602643403,189.55613708496094,13532441
2024-12-16,192.37901032359358,202.28730464546933,191.014623030667,198.91867065429688,14037093
2024-12-17,199.2009654555204,202.49432109626127,190.54414778572257,193.6963653564453,7373271
2024-12-18,196.6698076164319,202.21205476856593,183.96686291234508,186.1969451904297,14054714
2024-12-19,185.14306074764957,188.66225206473086,175.4888279804105,179.0832977294922,12958658
2024-12-20,177.84122964595863,184.42794185506824,171.25451743684906,181.6803436279297,6581109
2024-12-23,182.54599766323054,193.25411284233076,181.79322779097922,191.3345489501953,12654689
2024-12-24,192.9059444243776,203.7175654208661,186.3474609155457,188.52108764648438,18478097
2024-12-26,188.5210960268446,189.69729449380046,177.3707288169463,180.3441619873047,6617599
2024-12-27,180.6640993426603,186.11224477098966,177.84122279043123,180.2218475341797,3963604
2024-12-30,182.5460034145144,187.72127670719394,182.45190179330905,187.21316528320312,4663184
2024-12-31,201.3369544448933,201.3369544448933,190.07367652402166,191.53216552734375,8660922
2025-01-01,191.53216552734375,191.53216552734375,191.53216552734375,191.53216552734375,0
2025-01-02,191.9555767893689,192.19081646680687,185.35004262670188,186.53565979003906,4894624
2025-01-03,186.53566545716313,186.5450698757058,178.79156470295175,181.61444091796875,4660650
2025-01-06,182.07552577230314,184.89840214086598,176.90025242993795,178.40579223632812,7124777
2025-01-07,180.19361525055558,180.56999303794814,169.3725887472585,177.86944580078125,15090927
2025-01-08,177.84121922252288,182.06612954643887,171.2545073994665,172.22369384765625,7135842
2025-01-09,172.19544291133394,175.95927772906802,169.84304615025013,172.73179626464844,5428776
2025-01-10,171.2544983359867,184.52202290627199,170.31353955392083,181.68972778320312,8800365
2025-01-13,185.36887866749856,187.24139179851372,180.61703398236259,182.8282928466797,5825285
2025-01-14,183.48697856731107,183.58108019691298,180.47591307265685,181.3509979248047,3315257
2025-01-15,181.60506686772942,183.48698465910485,178.4058123655485,179.59141540527344,5255518
2025-01-16,180.6640880899897,180.6640880899897,175.4888147332452,176.07220458984375,3562635
2025-01-17,176.80615569322515,180.66409258001778,174.54786027913175,179.3467559814453,5910869
2025-01-20,180.6640987989645,181.65210846084983,176.9002634073194,177.61538696289062,3295799
2025-01-21,179.1115039260203,179.44083087400696,173.13641011634857,174.95245361328125,2702438
2025-01-22,175.22535144499642,175.91224735882352,170.79342911476547,171.43328857421875,8082496
2025-01-23,172.19544922425774,174.54784607158368,170.34175935993363,171.58383178710938,3426908
2025-01-24,171.73437888307635,174.17147299432017,170.31353631799362,170.7463836669922,2228994
2025-01-27,172.18605808061383,172.28956412419174,166.54970963103867,167.41539001464844,3981139
2025-01-28,168.4316435042974,168.4316435042974,162.1460449289985,163.6421661376953,4648597
2025-01-29,163.72682695648763,165.7028461284294,160.43347124184564,163.96206665039062,3428136
2025-01-30,164.65837808678006,169.18438741152607,164.24435393636074,168.01759338378906,3565880
2025-01-31,169.37259606486833,171.72499323243593,167.49067833081423,168.34695434570312,3454910
2025-02-03,169.3725870215132,169.3725870215132,164.36667922442248,164.71484375,2275255
2025-02-04,165.6087511122141,166.64381154982226,160.57461571877124,162.10838317871094,2091906
2025-02-06,162.7858695378529,162.7858695378529,155.72867866193442,157.97756958007812,9081125
2025-02-07,157.60118957824162,159.9065356934866,156.95192572958794,158.16575622558594,4674257
2025-02-10,158.07168057726332,163.20930779924004,156.76374836499824,161.7320098876953,2574660
2025-02-11,164.1032203645027,171.96023263288322,162.5035931650777,169.75839233398438,9793093
2025-02-12,170.12536738456595,174.07739178596603,167.96115910159423,172.8823699951172,5241599
2025-02-13,173.04230039368593,175.01831942062333,166.64379267537333,168.2810516357422,4419469
2025-02-14,168.43164065403604,169.74897735174835,162.70120448214783,163.21873474121094,2861448
2025-02-17,163.36925454354736,164.85597110025859,159.98181163831282,160.47109985351562,1743077
2025-02-18,161.7978579879457,164.6677851143745,160.1700033324532,164.30081176757812,2556136
2025-02-19,165.18532180708166,166.0792298041374,161.83551074398898,163.39749145507812,1544507
2025-02-20,163.5857068479411,167.49068045241032,162.29658342041765,164.140869140625,4254300
2025-02-21,164.66779506032054,165.45819703071592,161.7602357248639,162.0425262451172,837321
2025-02-24,160.90395240861952,169.37258148275737,159.5866158513547,167.547119140625,5965581
2025-02-25,169.3725949342994,173.08937956266797,165.25119052970575,166.32388305664062,7935178
2025-02-26,165.7969433403517,166.5497132775916,161.8543235366872,162.65414428710938,2027867
2025-02-27,162.78586809430806,166.2674126906427,162.31538870675223,164.66778564453125,4966204
2025-02-28,164.64896902864152,165.59934661853444,160.90395697424603,163.05874633789062,4593938
2025-03-03,164.65839163155255,164.65839163155255,160.43348129545845,160.78163146972656,2127865
2025-03-04,160.9039508030142,163.25634774457873,160.9039508030142,162.55062866210938,1523997
2025-03-05,163.01169294642665,163.7079932064382,160.6216497700401,161.0074462890625,1151122
2025-03-06,161.3556246466077,174.06798829850453,160.80986677351618,173.1270294189453,16644912
2025-03-07,174.0773775846653,180.56998754601773,174.0773775846653,175.61114501953125,12810997
2025-03-10,172.6471153401319,174.2655656129173,169.56077164735316,170.76519775390625,4219714
2025-03-11,169.37256515965655,177.17310642648235,166.79433316560792,175.6487579345703,10010242
2025-03-12,177.38939928673048,179.29169847479193,174.06988197874247,175.23028564453125,7291302
2025-03-13,174.88784944112368,176.90429619857917,174.34570178697288,175.60121154785156,4259010
2025-03-14,176.91379876084432,177.05646537384428,173.20432168895638,174.13644409179688,2371832
2025-03-17,176.71405817132856,176.8662455736397,173.91769084915614,175.09710693359375,3753006
2025-03-18,176.91381145945238,180.71840955535458,176.53335745521815,177.9125213623047,7168874
2025-03-19,177.9600784167579,181.12739350064558,176.4382334014702,180.385498046875,4237123
2025-03-20,182.50658520504692,184.33279064853832,180.81354012159994,182.87753295898438,7669794
2025-03-21,183.28650035669767,184.1425435895544,180.81352043746404,182.03099060058594,2607697
2025-03-24,182.03100457878375,182.98215412384852,174.29815413312213,175.48709106445312,4209721
2025-03-25,174.53593277083345,178.3405307603884,172.39584640170878,176.41920471191406,4550121
2025-03-26,184.52302533866734,184.9034793793699,176.56190770416575,183.8572235107422,15934134
2025-03-27,184.23765164256952,184.23765164256952,181.00374921119914,182.1260986328125,4400671
2025-03-28,182.1260986328125,182.1260986328125,182.1260986328125,182.1260986328125,0
2025-03-31,182.1260986328125,182.1260986328125,182.1260986328125,182.1260986328125,0
2025-04-03,180.59475483527757,183.0867764483994,178.86367025471725,182.43048095703125,4796657
2025-04-04,183.5718475010737,183.80963486830308,176.15287874083953,176.83770751953125,4523518
2025-04-07,175.0115125773928,175.0115125773928,159.1558517392978,166.2514190673828,8401012
2025-04-08,168.73392286773185,169.77068689821093,164.5488706902154,165.7092742919922,4802064
2025-04-09,165.30979374326398,165.40489998968357,156.09315233455493,160.5255126953125,5789175
2025-04-10,166.9267517550197,169.20950494802258,164.34913000014708,165.37637329101562,4253979
2025-04-11,165.38587525443634,165.38587525443634,160.1735656850375,161.31495666503906,4250714
2025-04-14,163.11263535704475,164.96737400639802,160.2972264101212,162.9128875732422,3761906
2025-04-15,163.1221586127693,166.30851562134902,162.17100899986687,164.27305603027344,6856730
2025-04-16,166.2133875376479,166.4511749304056,160.3162630999345,161.39105224609375,7933219
2025-04-17,161.391022880969,163.58819018152352,160.83936900192836,163.35040283203125,3149647
2025-04-18,164.4537517407805,165.16711390480364,160.84890132447526,162.55145263671875,4135709
2025-04-21,162.64657156507064,163.59772110638684,161.21984725309633,162.46585083007812,2099090
2025-04-22,162.65607477751146,163.88306579023882,161.69541898366418,162.32318115234375,1728318
2025-04-23,162.64656514627484,164.06378313172638,160.50647876277122,161.5242156982422,3967268
2025-04-24,160.64915998634464,160.64915998634464,157.8908319800022,158.2712860107422,3762973
2025-04-25,158.84195978097662,159.79310924074295,151.232764102846,156.03607177734375,6004748
2025-04-28,157.89081677036611,158.34736446595304,151.327891035267,152.4217071533203,2025805
2025-04-29,152.4217133822586,153.61065030411706,146.47702877296612,149.42559814453125,5810849
2025-04-30,146.00146277974872,146.4770375770769,140.29456521181066,141.34083557128906,7166892
2025-05-02,144.4796059822431,145.54490331153326,141.86394480768155,143.46188354492188,4500222
2025-05-05,141.24569636468178,143.57600966465358,139.8189721589779,141.22666931152344,3143530
2025-05-06,142.43464672335605,147.3806215366142,141.24570977240984,144.38450622558594,7329525
2025-05-07,134.11207994479614,142.67242547318736,134.11207994479614,138.18299865722656,8361342
2025-05-08,139.91408773201377,141.95905321246605,124.36278866016707,125.46612548828125,12205184
2025-05-09,126.51081164208458,134.1781335597867,123.21386087759173,133.08554077148438,9179993
2025-05-12,146.39793395996094,146.39793395996094,146.39793395996094,146.39793395996094,750845
2025-05-13,153.34643780874234,161.04251098632812,151.43918622376398,161.04251098632812,19195618
2025-05-14,162.92100480475008,165.13494157268406,159.81573429788827,162.84432983398438,11785256
2025-05-15,162.93056119227992,170.59788171897546,162.93056119227992,166.04541015625,16962449
2025-05-16,166.76424042271776,168.20186318498256,164.36820248560974,165.22119140625,4626039
2025-05-19,167.14760094706185,170.58832254544282,165.42246532860935,168.44146728515625,8304279
2025-05-20,168.68108179125218,169.6394970287025,165.04869447598819,165.853759765625,3476404
2025-05-21,166.5725657947814,168.6619039250608,165.08701930003164,168.00059509277344,3768908
2025-05-22,168.68106891610103,169.43821046122278,162.21176655710283,163.24685668945312,5966198
2025-05-23,162.9976791515448,164.32028217548785,159.67197725662228,162.010498046875,2998829
2025-05-26,160.56328537228788,161.9146542138378,156.84462999244982,158.91481018066406,5383521
2025-05-27,159.95949102395926,161.97216879358166,158.38769068099177,160.4962158203125,4091914
2025-05-28,160.4962158203125,160.4962158203125,160.4962158203125,160.4962158203125,0
2025-05-29,161.50253872922013,163.40979022591432,160.29494085210658,161.10000610351562,3075288
2025-05-30,161.26293494925255,161.86674120000444,159.0969218799561,159.432373046875,3378953
2025-06-02,160.7741655084126,164.08069534662548,154.7361462336179,156.59547424316406,7625394
2025-06-03,156.7008715312974,159.2406657400541,156.22166397309772,158.45477294921875,2923919
2025-06-04,159.38446195636033,162.93059552228826,158.6177268172865,161.39712524414062,5665764
2025-06-05,161.47378826529652,161.78048814792118,159.09692267197653,159.62405395507812,1899901
2025-06-06,159.62405395507812,159.62405395507812,159.62405395507812,159.62405395507812,0
2025-06-09,159.62405395507812,159.62405395507812,159.62405395507812,159.62405395507812,0
2025-06-10,160.91790057473972,160.91790057473972,158.1385024421255,158.58895874023438,2153047
2025-06-11,161.01375067468754,169.63948731797439,161.01375067468754,167.1188507080078,14506340
2025-06-12,167.25303612086122,169.92702279572214,162.93058870867495,163.87942504882812,7250066
2025-06-13,161.01376295499438,163.88900872204786,159.19277981889633,160.1416015625,4703098
2025-06-16,160.1416015625,160.1416015625,160.1416015625,160.1416015625,0
2025-06-17,160.1607669488426,162.34595246617178,159.8636605724719,160.27577209472656,2302616
2025-06-18,161.00416335937712,161.00416335937712,156.02998648225486,156.64337158203125,3761801
2025-06-19,160.91791343842368,160.91791343842368,154.68821435937173,155.66580200195312,3866933
2025-06-20,156.22167896844135,158.71356435997146,155.55079124741573,156.8254852294922,2457753
2025-06-23,154.30483881641635,155.59870511582108,145.00821480636517,146.95379638671875,5839530
2025-06-24,157.08423690554415,161.64630236949034,154.30483882608056,160.2853546142578,9849420
2025-06-25,160.29494575960138,162.2596998880829,159.0873478455167,159.71031188964844,4810323
2025-06-26,159.81572930258815,163.45770986671852,159.6719728770554,160.9754180908203,8561198
2025-06-27,161.11918885302902,168.58523724322202,160.58247865094276,164.0806884765625,11415124
2025-06-30,166.47672577617183,166.7642532756362,161.97217703208344,163.09352111816406,4616753
2025-07-01,163.07435122805882,164.75157793911424,161.5888192691005,162.79641723632812,3008775
2025-07-02,163.79314638879165,165.662067666107,162.45137100307002,164.9145050048828,8211705
2025-07-03,166.65881886718444,168.4893954125662,165.56622612202952,167.8089141845703,11545075
2025-07-04,168.39354339112765,168.96859834606352,164.50238011892608,165.182861328125,3850794
2025-07-07,164.9145074882236,166.76424177098343,163.99442247826315,166.2850341796875,3859123
2025-07-08,166.81218074122108,167.6747486348953,164.60782269440685,165.48956298828125,5419141
2025-07-09,165.4895588344542,166.38089261818422,162.93059188157778,163.8123321533203,2994146
2025-07-10,163.81232382374944,164.4640537627496,162.06801576867838,162.88265991210938,2249403
2025-07-11,162.92100107624185,164.36820272765442,162.54721974247278,162.87307739257812,3020038
2025-07-14,163.0743382488417,163.64939321085131,161.1575078744833,161.7421417236328,2441870
2025-07-15,161.7421382027416,162.74847705222427,158.1385024421255,158.58895874023438,4005017
2025-07-16,158.52186872150318,159.38445117872925,155.69454679759335,156.67213439941406,4372638
2025-07-17,157.6018046302441,160.28537023092244,155.98208053245318,157.1417694091797,9099762
2025-07-18,157.66887020698766,158.66563014716647,155.8862174526819,156.26959228515625,2846193
2025-07-21,156.231251661832,157.65929553045666,154.4294410859773,156.31752014160156,2758846
2025-07-22,156.7008858741735,162.92100581366623,156.7008858741735,160.72622680664062,11239223
2025-07-23,161.4929676626184,165.09660369409661,160.5345524242646,161.1575164794922,6596758
2025-07-24,161.30128709547816,163.79315793378038,158.90524900619374,159.4515380859375,3923893
2025-07-25,159.12566206070952,161.18624873010617,158.33976926268886,160.35243225097656,3075713
2025-07-28,162.93057976326207,163.41936623782007,160.58246550917195,161.2821044921875,4612077
2025-07-29,161.48338214512688,161.87632126228496,158.37811163561793,158.90524291992188,1823166
2025-07-30,159.09692134751043,159.7678090548477,157.6592985642498,158.56021118164062,1888950
2025-07-31,162.93059061515717,166.28504395135158,161.11918639858243,162.7484893798828,21087934
2025-08-01,163.8602521442013,179.02237339501795,161.013757756775,174.22071838378906,43041726
2025-08-04,177.30680424814452,178.55274687852298,171.55631329955605,172.48597717285156,15436821
2025-08-05,171.57549045934744,172.4668095614737,169.16028009911815,170.30079650878906,8099690
2025-08-06,171.31671119156394,174.08653044068393,169.2561244311296,172.8310089111328,9327089
2025-08-07,173.85650723804264,183.80486145391663,172.80225931801726,181.84970092773438,33121252
2025-08-08,182.9614477958177,185.44375416924498,178.75400583755146,180.40248107910156,21967632
2025-08-11,180.18205351005994,182.9327003918615,177.35473165908823,182.00303649902344,14489018
2025-08-12,182.33849134163532,182.96145537036716,177.7860191530794,179.51116943359375,16539375
2025-08-13,179.21405975244215,179.21405975244215,174.52741010774818,175.71583557128906,14261626
2025-08-15,175.38040425859072,176.7317585880679,170.6937544742513,171.97802734375,5161306
2025-08-18,171.9780230911687,176.4346478505476,170.22412154816817,175.8691864013672,8167684
2025-08-19,176.23339948701465,176.33882574866968,172.6201699276627,173.31980895996094,5597497
2025-08-20,173.31978952633372,175.65832479592143,172.41887695943475,173.27186584472656,4564827
2025-08-21,173.48272340193492,176.20463357947744,168.69064758660244,172.6393280029297,12255013
2025-08-22,173.66483666611782,175.4858343767797,172.03553370076673,172.74476623535156,7565917
2025-08-25,172.99392550288744,173.47313305275694,170.7128928857474,171.0962677001953,2517419
2025-08-26,172.51472627700758,172.94601016784918,171.0675246713043,171.23045349121094,2939273
2025-08-27,171.55632084137105,171.55632084137105,168.48939512548253,169.32321166992188,4235219
2025-08-28,169.78324685515767,171.09628562384358,168.79608036895357,170.1570281982422,2453372
2025-08-29,171.0675372917526,174.41239703847754,169.16028574580722,169.9365997314453,8173971
2025-09-01,170.12827662896632,172.39973059401126,168.5852275743389,171.67132568359375,6553568
2025-09-02,172.99394083527514,173.47314842761662,170.83750666973847,171.13461303710938,4553947
2025-09-03,171.55632895545796,175.86919756048346,170.59791370989674,173.358154296875,11055445
2025-09-04,173.4731478125287,175.38039928801706,172.73516402814806,173.3677215576172,5574117
2025-09-05,173.7127521603884,181.52383006300172,173.7127521603884,178.97445678710938,18214692
2025-09-08,181.99346424953106,183.54609221515287,180.08621271053156,182.58767700195312,12940376
2025-09-09,184.44701083555285,185.92297850131717,180.7571209196541,184.5716094970703,14851437
2025-09-10,183.56527097289285,191.49136915540572,183.53651968544136,187.90689086914062,27646279
2025-09-11,188.80778867136308,189.75662495530628,182.5972624585888,183.2106475830078,8635840
2025-09-12,184.02530984445943,184.49493858923705,180.1820698949432,181.43759155273438,5890943
2025-09-15,181.4759240098946,184.0061395534848,180.1820576399059,182.05096435546875,3542898
2025-09-16,182.57809376716614,184.72494905834657,181.71552594552728,184.01571655273438,5336128
2025-09-17,185.22332556896947,185.83671074273653,180.9104569528479,181.5430145263672,8463293
2025-09-18,185.44376717128645,185.44376717128645,182.0988927709201,183.76654052734375,7603706
2025-09-19,184.48536009526626,189.57454282551944,181.83054570965115,183.14356994628906,19520155
2025-09-22,183.05730100797462,185.83669920499048,181.6196782251895,184.73452758789062,11690566
2025-09-23,184.73452758789062,184.73452758789062,184.73452758789062,184.73452758789062,0
2025-09-24,187.28392456651613,196.76265065495417,186.12423569758428,192.18142700195312,38578188
2025-09-25,194.4816111120966,197.43353169033853,191.69261936334868,194.8553924560547,19064352
2025-09-26,196.47510805081217,203.5194653355066,194.088649034634,200.13626098632812,17782680
2025-09-29,200.97967986209542,201.15220221588214,197.54855142918146,199.5133056640625,6828048
2025-09-30,199.51329166186798,202.94441985397933,198.1523438243694,198.9478302001953,9116953
2025-10-01,199.35036099570587,201.25761250265631,194.5678638974712,196.17800903320312,6827405
2025-10-02,196.47512113876286,197.89357157707062,193.983235703886,194.97999572753906,5626743
2025-10-03,195.42087305984833,197.43355103171908,193.59988984663715,193.9928436279297,3969859
2025-10-06,193.50400956324074,194.89372320592688,188.83653254383904,194.2899169921875,5939913
2025-10-07,194.2899169921875,194.2899169921875,194.2899169921875,194.2899169921875,0
2025-10-08,189.21990552465914,193.3602661997309,186.89096361312278,187.5043487548828,6934556
2025-10-09,187.8493858337499,190.72463153528687,184.878292759126,185.74087524414062,4742778
2025-10-10,185.08913084864426,185.45333328886971,181.14046507284948,181.9934539794922,6248787
2025-10-13,179.22365942999758,179.65494338612748,171.46048972263188,172.6968536376953,17452681
2025-10-14,175.85000995068145,181.61967332470618,175.1024472937444,180.5558319091797,11748831
2025-10-15,182.09888637692953,184.8591268080889,176.06086774589608,176.9713592529297,13517917
2025-10-16,177.54641721377064,180.27790640522315,175.96503797088053,178.38023376464844,6743646
2025-10-17,179.63342216996517,180.30373474040852,176.61216836257796,177.097900390625,4784202
2025-10-20,177.82650781188494,181.66378807117508,177.3893519282585,180.16773986816406,5670242
2025-10-21,182.05236455290202,185.7439310599046,180.711754188471,183.29583740234375,9705378
2025-10-22,183.29584166816758,193.30192499360425,181.66378907405485,189.17320251464844,19304493
2025-10-23,190.40696265908272,194.18595739647375,188.02687859051733,188.92062377929688,10901523
2025-10-24,189.48408191696092,192.9327825503377,188.12402323810034,189.52293395996094,9531929
2025-10-27,189.38691087129322,189.9212190558163,185.21933667874276,185.7244873046875,4779337
2025-10-28,185.9867937985172,187.49256607623778,180.69231756570065,181.54721069335938,4150514
2025-10-29,181.64436658905956,184.08275114584214,178.84655985576015,180.76034545898438,7181993
2025-10-30,181.6929285967564,182.34380776194203,176.32073333447337,177.70021057128906,5004185
2025-10-31,179.24483357116614,183.60671266344477,179.24483357116614,182.25637817382812,6491016
2025-11-03,183.60671360621225,185.54964179252138,181.5666330812414,181.89694213867188,5430158
2025-11-04,181.89695127084474,181.89695127084474,177.59335741395708,179.73057556152344,4273787
2025-11-05,182.3146743340793,183.60672342588023,177.77793855521736,179.27398681640625,3768039
2025-11-06,180.43974397925246,180.69231930423388,177.03961969126956,177.93336486816406,2613582
2025-11-07,178.31222761561148,181.9066416011345,177.81677146795528,180.87689208984375,2832884
2025-11-10,183.6363547759069,187.44656842934222,181.81962548626632,186.1797637939453,5776950
2025-11-11,187.05376373487852,187.07340818331681,179.70831337295002,180.3564453125,7404040
2025-11-12,181.6625283970104,188.00632182533127,181.2206107100474,183.26319885253906,10397642
2025-11-13,185.10938542308372,186.53330077562725,183.5185297173491,185.54147338867188,3832066
2025-11-14,185.89499772683243,192.71998265058718,185.5414725732979,189.57754516601562,16062359
2025-11-17,191.49245419187778,194.7330987212203,189.92122806118962,191.0996551513672,10648032
2025-11-18,191.05056098140741,192.22897314558844,189.2338316143991,189.9114227294922,3701196
2025-11-19,190.75596012751436,199.79047364634133,188.54643163182885,197.40419006347656,21542517
2025-11-20,200.32075073213508,202.68738965173176,198.46474756324287,200.89031982421875,17861876
2025-11-21,199.3387404191989,201.5580834713481,196.79531643091474,197.91481018066406,6926256
2025-11-24,196.60875211632415,199.2994570897338,195.00806675991592,195.62673950195312,4937856
2025-11-25,196.40252674158583,196.63821516803225,192.96548252360807,193.57432556152344,2999769
2025-11-26,193.42702848388103,196.8935318610428,190.01944346689166,194.96878051757812,7589002
2025-11-27,196.25521911129613,203.2766030289536,195.44014687591155,201.7250213623047,12244212
2025-11-28,203.5712099335685,208.57946507889955,202.79541160756725,206.73329162597656,17027874
2025-12-01,208.18667933543918,211.62372356975067,204.3077324107238,209.33563232421875,18633041
2025-12-02,209.6695040660707,209.6695040660707,204.0229316366882,204.4943084716797,11028041
2025-12-03,205.24063162952763,206.21282948949747,202.2945938549411,205.37811279296875,8112515
2025-12-04,204.36663276744662,208.17684626365568,202.85434003068045,206.84130859375,4984118
2025-12-05,209.64004899040415,214.96255556903353,207.20466189923692,213.4306182861328,19146182
2025-12-08,216.0427713405399,218.98880913154727,215.06075874353746,215.48301696777344,11858492
2025-12-09,217.51578757655642,218.0067938690543,213.88234400893677,214.7956085205078,6840762
2025-12-10,214.94293079159206,215.541959099563,210.83811017689183,211.5157012939453,4677200
2025-12-11,216.0427808539312,216.0427808539312,211.92814549381225,213.13601684570312,7201014
2025-12-12,215.5026648285103,218.0067999873923,211.79065835179514,216.30792236328125,10127468
2025-12-15,219.98064777418787,226.6386923255546,219.98064777418787,224.8612518310547,18843356
2025-12-16,226.84491058955226,227.92513044323175,219.39143855213308,220.1181182861328,7154475
2025-12-17,220.94300845507345,221.68933259681302,216.92656574773727,217.41757202148438,6261232
2025-12-18,218.00679317067426,218.74330260706168,215.3062585705871,216.83819580078125,4695257
2025-12-19,217.5157922169393,219.9708237318032,214.088562827833,215.38482666015625,5985255
2025-12-22,215.5615730087934,216.828377610392,213.80377710842518,214.5304718017578,2314369
2025-12-23,215.10986033487933,215.5419482709637,211.82011217231954,213.263671875,3101795
2025-12-24,214.7661571215549,218.00680176629697,213.68595222952317,217.04443359375,4271097
2025-12-26,217.04442944308093,224.29167225494618,216.53377869454,223.2703857421875,9526463
2025-12-29,224.78267555600803,226.40300531793017,221.68934189538302,225.59774780273438,9686284
2025-12-30,226.6386859224667,231.38180867405055,225.4799182236192,230.5372772216797,9807967
2025-12-31,231.244316502608,234.57333852582283,228.95622540931834,231.3130645751953,9144559
2026-01-01,231.3130645751953,231.3130645751953,231.3130645751953,231.3130645751953,0
2026-01-02,232.44236854054373,244.0301196748878,231.5487335201448,239.58160400390625,13641163
2026-01-05,240.00387741586445,247.95818560115563,235.69284262993412,238.7469024658203,12948732
2026-01-06,239.57180933211592,239.58162406412188,232.50130636367282,235.99728393554688,18835697
2026-01-07,236.46863153964372,245.97450609257618,236.46863153964372,242.11520385742188,16964989
2026-01-08,244.5211454019402,244.91394446106528,236.66504434484978,237.71580505371094,10772067
2026-01-09,238.33445794634304,239.61107733886558,234.21000797262064,235.96780395507812,7815863
2026-01-12,234.00378282363812,236.41954048462074,231.95138002480678,232.7566375732422,3857799
2026-01-13,233.71899979227808,236.89089630813422,230.03645252664344,235.741943359375,10712254
2026-01-14,236.46863479874045,242.55710986321984,234.8188458547864,240.76002502441406,22568863
2026-01-15,243.04812014262706,249.33299483137378,239.61107601939798,245.38531494140625,14984930
2026-01-16,246.9859689838351,261.2153361083012,246.5833552297982,259.9976501464844,24058939
2026-01-19,261.7063454546041,265.1335596756568,258.2791312335514,259.9878234863281,10539970
2026-01-20,264.937203049441,267.6966562173504,257.48373058112526,266.30218505859375,10697889
2026-01-21,266.61643285909605,273.3825143615392,266.4200183428274,268.8161315917969,14591993
2026-01-22,269.523184019257,273.9815298496082,265.8308368272044,270.2007751464844,8394693
2026-01-23,270.2498839509754,271.0453117725623,264.406896897445,267.0779724121094,4778757
2026-01-26,266.11560312461546,268.92417493682177,263.17939483932327,264.9961242675781,4548230
2026-01-27,263.67039224838334,271.0354870039248,261.2644493074476,268.6393737792969,8393339
2026-01-28,270.80960429975437,278.5380686464464,270.05346538538794,276.4561767578125,9438281
2026-01-29,276.9275605863367,279.08800035141945,265.63441538512086,267.2547302246094,13530951
2026-01-30,268.1974551780727,279.4808006831822,268.11890735382366,272.35137939453125,9291919
2026-02-02,270.2007704935326,276.92756303619086,268.875047442715,274.2957763671875,5553735
2026-02-03,275.35633117497565,277.0453940710474,271.52648797128006,272.2728271484375,4693208
2026-02-04,272.0272987718919,274.30554505063776,268.72772110866464,270.30877685546875,2504197
2026-02-06,271.5264621843826,271.5264621843826,255.2250483343762,256.7668151855469,20337428
2026-02-09,260.78326740524165,260.78326740524165,242.75351521083113,249.27407836914062,17062278
2026-02-10,251.39522245537282,252.36740532724528,246.49497424831222,248.1349334716797,4729945
2026-02-11,248.15459122310176,250.1579054006655,242.52766298942706,243.922119140625,2785382
2026-02-12,243.53911315276488,244.52112570580024,228.023311817942,232.90391540527344,16498955
2026-02-13,229.79093838354228,233.71898861232077,224.8514164195991,232.02011108398438,12912392
2026-02-16,232.73698664761844,236.66503705517317,223.99708048453837,226.93328857421875,11761441
2026-02-17,228.32775180398073,233.32620749183675,225.87272022256127,230.71405029296875,8118106
2026-02-18,232.24597743186064,234.6028016530848,226.99220408396465,232.59950256347656,27579038
2026-02-19,232.73698128455757,232.73698128455757,216.04276743714206,219.7154998779297,7692389
2026-02-20,220.85462588682557,226.84490869012075,220.46182684386193,224.90052795410156,6429530
2026-02-23,224.7532256282487,229.0544457387116,215.84637887411577,217.27029418945312,4854882
2026-02-24,217.260481823804,221.93485659489752,214.07875547649408,215.64015197753906,8211875
2026-02-25,216.63199077767683,217.51579614526003,208.186676220294,209.6695098876953,4912692
2026-02-26,209.16394184826171,219.0769248742457,204.31649375359603,218.16493225097656,9738299
2026-02-27,216.05346179700584,219.0670171042758,212.68305362215008,214.86390686035156,4604802
2026-03-02,193.38247680664062,209.1639441419446,193.38247680664062,193.38247680664062,13764333
2026-03-03,193.30316850028032,203.21615150029467,189.44701871831518,197.823486328125,12292894
2026-03-04,197.26835846115554,203.71179730536414,194.39359948875935,202.4330291748047,21869075
2026-03-05,203.28554923466274,220.06822215959102,203.21615109331603,216.49954223632812,14694443
2026-03-06,216.68789910941845,217.5899842232292,208.67820675888154,212.88131713867188,8520034
2026-03-09,211.6421891909474,211.6421891909474,192.37134762384397,202.9881591796875,12834557
2026-03-10,217.88738022730035,222.54647944436294,213.22828101023777,218.4425048828125,7999142
2026-03-11,222.9132402557991,222.9132402557991,211.2060099433367,212.87139892578125,4188514
2026-03-12,208.17264658783273,214.5863479094531,206.1900499536629,208.78724670410156,3524255
2026-03-13,207.657171751068,210.155247799821,204.40571441028385,207.677001953125,2830883
2026-03-16,208.28168705393813,209.95698360621478,198.96348905589372,200.49008178710938,2014102
2026-03-17,202.2248627026663,205.5258880119048,198.35880520140262,204.7725067138672,3162497
2026-03-18,206.1900484063305,219.57257558654905,203.71180263221595,217.4611053466797,6977036
2026-03-19,214.60617164949082,214.60617164949082,208.66828946357182,211.9693145751953,5061334
2026-03-20,211.9693145751953,211.9693145751953,211.9693145751953,211.9693145751953,0
2026-03-23,211.9693145751953,211.9693145751953,211.9693145751953,211.9693145751953,0
2026-03-24,218.08562869431128,219.07692700655815,211.6818349417513,212.89122009277344,5723725
2026-03-25,215.1117316452062,220.06822315776856,214.91347500990605,218.53170776367188,7654744
2026-03-26,217.0943358259109,217.4412962943024,207.18135245486474,209.0449981689453,5094295
2026-03-27,206.1702131480476,207.5283020846401,199.36990630563022,202.89892578125,9022230
2026-03-30,201.22365691142784,201.23356444953382,185.27365501175203,194.9685516357422,12435449
2026-03-31,195.28576537713033,201.72920433627422,193.41221219251202,196.4554901123047,6638718
2026-04-01,203.21615494382667,211.19610941926226,202.4726812062273,207.68690490722656,12063067
2026-04-02,202.21494501802863,202.22485255563285,196.2968929758049,199.45913696289062,4639788
2026-04-03,194.29446412078818,205.44656984200688,194.29446412078818,199.33026123046875,6832475
2026-04-06,199.34017919379048,207.42917726355856,197.76401846633183,205.8430938720703,8689659
2026-04-07,203.15668016944036,206.58656388689212,201.82834405056627,205.3177032470703,4851678
2026-04-08,225.84750366210938,225.84750366210938,219.07693415346674,225.84750366210938,10190331
2026-04-09,224.01358306802044,224.47949447383795,219.0769218250735,222.14002990722656,8698610
2026-04-10,223.04212580007186,225.0247224738503,220.71256865797736,222.51673889160156,6554328
2026-04-13,218.08562281571363,219.96908350780842,211.14653481703184,212.60374450683594,5881650
2026-04-14,217.09432855152508,218.56144580599639,216.10303024763684,216.79693603515625,3366537
2026-04-15,224.92557597577724,224.92557597577724,219.13639759177187,220.03848266601562,6856960
2026-04-16,223.1412577069272,228.98991173992306,223.11151996743158,226.2935791015625,11449484
2026-04-17,228.24644199432885,239.69594080686898,225.52037156877228,236.35525512695312,13606643
2026-04-20,232.9551116560613,244.73174086435975,229.98121661364348,237.68360900878906,15032761
2026-04-21,239.904095898194,241.33156786893113,235.92899516452562,237.4754180908203,6228671
2026-04-22,235.92899642685884,237.5646325785731,231.12119360052867,232.00344848632812,4634600
2026-04-23,231.3690136129955,231.46814949187623,224.53896903602725,226.24400329589844,2782143
2026-04-24,224.00368861024114,232.16206976816616,221.06943884861138,229.98121643066406,4898935
2026-04-27,228.49425924682365,232.90553367779643,225.5203643325483,226.6008758544922,3699011
2026-04-28,224.03341300541229,226.4620907849147,223.0421147177777,223.50802612304688,2827974
2026-04-29,223.50802612304688,223.50802612304688,223.50802612304688,223.50802612304688,0
2026-04-30,214.02130561324245,214.12044149767408,200.34140061836754,204.84188842773438,7936437
2026-05-04,209.054903103078,214.51695142712774,205.19875322481164,207.34986877441406,6457740
2026-05-05,206.1900494637133,216.10303261100722,203.72171121467284,214.0906982421875,6318068
2026-05-06,220.06822708634368,235.31440009147815,220.06822708634368,230.6949462890625,17196634
2026-05-07,231.6961489947102,235.02691191033458,228.29600306314143,232.83615112304688,7070913
2026-05-08,228.4942617779964,231.65650582536787,226.52157268431014,227.92921447753906,5009796
2026-05-11,226.9577497481865,230.47686184674788,225.02472102886782,229.82260131835938,3278202
2026-05-12,229.78294765021676,233.72831062635527,226.51166025373513,227.83999633789062,6200930
2026-05-13,228.0,231.8800048828125,228.0,229.94000244140625,2519223
2026-05-14,230.0,232.10000610351562,226.8000030517578,227.5399932861328,2171756
2026-05-15,227.5500030517578,229.0,222.0,227.3699951171875,3198271
2026-05-18,224.00999450683594,225.99000549316406,217.35000610351562,217.89999389648438,3074000
2026-05-19,220.10000610351562,223.69000244140625,219.25,222.25999450683594,3496553
2026-05-20,223.0,227.89999389648438,222.24000549316406,226.7899932861328,2916477
2026-05-21,231.8800048828125,234.94000244140625,230.0,234.11000061035156,6167890
2026-05-22,235.0,236.88999938964844,232.55999755859375,235.25999450683594,4777183
2026-05-25,239.99000549316406,242.0,238.5,240.72999572753906,4808099
2026-05-26,240.72999572753906,240.72999572753906,240.72999572753906,240.72999572753906,0
2026-05-27,240.72999572753906,240.72999572753906,240.72999572753906,240.72999572753906,0
2026-05-28,240.72999572753906,240.72999572753906,240.72999572753906,240.72999572753906,0
2026-05-29,240.67999267578125,241.4499969482422,236.6199951171875,237.52999877929688,3702125
2026-06-01,238.0,238.0500030517578,227.0,228.11000061035156,4205488
2026-06-02,227.97999572753906,234.89999389648438,227.50999450683594,230.3699951171875,3918931
2026-06-03,230.3699951171875,230.3699951171875,230.3699951171875,230.3699951171875,0
2026-06-04,229.0,233.8800048828125,228.5,232.77999877929688,4811743
2026-06-05,233.5,234.08999633789062,228.00999450683594,228.72999572753906,2750296
2026-06-08,227.0,227.0,224.0,224.82000732421875,2229616
2026-06-09,228.00999450683594,228.9499969482422,224.89999389648438,225.3000030517578,2489049
2026-06-10,223.50999450683594,226.0,223.50999450683594,224.05999755859375,998269
2026-06-11,224.8800048828125,224.8800048828125,221.8000030517578,222.6699981689453,2987442
2026-06-12,226.99000549316406,228.25,224.0,225.83999633789062,3398384
2026-06-15,233.89999389648438,233.89999389648438,226.6999969482422,232.77999877929688,8153501
2026-06-16,233.8000030517578,240.4499969482422,231.1300048828125,238.88999938964844,9142364
2026-06-17,241.0,247.10000610351562,239.5,245.5800018310547,12349535
2026-06-18,246.3000030517578,251.5,246.3000030517578,249.05999755859375,9554594
2026-06-19,250.49000549316406,252.0,240.16000366210938,241.94000244140625,12036538
2026-06-22,244.00999450683594,244.97999572753906,240.89999389648438,242.6300048828125,7075385
2026-06-23,243.97000122070312,246.5,242.5500030517578,244.32000732421875,4863762
2026-06-24,245.0500030517578,248.6999969482422,244.36000061035156,247.97999572753906,4102051
2026-06-25,247.97999572753906,247.97999572753906,247.97999572753906,247.97999572753906,0
2026-06-26,247.97999572753906,247.97999572753906,247.97999572753906,247.97999572753906,0
2026-06-29,247.97999572753906,249.89999389648438,243.0,244.49000549316406,3454522
2026-06-30,245.75,249.0,241.0,242.6199951171875,6671079
2026-07-01,243.88999938964844,245.0,241.8000030517578,243.74000549316406,3456873
2026-07-02,245.97999572753906,247.4499969482422,244.0,245.9499969482422,4322680
2026-07-03,245.3300018310547,249.99000549316406,245.00999450683594,248.7100067138672,7703756
2026-07-06,250.89999389648438,254.49000549316406,250.11000061035156,252.66000366210938,5278713
2026-07-07,253.0,253.49000549316406,246.10000610351562,246.82000732421875,4786860
2026-07-08,243.50999450683594,245.6999969482422,235.8000030517578,238.77999877929688,8295083
2026-07-09,236.0,240.14999389648438,234.60000610351562,235.6199951171875,4486245
2026-07-10,237.89999389648438,239.7100067138672,235.11000061035156,236.5500030517578,2565649
2026-07-13,232.72999572753906,235.4499969482422,226.5,232.4199981689453,3092517
2026-07-14,228.0,230.0,221.8000030517578,222.5800018310547,7341810
2026-07-15,225.47000122070312,227.3000030517578,222.5800018310547,224.1999969482422,3649538
2026-07-16,224.1999969482422,224.1999969482422,224.1999969482422,224.1999969482422,0
2026-07-17,225.0,226.44000244140625,219.0,219.74000549316406,3798604
2026-07-20,217.69000244140625,222.14999389648438,217.02999877929688,220.1699981689453,4642510
2026-07-21,221.75,224.39999389648438,218.75,219.77999877929688,3427492
2026-07-22,219.0,220.0,214.8800048828125,216.83999633789062,3369470
2026-07-23,216.0,219.0,212.0,212.66000366210938,3517317
2026-07-24,212.0,214.1999969482422,209.25999450683594,211.10000610351562,3154181
2026-07-27,219.8800048828125,225.89999389648438,216.3000030517578,224.6699981689453,5306901
2026-07-28,227.4499969482422,227.4499969482422,222.0,222.83999633789062,2745021
2026-07-29,221.0,221.0,217.64999389648438,218.14999389648438,1919874
2026-07-30,216.14999389648438,218.75,214.0,215.14999389648438,2728296
2026-07-31,217.0,217.92999267578125,215.64999389648438,216.2100067138672,1577478
2026-08-03,221.00999450683594,222.97999572753906,219.39999389648438,221.32000732421875,3444650
2026-08-04,222.0,222.47999572753906,217.4499969482422,217.72000122070312,2408478
2026-08-05,222.0,222.5,218.89999389648438,220.69000244140625,4632006
2026-08-06,222.11000061035156,223.50999450683594,220.11000061035156,222.47999572753906,3599898
2026-08-07,220.99000549316406,223.6999969482422,220.10000610351562,221.5500030517578,2856468
2026-08-10,222.11000061035156,230.3000030517578,221.55999755859375,229.47000122070312,10002045
2026-08-11,229.47000122070312,234.1999969482422,227.00999450683594,228.83999633789062,9506790
2026-08-12,229.0,232.0,228.25,229.4499969482422,5112653
2026-08-13,230.0,234.22000122070312,228.02999877929688,230.6199951171875,6914770
2026-08-14,230.6199951171875,230.6199951171875,230.6199951171875,230.6199951171875,0
2026-08-17,232.0,240.49000549316406,231.35000610351562,239.0399932861328,11007486
2026-08-18,239.0399932861328,239.0399932861328,239.0399932861328,239.0399932861328,0
2026-08-19,237.0,243.5,235.0500030517578,236.47000122070312,16431717
2026-08-20,238.89999389648438,239.3000030517578,232.0,233.05999755859375,9673687
2026-08-21,239.25999450683594,241.75,235.00999450683594,240.66000366210938,8164123
2026-08-24,242.02000427246094,250.0,242.0,245.66000366210938,22019239
2026-08-25,246.75,247.6999969482422,242.6300048828125,243.52000427246094,5718456
2026-08-26,243.52000427246094,243.52000427246094,243.52000427246094,243.52000427246094,0
2026-08-27,244.25999450683594,245.44000244140625,236.8000030517578,237.6300048828125,5198412
2026-08-28,237.0,240.0,236.0,237.0800018310547,3877076
2026-08-31,237.0,239.05999755859375,233.91000366210938,234.5,4201228
2026-09-01,236.0,237.0,231.89999389648438,232.24000549316406,4190546
2026-09-02,229.94000244140625,230.39999389648438,226.0,226.97000122070312,3893896
2026-09-03,228.3000030517578,228.6999969482422,224.75,225.39999389648438,3195494
2026-09-04,225.39999389648438,230.0,222.8000030517578,227.2899932861328,8889783
2026-09-07,227.2899932861328,228.99000549316406,222.00999450683594,223.22999572753906,3189585
2026-09-08,222.00999450683594,225.3000030517578,218.39999389648438,221.3699951171875,3955208
2026-09-09,222.97999572753906,222.97999572753906,219.39999389648438,219.91000366210938,2711846
2026-09-10,219.42999267578125,219.99000549316406,211.8000030517578,213.1999969482422,4439705
2026-09-11,209.97999572753906,219.99000549316406,207.2100067138672,218.86000061035156,5134684
2026-09-14,216.6999969482422,223.0,214.0,219.89999389648438,7875159
2026-09-15,222.02999877929688,224.47999572753906,219.5,219.89999389648438,2767366
2026-09-16,219.8800048828125,222.19000244140625,217.4499969482422,218.02999877929688,2705448
2026-09-17,219.97000122070312,227.39999389648438,219.6199951171875,225.50999450683594,7316874
2026-09-18,227.0,233.02999877929688,226.8000030517578,228.8000030517578,6304169
2026-09-21,230.00999450683594,231.5,228.0,228.38999938964844,2647012
2026-09-22,228.02000427246094,231.88999938964844,226.5,230.50999450683594,2269462
2026-09-23,232.3800048828125,233.49000549316406,231.25999450683594,232.8300018310547,2745218
2026-09-24,232.8300018310547,236.5,230.5500030517578,231.4499969482422,5117134
2026-09-25,231.50999450683594,233.64999389648438,230.11000061035156,231.67999267578125,2329352
2026-09-28,232.0,232.0,229.25999450683594,231.00999450683594,1853684
2026-09-29,231.4499969482422,231.4499969482422,227.39999389648438,227.7899932861328,2744488
2026-09-30,228.02999877929688,231.4499969482422,226.3000030517578,226.91000366210938,2391152
2026-10-01,226.0,227.47999572753906,220.6199951171875,221.36000061035156,3545043
2026-10-02,219.97999572753906,221.60000610351562,218.52000427246094,220.66000366210938,2469461
2026-10-05,220.0,220.3000030517578,213.75999450683594,216.47999572753906,3848988
2026-10-06,216.47999572753906,221.8000030517578,216.47999572753906,221.1199951171875,4363026
2026-10-07,221.14999389648438,223.6999969482422,219.0,220.2899932861328,3327173
