date,open,high,low,close,volume
2021-10-08,155.22299175732647,156.00694626115137,153.9686597663281,154.46255493164062,138660
2021-10-11,153.65507351958206,154.4390279763146,151.22480991883285,151.49136352539062,351818
2021-10-12,150.52710241482671,153.65508524221983,147.4696845851918,152.3302001953125,889337
2021-10-13,154.55344756350874,155.2972826409835,147.11504634387464,150.99954223632812,504402
2021-10-14,150.4210038615821,157.03291611923407,147.95807007674887,154.9336395263672,412007
2021-10-15,156.1981710177451,158.68589853282916,153.5699292654596,157.04945373535156,427290
2021-10-18,154.80138937770639,159.95041222194905,154.5617005098268,155.26422119140625,787815
2021-10-19,155.26422119140625,155.26422119140625,155.26422119140625,155.26422119140625,0
2021-10-20,154.96670028440786,159.0164916740181,154.96670028440786,156.6692657470703,506769
2021-10-21,157.42137576656967,158.85119834101235,156.413058082057,157.35525512695312,499391
2021-10-22,157.32219317615994,157.437901136846,151.74339217858295,152.71864318847656,698277
2021-10-25,151.25575406241424,153.72696082212155,150.51191897389273,152.71864318847656,162970
2021-10-26,152.8922126837522,152.8922126837522,150.42100590386312,150.96649169921875,151015
2021-10-27,153.06576808428633,157.1982132950458,152.07398375594846,154.00796508789062,809602
2021-10-28,154.97496821023728,161.1240491958857,154.38816800542867,157.8015594482422,1168328
2021-10-29,158.27266284193368,158.27266284193368,156.206440089428,157.2891387939453,278370
2021-11-01,157.85941428974328,163.39688860384055,157.85941428974328,161.60340881347656,866589
2021-11-02,161.99185918328706,164.42173908883197,161.21495743267366,162.38031005859375,630051
2021-11-03,162.4051018024028,163.64483540394787,157.86767228070784,158.8511962890625,753617
2021-11-04,159.9256135248396,161.16534696301667,158.27263560727022,159.06607055664062,335843
2021-11-05,161.16536221762962,161.8265559694848,159.0991396250959,159.92562866210938,539160
2021-11-08,160.61987710672554,160.61987710672554,157.85940673810327,158.2891845703125,278698
2021-11-09,158.33051850533343,158.97517897637778,155.17332417838378,155.66094970703125,543304
2021-11-10,155.83451542945832,157.58666820831056,155.3799439223347,156.0411376953125,361509
2021-11-11,155.3799335027332,157.42962271141448,153.02443478546382,153.6773681640625,236088
2021-11-12,152.90874043951766,153.72696917030294,150.84251773561573,151.8425750732422,253856
2021-11-15,151.2474956010679,151.66074012456806,149.677171456256,150.56150817871094,162269
2021-11-16,151.90870281265623,154.26418923845594,148.76804163370016,153.75177001953125,469007
2021-11-17,153.64431996696433,153.64431996696433,150.18134120160738,150.6276397705078,274896
2021-11-18,149.84246852433222,151.2474973986876,148.76803022821733,149.92510986328125,493243
2021-11-19,150.75159441006204,151.23923252352802,149.18127029356586,149.6193084716797,378742
2021-11-22,149.5862600521847,149.5862600521847,147.1977071645672,147.80104064941406,835628
2021-11-23,148.09857545119976,149.58625826910873,142.9826061944245,143.41238403320312,915247
2021-11-24,143.7347176780229,145.7926673981223,137.1971860854505,138.2633514404297,2737292
2021-11-25,139.59400180071788,140.08990029758777,132.32090792144365,135.61859130859375,1891318
2021-11-26,136.8583225477769,138.84190388936833,132.32090560897169,136.37069702148438,2615394
2021-11-29,136.12273591751133,146.59435004491584,134.10610073764545,145.84225463867188,1940503
2021-11-30,147.7762423009809,152.07398277006442,144.63558143891996,148.3547821044922,7106828
2021-12-01,149.59450314566013,150.62761435522958,148.35476969417675,149.0076904296875,572567
2021-12-02,148.6027322452588,150.00776109414414,139.67664807113147,142.7263946533203,1887180
2021-12-03,139.7675577316586,149.18126710136215,139.7675577316586,144.80087280273438,1374891
2021-12-06,147.1150523229333,150.42100855490935,145.0488296779483,146.22244262695312,1878974
2021-12-07,146.495189237076,151.22270777734798,145.8835827786413,147.22250366210938,1525571
2021-12-08,148.76803366306746,149.17301785030145,145.71002660446,146.3877410888672,529704
2021-12-09,147.10679222191413,149.92511032992525,145.94143962147263,147.25555419921875,992350
2021-12-10,147.9415494114455,147.9415494114455,145.4703424538621,146.4951934814453,185668
2021-12-13,145.98276443258524,148.7184411608354,142.24703040835348,144.30499267578125,535435
2021-12-14,144.38764783325166,145.9331910749669,142.99915215454246,145.39596557617188,170250
2021-12-15,147.1150611620481,155.46260619382204,145.3959623047853,153.55340576171875,2308008
2021-12-16,153.55339857227446,153.55339857227446,146.37121915647936,148.80108642578125,1566457
2021-12-17,149.42922356214373,151.6607414868447,146.28856263308725,149.47055053710938,442337
2021-12-20,148.76802679008523,151.34666855218902,148.1894869859237,150.90863037109375,397366
2021-12-21,151.5780917756243,152.07399026663492,147.54483365287962,148.08204650878906,489513
2021-12-22,148.08204863459056,148.97465836449012,146.9580229685566,147.24729919433594,327167
2021-12-23,148.0076617011108,149.5118652255945,147.0406710186808,147.3712615966797,359953
2021-12-24,147.19771686190137,148.72671416244552,146.3712277444538,146.7761993408203,133968
2021-12-27,147.2803452508073,148.34652318080902,145.15627496365542,146.97454833984375,343240
2021-12-28,146.38773872811905,148.7680312639331,146.28856407620088,147.1398468017578,297119
2021-12-29,147.0985106645985,152.90046705366893,146.0819327120864,151.0904541015625,1532318
2021-12-30,149.80113256767424,152.23927261687624,148.36303715498485,149.31350708007812,842211
2021-12-31,149.59451863088168,152.4706970049078,148.7680295776724,150.33009338378906,1330642
2022-01-03,150.34662305419798,152.032655132967,149.01597520631398,150.9416961669922,390101
2022-01-04,151.23096172571258,152.28060634263574,149.6027773002884,151.627685546875,378408
2022-01-05,151.24749150875726,156.52875587174532,150.9995422791215,155.3634033203125,1344040
2022-01-06,154.55343891026027,154.55343891026027,151.3466576395262,151.79296875,345220
2022-01-07,151.2640303864115,153.30545936128303,151.2640303864115,152.02439880371094,428870
2022-01-10,151.83431465501715,155.37994726439985,151.74340035163695,154.68569946289062,877123
2022-01-11,155.17331985267353,155.3303547906928,152.4872304277937,153.83441162109375,483496
2022-01-12,153.37983611022798,156.115512789036,153.37983611022798,154.9336395263672,629202
2022-01-13,155.95022414753532,156.45438298310478,152.91701078348444,153.4542236328125,419530
2022-01-14,155.25598427468637,155.4130066120748,152.8591582902386,154.01625061035156,569858
2022-01-17,154.54521049800607,154.54521049800607,151.5781048688262,153.74351501464844,241125
2022-01-18,153.72696053557638,154.8013988034995,152.99138579875287,153.86746215820312,342172
2022-01-19,154.14020779933446,154.4625380243319,147.32167313796978,148.5531463623047,607202
2022-01-20,148.35478857791784,150.81772248389086,146.29682624646264,150.0077667236328,529319
2022-01-21,150.0077729401765,152.07399570794755,149.26393778826812,150.6276397705078,258434
2022-01-24,149.75982394798626,154.96670785412962,149.5284080064886,152.98313903808594,1163989
2022-01-25,154.14022022656667,156.6610145541251,153.3963850662092,154.15675354003906,1788495
2022-01-26,154.38815964973648,156.1981727173672,152.90047681255902,153.8592071533203,318582
2022-01-27,155.18157932902,156.41305255229864,153.9170520927129,154.14846801757812,713428
2022-01-28,154.55345617783985,155.58656751592702,152.90047803690038,153.33851623535156,474151
2022-01-31,153.52033421417605,155.71052505484258,152.98312140004168,155.25596618652344,511081
2022-02-01,155.35515651329558,156.82630609650195,154.3964261344443,155.71054077148438,646684
2022-02-02,155.297296561263,159.42974205369921,155.13200126381014,158.72723388671875,1478594
2022-02-03,160.3306107526863,160.3306107526863,157.12382929503718,157.34698486328125,750513
2022-02-04,157.85939341720368,162.4050827564425,157.07423141721569,161.35543823242188,2169200
2022-02-07,160.9587384458063,164.47131682010502,159.92562715924785,160.64466857910156,1185706
2022-02-08,160.65293760586337,161.4959473149684,159.71900099009753,160.22315979003906,280231
2022-02-09,160.22317515840362,161.99186130287384,159.92563858217392,161.54556274414062,508581
2022-02-10,162.81835003234693,164.45479489239264,162.19848321750297,162.6943817138672,1157911
2022-02-11,162.4050964746775,163.6448300355529,154.63610453768044,155.1567840576172,2890182
2022-02-14,155.1733194227036,155.79318621134288,150.8590455648763,151.47891235351562,1156904
2022-02-15,151.66898755260513,153.22279086417083,150.6689429532241,151.99131774902344,480872
2022-02-16,152.73517528667986,153.0822991659797,150.42926383038713,151.05740356445312,271046
2022-02-17,150.13173904300498,150.94996778699024,148.39611951046126,149.19781494140625,533667
2022-02-18,149.18128172166703,152.69386037716336,148.7845704870122,151.46238708496094,786613
2022-02-21,151.24749699285877,153.05751004024097,151.18963670564972,151.3632049560547,819534
2022-02-22,150.68548100217734,150.72679536332882,148.35477596154016,149.6275634765625,678191
2022-02-23,150.79291616621194,150.79291616621194,148.10682690483907,148.7680206298828,566239
2022-02-24,147.94154378329077,147.94154378329077,142.15612028338555,143.5776824951172,902620
2022-02-25,145.46208123167273,146.45386562691687,143.57768709734208,145.8670654296875,558039
2022-02-28,145.4538115804637,150.41274585083443,142.98260479568904,149.8176727294922,459030
2022-03-01,153.72697612215114,153.72697612215114,148.7267144303419,149.7928924560547,1631059
2022-03-02,147.98286624880907,147.98286624880907,144.5529291402426,147.05718994140625,2377738
2022-03-03,146.4951869948274,147.1315871069909,142.77598619665127,144.8422088623047,1064947
2022-03-04,143.80909778639105,144.63558685412895,142.85864040298145,143.03219604492188,474260
2022-03-07,142.48672120649354,142.48672120649354,134.96567767761303,136.29632568359375,1368270
2022-03-08,135.95744978852946,136.9079071589756,132.2299886839113,132.5853729248047,891659
2022-03-09,132.65148595732208,133.05647011181094,130.95718096646402,131.8249969482422,418571
2022-03-10,133.89121846793816,135.95744097515944,131.94896426666165,135.18881225585938,548284
2022-03-11,134.70117503736108,135.5441973569426,132.89943505270998,133.635009765625,324998
2022-03-14,133.64327905120024,134.51109509015538,132.11428185039577,132.3539581298828,657370
2022-03-15,133.06474115808476,135.3375861157539,132.35396004869204,134.93260192871094,175756
2022-03-16,135.51941056944392,137.00709338204013,134.96566441915962,136.32110595703125,335660
2022-03-17,136.37070579766706,137.19719492371354,134.71772754557412,135.0070037841797,241112
2022-03-18,133.064729699143,133.43664722885282,128.2793639129373,129.0975799560547,1969868
2022-03-21,128.94883285598138,130.5852777421136,128.94883285598138,130.2464141845703,581295
2022-03-22,130.95719338023122,131.32911094732788,129.27942154165646,129.5604248046875,260108
2022-03-23,129.5604248046875,129.5604248046875,129.5604248046875,129.5604248046875,0
2022-03-24,129.76703807771784,130.50261281006794,127.8991774097064,130.18028259277344,454355
2022-03-25,130.18027872991746,131.07288836929763,128.7752499426644,129.46949768066406,897935
2022-03-28,129.51083366018148,132.1555961397479,128.609963608133,131.69276428222656,294068
2022-03-29,132.8994519425697,138.02368192285007,132.4035534300942,137.1641387939453,996430
2022-03-30,136.57731567785788,138.01541116663898,132.74240698566373,134.8003692626953,1488784
2022-03-31,134.63506348365178,139.67665181863583,134.22181895164397,137.7509307861328,1205187
2022-04-01,137.61044929594598,139.83370722128595,133.8912479636231,137.56912231445312,647062
2022-04-04,133.72593584577945,134.29621532954067,127.89918530171218,129.22157287597656,1454985
2022-04-05,129.92406727809572,130.95717852014678,127.96529239875773,129.4447021484375,585586
2022-04-06,130.00673878086653,131.57706303638614,129.65134190776547,129.93235778808594,339181
2022-04-07,129.8000950265414,131.3952126823773,129.8000950265414,130.54393005371094,452860
2022-04-08,129.34553214860992,134.22181234167266,129.34553214860992,133.54409790039062,915671
2022-04-11,137.61042820893218,141.7428735004917,137.21371699208467,141.1973876953125,2806493
2022-04-12,141.32963026738875,141.49492555832254,138.0236740038241,139.4452362060547,1097011
2022-04-13,139.18074346618766,142.5693534328483,138.3790481220444,139.63531494140625,1527351
2022-04-14,140.37090056601355,141.49492620521326,138.89149068024255,139.99072265625,716111
2022-04-15,142.1478428134708,142.56934764908942,139.75929018918995,141.37094116210938,1473955
2022-04-18,139.26340199981274,144.22233619565176,138.60220825145652,141.5527801513672,2854897
2022-04-19,141.74286189341564,141.74286189341564,139.6931727277898,140.0155029296875,858217
2022-04-20,140.91638150115003,142.56935958327497,137.37900941430044,137.99061584472656,492050
2022-04-21,137.23851240274573,138.85016356473477,136.37069635822166,136.7756805419922,271186
2022-04-22,138.0236730303374,138.8501620903993,137.03188868050754,138.15591430664062,359383
2022-04-25,140.91638734472082,143.06526398508237,140.91638734472082,141.28004455566406,1884703
2022-04-26,141.25523748274378,141.25523748274378,138.60220225383497,138.8336181640625,481517
2022-04-27,138.85016517540691,139.67665425383194,138.0236760969819,138.61048889160156,432743
2022-04-28,138.8501464336325,142.8999373267918,136.3789398826611,140.1642608642578,3048107
2022-04-29,140.1642608642578,140.1642608642578,140.1642608642578,140.1642608642578,0
2022-05-02,140.1642608642578,140.1642608642578,140.1642608642578,140.1642608642578,0
2022-05-03,140.1642608642578,140.1642608642578,140.1642608642578,140.1642608642578,0
2022-05-04,140.1642608642578,140.1642608642578,140.1642608642578,140.1642608642578,0
2022-05-05,140.1642608642578,140.1642608642578,140.1642608642578,140.1642608642578,0
2022-05-06,140.50313347563716,142.8999465904388,139.7179714284588,140.20559692382812,1185234
2022-05-09,140.33785456436354,140.33785456436354,131.82501413850395,133.1721954345703,856653
2022-05-10,132.30436068958346,135.5359357076502,132.30436068958346,134.72596740722656,906643
2022-05-11,134.71772158106714,135.13096612579434,128.31243113779553,131.91592407226562,800512
2022-05-12,132.2382592636297,135.54421574522044,130.62660800109884,134.6598663330078,1120197
2022-05-13,135.13095347403004,136.7839314981772,133.89948030600067,135.70123291015625,640245
2022-05-16,133.0729942177913,133.47797838264535,129.84143169410842,131.13075256347656,812053
2022-05-17,132.53577256376016,134.30445846618915,131.4282803637166,132.12252807617188,479913
2022-05-18,132.6514840404661,133.9738714803736,130.58526154762396,133.32093811035156,529244
2022-05-19,133.7672620305484,133.8912303474923,132.2465125457762,132.75067138671875,561403
2022-05-20,132.56884841302818,134.71772514697838,132.52753404644002,133.4862518310547,905974
2022-05-23,133.3044238641229,133.3044238641229,129.75879110825585,130.8166961669922,673690
2022-05-24,130.99851863148908,132.48620149150443,129.75878501668004,129.9075469970703,526685
2022-05-25,130.57701854018072,130.58527889120953,128.60171007912336,130.01499938964844,864139
2022-05-26,129.7587883658814,133.0647447573688,129.26288986266914,132.71762084960938,1356186
2022-05-27,136.3706814774014,139.3460468450331,131.82499209482134,133.52755737304688,3247766
2022-05-30,133.47798503846613,136.5359920805704,133.08127381531452,135.33758544921875,943625
2022-05-31,135.33757246257298,136.37068370274528,134.3127215722824,136.106201171875,680641
2022-06-01,135.9574587017661,135.99878567954315,133.51931834759603,133.77552795410156,308253
2022-06-02,133.76726038860085,133.89122870402304,130.9985169727633,133.7589874267578,564857
2022-06-03,134.96568089564983,136.0401193143148,127.27932926824487,128.6265106201172,1792577
2022-06-06,128.51906407510216,131.81676035571928,128.10581949608255,131.32086181640625,873214
2022-06-07,131.81675802359376,132.31264394290977,130.71752594950252,131.12249755859375,416370
2022-06-08,131.03158211124534,132.23826179910043,130.41998822160747,132.01510620117188,302738
2022-06-09,132.65150179905518,136.99056961491215,132.0316349682185,133.60195922851562,2667128
2022-06-10,133.88296875634015,136.04010572973493,133.31268928123706,135.1640167236328,450962
2022-06-13,134.31272815316052,134.92433457734884,131.20513393050004,132.82505798339844,684047
2022-06-14,133.05648418930414,135.11443396846423,131.5026806522493,134.2383575439453,443827
2022-06-15,134.717721539263,136.78394426225782,134.30447699466404,135.4202423095703,836831
2022-06-16,136.4533544954167,139.9328665196759,135.29626219681572,139.5526885986328,2319037
2022-06-17,139.67665300240856,144.6851747549952,138.02367486036823,142.91648864746094,2479141
2022-06-20,143.63553265022574,144.5942630163002,140.08990002162523,141.5941162109375,1681195
2022-06-21,141.60238387251644,143.9330766566103,139.25515777471318,142.9247589111328,1602362
2022-06-22,143.81735516382835,144.33804730132988,141.18912603614316,142.00735473632812,668508
2022-06-23,142.9743500545857,146.20591276303236,142.73466115982976,144.57772827148438,2754510
2022-06-24,144.55292440431256,144.8835275787043,134.30446561137904,138.88320922851562,2500073
2022-06-27,140.0816348779498,144.22234051545968,138.883215655749,143.66859436035156,1311656
2022-06-28,145.04057263823233,145.04057263823233,140.0898985277998,141.36268615722656,3919220
2022-06-29,142.19744809731583,143.38759438496382,141.32963204497065,141.65196228027344,1293124
2022-06-30,142.15612128393335,142.8173150679636,140.92464801881732,142.0238800048828,1129622
2022-07-01,142.15612621094846,144.4289712521119,142.02388492731455,142.5032501220703,726129
2022-07-04,142.25530603641843,142.44540761775747,140.30479117123312,140.80068969726562,276460
2022-07-05,140.91638637868894,141.04035469465043,139.77582742695355,139.99072265625,221226
2022-07-06,140.13120713669645,140.87504216388612,139.80887694341814,139.96591186523438,201924
2022-07-07,140.50313453674283,143.4454334539521,138.98239775433248,142.4453887939453,835618
2022-07-08,142.4453887939453,142.4453887939453,142.4453887939453,142.4453887939453,0
2022-07-11,142.4453887939453,142.4453887939453,142.4453887939453,142.4453887939453,0
2022-07-12,142.4453887939453,142.4453887939453,142.4453887939453,142.4453887939453,0
2022-07-13,142.08174801923275,147.1150637465649,141.74288445244878,145.13975524902344,1392492
2022-07-14,149.18126574403652,149.6358372200715,146.70179872336,147.13157653808594,1196142
2022-07-15,147.1150532090295,152.47897176775828,145.99102757893857,150.6441650390625,3326247
2022-07-18,147.94153900884544,150.00776162070082,146.37121486832413,146.97454833984375,1054604
2022-07-19,147.115062145882,148.16470685076192,138.85017101409088,141.98255920410156,1812713
2022-07-20,142.15610832792817,144.63557533364784,141.98254008859038,143.7429656982422,1457919
2022-07-21,144.22234367963569,144.22234367963569,139.8832760331137,140.32957458496094,534006
2022-07-22,142.11479343937086,142.14786006454267,138.10632900602386,140.44528198242188,965805
2022-07-25,138.8088251144837,139.8419363651292,137.7757138638382,139.6683807373047,228660
2022-07-26,139.5857517736407,143.39586725234503,138.47825934144015,142.2305145263672,635020
2022-07-27,142.0238640522943,143.35451182162427,139.67663836329646,141.47837829589844,818203
2022-07-28,142.36275212637017,144.63559722563005,141.32964071761566,143.50331115722656,567550
2022-07-29,143.39585177560838,145.25545215886555,141.99082289716964,142.519775390625,946509
2022-08-01,143.80910619437066,145.04057951733978,142.24704226946693,142.81732177734375,1003401
2022-08-02,141.5362576301709,143.31320414133066,139.84195246184254,142.18917846679688,593796
2022-08-03,142.77597618063615,147.11504347411423,142.77597618063615,145.98275756835938,1614294
2022-08-04,147.9332854752664,151.4541244280698,147.44564733186922,149.37136840820312,2908389
2022-08-05,150.4210187841067,155.21465816870196,149.67718362581738,154.64437866210938,3032564
2022-08-08,154.64437866210938,154.64437866210938,154.64437866210938,154.64437866210938,0
2022-08-09,154.64437866210938,154.64437866210938,154.64437866210938,154.64437866210938,0
2022-08-10,156.8676185633361,158.68589188561444,154.56998009597336,155.39646911621094,2282757
2022-08-11,154.96669611373645,157.44616325155624,153.72696254482656,156.44610595703125,1601482
2022-08-12,158.67762955179126,159.83470912117033,157.36350244151325,159.36361694335938,2272446
2022-08-15,160.2562301552057,162.40510684239314,158.68590592233832,159.33056640625,2152423
2022-08-16,159.76034368956962,160.66947412223618,155.79319353357877,156.89242553710938,1037612
2022-08-17,157.28086648060338,157.94206023336108,153.313716575279,156.8841552734375,472234
2022-08-18,156.2064184706951,158.35529488038887,155.80143432721297,156.29733276367188,480091
2022-08-19,157.76850913960246,158.27266801213182,154.5534669361287,154.92538452148438,891010
2022-08-22,154.5534616735094,154.5534616735094,152.48723892386354,153.04098510742188,1054409
2022-08-23,153.7269654791039,155.7105341827325,153.520343213675,154.34683227539062,1163319
2022-08-24,155.346893026882,155.75186460490255,153.52034661113063,153.652587890625,836223
2022-08-25,153.72696727812578,154.34683408166663,151.33841436626403,151.81777954101562,744783
2022-08-26,151.66074315028322,152.88394343310512,141.3296298566672,142.77598571777344,5366892
2022-08-29,142.18091723292764,142.18091723292764,138.94108151144349,141.56105041503906,1432034
2022-08-30,143.79257942111903,144.21409696066434,139.67666696707792,139.93287658691406,1174610
2022-08-31,140.089884312377,142.07345285107263,139.76755410955843,140.75933837890625,855002
2022-09-01,141.16433220316165,142.07346259104787,140.58579239064818,140.68496704101562,823744
2022-09-02,141.2800343027242,141.2800343027242,138.82536091821962,139.28819274902344,393425
2022-09-05,139.31301181582538,139.31301181582538,136.45336636349083,136.7426300048828,623071
2022-09-06,137.1971919094623,140.91639289495978,136.370702801574,140.6932373046875,1232963
2022-09-07,141.94950611180002,143.06527146633834,141.61891550886733,142.32969665527344,1228346
2022-09-08,143.28840316314964,143.28840316314964,140.99903756513928,141.23045349121094,806576
2022-09-09,141.70154513059498,141.90816739313922,140.1394813302094,140.39569091796875,429325
2022-09-12,140.4205021608747,140.91640069755496,139.67666696707792,139.93287658691406,174474
2022-09-13,140.0072337858826,140.70975449156256,139.67664322510467,139.77581787109375,161581
2022-09-14,139.4700251811908,140.21386027100175,139.26340292166313,139.9989776611328,251202
2022-09-15,140.4948933007321,142.13133826506674,138.85843572517402,139.3625946044922,1033069
2022-09-16,138.850164298191,139.6766533713945,137.4451353959895,138.92454528808594,872173
2022-09-19,139.50308951298564,139.50308951298564,136.7426189481937,136.9657745361328,319280
2022-09-20,137.9823458199181,138.0236727950952,135.17228806498588,136.17233276367188,501792
2022-09-21,135.62685093203424,136.3541526816995,133.89121897490799,134.1226348876953,251378
2022-09-22,133.48624295869735,133.89122713637204,130.83322014994624,133.5358428955078,570383
2022-09-23,133.89121474995335,135.7094879835727,131.4117478101394,132.3787384033203,601000
2022-09-26,132.15560001500526,137.34595047436025,132.130806351284,135.61859130859375,634107
2022-09-27,136.04011309539413,139.18076163699553,135.1227096751706,137.1641387939453,919863
2022-09-28,137.45338899999118,139.0154527672254,136.74260792747486,137.1889190673828,585245
2022-09-29,137.1806469575223,137.1806469575223,135.5442021938846,135.9243927001953,314594
2022-09-30,135.552466782679,136.12274625436567,133.1721868551126,134.24661254882812,479381
2022-10-03,134.62682444550472,137.19720634595316,134.3871481279354,136.85008239746094,484645
2022-10-04,136.37070619614852,137.40381760672543,135.29626780690393,135.46156311035156,301754
2022-10-05,136.36244258991434,137.114538094332,135.4615598768658,136.24673461914062,386370
2022-10-06,136.5359842575646,139.30472753275762,135.95744446294532,137.61868286132812,888944
2022-10-07,136.9492282411107,139.55267622368294,136.9492282411107,138.6848602294922,1078556
2022-10-10,138.67660552388227,139.67666291976084,137.44514479180813,137.8170623779297,509419
2022-10-11,138.02367418723443,138.85016325422387,136.7839405867503,136.97402954101562,556040
2022-10-12,137.34594213444652,139.04852014433058,136.94923092777327,137.44512939453125,455644
2022-10-13,139.92460147264418,141.56930664370228,138.68486787296553,139.1559600830078,1580868
2022-10-14,139.84194621203355,139.85021917380288,138.02367280510887,139.0154571533203,864694
2022-10-17,140.5092893879234,140.5532286845957,137.96097108161922,138.07521057128906,603894
2022-10-18,138.0752060529079,139.22634318274214,136.59892886505116,136.82740783691406,281561
2022-10-19,137.68858560754194,138.39157422814293,136.46714807499987,137.28436279296875,683981
2022-10-20,137.78523768334267,138.13672526641875,136.20351674271663,136.47592163085938,380608
2022-10-21,136.8625608087765,136.8625608087765,134.00668072769446,134.89419555664062,631678
2022-10-24,137.08225752783326,137.74130684287093,134.4460602676826,134.63059997558594,495847
2022-10-25,135.14903582343123,136.0189722538315,134.323025283074,135.0611572265625,307161
2022-10-26,134.4460477226815,134.4460477226815,131.3704845394829,131.87136840820312,653742
2022-10-27,131.8098497831635,132.68858211505125,130.05238511938796,130.5181121826172,563263
2022-10-28,127.46013186977214,130.93112202017218,123.9891417193721,124.35820770263672,1204177
2022-10-31,124.79757702912256,124.79757702912256,122.76770736581352,123.2509994506836,267747
2022-11-01,124.34063572208565,128.29493155777035,124.34063572208565,127.2580337524414,1442471
2022-11-02,127.34589695107826,130.8871874268277,126.53746475746817,130.47418212890625,1026531
2022-11-03,130.83447298334147,131.15081719935404,129.21760850522978,129.9821014404297,266720
2022-11-04,127.75890114850598,128.47067223629293,126.54624616434035,128.3037109375,555395
2022-11-07,129.35819279997517,131.7922717113419,129.35819279997517,129.85028076171875,432114
2022-11-08,130.755385341757,130.9311291421485,129.6745482313764,130.4390411376953,212655
2022-11-09,130.4390411376953,130.4390411376953,130.4390411376953,130.4390411376953,0
2022-11-10,130.88717214963782,134.09455305895088,130.84323285338053,132.3458709716797,894123
2022-11-11,133.2158213646154,137.52160424932092,131.2474561956236,136.0541229248047,2230210
2022-11-14,134.44604986528643,135.632343903925,132.77646375972776,133.33885192871094,547359
2022-11-15,133.4003448486328,135.50051445468307,132.4249514846619,133.4003448486328,690939
2022-11-16,133.56731944632278,134.0506249286293,132.5040473852485,132.95220947265625,319136
2022-11-17,132.54799008015078,133.46187927162745,129.30546542572407,130.1578369140625,499718
2022-11-18,129.7184684020127,130.40387857917406,128.30370874743258,129.542724609375,515152
2022-11-21,129.43728369512047,130.05239368628256,128.80459530181312,129.49000549316406,202245
2022-11-22,129.95572678991027,130.03480948344787,128.34764497935464,128.59368896484375,403710
2022-11-23,129.52514287405694,130.35994933228676,128.65520642995236,129.44606018066406,662489
2022-11-24,129.3494040906008,132.24922363605992,128.743076601013,130.84324645996094,720849
2022-11-25,131.62531245665295,133.30369445870204,130.57963222598363,131.1332244873047,953514
2022-11-28,128.3037109375,130.62356390173508,126.98561235763026,128.3037109375,427821
2022-11-29,128.38280108635638,131.7219732737253,128.29492248841865,131.1508026123047,796431
2022-11-30,132.42497115531515,132.6885935592969,130.49176254010322,131.94166564941406,734929
2022-12-01,132.90825997184044,135.10509071517663,132.90825997184044,133.51458740234375,1352036
2022-12-02,132.6973630175077,133.8309352207266,130.93111587864874,131.7219696044922,295297
2022-12-05,131.80984994847648,131.80984994847648,128.69034748468428,128.83094787597656,188836
2022-12-06,129.1736545983867,129.96450834481612,126.3617137786035,128.46188354492188,407360
2022-12-07,129.12971267037426,129.613018131526,128.3915807342832,129.34939575195312,423488
2022-12-08,129.95573930105928,129.95573930105928,128.32129643530604,128.84854125976562,237768
2022-12-09,129.52513019088536,129.52513019088536,127.37223882841218,127.52162170410156,289462
2022-12-12,128.11917878595975,128.91003253435795,125.04361557357987,125.73780822753906,448169
2022-12-13,125.3687463005721,126.5374619680339,124.77999721847786,125.33360290527344,258976
2022-12-14,124.87665196659728,125.87840628657364,124.61302958588955,124.79756927490234,292141
2022-12-15,124.82393169056623,125.54448523764857,121.23870213114559,123.08404541015625,640873
2022-12-16,122.8028501453252,123.19827703477664,120.43905789700626,121.94169616699219,488467
2022-12-19,121.71321614440404,123.19827599996052,119.94696890188095,121.62535095214844,222786
2022-12-20,121.26506466432033,121.26506466432033,112.50410203582818,112.74136352539062,1425138
2022-12-21,112.65348714991501,113.79584191256897,107.46897153038252,109.3143081665039,732819
2022-12-22,110.01728307401298,116.87139780756333,110.01728307401298,114.1736831665039,1274696
2022-12-23,114.23520972751538,118.53221054169931,113.18073355017057,116.52870178222656,576209
2022-12-26,116.34415213975412,122.93464444544391,116.34415213975412,121.14203643798828,1068909
2022-12-27,121.95925932326742,122.27560351174134,119.70970660896045,120.7817611694336,441283
2022-12-28,120.39511406596304,129.83270430215595,118.67280617410579,123.54097747802734,1309927
2022-12-29,122.58316766533447,125.65873101177655,120.37755420676432,123.2509994506836,1371741
2022-12-30,122.67104432270293,129.16487600634983,122.1437995368848,126.52867889404297,2836596
2023-01-02,125.65872019210265,129.55149788510306,125.48297641197371,127.38982391357422,954111
2023-01-03,128.11917549526717,128.11917549526717,125.48297852379416,125.82568359375,363213
2023-01-04,129.17366966955345,130.87841276155575,125.75540098810303,126.11568450927734,1345255
2023-01-05,126.88016127453993,126.88894377086629,124.51636914878831,124.94695281982422,259107
2023-01-06,125.21935890359765,129.39333753371758,124.77999273200608,127.44255065917969,1416917
2023-01-09,127.85555902507085,129.83270684504618,126.71320426962896,128.39158630371094,1008489
2023-01-10,130.5005314393095,132.60070113849017,127.15256346025157,128.0312957763672,1139364
2023-01-11,128.73428059251225,130.8168718308665,128.2949144471453,129.63937377929688,1600198
2023-01-12,129.17364490273366,131.80984173748334,128.64640017242755,128.98910522460938,1110453
2023-01-13,127.85554729517128,128.2949134370791,124.43727924746418,125.11390686035156,458436
2023-01-16,125.83446206577347,125.90476225843815,120.38632451397257,121.18597412109375,653005
2023-01-17,121.66049437222556,122.14379985910183,112.09988856654886,112.1789779663086,1720644
2023-01-18,112.17018785008486,114.6745737521078,111.33538807994661,114.04188537597656,1188014
2023-01-19,115.10515294239079,117.75013243346491,112.47773844390679,115.8257064819336,2445531
2023-01-20,115.55330519273654,115.9926713721766,110.01728865011341,110.69391632080078,1248524
2023-01-23,110.72027192911376,110.72027192911376,108.6113130277201,109.95577239990234,685568
2023-01-24,110.71148351456176,112.3019935782885,109.41096343067198,111.6429443359375,1690803
2023-01-25,112.30199530916138,114.2352037681753,112.1701841178205,113.26859283447266,1411774
2023-01-26,113.8837183766436,116.77474191995834,113.79583977793719,115.24574279785156,3207567
2023-01-27,115.81693292025213,116.30023842159079,113.48828401685391,114.45489501953125,1098177
2023-01-30,115.55330552199615,117.30198774817134,114.14732838042505,114.40216827392578,1833589
2023-01-31,115.10515286099971,115.77298460551732,114.34064661534829,115.3160400390625,627027
2023-02-01,115.5972427470441,116.43203579369799,114.68335359890754,114.92939758300781,390236
2023-02-02,114.0594569173871,114.7624454495165,113.79583454178969,114.37580108642578,468500
2023-02-03,114.45488928293298,115.02605995054681,112.91710766108936,114.39337158203125,362259
2023-02-06,116.87141091609926,122.93465920177296,115.55331229674476,122.152587890625,3467141
2023-02-07,122.67104387954755,124.86787479853379,118.62886962525617,120.13150787353516,2841008
2023-02-08,119.9469661541033,121.79230945829231,119.24397759020313,120.33361053466797,1945608
2023-02-09,121.70443838108379,124.78000180587651,121.30901147957464,123.5497817993164,3500714
2023-02-10,121.26506545661863,123.46189635257186,116.86262116814935,117.45137023925781,3638652
2023-02-13,117.45136725885891,119.41093661397427,115.99266836294731,117.84679412841797,1236892
2023-02-14,118.58493468643391,119.05066178571583,116.08055539172037,117.14381408691406,782527
2023-02-15,116.168411692756,118.62886490581411,115.20181417189156,117.170166015625,847702
2023-02-16,118.27737758486975,118.32130347488088,115.64996307774246,115.99266815185547,664707
2023-02-17,115.55330592813044,115.55330592813044,111.20358340567005,112.51288604736328,1775392
2023-02-20,112.2141211069812,112.2141211069812,108.10165334209506,109.3055191040039,932104
2023-02-21,110.01729062864153,111.33538919066612,109.5779244413,110.81694030761719,457290
2023-02-22,111.33538397222202,111.51113446143854,110.01728547197852,110.58846282958984,393211
2023-02-23,110.45665483914786,110.45665483914786,108.08408015164379,108.50587463378906,519666
2023-02-24,108.52345190728249,108.78707431019325,106.32662089701363,106.52873229980469,692048
2023-02-27,106.32661316878911,106.73082924079507,102.03840176193849,103.83101654052734,1263478
2023-02-28,103.77829166798435,103.77829166798435,98.41802554604772,99.02435302734375,1923517
2023-03-01,99.20888051704844,100.04367354145877,96.49359415527341,99.13858032226562,1512850
2023-03-02,98.50589232569902,100.73787323647375,97.63594920082319,98.27742004394531,957723
2023-03-03,97.09993122279518,105.60606121256174,95.79940430724986,105.33365631103516,2755146
2023-03-06,105.66757111146967,107.94348480970255,103.42680080954798,103.99797821044922,1648417
2023-03-07,104.56915575962422,104.56915575962422,102.47777505794235,103.1543960571289,644232
2023-03-08,103.69041908969795,104.52521215492818,101.06301119502369,101.8978042602539,1192306
2023-03-09,102.23171941504891,104.92064499210025,102.23171941504891,103.42679595947266,1131241
2023-03-10,103.77829583032432,106.75719815097631,103.77829583032432,105.16669464111328,1177450
2023-03-13,106.75719361319106,108.80464164159518,106.67811091800952,107.4601821899414,2376024
2023-03-14,107.21414231211253,108.08408551346058,106.15965940653668,106.8626480102539,602560
2023-03-15,106.75718978459739,108.08407749113489,104.5691481418297,107.2053451538086,878858
2023-03-16,108.04013916065823,108.17195035327738,106.76597994179657,107.01202392578125,552263
2023-03-17,107.20535003305459,107.29322192994739,105.44788527841435,105.91361236572266,319071
2023-03-20,105.9136014707693,105.9136014707693,103.83101024143477,104.12977600097656,262166
2023-03-21,104.56914977694953,106.76598065461654,103.29499054958099,105.4830322265625,731759
2023-03-22,105.75543647408372,106.76598001257274,103.65526670399923,103.98040008544922,408330
2023-03-23,103.98040008544922,103.98040008544922,103.98040008544922,103.98040008544922,0
2023-03-24,103.9979709820221,103.9979709820221,101.14209088021137,101.45843505859375,240383
2023-03-27,101.45843566857938,102.54806189833877,100.52698152896214,100.77302551269531,282878
2023-03-28,101.40571340160045,101.88901216620103,100.7203032489044,101.44964599609375,270751
2023-03-29,101.89780419787465,101.93295429696332,100.83453884117706,101.38813781738281,426864
2023-03-30,101.49357942188662,102.17020033485326,100.8345302048614,101.07178497314453,423740
2023-03-31,101.07179333671152,104.96457796889823,100.19306097463051,103.59375762939453,772324
2023-04-03,103.59375370768488,103.59375370768488,100.82574553107797,101.15087890625,531937
2023-04-04,101.66932717329031,101.66932717329031,99.200091488966,100.15791320800781,428728
2023-04-05,100.28094399008664,101.40572039040873,100.28094399008664,100.4654769897461,147205
2023-04-06,101.05422177423296,104.3494681364362,100.35123320195123,103.58496856689453,829238
2023-04-07,104.02433668108876,104.10342608143281,101.93295603120055,102.36353302001953,182020
2023-04-10,102.81168327931468,102.81168327931468,101.0542186078734,101.29147338867188,155735
2023-04-11,101.3178446371654,101.77478251834134,100.63242775910761,101.0454330444336,72909
2023-04-12,101.0630094516325,101.58145832012343,100.74666526929384,100.92240905761719,411352
2023-04-13,101.93295177076753,102.67987292135211,100.79059704338236,101.10694122314453,497133
2023-04-14,101.10694122314453,101.10694122314453,101.10694122314453,101.10694122314453,0
2023-04-17,101.66933090585724,101.89780319558834,100.61485476035284,100.74666595458984,241787
2023-04-18,101.3354146443191,101.3354146443191,100.19305990414067,100.57970428466797,127819
2023-04-19,100.96634556152796,101.05421745325688,100.3688073118974,100.6587905883789,105951
2023-04-20,100.61485561276554,101.49358797619581,100.52698371726169,101.39692687988281,243156
2023-04-21,101.39692687988281,101.39692687988281,101.39692687988281,101.39692687988281,0
2023-04-24,101.39692687988281,101.39692687988281,101.39692687988281,101.39692687988281,0
2023-04-25,101.39692687988281,101.39692687988281,101.39692687988281,101.39692687988281,0
2023-04-26,101.59024841815568,102.5920027696781,100.97513844939483,101.24754333496094,515233
2023-04-27,101.49359264993375,103.42680125682544,101.09816574985923,101.46723175048828,799734
2023-04-28,101.93295433355372,102.37232051602594,100.86089977565017,101.0630111694336,478990
2023-05-01,101.0630111694336,101.0630111694336,101.0630111694336,101.0630111694336,0
2023-05-02,101.4935825442433,101.53752184174152,100.43910644624106,100.66757202148438,465172
2023-05-03,100.9663413891055,102.21413963099974,100.48303594827553,101.07178497314453,688712
2023-05-04,101.06300535614926,101.63418270134741,99.73611768423275,100.16669464111328,445152
2023-05-05,100.17548518055709,101.27390058823865,99.99974139700629,100.14033508300781,380686
2023-05-08,100.18427027727657,100.70271911045182,98.90132193815973,99.05949401855469,417587
2023-05-09,99.29675012080277,99.29675012080277,96.669342415135,97.16143035888672,616093
2023-05-10,96.44966510371606,97.75897443470036,95.78182663714462,96.70449829101562,436532
2023-05-11,96.66055483948453,97.75897023538776,96.66055483948453,96.79236602783203,189663
2023-05-12,97.53050782363525,97.84685202599753,96.88024772064442,97.41627502441406,324202
2023-05-15,97.41626665808657,98.41802097813552,96.66055631781167,98.11046600341797,422011
2023-05-16,98.41802599864452,99.5164414673794,98.41802599864452,98.67285919189453,525880
2023-05-17,99.287968737341,99.287968737341,97.80291558897652,97.99623107910156,462078
2023-05-18,98.76951949336757,98.76951949336757,96.39693807750636,96.66934967041016,514145
2023-05-19,97.41627187290783,97.45142197249942,96.22119530357794,96.9856948852539,115315
2023-05-22,97.41627466606877,97.53929666606867,96.22119806247315,96.41452026367188,299246
2023-05-23,97.22294409909678,97.22294409909678,94.73613000528981,94.91188049316406,507842
2023-05-24,95.64122655977195,95.64122655977195,92.96988609301383,93.1456298828125,572137
2023-05-25,93.58499204585834,93.620142143149,92.22295426867703,92.89958190917969,674571
2023-05-26,92.4426399023199,93.04896736499103,87.8908060924685,89.12103271484375,1577724
2023-05-29,89.32314433703957,90.68517545120791,87.95231731803818,88.26866149902344,1157790
2023-05-30,88.79590418541561,89.51646442425485,88.40925981680093,88.98921966552734,621989
2023-05-31,88.75196559232444,89.62190872442096,86.8187571422887,87.13510131835938,976256
2023-06-01,87.44265522708449,88.53228142903632,87.00328906614634,87.14388275146484,334034
2023-06-02,87.85566617636447,87.85566617636447,86.95056619473665,87.02086639404297,369329
2023-06-05,87.60961756495465,93.54985046386719,87.60961756495465,93.54985046386719,2207749
2023-06-06,95.13156964388472,100.56213603802954,95.12278044288139,98.99799346923828,6852097
2023-06-07,99.12100915427428,101.27390067346359,97.27566590445988,100.6500015258789,3843557
2023-06-08,100.65000677676667,101.44964974976725,96.83630479294533,97.66231536865234,2074762
2023-06-09,98.41802903207636,100.43911623852068,97.53929663000424,99.62189483642578,2022279
2023-06-12,99.99974703889745,99.99974703889745,97.75897679912671,98.15440368652344,605642
2023-06-13,97.12628437952307,100.25456936174592,97.12628437952307,98.75193786621094,1124990
2023-06-14,99.29675825899314,100.16670143205192,97.36354971793006,97.65352630615234,943823
2023-06-15,97.97865687112758,99.29675539405754,97.36354690877191,97.71503448486328,404820
2023-06-16,97.96107870570391,97.96107870570391,94.92065908054316,95.50062561035156,757660
2023-06-19,95.34246332485631,96.22119570573055,92.26689999179642,92.59203338623047,626203
2023-06-20,92.71505113203823,94.46372661262266,91.21241963414558,93.52348327636719,1331743
2023-06-21,93.80467944194027,94.20010632231225,90.50943309152082,90.94001007080078,589780
2023-06-22,92.14386649954439,92.14386649954439,88.92770316875801,89.2967758178711,373750
2023-06-23,89.29677958504925,90.02612230576678,87.65354775497936,89.04194641113281,841044
2023-06-26,91.38816977174223,95.72032078005131,91.38816977174223,95.39518737792969,3181164
2023-06-27,95.4039713563406,98.28621240330072,94.68341109460057,97.54808044433594,4719530
2023-06-28,97.54808044433594,97.54808044433594,97.54808044433594,97.54808044433594,0
2023-06-29,97.54808044433594,97.54808044433594,97.54808044433594,97.54808044433594,0
2023-06-30,97.54808044433594,97.54808044433594,97.54808044433594,97.54808044433594,0
2023-07-03,104.86791229248047,104.86791229248047,104.86791229248047,104.86791229248047,1519143
2023-07-04,107.20534379611229,107.20534379611229,103.25104832822291,104.52520751953125,6679910
2023-07-05,104.1297805279617,108.47072035944886,104.1297805279617,105.88724517822266,6666234
2023-07-06,108.08408471170135,109.7360992027273,107.20535231567125,108.39163970947266,5666209
2023-07-07,108.34770375964462,109.27036872440901,107.19655979761104,107.4601821899414,1772243
2023-07-10,107.99620791541966,110.4566544902075,107.25806925004623,109.1737060546875,5777349
2023-07-11,109.62186181138858,110.7202772604005,108.74312945217906,109.34066772460938,2961875
2023-07-12,110.28090420669406,110.52694817926482,108.08407344560455,109.1561279296875,2410754
2023-07-13,110.09637900007236,110.80815007157388,108.31255336880082,108.63768005371094,2938904
2023-07-14,108.95401957080703,108.96280877126982,106.59023416518654,106.88899993896484,1154745
2023-07-17,107.20534217112667,107.73258021801443,105.4478775453705,105.92239379882812,1542745
2023-07-18,106.32661698572895,106.32661698572895,102.63594370591922,103.06652069091797,1430652
2023-07-19,103.07530353357349,105.00851195056678,102.1526319184384,103.88373565673828,2255982
2023-07-20,104.99972446547085,106.23874027150995,104.04190944167804,105.70271301269531,2276223
2023-07-21,106.23874924933776,106.68690465367014,104.56915633673552,105.16669464111328,1516207
2023-07-24,105.35123027087892,106.30026290225481,104.65703084816116,105.43910217285156,1061366
2023-07-25,105.685129087144,107.29321077952737,105.27213054424895,106.6605224609375,2307977
2023-07-26,106.94172751631837,110.10516943442279,106.94172751631837,109.45490264892578,4033582
2023-07-27,109.45490264892578,109.45490264892578,109.45490264892578,109.45490264892578,0
2023-07-28,109.45490264892578,109.45490264892578,109.45490264892578,109.45490264892578,0
2023-07-31,119.498826695784,122.47772906506714,118.73432037221022,120.79934692382812,5836326
2023-08-01,121.48474375526395,122.09985370019464,116.43203289383344,118.54098510742188,4265786
2023-08-02,118.54098652667294,120.21058600677857,117.04714424012992,119.0242919921875,3063830
2023-08-03,119.0682314301493,119.50759759778822,115.56208458536976,116.17720794677734,2600290
2023-08-04,114.6745706924395,118.18950006232271,114.33186561521156,117.46893310546875,2799533
2023-08-07,118.62886422480682,119.50759655239798,112.93468249636564,114.31428527832031,2219136
2023-08-08,113.44434593659074,113.79583349522737,105.7378598675452,106.11571502685547,2909062
2023-08-09,104.56915148770462,112.36350998269363,104.56036228687533,110.50938415527344,3893284
2023-08-10,111.1596424924366,113.35647337173377,106.41448645231557,108.18074035644531,3156691
2023-08-11,106.59023624992692,112.9083239629176,106.59023624992692,109.70973205566406,5177006
2023-08-14,109.70973205566406,109.70973205566406,109.70973205566406,109.70973205566406,0
2023-08-15,109.84155037964608,110.72028278268324,109.1825010773682,109.55156707763672,772074
2023-08-16,110.10516934657437,110.2809131400195,107.04717772957859,107.27565002441406,1256102
2023-08-17,106.76598100665615,108.52344571458464,106.41448672423128,108.16316223144531,1067859
2023-08-18,108.52345207509588,110.67634378680998,107.64471966962951,107.8644027709961,1378377
2023-08-21,106.32661718137312,108.0752927272638,105.14032981812261,105.43031311035156,923242
2023-08-22,105.44787617460305,107.5568350389342,105.44787617460305,106.46720886230469,1529047
2023-08-23,106.50235665356719,108.78706609507257,102.46897844131068,108.0401382446289,6788187
2023-08-24,108.53222508762627,108.87493013830446,107.65349281323188,108.56737518310547,4421153
2023-08-25,108.34770130024434,108.892511065873,107.11747467095431,107.68865203857422,1340492
2023-08-28,106.98566395278417,107.64471321738037,105.54454343053612,105.9839096069336,672275
2023-08-29,105.4918147931718,106.32660779250922,103.51466712760862,104.44612121582031,1186554
2023-08-30,103.74313283843006,105.40393634342367,100.79059178417577,101.91537475585938,1691122
2023-08-31,101.9329563827733,102.57443397192493,94.90309732189239,96.62541198730469,3272895
2023-09-01,96.66055783644053,98.85738869635964,95.97514768081709,97.5568618774414,1297165
2023-09-04,98.41802366851084,100.93998793852691,98.41802366851084,100.24578857421875,1116384
2023-09-05,100.61485556962444,101.06301095195657,98.4268138627961,98.69921875,541157
2023-09-06,99.60431196407167,100.26336123604946,97.99623013143884,100.0524673461914,526564
2023-09-07,100.6148495405589,104.12977878215047,100.6148495405589,102.71501922607422,2718676
2023-09-08,103.16318178814976,103.91010296332603,102.59200440565169,103.06652069091797,508116
2023-09-11,102.86440601338855,104.39340511852491,102.5920011321704,103.80464935302734,1400626
2023-09-12,103.59375663038496,104.12978390242085,102.72381347748893,102.95228576660156,672941
2023-09-13,103.59375673501906,105.4390933386183,103.03136856447826,104.29674530029297,1069984
2023-09-14,104.5603545265528,105.88724217706668,104.48127183754637,104.60429382324219,644523
2023-09-15,106.32661881304485,107.5392670934351,105.07003123163193,105.3863754272461,1183480
2023-09-18,106.30025389224747,106.49357608271913,105.01730546043963,105.14032745361328,568309
2023-09-19,105.36001037178464,106.32661461838534,105.26334927670499,105.4742431640625,1182515
2023-09-20,105.8696860649315,105.89604696514729,104.39341531507918,104.59552001953125,315138
2023-09-21,104.83276270436109,106.32660488469945,104.4461183594379,105.86966705322266,431649
2023-09-22,106.54628792959949,107.18776543770193,105.45666179000958,106.71324920654297,935514
2023-09-25,105.93118461415217,106.74840594575592,105.1930459738993,105.87845611572266,951744
2023-09-26,105.53575717530715,106.94172763818015,105.53575717530715,105.91361236572266,1608439
2023-09-27,105.88724824687213,108.34770151022052,105.64120426137646,108.18952941894531,2133979
2023-09-28,108.18952941894531,108.18952941894531,108.18952941894531,108.18952941894531,0
2023-09-29,108.18952941894531,108.18952941894531,108.18952941894531,108.18952941894531,0
2023-10-02,106.7659859785093,109.84154936060628,106.7659859785093,109.23522186279297,2449414
2023-10-03,109.79760657096344,110.19304015861654,108.96281350402228,109.14734649658203,810280
2023-10-04,108.96280469994355,109.65700401826115,108.5234385519599,108.83978271484375,492189
2023-10-05,109.01553982583984,109.62186732955854,108.87494612747092,109.2264404296875,619319
2023-10-06,109.40217806854889,109.49004996310615,107.55684146606313,108.16316223144531,760232
2023-10-09,107.20535208907437,109.08583887626834,106.32661969490162,107.38109588623047,1208486
2023-10-10,107.64471211240743,109.95577576302456,107.64471211240743,109.72731018066406,2511291
2023-10-11,109.79761119673356,111.90657030714614,109.40218429661704,111.08056640625,3225786
2023-10-12,111.39689787370096,112.15260823655908,110.61482661282155,111.03662109375,1990347
2023-10-13,111.32659740449171,113.70795443247525,110.72905917139988,113.05770111083984,4439674
2023-10-16,114.23520171993331,116.4232500260513,113.26859080356203,115.01727294921875,4608168
2023-10-17,116.51803058389424,117.4501748285654,113.16231272541734,113.67498779296875,2029300
2023-10-18,114.04784603028722,114.28088208965099,112.45388023764261,113.38602447509766,1482079
2023-10-19,113.6936348478006,121.88717651367188,113.44195191877469,121.88717651367188,6302984
2023-10-20,123.96586601065702,124.81410644841726,120.48895779913583,122.09224700927734,9568475
2023-10-23,123.27607335617293,126.7716141885786,123.04303730067922,124.9073257446289,8913065
2023-10-24,125.71828126400325,126.7716087410576,122.76338591412528,126.26825714111328,5911623
2023-10-25,126.48265776769185,134.2287743447613,126.30554808135524,132.83987426757812,12488263
2023-10-26,133.17544163351795,135.53376539834173,130.50019224400143,130.7705078125,4615358
2023-10-27,131.33910872720432,131.43232883417375,128.08593465548495,128.4401397705078,2964957
2023-10-30,128.44949063948897,132.36449395401345,127.06992102308185,131.283203125,4245368
2023-10-31,132.83055707853237,134.13555335345563,131.41369382047807,131.78656005859375,4348599
2023-11-01,132.8492040894561,136.18628225137635,132.25263233122072,133.79066467285156,5098989
2023-11-02,134.0423438366173,135.6176698694976,131.991629364312,133.091552734375,2622115
2023-11-03,133.28730419864388,134.6948368193804,132.3737926423486,133.36187744140625,2636536
2023-11-06,133.7627000676225,134.22877219329365,132.6907398679358,133.35255432128906,1875067
2023-11-07,133.29663243419319,136.2794912943357,129.48416573133304,130.1646270751953,3266614
2023-11-08,130.79848688784142,132.36448238745052,130.03412178203766,130.7518768310547,1868137
2023-11-09,130.7518768310547,130.7518768310547,130.7518768310547,130.7518768310547,0
2023-11-10,132.35516574512314,133.9491244302681,131.5255579405397,132.14076232910156,3682660
2023-11-13,136.55912429561215,137.86412047665726,135.16090800589598,135.70155334472656,5824162
2023-11-14,136.4659138209257,137.02520606565275,131.6280970646249,136.288818359375,4036993
2023-11-15,136.2888221424086,146.5144318614062,135.263457739745,146.27207946777344,11565263
2023-11-16,149.60915394183698,155.574871524927,147.38132972621824,153.78515625,10210729
2023-11-17,153.71057897886521,160.7948808688194,152.49880284958215,155.58419799804688,7757363
2023-11-20,155.66809541158176,157.4205312168027,152.87166255987668,154.48426818847656,3969912
2023-11-21,154.96898080080106,160.32881021195658,154.96898080080106,156.02230834960938,4729669
2023-11-22,157.06631441763247,167.72071693042474,155.7147080284502,165.27850341796875,11363194
2023-11-23,166.38775376993613,167.79528651053766,161.72703237582027,163.64724731445312,4496810
2023-11-24,163.64723408170903,165.9216682138665,161.96005534920957,164.99884033203125,3755051
2023-11-27,166.66740050272185,167.7673239284937,162.7523973621444,163.330322265625,3209494
2023-11-28,164.79376362200642,164.87766740813566,162.1371612382357,163.06930541992188,2587235
2023-11-29,164.08535585503242,170.95525462137718,163.3116743987274,164.73785400390625,6903940
2023-11-30,165.64204017672103,166.84451429543753,161.73635326248814,162.4634246826172,1956418
2023-12-01,164.04805986513432,167.31988082661545,162.84558590412237,166.63941955566406,2825609
2023-12-04,167.7859528306892,174.68381409103876,167.69273272309337,171.30014038085938,6160140
2023-12-05,171.4679257142927,177.0141809556479,169.23078528491325,175.8303680419922,6595463
2023-12-06,177.09809137394618,179.8758772594709,175.24311919397167,177.40570068359375,5259149
2023-12-07,181.76813090623963,190.70739095616815,181.76813090623963,190.53961181640625,10399092
2023-12-08,192.9352003195831,203.20743326826232,192.01238667514278,202.48036193847656,9672655
2023-12-11,191.19210980483223,195.61047871920877,188.61939676674803,192.70217895507812,7568538
2023-12-12,192.02171407402352,198.91957578344218,192.02171407402352,196.34686279296875,5560440
2023-12-13,198.91956799801284,201.7812575394875,184.0052606924931,191.37852478027344,6339915
2023-12-14,191.08957614782432,193.64365657870934,186.4568179687105,190.64215087890625,3573816
2023-12-15,193.41992311240216,197.23238950856992,191.08956259297562,192.15220642089844,5530685
2023-12-18,194.3707220101971,195.75029151067486,185.82296098770476,186.88560485839844,2689216
2023-12-19,187.46352816973177,187.46352816973177,172.8661459970879,174.0313262939453,5151889
2023-12-20,172.71699275179807,175.70918189541825,162.3329069211849,168.88587951660156,5400626
2023-12-21,170.12563909883968,176.17526030047839,167.36650013013292,174.34825134277344,3780236
2023-12-22,176.17525870810934,176.17525870810934,168.99775101282776,169.74346923828125,2166621
2023-12-25,169.74346923828125,169.74346923828125,169.74346923828125,169.74346923828125,0
2023-12-26,167.7766446502867,167.7766446502867,157.0103759765625,157.0103759765625,5473734
2023-12-27,153.8037880981266,161.16772135407433,152.62929156397996,160.1516876220703,3056055
2023-12-28,161.25163948843579,163.58200012153617,158.46452305082641,161.26095581054688,3885819
2023-12-29,162.19310574933638,168.71811575074645,160.80420564290046,164.71922302246094,4231939
2024-01-01,167.7859663325065,177.07012939453125,166.36910307870428,177.07012939453125,5757678
2024-01-02,179.90385249301195,182.68163856449897,174.3109866124002,175.14059448242188,7550848
2024-01-03,174.77705717330193,177.1074179356126,171.0484799536048,171.92469787597656,4338525
2024-01-04,173.37882734594467,173.56525334787477,168.7367530479418,172.04586791992188,2596225
2024-01-05,172.44668300961405,173.4720473547038,163.12524068477003,170.63832092285156,2478560
2024-01-08,171.41200356092688,171.41200356092688,165.98693148547306,166.73263549804688,1498188
2024-01-09,167.78596220803666,168.71810644252577,162.65916891834667,164.74717712402344,2521805
2024-01-10,163.5819849905994,167.78595006343463,163.5819849905994,164.1971893310547,2060132
2024-01-11,165.9216709828534,168.7181036398678,163.59131043534143,167.73934936523438,2997726
2024-01-12,168.72741455203615,173.37881917616167,167.32919826835743,169.10028076171875,4677929
2024-01-15,171.51454576177954,174.95416039546242,169.6968672790914,171.123046875,4818672
2024-01-16,169.4638263671966,170.47986017932246,165.05478807658082,167.4876708984375,2418910
2024-01-17,167.22666874724513,173.8448984527663,165.45560040410734,166.31317138671875,11099585
2024-01-18,166.5741678939965,168.25203032082158,161.26094872854367,166.84449768066406,4010734
2024-01-19,168.2613552171953,170.5823995445341,166.02421468301748,167.1334686279297,3038019
2024-01-22,166.87246628586814,173.36018224899482,165.92167517590576,172.62379455566406,5734670
2024-01-23,172.91276963509355,173.51865774769206,166.38775946018436,169.109619140625,10159241
2024-01-24,168.71811729322093,172.16704833796172,167.7952893213061,168.8672637939453,4035794
2024-01-25,168.62488100438185,168.62488100438185,163.61927117474298,164.8403778076172,2530462
2024-01-26,164.05738662574788,165.91235878813072,161.36349033474943,162.5473175048828,1907453
2024-01-29,162.19309537293904,162.70577754207218,155.20201367582962,156.2366943359375,1377436
2024-01-30,156.23669282453767,157.29933666328284,145.8805700018001,150.998046875,3832148
2024-01-31,151.49207485591384,154.26986050665633,151.00735590379654,152.53607177734375,3351993
2024-02-01,152.592012984239,154.139375874188,150.72772445853445,153.3284149169922,1707074
2024-02-02,152.13527876656144,154.40969893042487,151.52937643232707,153.319091796875,1298686
2024-02-06,156.6002300152515,157.43915412954777,154.130053504963,156.2366943359375,1813852
2024-02-07,157.06629387914984,159.1170082245851,155.66807761316335,157.9518280029297,2150325
2024-02-08,157.9518280029297,157.9518280029297,157.9518280029297,157.9518280029297,0
2024-02-09,154.73593643937886,156.55361477576554,146.49578516549823,153.2351837158203,2494374
2024-02-12,151.8928953792077,151.8928953792077,141.74184555441448,143.5781707763672,2975342
2024-02-13,136.60574501006212,141.66728154658682,132.81191102068343,137.81753540039062,8028276
2024-02-14,143.36378767390326,145.32128205366087,139.92417313535267,144.5382843017578,3004761
2024-02-15,143.55020849005612,144.01628059554332,136.19559123440385,137.96665954589844,3429739
2024-02-16,137.03451537335067,138.75898785349364,130.08072752263124,131.60011291503906,3333047
2024-02-19,130.0341329672902,136.4659231021213,127.70377216142478,135.6269989013672,2408832
2024-02-20,135.53375677740115,145.38652749234308,134.6109431510587,140.57666015625,4842958
2024-02-21,144.43574791644895,148.19228808588537,143.56886059583704,147.17625427246094,2639924
2024-02-22,147.26948382497835,151.5666696387271,145.41451153814072,150.4014892578125,3332872
2024-02-23,150.55060041370209,153.3377166142234,149.33882436628448,152.3776092529297,2791464
2024-02-26,152.87166399407803,155.9570593269961,151.46413123260288,151.9861297607422,2058485
2024-02-27,151.9395161332945,152.38694140070757,145.41450623799963,148.0151824951172,2009709
2024-02-28,147.27879395501063,151.93951528270085,146.3466496894726,149.8981170654297,1330837
2024-02-29,151.0073596577071,154.17664423277145,149.70236347347864,153.2351837158203,2557256
2024-03-01,153.71058757368374,159.30345330793628,152.43355444918186,156.94512939453125,4913473
2024-03-04,160.32880438116163,160.60845048929554,157.99844385236568,160.00254821777344,2933925
2024-03-05,158.93991427218506,158.93991427218506,155.20202087190768,156.56295776367188,1751828
2024-03-06,156.60023303845225,163.3862419989138,155.76130890796034,159.1170196533203,4477457
2024-03-07,159.3780150121804,161.11180383313504,156.64683927036802,160.28219604492188,2051551
2024-03-08,161.82023218881653,163.49808030145746,160.37540589325025,162.510009765625,2554872
2024-03-11,163.12524195234047,166.3877467913873,160.44066199043928,160.9999542236328,3805445
2024-03-12,160.43135394376338,161.26096179097777,153.80380748850482,155.8731689453125,1392960
2024-03-13,154.87576317718194,157.03834468855348,146.37461207376035,149.14308166503906,1478616
2024-03-14,151.00735920924214,157.89590422398732,149.60914292026766,156.82394409179688,1347599
2024-03-15,157.54169494622468,158.93059500244448,153.79448529316804,154.27919006347656,1152148
2024-03-18,154.7266209642408,156.78665168228403,152.87164888479091,154.92236328125,1348232
2024-03-19,154.26987802010996,158.4179172128301,154.26987802010996,157.29934692382812,4096343
2024-03-20,158.55775003081436,158.74417604485583,156.13416917809562,157.40188598632812,1601869
2024-03-21,157.34595294135138,159.02381544345886,156.04094245153775,156.75869750976562,2497754
2024-03-22,157.25272715421787,158.37129737414332,156.600229044544,157.345947265625,1546317
2024-03-26,159.2941229140573,159.48987945575675,158.1848690323414,158.31536865234375,432428
2024-03-27,158.46451766023918,161.26095032483164,156.69344932868745,159.05177307128906,1315627
2024-03-28,159.3034430701151,163.21846021120322,159.0704070128309,161.3541717529297,1197101
2024-03-29,162.19310549267786,163.5913219193389,159.95596489937745,160.83216857910156,1226728
2024-04-01,161.16774117694098,162.6964572353085,158.56706488024852,159.60174560546875,496875
2024-04-02,159.86274042548888,159.86274042548888,157.26206420105794,157.51373291015625,486851
2024-04-03,157.53237040671468,158.74416071606007,157.35526073228988,157.7001495361328,318163
2024-04-04,158.930592685443,160.79488116269158,158.61366705792489,158.995849609375,608445
2024-04-08,158.9305982398785,162.659175324685,158.9305982398785,161.9787139892578,1104270
2024-04-09,162.24901651396303,170.39596190912852,162.23970019242205,168.13084411621094,4389779
2024-04-15,167.31987903376415,175.05667851342986,167.31987903376415,172.88478088378906,4141503
2024-04-16,173.37883050225477,175.243119002279,170.11632562721235,170.42393493652344,1821081
2024-04-17,168.7647243289709,170.81543889531383,166.38775357606286,166.91908264160156,1804216
2024-04-18,166.8538285667178,169.10961605058915,165.45561212621456,168.39186096191406,980073
2024-04-19,169.1841795571545,171.84079633046676,167.33853794453537,170.7781524658203,1650575
2024-04-22,171.5145413709694,172.91275774084144,169.41721681616136,170.4425811767578,1949089
2024-04-23,171.04847518791544,171.04847518791544,167.01228875324085,167.9910430908203,1002141
2024-04-24,168.53168016241406,170.6756147428823,167.78596193137395,168.4757537841797,1025798
2024-04-25,169.1841778193701,169.97650610457526,167.41310947094843,168.1588134765625,780040
2024-04-26,168.7087810435819,170.1163136415099,166.85380899633026,167.41310119628906,1394534
2024-04-29,167.78595627165475,168.2427120508153,164.05737946561797,164.85902404785156,544816
2024-04-30,164.85903686960998,170.02310988930952,164.05739222502925,165.53018188476562,1495029
2024-05-02,165.8284448025165,167.5715641001664,161.7270160783585,162.75238037109375,1352457
2024-05-03,163.58199186482298,167.5995311177621,162.65916398027315,166.54620361328125,1323132
2024-05-06,168.72742764311877,170.58239984380887,166.39706698951483,166.97500610351562,1907971
2024-05-07,167.69274860700145,167.69274860700145,164.99885223365547,165.84710693359375,639574
2024-05-08,165.92166845904245,168.7087847518935,164.98952425421638,165.77252197265625,755068
2024-05-09,165.9216828054025,166.76060697292652,165.45561066269067,165.94964599609375,543502
2024-05-10,167.1800817141141,171.51454691137596,167.04025153857452,169.08164978027344,3143773
2024-05-13,170.5823977969357,173.14579448514104,170.11632567180746,170.7222137451172,3010465
2024-05-14,171.56114934350398,173.1924017552016,170.5357849953657,171.2535400390625,1498563
2024-05-15,172.33483490726815,173.052575744822,167.7859663784122,168.2240753173828,1155786
2024-05-16,168.25203511051149,169.6502514687706,165.68863845370313,166.43435668945312,995856
2024-05-17,166.85382571493136,167.97239600353726,166.1547175066286,166.91908264160156,583637
2024-05-20,166.85381051768027,167.73934465619635,163.87095194528274,165.05477905273438,1068484
2024-05-21,165.54882491582572,167.7766491101291,165.4556048012286,165.76321411132812,1005247
2024-05-22,167.0868539298545,167.77664578337524,163.12524093570175,163.33963012695312,814259
2024-05-23,163.8616310454202,165.87506603407292,162.1930991003245,165.0081787109375,850663
2024-05-24,165.0174873834401,166.6207765530386,164.9895241951767,165.4742431640625,551845
2024-05-27,166.34112963847963,166.38773969315608,162.06259117426964,162.85491943359375,959136
2024-05-28,162.85491943359375,162.85491943359375,162.85491943359375,162.85491943359375,0
2024-05-29,162.8455899811333,162.8455899811333,158.80940386141407,160.17965698242188,1142046
2024-05-30,161.24229643377012,161.24229643377012,157.662866192634,158.86532592773438,986891
2024-05-31,159.3780139718298,159.79747602409532,157.51372554096795,157.8213348388672,1050589
2024-06-03,159.16362931368747,159.16362931368747,156.11551365994723,156.3392333984375,898904
2024-06-04,156.6002326483133,157.9052288976923,155.57486829280668,156.3392333984375,695348
2024-06-05,156.57226711449036,158.76281173963966,154.87575779230798,156.07823181152344,551234
2024-06-06,156.67480851019252,157.81202564223415,152.8716582327178,153.80380249023438,843882
2024-06-07,153.91565400238338,154.04615362844248,148.67700786907764,151.50140380859375,1094964
2024-06-10,152.52675918566686,154.03682823014424,150.72771349307854,152.93690490722656,494236
2024-06-11,156.60022303845994,157.06629513083632,150.0658974237642,150.79296875,1237819
2024-06-12,150.07521752436202,153.3284059314913,150.07521752436202,152.72250366210938,640319
2024-06-13,152.72251227745093,160.99995786492693,152.00477143747014,159.9932403564453,3410316
2024-06-14,163.1159356092459,165.5488327927072,159.2102487301075,160.02120971679688,3917467
2024-06-20,160.32879610690603,161.54058636402019,157.5323636166693,158.6229705810547,1218602
2024-06-21,159.10770148573434,160.88810038526498,154.92236875705922,155.901123046875,1663127
2024-06-24,156.5909213937633,157.2527358618681,153.8038048997048,155.7706298828125,949262
2024-06-25,156.22738064088855,158.18487501495704,155.9104407888459,156.3392333984375,1275158
2024-06-26,156.57227707136326,158.0916768111064,154.27919586637512,157.1035919189453,1771467
2024-06-27,157.31799546899424,158.37130884253153,155.20202395267498,156.17144775390625,631886
2024-06-28,155.80790530529734,157.0476588614786,154.26987298603225,154.93170166015625,619788
2024-07-01,155.7147002655062,157.20612253586054,152.40558532358773,153.3470458984375,861269
2024-07-02,154.03683598293912,157.9052288976923,153.80379992245057,156.3392333984375,1869011
2024-07-03,156.69344329167467,161.7270162046531,156.69344329167467,160.2542266845703,2333905
2024-07-04,161.2516336036,164.5234546926474,159.96527002958848,162.30494689941406,2074150
2024-07-05,162.19310329600256,163.12524756781866,160.28220469410098,161.04656982421875,630950
2024-07-08,162.19309432121065,164.52345487180276,161.72702221109225,162.7803497314453,1185299
2024-07-09,163.13455677184663,167.29192630103523,162.0066702172637,166.29452514648438,2360032
2024-07-10,166.36909918136962,166.94703827932761,162.8922051652562,163.18116760253906,1118028
2024-07-11,162.33292174618884,163.49810210389447,160.32881722029242,160.6737060546875,652839
2024-07-12,160.7855765020591,161.12114902123767,152.87166622174357,156.59092712402344,1845431
2024-07-15,158.46451095287182,160.56183536254218,158.46451095287182,159.34072875976562,1096693
2024-07-16,159.34072875976562,159.34072875976562,159.34072875976562,159.34072875976562,0
2024-07-17,159.34072875976562,159.34072875976562,159.34072875976562,159.34072875976562,0
2024-07-18,159.86273336488551,161.90413147776582,159.86273336488551,160.30084228515625,946733
2024-07-19,159.6296978728819,160.7948781493263,155.20201282239321,156.7120819091797,754270
2024-07-22,155.6680874136991,156.6002316497093,149.60914987963298,150.30825805664062,1238594
2024-07-23,152.75980032078303,152.87165307642667,150.16844051016378,151.4361572265625,643449
2024-07-24,152.39626641305247,153.23519053691575,151.380218385041,152.0140838623047,415109
2024-07-25,154.72662191452173,157.9984429580099,152.9648699336601,153.8131103515625,1871917
2024-07-26,151.9581513480805,153.28179440424154,150.55060450420714,151.05397033691406,553381
2024-07-29,151.93019750296426,152.87165808170465,150.2709818640952,151.79969787597656,1065518
2024-07-30,152.3589689410804,152.87165110348388,150.075218461347,150.38282775878906,419403
2024-07-31,151.00735325766016,151.47342533561587,148.30414089487326,148.7049560546875,442354
2024-08-01,148.67700505437733,149.84218534477213,146.3466444735877,147.05506896972656,455827
2024-08-02,149.031219225643,152.3962603560855,146.53306537384546,150.42010498046875,792708
2024-08-05,149.16171124775795,152.8716409917147,147.74484815357795,148.08973693847656,613094
2024-08-06,149.1430714522315,149.98199553979364,144.9484225676375,145.47975158691406,830689
2024-08-07,148.20161887750675,148.20161887750675,144.0162860901296,144.37982177734375,737268
2024-08-08,144.48236330164323,151.24040932704267,143.73664503347229,148.15501403808594,1788041
2024-08-09,149.79557588215656,151.47343835165333,147.79147146409161,150.30825805664062,993319
2024-08-12,149.42272616263733,151.38022055416462,147.46521754771757,147.93128967285156,524436
2024-08-13,147.30675331770382,148.2016180476623,146.63560832608306,147.49317932128906,315369
2024-08-15,147.2881172148258,149.1337731883682,147.278800892153,147.744873046875,274557
2024-08-16,148.66768775542994,149.59983198161973,146.8127156248911,146.93389892578125,422177
2024-08-19,146.54240957354352,148.18297839774922,145.88058087167937,146.11361694335938,242451
2024-08-20,146.7754371463228,148.94732069203351,145.41450030822247,146.1229248046875,482621
2024-08-21,147.26948345622682,147.26948345622682,145.3492542456373,145.44247436523438,619322
2024-08-22,148.20161461134546,149.5905003957353,146.6822149817406,148.9752960205078,855443
2024-08-23,149.152391296814,150.63451141415646,148.21093075645513,148.49989318847656,839546
2024-08-26,149.7583000909906,149.7583000909906,147.27879294799865,148.36940002441406,294281
2024-08-27,148.21093764055084,154.2698753428375,148.21093764055084,150.2150421142578,4452213
2024-08-28,150.5226464490786,151.47343754731,149.24561340401138,149.85150146484375,603165
2024-08-29,150.06591062203424,151.00737121101486,149.61847113315883,150.6717987060547,475681
2024-08-30,151.00737690129503,151.24041297675998,149.56255038873363,149.78627014160156,458875
2024-09-02,150.06591275837906,150.99805703838376,149.51593682339765,150.15911865234375,240190
2024-09-03,150.53197913528135,152.489473514313,149.79557721717063,151.6785125732422,559209
2024-09-04,151.83696689180996,152.91825756832816,151.47343122580372,152.61996459960938,480568
2024-09-05,152.8623383119975,153.1046906928252,151.0073661627865,151.2404022216797,432468
2024-09-06,151.89290142920893,152.4055836071224,151.3802192512955,151.5386962890625,203585
2024-09-09,152.40557070304894,152.40557070304894,149.8981006279718,150.23367309570312,221170
2024-09-10,150.6904440686667,151.70647789564387,149.24561762498203,151.16583251953125,286217
2024-09-11,151.16583413221682,151.16583413221682,149.143082778836,149.73965454101562,545380
2024-09-12,150.77433185295502,152.91826646432156,149.7955775495711,151.81832885742188,608087
2024-09-13,155.20201144118445,157.81201808187075,153.33772301546452,154.1114044189453,1187187
2024-09-16,154.08345499113804,156.83327781997457,154.08345499113804,154.9037322998047,706624
2024-09-17,154.9037322998047,154.9037322998047,154.9037322998047,154.9037322998047,0
2024-09-18,155.66809594224338,157.42984807588752,155.20202379870372,156.80531311035156,980070
2024-09-19,157.2806991329381,159.303450497669,156.66549472280187,157.47645568847656,1449273
2024-09-20,157.53238731568175,158.3899583682262,154.73595440475248,156.27398681640625,1961771
2024-09-23,156.2739804128349,157.89591655513408,154.73594806420442,155.17405700683594,610433
2024-09-24,155.65877290779855,155.65877290779855,152.8716564891902,153.2258758544922,629118
2024-09-25,152.88097045970474,155.1460883409593,152.87165413780048,154.19529724121094,1009009
2024-09-26,155.10880241831987,155.668094675373,152.04205399707996,152.49880981445312,822239
2024-09-27,152.8530108053833,152.8716576730153,149.61846910577188,150.25233459472656,1350506
2024-09-30,150.27099150838205,151.42684135777117,149.5159426644312,150.34555053710938,442526
2024-10-01,150.53197793922985,152.40558273500037,150.53197793922985,152.0140838623047,1345003
2024-10-02,150.07522863228786,154.73595001838376,150.07522863228786,153.8876953125,1188133
2024-10-03,154.72663307211891,157.98913802923042,153.80380512097165,156.84259033203125,1709169
2024-10-04,157.53238301220392,165.92168151581242,157.4391628950289,164.5793914794922,4266996
2024-10-07,164.05739043095764,175.24312159670475,163.64724467913743,174.09658813476562,6851203
2024-10-08,175.2338067035879,180.36991651865907,175.22447615790236,177.470947265625,3913140
2024-10-09,177.470947265625,177.470947265625,177.470947265625,177.470947265625,0
2024-10-10,177.10740530772307,184.3781332124028,174.32028891430136,183.1756591796875,4131553
2024-10-11,184.6671033815002,197.60527050447848,184.37814093122267,192.6276092529297,10335161
2024-10-14,194.63172548713672,199.29244681478178,191.92849858306693,193.00047302246094,4824506
2024-10-15,192.9514884451828,193.9309376251076,185.6056195957469,189.6409454345703,2604133
2024-10-16,189.03369729667475,205.63535839664146,188.59294814176056,199.83702087402344,7297940
2024-10-17,200.79687491649835,203.23570880240234,196.86928900859215,197.72140502929688,2360218
2024-10-18,194.91039781052905,197.8389564041385,191.13951227681451,192.96128845214844,1771879
2024-10-21,193.9309415032876,199.7096858023223,192.36381680598564,195.56661987304688,2951260
2024-10-22,195.56662280199996,197.26106575787375,191.9720459793825,192.43238830566406,1750500
2024-10-23,191.48232396067277,194.39128936172784,189.13165179294765,191.3060302734375,1349294
2024-10-24,192.36381362294733,202.74598094405988,190.11109245751345,201.02215576171875,5843435
2024-10-25,210.5619838745827,221.12044500699008,204.70488186985483,220.35647583007812,23434446
2024-10-28,223.31441505236458,234.9502761980861,221.40449212319527,229.16172790527344,13463820
2024-10-29,231.13042169997766,233.54966245799395,224.29387036012238,225.80221557617188,5390420
2024-10-30,226.25276910796822,228.21166754180345,216.12526779189028,218.8775177001953,4858652
2024-10-31,221.35552828235456,224.9794874820061,214.2936926847112,217.23204040527344,8180925
2024-11-01,217.43773133703417,237.56541621335555,216.06650837875821,232.14906311035156,13095823
2024-11-04,238.59382768359788,244.60764508772655,234.0883554499916,236.71327209472656,11769120
2024-11-05,239.965058285104,240.4058074439328,231.00310392315208,234.25486755371094,11850635
2024-11-06,235.55754160125227,236.9777400064799,230.17057079540243,232.31556701660156,2892004
2024-11-07,233.10891454967754,234.0883637704745,229.68084227688814,230.699462890625,2112063
2024-11-08,232.12946682150073,243.39313293309252,231.3361153387873,241.74766540527344,8102129
2024-11-11,243.02093300967286,246.82120072392073,239.96505625936737,244.29421997070312,7702415
2024-11-12,244.21586751605864,245.35203221014945,238.2510252898956,241.26773071289062,5022222
2024-11-13,240.94450082067308,247.31092055780468,238.9856024400172,241.00326538085938,6994267
2024-11-14,241.92395642213148,245.74380238755523,241.14039406006253,242.41368103027344,2122582
2024-11-15,243.14826108818525,257.0074611298312,243.14826108818525,249.9358367919922,11165906
2024-11-18,251.8947487651921,251.8947487651921,248.30997589952003,249.97503662109375,1770889
2024-11-19,251.2385180288001,257.88895642142523,249.75954020617525,256.77239990234375,5409635
2024-11-20,257.5951466877864,259.5540451416859,248.7996968144361,251.58131408691406,5504897
2024-11-21,252.45304770929482,261.5129533981832,249.75956223421989,260.6118469238281,8900389
2024-11-22,261.4052212385856,269.83826482266625,260.5334970701605,263.6775207519531,8490259
2024-11-25,263.56978429354217,269.8382531620545,259.6519875144198,268.22216796875,4319599
2024-11-26,269.25057149576634,269.25057149576634,254.65678480611464,256.3316345214844,6240800
2024-11-27,269.3485393153353,281.83651704722814,264.94101776290256,279.9951477050781,8977194
2024-11-28,281.1019195537688,286.9786147360776,276.20467356851157,285.12744140625,6096870
2024-11-29,286.8708878206483,288.9375112656908,278.76101982659384,286.71417236328125,6545500
2024-12-02,287.08635358510816,290.3087499674511,283.4526052588858,286.54766845703125,4947243
2024-12-03,287.44877813815276,299.58413886543764,280.12248694968696,295.86224365234375,9718563
2024-12-04,301.67035703556087,303.5313045586707,293.83476334632553,301.6605529785156,6061286
2024-12-05,303.6292575559401,307.4001430230249,297.7917485864397,303.4627380371094,6456467
2024-12-06,304.6087137414163,305.6958880507773,295.5488082683999,296.56744384765625,4202813
2024-12-09,296.5674493063492,301.67037157305657,291.88568304703347,299.0650329589844,3517291
2024-12-10,300.1913744874332,300.6909031422774,282.1401329806377,292.5321044921875,4986236
2024-12-11,293.8347519767359,304.6086928825496,292.54187189433827,303.5900573730469,6446693
2024-12-12,305.68610657129096,333.9529966235057,304.62828467840933,333.0029296875,10549130
2024-12-13,335.9510791725421,366.30420063838704,325.6668624631786,356.2844543457031,11182736
2024-12-16,372.19071513638124,389.477988427132,366.32382369166555,378.7334289550781,8969500
2024-12-17,380.99593313429193,383.9440847787768,359.02689484475746,368.0769958496094,8441394
2024-12-18,372.1906902923881,403.49387787503116,372.1906902923881,386.9411926269531,13894652
2024-12-19,384.8745727985287,395.5799453169192,370.23179538977666,372.86651611328125,7768798
2024-12-20,376.10848932103784,396.67692233078213,370.4374701361773,388.8902893066406,6954013
2024-12-23,396.67692467001945,427.78424072265625,392.8668529473935,427.78424072265625,7656611
2024-12-24,431.05561216225897,455.44389201463645,419.51770142683824,423.64117431640625,9641958
2024-12-26,421.1533542313635,425.6196402163972,404.51252179788065,410.4675598144531,5442404
2024-12-27,414.54208774212566,426.06042039639675,407.49984529882295,418.92022705078125,4147020
2024-12-30,426.0604000546903,437.5689281021446,423.12205246810623,435.4826965332031,3799376
2024-12-31,439.3417445501877,441.7217990071892,428.01931383404906,431.63348388671875,3247258
2025-01-01,431.63348388671875,431.63348388671875,431.63348388671875,431.63348388671875,0
2025-01-02,437.3142783616713,438.7932562680444,419.43932986414495,423.1612548828125,3200243
2025-01-03,426.16814281354294,432.62273958363846,415.2864761468139,426.6578674316406,4069658
2025-01-06,426.06040553042766,430.93807334739535,402.122664492841,404.75738525390625,4556039
2025-01-07,407.01992390820595,408.7731464176618,382.9646529576495,398.03839111328125,7977242
2025-01-08,399.61527760421103,408.46950683024875,380.0262934079262,384.13018798828125,4702608
2025-01-09,384.1889450027556,393.758152834116,376.1084891805179,379.9773254394531,4678631
2025-01-10,377.087946388633,384.9235400798254,369.2425486403929,380.8882141113281,3407157
2025-01-13,383.84614845581183,388.8413455224714,380.07526293046993,385.3349304199219,2365661
2025-01-14,386.88244356123425,395.6974865790852,385.0214960133272,394.4731750488281,3313086
2025-01-15,396.6867413387641,401.5741834208301,389.85017496778084,392.5926208496094,2774787
2025-01-16,391.779692921078,391.779692921078,380.0752626388934,381.02532958984375,1683902
2025-01-17,381.00575581874534,395.67791625067093,377.14672340713685,389.8599853515625,3428854
2025-01-20,390.790423018953,393.7385746477916,383.9440827411301,385.20758056640625,1800695
2025-01-21,385.2075841257564,387.6659812915605,372.19069589220936,374.668701171875,1425622
2025-01-22,373.16035698274686,373.9537084771892,362.4451798886823,364.8154602050781,1899909
2025-01-23,365.75570974615124,378.459167140923,362.59210794130223,376.6177978515625,2589162
2025-01-24,377.05857552466085,385.90300097577307,374.14961008310996,377.1173400878906,2454169
2025-01-27,377.2348454090606,380.8098289352303,360.92702255267443,362.8173522949219,1986035
2025-01-28,361.8477110976157,362.3962002527107,346.8229641118263,356.58807373046875,3010812
2025-01-29,360.4373080658105,362.81736246439266,345.6476190665483,348.9189758300781,2140461
2025-01-30,352.5723427031454,369.24255794047826,350.1531018944398,363.0132751464844,3100589
2025-01-31,371.21124167819886,372.16130858470694,359.5753805602783,361.3775634765625,1983044
2025-02-03,359.5655888209285,360.0455392642317,347.8121981804667,350.0551452636719,1519429
2025-02-04,352.84656416346087,356.4607339988668,339.5358535046997,342.8561706542969,1749405
2025-02-06,342.80722351233595,345.7455711424417,328.21343626089435,335.51031494140625,3942888
2025-02-07,335.9510823062968,340.60346609916826,327.1360393303299,336.0588073730469,2193928
2025-02-10,335.93150898079057,348.6839272447531,330.46616551736486,345.9610595703125,3096218
2025-02-11,348.68392225144623,361.29923298503286,346.73482786896324,357.7536315917969,4148106
2025-02-12,359.4578460788629,359.8888061057221,353.2383378593605,354.7173156738281,1431736
2025-02-13,356.32361923721066,364.35511490911665,340.84833330207687,344.2666015625,9802906
2025-02-14,344.76611031416354,347.59673278317706,327.14582918434746,329.7413635253906,5779058
2025-02-17,329.5846499792179,329.5846499792179,318.81070896949603,324.61883544921875,2629757
2025-02-18,328.1154946930473,329.094943930937,323.610022220671,326.2545471191406,2278017
2025-02-19,327.91958484573144,335.65725754759677,327.1360374308068,331.4945983886719,4330552
2025-02-20,332.4740489896663,339.6240163245421,331.0734138912785,337.3125305175781,3677225
2025-02-21,338.88941229329777,339.37913687753667,330.564094361237,331.03424072265625,1505243
2025-02-24,329.19287424019535,338.88941511065383,325.1771266379684,335.5984802246094,2749531
2025-02-25,338.88943065156104,346.7250244238515,336.4506116548695,338.9677734375,4154143
2025-02-26,337.9099823234516,338.2527955299793,331.5435623666329,332.19000244140625,1231237
2025-02-27,332.0332841370885,334.9226712796994,327.1360380583704,328.25262451171875,1790217
2025-02-28,330.0743755631496,332.79724310363247,327.14583206299756,328.448486328125,2037751
2025-03-03,329.7805542404122,329.7805542404122,322.14083262390136,323.805908203125,679594
2025-03-04,325.1771519731871,328.11549973198095,322.2877647208722,326.76385498046875,1482958
2025-03-05,327.1458278620247,329.09492215150055,318.3209812477312,318.98699951171875,1457547
2025-03-06,319.3004568869255,339.9178517328123,315.54917939491565,337.5182189941406,7411335
2025-03-07,343.78666582357,368.27289558308354,343.00311842743247,363.5127868652344,12459622
2025-03-10,352.60170615906253,357.40100118147745,347.5085584472648,349.5556335449219,5436066
2025-03-11,348.6741222103097,380.9077999922869,339.88846141182785,372.8861083984375,14303880
2025-03-12,377.097764504998,383.9343011255822,369.2621705216715,374.7568664550781,7987668
2025-03-13,377.0781470292714,394.7180371112619,377.06837286251977,391.8580322265625,10540509
2025-03-14,396.6769454696678,399.2920881138077,382.0047849729796,388.1263427734375,5544763
2025-03-17,393.73858592242726,409.4097734218273,384.6492983683919,404.8259582519531,11410811
2025-03-18,415.26689449496604,418.22482040331005,405.0512163290525,411.96612548828125,6337613
2025-03-19,412.8378357775056,414.5518718691085,406.4714160086947,412.09344482421875,3738949
2025-03-20,413.4352795426968,414.30700366139394,404.83571692709114,409.4489440917969,5203140
2025-03-21,409.40976953605184,416.2561099449387,404.51252348896986,411.2021484375,4817237
2025-03-24,411.3686715910001,413.31776597003324,393.73858566567156,398.5281066894531,4023237
2025-03-25,396.4516614762703,413.3275827851336,390.32032950735965,410.26190185546875,8838908
2025-03-26,422.14262006272264,425.08096776617543,399.1353671096209,411.30010986328125,26879128
2025-03-27,411.3001080273257,414.34621067599227,406.47143049657285,412.1130676269531,7058563
2025-03-28,412.1130676269531,412.1130676269531,412.1130676269531,412.1130676269531,0
2025-03-31,412.1130676269531,412.1130676269531,412.1130676269531,412.1130676269531,0
2025-04-03,408.33237182226725,419.20426408863074,405.981699683966,414.845703125,7951282
2025-04-04,414.30701264632495,415.16893272696854,401.86799581874345,402.80828857421875,7055542
2025-04-07,393.7385839686666,393.7385839686666,362.5235423056573,379.48760986328125,11008162
2025-04-08,386.39272436145586,388.7433965543924,382.4749274097554,383.7481994628906,3663091
2025-04-09,380.02630474669485,383.8461508008588,370.1240872874229,378.66485595703125,3541402
2025-04-10,396.6769295667553,396.6769295667553,384.92353906107365,387.5190734863281,6063875
2025-04-11,381.975390913317,385.8736095610016,379.0958078215373,382.9842224121094,2175287
2025-04-14,384.5317782157314,386.2947748943774,374.639334897861,379.73248291015625,2239567
2025-04-15,380.026293734801,391.28015560031287,376.10849689217423,385.9715576171875,4853071
2025-04-16,391.77969120348354,394.71803888750964,374.6980942757782,376.6080322265625,21420604
2025-04-17,376.0007670376413,389.77182037285246,375.12904290385865,388.3711853027344,8906634
2025-04-18,393.73857434376794,394.2968675557167,380.02628568502973,381.81866455078125,6166801
2025-04-21,383.6502630724872,384.9235350745822,376.35335458628043,378.83135986328125,3226054
2025-04-22,379.0370292598732,382.96463004341035,376.3533480669576,377.734375,2582547
2025-04-23,380.80984772463665,381.0057495263188,372.28865737899315,373.2191162109375,2571096
2025-04-24,362.3961958505738,369.24253603968236,353.5811532488031,363.29730224609375,4077756
2025-04-25,363.8653713688999,368.0182263385671,348.65452675735906,356.4803161621094,5052480
2025-04-28,357.5479302555231,361.26985527210377,339.87868762788065,342.2783203125,2433693
2025-04-29,340.8483360726599,352.0042772817494,337.9099883478956,349.8984375,3381136
2025-04-30,342.8072236812646,345.7455713128183,331.5435577603087,336.4309997558594,4788705
2025-05-02,343.31653012297573,349.330362686241,340.84832884704764,345.7455749511719,1985423
2025-05-05,345.74555908942966,351.0248044948808,339.9178245367131,348.5271911621094,2025948
2025-05-06,352.60172035818806,362.5921143911707,349.32055948232687,355.7261657714844,4245140
2025-05-07,333.21840481635985,353.5811621058444,333.01272885314984,338.6445617675781,4694780
2025-05-08,342.90516839208783,346.2254856128054,304.7849926548913,305.1669921875,6176801
2025-05-09,305.1670126991013,328.11550165615824,293.83477760252975,323.0419616699219,6169450
2025-05-12,355.34417724609375,355.34417724609375,355.34417724609375,355.34417724609375,790882
2025-05-13,367.29345207866913,380.61396725213905,357.49896002323794,378.16534423828125,12176699
2025-05-14,380.13402280896446,380.13402280896446,369.25235631122536,371.12310791015625,4456811
2025-05-15,376.1085012565155,380.5160227556153,371.89688155798746,378.3416442871094,5525750
2025-05-16,380.016504592025,382.37698086919784,371.30921631057475,372.1417541503906,3298832
2025-05-19,380.0262838299449,382.9646313853311,375.42286070367305,377.4013671875,3779048
2025-05-20,377.4013861085201,377.4013861085201,370.49625107292337,371.6324157714844,1208442
2025-05-21,370.2905682866818,378.7530238620811,370.2905682866818,375.6187744140625,2320702
2025-05-22,376.1084969947095,378.80198232474976,367.29345409639603,368.5863342285156,2716652
2025-05-23,370.18283794100375,371.4071494437979,365.9222279331966,368.037841796875,1327584
2025-05-26,361.41674596951947,362.3961951455886,350.69176553539546,355.30499267578125,3235997
2025-05-27,354.5704178831913,360.7311318896225,354.5704178831913,358.8995666503906,1748982
2025-05-28,358.8995666503906,358.8995666503906,358.8995666503906,358.8995666503906,0
2025-05-29,358.89957221399106,361.26004843224246,356.6272428391078,357.7144470214844,1032202
2025-05-30,358.4882281296607,360.43732256446384,357.009250203117,358.4784240722656,890182
2025-06-02,361.4167505802762,370.4766555744972,355.5400554488896,358.2825012207031,3538803
2025-06-03,358.28251775012114,362.3570301493775,353.5811733842815,359.9573974609375,1089268
2025-06-04,359.93778140684367,372.6706211647503,354.56061479709217,364.4236755371094,10708506
2025-06-05,365.43250691893377,366.6078280389018,361.45594551006036,362.7292175292969,1333025
2025-06-06,362.7292175292969,362.7292175292969,362.7292175292969,362.7292175292969,0
2025-06-09,362.7292175292969,362.7292175292969,362.7292175292969,362.7292175292969,0
2025-06-10,364.3257221913042,364.35510447185453,359.9573871037811,360.7801208496094,1074354
2025-06-11,365.3835268972217,371.0153600252394,362.88594329226834,368.05743408203125,3644832
2025-06-12,368.889957426342,377.0879424578285,365.3345520435585,366.9702453613281,5791290
2025-06-13,360.1141194121969,364.2277883338046,355.638029159621,361.05438232421875,2859045
2025-06-16,361.05438232421875,361.05438232421875,361.05438232421875,361.05438232421875,0
2025-06-17,362.39620188136655,365.04072666207315,359.45785429854465,360.85845947265625,1265038
2025-06-18,359.5655924382843,362.8859396750193,356.7448037641465,358.595947265625,2343778
2025-06-19,366.999631690037,370.0359003348818,359.5655858674405,361.9554443359375,3770997
2025-06-20,362.3962130628413,368.1455752281551,361.9554489556516,364.63916015625,2304879
2025-06-23,359.44805715721736,362.78798256079966,340.8483261650415,347.18536376953125,3237272
2025-06-24,363.3756723582217,373.1505866501339,362.39622310658234,369.04669189453125,6562575
2025-06-25,369.74208492493557,373.1701572354979,365.33456338278404,370.12408447265625,4042537
2025-06-26,372.1907122604869,377.0879584744407,371.2112630176962,372.180908203125,5166688
2025-06-27,373.65988548310025,380.0165014929639,369.0075015878323,371.74017333984375,5165098
2025-06-30,374.6491216152018,374.6491216152018,369.2523469790362,369.7714538574219,1947831
2025-07-01,370.23179538977666,375.61876595761737,369.25234619562383,372.86651611328125,3141752
2025-07-02,374.63933051151946,382.86669806623775,373.21911717171366,380.43768310546875,6177353
2025-07-03,385.4132661027333,388.96867153565233,381.1134697014801,386.7061462402344,5493293
2025-07-04,387.8619008547429,388.8413500993256,381.10370704520614,383.85595703125,2785112
2025-07-07,384.4338122370293,385.90298604175683,382.23005152993807,384.0224304199219,2282968
2025-07-08,385.41326733351815,386.88244116071075,381.3975195611082,384.6786804199219,2107738
2025-07-09,384.9235515949207,384.9235515949207,375.03110828577155,376.1966552734375,4354521
2025-07-10,376.19665892653654,377.6756368592886,370.2416206370405,372.4355773925781,1647705
2025-07-11,372.43555892766216,379.37985018051523,372.1808925702994,377.5776672363281,2283313
2025-07-14,379.48761533118034,379.53657583641126,372.68043124065673,374.1398010253906,1544113
2025-07-15,375.56980490392255,376.50026370275435,367.4011723330864,370.1044616699219,2490436
2025-07-16,371.2112478678246,372.2690398550838,367.2934510565547,368.18475341796875,1337914
2025-07-17,367.3424146397432,378.55712006217664,367.3424146397432,375.51104736328125,3028459
2025-07-18,376.10851288645733,377.08796213876576,370.23181737260643,370.8880615234375,1639769
2025-07-21,371.2112570366093,375.5893962769586,368.2827134127847,373.07220458984375,1569762
2025-07-22,373.07218672773587,378.9488818084261,372.1906884437157,375.74609375,3038851
2025-07-23,380.12425436356455,380.5258321370627,374.1496080475488,375.3151550292969,1990887
2025-07-24,376.0986800984145,378.06738251009733,371.2112382676862,371.91644287109375,1120190
2025-07-25,372.19069824715876,374.1495966589859,370.23179983533157,371.3875427246094,976247
2025-07-28,376.08892702772005,380.71192860039037,375.1290560193913,377.3426208496094,3837682
2025-07-29,378.0772018355994,379.5365716040593,362.39621030581145,370.5354309082031,1811820
2025-07-30,372.1907116981229,373.3660627438635,368.27291473287954,370.9664001464844,1196885
2025-07-31,377.08795159650697,381.69137490982644,372.29843053921815,377.8617248535156,8288578
2025-08-01,377.5287002547451,407.84263459145353,375.17799829878305,403.2588195800781,21303484
2025-08-04,408.6360024707165,414.2090709478055,399.3802252360158,400.6241149902344,9926480
2025-08-05,400.3792556894796,402.45568327796127,393.94426706430136,395.6485290527344,2837718
2025-08-06,395.68768464790236,405.98170561454646,395.64852819982485,404.1207580566406,6288244
2025-08-07,405.4919658289546,416.2659069500138,402.55361825048396,415.0415954589844,12902144
2025-08-08,416.148385178609,420.18371114184004,407.4508714102691,409.3608093261719,8451959
2025-08-11,408.920031946514,416.89276260539816,404.071746557688,415.01220703125,6589771
2025-08-12,416.3638774974182,419.20427431257383,405.0316426279315,406.804443359375,7092334
2025-08-13,404.512525347868,406.4518455519748,399.6152792782812,401.4762268066406,4640177
2025-08-15,401.6721253337095,405.49197125878845,393.73858078751925,396.47125244140625,3778170
2025-08-18,396.6769280643027,397.754328167993,386.88243601333227,394.6298828125,3283860
2025-08-19,394.70823329770366,400.59473270011347,389.82079123385125,394.4731750488281,7453804
2025-08-20,393.7287766057204,394.47316756693175,388.87071691511926,390.3203125,3079336
2025-08-21,390.3203044618395,394.27725764998996,382.0635251117108,387.86187744140625,4776775
2025-08-22,387.86189638587916,394.228316402314,387.86189638587916,392.40655517578125,4085988
2025-08-25,392.26941414239616,396.67693564961405,391.69154268718887,393.552490234375,3128930
2025-08-26,397.6563824960401,399.5858986510588,395.31548451768987,396.05987548828125,3930982
2025-08-27,396.3831150210849,396.3831150210849,388.74339309892594,390.898193359375,4019510
2025-08-28,391.7796779344199,391.7796779344199,388.1067434537847,388.7041931152344,1746717
2025-08-29,390.31049765004445,399.6152648462186,383.9440779895042,392.83746337890625,4582421
2025-09-01,393.7385786859697,395.79542798554706,389.8697423869928,394.6690673828125,2818099
2025-09-02,395.6974898419769,398.381171173496,393.00400445320105,395.02166748046875,2653915
2025-09-03,395.6974694874752,404.73779619695944,394.2282957146257,399.2822570800781,6095181
2025-09-04,401.0746611877546,403.533088354069,396.197023084605,400.61431884765625,3805646
2025-09-05,400.83960100685346,412.7399032810196,399.6152894582681,407.5782165527344,9099927
2025-09-08,411.3784842994124,417.2453756741216,411.3686802420917,413.7291564941406,6476130
2025-09-09,416.23653774003947,416.2659200211301,406.50081006642944,407.40191650390625,3484491
2025-09-10,406.4714222352449,415.7566115085426,404.5125238148341,413.04351806640625,5531587
2025-09-11,415.04160855553636,415.28647086146884,405.6388900296459,406.6281433105469,2922115
2025-09-12,408.92005973691363,410.5851354093752,403.53308889008,404.29705810546875,2196077
2025-09-15,404.51253019339157,410.3892255472907,403.34698322363477,407.98956298828125,2852398
2025-09-16,408.41073279548857,418.46966518640573,407.35291093479225,415.8545227050781,8195107
2025-09-17,417.2453598017695,420.1739033490596,410.3892153918813,412.2012023925781,6373570
2025-09-18,416.16797956684155,419.204278214234,414.30703197341353,415.6390686035156,4776541
2025-09-19,416.0210469500229,439.1556322298505,416.0210469500229,422.9947204589844,13698237
2025-09-22,424.4932755847724,445.6298059739055,421.16315429632675,440.85986328125,15688342
2025-09-23,440.85986328125,440.85986328125,440.85986328125,440.85986328125,0
2025-09-24,452.50553213264345,454.2195682392065,439.2340073779938,445.571044921875,7839968
2025-09-25,449.5672030137081,449.5672030137081,438.8912122317713,442.2702941894531,5011958
2025-09-26,444.1802225093693,446.1391209548351,439.77270100707125,441.5455017089844,4679235
2025-09-29,444.1802228114749,470.1356272315501,439.4298880999058,468.764404296875,16285400
2025-09-30,474.4451836262132,478.4609312999564,460.92879670430557,462.74078369140625,11333762
2025-10-01,465.67915425374923,469.15618710809053,456.5310720261941,460.4292907714844,6837555
2025-10-02,462.3000226133268,475.03286221920234,457.892501211293,473.6028747558594,9331512
2025-10-03,474.0534174915564,484.63145700007686,470.33152245088894,476.58038330078125,11037656
2025-10-06,475.9927301493081,476.01230837264154,460.39008176926546,467.197265625,6829776
2025-10-07,467.197265625,467.197265625,467.197265625,467.197265625,0
2025-10-08,464.0140550073988,476.01230761708877,460.2823559747204,469.5185546875,10064153
2025-10-09,474.6411074863242,484.57270723281033,473.0739827248868,475.6793212890625,10375985
2025-10-10,474.0436070145635,479.9301062500332,470.72328978168747,472.72137451171875,5949405
2025-10-13,470.1356190279221,473.0739666468466,451.5260841080668,453.2303161621094,8739557
2025-10-14,460.36072096767674,479.73422573687924,460.3313386860971,476.6000061035156,9455804
2025-10-15,482.0,484.0,474.79998779296875,475.75,4620610
2025-10-16,476.5,483.5,470.0,471.6099853515625,2999501
2025-10-17,473.5,473.5,466.5,467.760009765625,2287461
2025-10-20,471.0,478.0,466.5,475.7799987792969,6030156
2025-10-21,479.04998779296875,479.739990234375,475.0,475.9599914550781,3148673
2025-10-22,475.8999938964844,482.8900146484375,469.75,472.3900146484375,5191458
2025-10-23,470.0,476.0,465.6499938964844,466.6700134277344,3196491
2025-10-24,466.0,473.0,462.1000061035156,464.9599914550781,2098333
2025-10-27,464.9599914550781,465.489990234375,448.0,449.8800048828125,3894343
2025-10-28,451.989990234375,463.5799865722656,443.989990234375,446.9700012207031,5660038
2025-10-29,450.0,453.44000244140625,438.5,440.5400085449219,3271608
2025-10-30,441.6099853515625,448.1000061035156,436.4599914550781,439.80999755859375,2774069
2025-10-31,446.1000061035156,451.8999938964844,444.010009765625,449.1400146484375,2756603
2025-11-03,451.0,454.45001220703125,448.1000061035156,451.260009765625,2394657
2025-11-04,451.0,451.0,441.0,441.79998779296875,1932057
2025-11-05,443.010009765625,444.989990234375,431.0,435.32000732421875,2742330
2025-11-06,436.8999938964844,439.79998779296875,429.19000244140625,435.260009765625,1880452
2025-11-07,438.1499938964844,442.3999938964844,435.5,439.7699890136719,1863312
2025-11-10,447.989990234375,447.989990234375,442.5,443.92999267578125,2230358
2025-11-11,443.8800048828125,443.8800048828125,428.1099853515625,429.7300109863281,3050764
2025-11-12,432.0,435.0,425.0,429.19000244140625,2820702
2025-11-13,430.1000061035156,435.0,429.0,431.80999755859375,1471548
2025-11-14,432.8999938964844,441.45001220703125,431.989990234375,434.3599853515625,3075145
2025-11-17,437.0,441.0,432.989990234375,434.5400085449219,2123408
2025-11-18,434.989990234375,439.0,432.5,435.8900146484375,911588
2025-11-19,436.989990234375,452.25,435.489990234375,449.1700134277344,6462988
2025-11-20,450.5,457.67999267578125,450.5,453.5899963378906,3497730
2025-11-21,452.989990234375,454.0,447.5,448.67999267578125,1923124
2025-11-24,450.0,454.7099914550781,443.989990234375,445.4599914550781,1997948
2025-11-25,447.3500061035156,447.9700012207031,440.7699890136719,441.5199890136719,854700
2025-11-26,441.7900085449219,448.1000061035156,430.0,446.239990234375,3168193
2025-11-27,448.9800109863281,454.5,445.0,452.3599853515625,3944056
2025-11-28,454.8999938964844,458.0,452.0,453.3800048828125,3821988
2025-12-01,453.989990234375,463.75,449.989990234375,459.6300048828125,3600096
2025-12-02,459.5,465.0,455.0,455.9200134277344,2938140
2025-12-03,456.0,459.9800109863281,453.0,456.1300048828125,2298671
2025-12-04,457.0,460.8999938964844,454.79998779296875,459.8299865722656,3088202
2025-12-05,465.0,467.510009765625,460.70001220703125,464.6400146484375,3605630
2025-12-08,467.010009765625,471.20001220703125,465.510009765625,467.5799865722656,3319030
2025-12-09,469.3900146484375,479.8900146484375,468.7900085449219,478.6400146484375,8569232
2025-12-10,479.9800109863281,484.0,470.260009765625,472.32000732421875,4557026
2025-12-11,475.989990234375,478.0199890136719,467.0,467.8699951171875,2862098
2025-12-12,470.0,473.25,465.1000061035156,469.3599853515625,2257552
2025-12-15,474.989990234375,475.0,466.25,467.5,2150263
2025-12-16,470.0,472.3999938964844,463.5,464.7099914550781,1445675
2025-12-17,464.7099914550781,466.8900146484375,458.5,460.2900085449219,1641055
2025-12-18,458.7699890136719,461.0,456.79998779296875,458.4100036621094,1450421
2025-12-19,460.0,464.3500061035156,458.0,459.3299865722656,1990758
2025-12-22,459.0,459.8399963378906,453.0,454.8399963378906,1952664
2025-12-23,457.8999938964844,457.8999938964844,450.0,450.6600036621094,1113786
2025-12-24,452.94000244140625,458.239990234375,450.0,456.1600036621094,1239146
2025-12-26,457.8999938964844,459.489990234375,455.79998779296875,457.57000732421875,1563279
2025-12-29,459.0,464.95001220703125,458.29998779296875,462.94000244140625,2825795
2025-12-30,465.0,475.1499938964844,463.29998779296875,473.5400085449219,4996351
2025-12-31,475.0,481.8500061035156,473.0,474.1600036621094,4701222
2026-01-01,474.1600036621094,474.1600036621094,474.1600036621094,474.1600036621094,0
2026-01-02,473.3999938964844,490.5199890136719,473.3999938964844,483.8900146484375,8222250
2026-01-05,485.0,494.0,481.32000732421875,484.6600036621094,5155557
2026-01-06,485.5,488.1000061035156,476.0199890136719,481.69000244140625,4990348
2026-01-07,484.04998779296875,489.0,481.6000061035156,486.79998779296875,2601988
2026-01-08,485.1000061035156,485.1000061035156,476.0,477.3900146484375,6932786
2026-01-09,477.0,477.8999938964844,470.0,472.2900085449219,2732676
2026-01-12,472.0,476.8999938964844,468.0,470.2699890136719,1797662
2026-01-13,473.5,473.5,464.1000061035156,468.5400085449219,4035352
2026-01-14,469.92999267578125,473.0,463.75,464.8999938964844,3531599
2026-01-15,467.0,469.70001220703125,459.95001220703125,464.70001220703125,1787303
2026-01-16,466.510009765625,484.0,466.510009765625,479.3500061035156,6781214
2026-01-19,484.0,494.5,481.1000061035156,492.1499938964844,9525818
2026-01-20,495.1499938964844,506.75,494.5,503.2099914550781,10292611
2026-01-21,504.0,506.45001220703125,493.760009765625,495.2699890136719,3718521
2026-01-22,495.8500061035156,498.5,493.0,494.8800048828125,1681121
2026-01-23,494.04998779296875,495.4800109863281,487.55999755859375,488.4700012207031,2111700
2026-01-26,490.0,490.5,481.0,483.55999755859375,1831566
2026-01-27,480.0,487.0,475.25,478.1099853515625,2405046
2026-01-28,480.1300048828125,484.20001220703125,477.0,479.94000244140625,2314736
2026-01-29,481.45001220703125,482.2099914550781,466.0,467.69000244140625,4323159
2026-01-30,474.79998779296875,480.0,467.70001220703125,471.1499938964844,3027960
2026-02-02,475.0,475.8999938964844,468.0,473.70001220703125,1530357
2026-02-03,475.0,490.3999938964844,473.7099914550781,484.7900085449219,5765102
2026-02-04,486.8999938964844,489.0,481.0,484.17999267578125,1811301
2026-02-06,484.0,484.0,467.1000061035156,473.0799865722656,2179985
2026-02-09,474.010009765625,477.2099914550781,460.989990234375,464.1499938964844,2586941
2026-02-10,464.9800109863281,473.0,464.9800109863281,467.25,1034218
2026-02-11,468.8999938964844,471.45001220703125,465.1000061035156,466.6600036621094,398722
2026-02-12,467.8999938964844,468.739990234375,452.0,458.25,1792635
2026-02-13,459.0,460.0,452.0,454.45001220703125,1015575
2026-02-16,457.8999938964844,457.8999938964844,431.0,435.7699890136719,2812794
2026-02-17,439.3699951171875,441.0,404.010009765625,409.3900146484375,4953188
2026-02-18,409.3900146484375,419.5,409.0,416.2200012207031,2087810
2026-02-19,417.5,417.5,385.25,394.32000732421875,1580795
2026-02-20,397.0,404.4800109863281,390.45001220703125,400.6499938964844,1172897
2026-02-23,399.75,403.25,380.0,383.17999267578125,1282403
2026-02-24,383.5,391.1000061035156,364.7699890136719,375.6000061035156,3049795
2026-02-25,380.0,382.0,370.0,372.1400146484375,777699
2026-02-26,372.1400146484375,393.8999938964844,365.0,390.4700012207031,2116617
2026-02-27,385.0,395.0,380.010009765625,388.95001220703125,926549
2026-03-02,350.05999755859375,365.5,350.05999755859375,350.05999755859375,4387143
2026-03-03,351.0,363.0,342.0,358.9599914550781,3977196
2026-03-04,358.9599914550781,369.5,350.5,364.9599914550781,4911003
2026-03-05,367.0,401.0,365.5,393.4599914550781,4376749
2026-03-06,394.0,399.25,381.0,383.9700012207031,1831687
2026-03-09,380.0,380.0,345.57000732421875,357.55999755859375,4761559
2026-03-10,388.9599914550781,393.32000732421875,369.6000061035156,371.92999267578125,3635050
2026-03-11,372.0,375.0,364.1000061035156,365.3800048828125,1414557
2026-03-12,360.010009765625,365.5,358.0,359.9100036621094,1814693
2026-03-13,357.0,361.6000061035156,351.0,359.2200012207031,1014515
2026-03-16,361.0,362.8999938964844,342.0,345.8399963378906,1354376
2026-03-17,345.010009765625,355.79998779296875,344.510009765625,353.3900146484375,1358674
2026-03-18,353.0,378.8999938964844,351.29998779296875,368.8500061035156,2840737
2026-03-19,365.5,365.5,358.1099853515625,362.9200134277344,1139721
2026-03-20,362.9200134277344,362.9200134277344,362.9200134277344,362.9200134277344,0
2026-03-23,362.9200134277344,362.9200134277344,362.9200134277344,362.9200134277344,0
2026-03-24,370.0,374.45001220703125,361.510009765625,363.8500061035156,1304843
2026-03-25,366.70001220703125,380.29998779296875,366.04998779296875,375.67999267578125,2649293
2026-03-26,372.5,374.0,359.0,359.92999267578125,2053453
2026-03-27,359.92999267578125,362.5,350.1000061035156,351.57000732421875,3430211
2026-03-30,353.0,353.0,320.1099853515625,329.3299865722656,3897991
2026-03-31,329.0199890136719,336.9700012207031,326.5,328.69000244140625,1861732
2026-04-01,336.0,355.20001220703125,333.0,348.82000732421875,4278988
2026-04-02,335.0,339.0,332.6199951171875,335.1400146484375,1844439
2026-04-03,332.79998779296875,346.8999938964844,329.0,337.2099914550781,2380646
2026-04-06,337.2099914550781,342.8999938964844,332.0,337.3699951171875,2431515
2026-04-07,335.55999755859375,337.8999938964844,332.5,336.32000732421875,1182209
2026-04-08,367.0,369.95001220703125,356.1000061035156,369.95001220703125,6192488
2026-04-09,367.989990234375,367.989990234375,357.04998779296875,363.25,3530910
2026-04-10,366.0,369.8999938964844,363.5199890136719,365.4200134277344,2903209
2026-04-13,354.510009765625,358.989990234375,348.0,350.1300048828125,2850338
2026-04-14,356.1099853515625,364.20001220703125,355.260009765625,362.2200012207031,1995341
2026-04-15,374.8999938964844,375.3999938964844,363.0,365.0,4050192
2026-04-16,369.8900146484375,374.0,368.0,369.32000732421875,2864456
2026-04-17,372.7200012207031,380.5,370.0199890136719,378.75,4647595
2026-04-20,374.5,387.70001220703125,369.5,378.30999755859375,4968374
2026-04-21,380.04998779296875,392.70001220703125,378.30999755859375,386.70001220703125,6383007
2026-04-22,386.0,397.6000061035156,382.510009765625,391.0799865722656,5174530
2026-04-23,389.5,393.8900146484375,386.7900085449219,390.1099853515625,2607401
2026-04-24,388.8999938964844,395.0,384.5,393.07000732421875,3332473
2026-04-27,390.25,394.8999938964844,385.79998779296875,387.32000732421875,2236284
2026-04-28,384.75,387.0,380.510009765625,383.25,2177920
2026-04-29,383.25,383.25,383.25,383.25,0
2026-04-30,363.510009765625,363.510009765625,352.75,357.70001220703125,3491137
2026-05-04,361.6400146484375,366.70001220703125,350.20001220703125,356.7099914550781,2064712
2026-05-05,349.8999938964844,357.989990234375,349.010009765625,356.05999755859375,2306235
2026-05-06,362.0,374.5,362.0,372.1499938964844,5157414
2026-05-07,373.989990234375,374.489990234375,368.5,370.510009765625,2732418
2026-05-08,368.0,369.45001220703125,364.0,364.9700012207031,1708430
2026-05-11,363.4800109863281,365.2300109863281,360.5,361.75,1115012
2026-05-12,362.0,364.0,355.57000732421875,356.25,1562716
2026-05-13,357.0,359.0,352.79998779296875,354.9100036621094,920230
2026-05-14,357.3999938964844,358.5,352.0,352.760009765625,2809695
2026-05-15,352.05999755859375,356.0,351.29998779296875,354.1400146484375,794334
2026-05-18,353.0,354.0,345.010009765625,346.6600036621094,1270861
2026-05-19,350.0199890136719,352.3999938964844,347.0,348.70001220703125,993697
2026-05-20,348.04998779296875,350.5899963378906,345.2200012207031,347.82000732421875,1492267
2026-05-21,352.0,353.2900085449219,350.0,350.8900146484375,1682711
2026-05-22,352.8999938964844,352.989990234375,345.0,346.3399963378906,1298700
2026-05-25,352.0,359.20001220703125,349.80999755859375,354.1600036621094,4870652
2026-05-26,354.1600036621094,354.1600036621094,354.1600036621094,354.1600036621094,0
2026-05-27,354.1600036621094,354.1600036621094,354.1600036621094,354.1600036621094,0
2026-05-28,354.1600036621094,354.1600036621094,354.1600036621094,354.1600036621094,0
2026-05-29,356.8999938964844,358.510009765625,355.0,355.4700012207031,3442404
2026-06-01,357.70001220703125,357.70001220703125,347.0,348.2099914550781,1673898
2026-06-02,348.5,351.8900146484375,346.5,348.7300109863281,1317489
2026-06-03,348.7300109863281,348.7300109863281,348.7300109863281,348.7300109863281,0
2026-06-04,346.79998779296875,353.70001220703125,346.0,351.19000244140625,1830695
2026-06-05,353.8800048828125,355.0,350.0,351.5,1453950
2026-06-08,348.0,350.510009765625,344.760009765625,349.2200012207031,1397339
2026-06-09,353.010009765625,353.9800109863281,348.94000244140625,349.5799865722656,1205796
2026-06-10,348.0,351.8800048828125,346.5,347.1400146484375,747083
2026-06-11,345.010009765625,350.3999938964844,345.010009765625,349.04998779296875,991784
2026-06-12,353.0,354.8999938964844,350.4100036621094,351.010009765625,2009871
2026-06-15,360.0,360.1000061035156,353.0,359.3900146484375,4898765
2026-06-16,362.0,368.1499938964844,361.1000061035156,365.95001220703125,5450434
2026-06-17,368.5,371.0,364.0,365.1400146484375,4041700
2026-06-18,366.95001220703125,368.0,359.75,361.0,3819990
2026-06-19,360.0,366.29998779296875,355.0299987792969,357.1400146484375,5046615
2026-06-22,359.94000244140625,359.94000244140625,352.010009765625,353.3999938964844,3445572
2026-06-23,354.989990234375,354.989990234375,351.0,351.9200134277344,2157069
2026-06-24,352.0,352.79998779296875,350.1099853515625,350.9100036621094,2737048
2026-06-25,350.9100036621094,350.9100036621094,350.9100036621094,350.9100036621094,0
2026-06-26,350.9100036621094,350.9100036621094,350.9100036621094,350.9100036621094,0
2026-06-29,350.0,352.2099914550781,339.989990234375,346.6199951171875,2560277
2026-06-30,346.6199951171875,349.4800109863281,338.1000061035156,342.3500061035156,2963633
2026-07-01,343.1000061035156,348.0,341.79998779296875,346.1199951171875,2785134
2026-07-02,347.510009765625,353.8500061035156,347.0,351.32000732421875,3720944
2026-07-03,352.0,353.8999938964844,349.54998779296875,350.6300048828125,2818921
2026-07-06,352.25,357.7900085449219,352.1300048828125,355.30999755859375,3862718
2026-07-07,356.0,359.0,352.0,352.32000732421875,3581220
2026-07-08,348.8399963378906,356.8299865722656,345.5,350.6600036621094,5481917
2026-07-09,350.5,352.70001220703125,348.20001220703125,350.6700134277344,2269347
2026-07-10,352.5,356.0,351.010009765625,354.29998779296875,1986584
2026-07-13,351.95001220703125,357.5,348.510009765625,356.6600036621094,4496960
2026-07-14,355.44000244140625,355.44000244140625,345.04998779296875,346.5899963378906,3052818
2026-07-15,347.0299987792969,351.5,346.04998779296875,350.6000061035156,1702024
2026-07-16,350.6000061035156,350.6000061035156,350.6000061035156,350.6000061035156,0
2026-07-17,354.1099853515625,354.69000244140625,347.0299987792969,347.6400146484375,2069338
2026-07-20,346.0,347.75,342.20001220703125,346.5199890136719,1649405
2026-07-21,349.0,353.5,346.0299987792969,346.95001220703125,2486635
2026-07-22,346.94000244140625,349.0,344.20001220703125,345.260009765625,1386852
2026-07-23,345.0,348.0,335.0199890136719,337.5400085449219,1816245
2026-07-24,336.0,340.20001220703125,332.2099914550781,337.1499938964844,1336129
2026-07-27,342.0199890136719,349.0,342.0,347.95001220703125,1734571
2026-07-28,348.489990234375,349.54998779296875,342.3699951171875,344.5899963378906,2268596
2026-07-29,342.75,344.0,339.6000061035156,340.3599853515625,1402691
2026-07-30,339.9800109863281,340.510009765625,336.0,337.07000732421875,1644272
2026-07-31,339.0,340.6499938964844,336.0,337.3500061035156,1566486
2026-08-03,342.2200012207031,351.0,339.55999755859375,347.489990234375,4337341
2026-08-04,350.5,357.7699890136719,349.0,353.6099853515625,8344351
2026-08-05,357.29998779296875,359.8999938964844,352.1000061035156,353.29998779296875,3114133
2026-08-06,354.0,357.79998779296875,351.5,352.3299865722656,2382732
2026-08-07,352.3299865722656,352.5,350.0,350.6700134277344,1569133
2026-08-10,352.0,354.25,350.0,353.42999267578125,1928818
2026-08-11,352.95001220703125,356.1000061035156,347.0199890136719,348.42999267578125,2836946
2026-08-12,348.510009765625,351.5,348.5,349.739990234375,992293
2026-08-13,350.5,354.1000061035156,348.0,350.6600036621094,3588665
2026-08-14,350.6600036621094,350.6600036621094,350.6600036621094,350.6600036621094,0
2026-08-17,351.510009765625,384.0,351.510009765625,382.0199890136719,22040309
2026-08-18,382.0199890136719,382.0199890136719,382.0199890136719,382.0199890136719,0
2026-08-19,385.0,387.989990234375,373.0,375.8500061035156,9055668
2026-08-20,382.0,390.9800109863281,373.04998779296875,376.1099853515625,18810902
2026-08-21,374.0,377.25,367.1000061035156,375.45001220703125,4134446
2026-08-24,379.45001220703125,384.3999938964844,373.54998779296875,375.4700012207031,5698581
2026-08-25,376.5,377.0,371.5,373.6700134277344,1377317
2026-08-26,373.6700134277344,373.6700134277344,373.6700134277344,373.6700134277344,0
2026-08-27,373.010009765625,374.95001220703125,361.510009765625,362.7699890136719,3234659
2026-08-28,362.010009765625,365.5,360.4100036621094,361.1400146484375,2322088
2026-08-31,360.8800048828125,368.8999938964844,357.510009765625,363.8399963378906,2541456
2026-09-01,365.25,370.8999938964844,364.0,364.9200134277344,3337078
2026-09-02,360.1099853515625,363.45001220703125,358.9200134277344,359.6300048828125,1405685
2026-09-03,360.1099853515625,362.5,359.0,359.67999267578125,1131799
2026-09-04,361.0,362.0,356.5,360.70001220703125,1480786
2026-09-07,359.0,362.29998779296875,358.0,359.7300109863281,849880
2026-09-08,359.1000061035156,360.75,352.7099914550781,355.1499938964844,829593
2026-09-09,355.6499938964844,356.3900146484375,352.0,352.7900085449219,556786
2026-09-10,351.510009765625,352.94000244140625,341.6199951171875,342.30999755859375,1667350
2026-09-11,340.010009765625,350.0,333.1499938964844,348.1300048828125,1702705
2026-09-14,344.989990234375,348.2200012207031,338.80999755859375,340.19000244140625,1138407
2026-09-15,344.0,346.6000061035156,340.010009765625,340.510009765625,615741
2026-09-16,340.54998779296875,342.0,337.5799865722656,339.5400085449219,976607
2026-09-17,342.0,343.8900146484375,338.3999938964844,341.92999267578125,675518
2026-09-18,342.8999938964844,347.45001220703125,342.8999938964844,345.6400146484375,675193
2026-09-21,347.489990234375,351.3999938964844,344.54998779296875,349.5799865722656,1115953
2026-09-22,351.0,351.0,347.0,348.8299865722656,629839
2026-09-23,351.0,354.0,349.0,352.5400085449219,1000350
2026-09-24,353.010009765625,355.29998779296875,350.3999938964844,351.07000732421875,1318060
2026-09-25,351.0,358.0,347.3999938964844,354.3699951171875,4602452
2026-09-28,354.5,356.989990234375,351.04998779296875,355.239990234375,1076916
2026-09-29,355.5,356.0,350.0,351.42999267578125,1233969
2026-09-30,351.010009765625,355.0,350.6000061035156,351.17999267578125,633475
2026-10-01,352.5,352.95001220703125,346.0,347.7300109863281,671335
2026-10-02,348.0,349.5,343.20001220703125,347.1000061035156,1021651
2026-10-05,345.010009765625,347.1000061035156,340.2300109863281,344.2099914550781,902924
2026-10-06,344.0,351.0,343.0899963378906,350.0299987792969,951488
2026-10-07,351.239990234375,361.4800109863281,349.010009765625,355.8599853515625,5013421
