date,open,high,low,close,volume
2021-10-08,344.7772780295034,366.65952314501016,337.44898113445765,354.7357482910156,153800
2021-10-11,347.5932896854905,349.5488074896283,333.9046650565261,337.6250305175781,203800
2021-10-12,327.55409219090654,337.3267866412719,323.1492840143199,332.6971130371094,472200
2021-10-13,334.589098755081,337.32681166786676,312.88283980787645,316.7156677246094,231800
2021-10-14,299.1942163254807,337.3268125238263,299.1942163254807,329.21142578125,687200
2021-10-15,325.1047971929546,342.2155759925838,320.7048826444785,337.038330078125,396800
2021-10-18,331.94906426799156,334.39346091208574,320.2159603763394,325.1242980957031,74200
2021-10-19,325.1242980957031,325.1242980957031,325.1242980957031,325.1242980957031,0
2021-10-20,324.6158791866029,332.92682790071774,322.66036184210526,332.0712890625,206200
2021-10-21,332.43797421938024,339.1356276089188,329.50469797626806,334.1197204589844,321000
2021-10-22,338.7933960367078,342.2155515522301,322.66037717781694,330.30645751953125,628798
2021-10-25,336.7400967596288,336.7400967596288,325.1047739746186,330.30645751953125,398458
2021-10-26,329.99359873177286,336.8379104091726,320.70489002673037,327.99896240234375,360602
2021-10-27,334.39350776705425,339.28230174025674,331.94911078045294,337.6005554199219,313236
2021-10-28,337.3268097556524,341.4822849482945,327.55900820419777,338.7152404785156,424510
2021-10-29,341.6680508961975,341.6680508961975,330.2380476875729,336.7010192871094,564330
2021-11-01,340.9836088498019,349.5487858501076,337.3268003308731,344.4595642089844,191632
2021-11-02,344.65996595658453,366.11199572833624,343.2422038064795,362.2547302246094,555554
2021-11-03,361.2818656239705,388.65911119222807,360.30410685367553,385.8333740234375,1212824
2021-11-04,390.3115267299053,399.41445851357344,386.2147150865643,395.6794128417969,618736
2021-11-05,394.9607599535568,395.0145295227423,387.68133899942404,390.8932800292969,236056
2021-11-08,381.5703715204378,395.9825266772298,381.5703715204378,389.85198974609375,624902
2021-11-09,388.6591103770531,393.54790421827386,374.4816082375128,385.4080505371094,453032
2021-11-10,389.6319890516474,392.081279625014,383.7703298075262,385.7453918457031,268640
2021-11-11,387.68134576676295,388.6346665192011,383.7703107527224,384.58673095703125,222656
2021-11-12,382.7925433275997,384.2591814246403,376.4322180058877,378.5343933105469,171640
2021-11-15,371.59719713576646,404.79211828842875,371.59719713576646,388.9426574707031,280232
2021-11-16,393.05901085663083,393.05901085663083,386.2635757234537,389.8226318359375,342862
2021-11-17,394.5256715609038,402.10330217948376,391.25017364833224,399.9473571777344,795480
2021-11-18,400.02064540657875,401.76105474617435,383.81917614735295,396.7451477050781,552820
2021-11-19,391.1034968738379,396.9700493269455,391.1034968738379,391.8123779296875,421876
2021-11-22,382.95388106096266,388.0626763892516,374.9704726814645,378.0406494140625,284682
2021-11-23,378.8814986566856,378.8814986566856,354.43753100141555,356.3050537109375,320086
2021-11-24,348.08213303744105,366.65955025011345,344.6599772351066,364.5426940917969,403180
2021-11-25,366.65955088741225,370.5217100922919,361.03743777380527,365.8333435058594,95410
2021-11-26,364.21513997182166,377.4148832996595,364.21513997182166,372.40386962890625,164928
2021-11-29,371.5434059843166,379.85924835771124,365.19776167986726,376.22198486328125,319694
2021-11-30,376.38822938607376,394.5256416191556,376.38822938607376,391.88568115234375,1717914
2021-12-01,384.7480831722236,390.60974233350623,381.8148068075052,386.7915954589844,62668
2021-12-02,387.18755820496375,387.1924517727592,357.7863464355469,357.7863464355469,221766
2021-12-03,342.21557031517733,369.0990429861526,339.77117338435465,356.63751220703125,611476
2021-12-06,355.61089219492493,371.4994729048923,348.0821373999003,367.9599609375,288150
2021-12-07,367.63730785749505,380.8321580554548,367.63730785749505,374.4034118652344,236466
2021-12-08,380.34818849497225,390.60976273940884,367.6373235838292,381.0423889160156,150166
2021-12-09,373.99275014284416,383.77033838187276,369.10395602332983,378.3535461425781,202896
2021-12-10,371.5483209078618,380.3481495609427,367.6372859509369,368.5906066894531,152710
2021-12-13,369.56841516249233,369.56841516249233,349.5487963148739,353.6553955078125,52642
2021-12-14,352.9709018894642,357.13127006406364,346.61547013799185,354.2273254394531,157384
2021-12-15,365.1879892058738,378.2704056842686,362.7484859679836,376.5446472167969,285918
2021-12-16,371.5482984034222,375.9433188958504,362.264484510949,367.3781433105469,108948
2021-12-17,364.2151604844243,390.609755058606,361.77076343419327,379.08197021484375,144836
2021-12-20,381.8148226308435,381.8148226308435,371.5483549288618,375.8260498046875,220780
2021-12-21,372.52606907105707,377.84997241634403,370.5705516481119,372.2620849609375,107544
2021-12-22,371.5483721455163,376.437166515852,363.2374217159455,371.46527099609375,149474
2021-12-23,365.1929500708931,373.2594610162341,365.1929500708931,368.37066650390625,47254
2021-12-24,365.1928880247172,375.45935475633576,365.1928880247172,372.0518798828125,62644
2021-12-27,367.1484077960125,375.9482364782072,366.17064905354647,374.2615966796875,21776
2021-12-28,375.4593793539344,375.4593793539344,369.5928265515292,373.09808349609375,23208
2021-12-29,368.1262106490535,373.25944466208813,365.74047664446033,367.0457763671875,215570
2021-12-30,366.6595113751237,378.3926157391277,364.2151146326229,375.10736083984375,286812
2021-12-31,374.9705173473131,374.9705173473131,368.6199784183429,371.47015380859375,472940
2022-01-03,368.6150388227274,381.81478159224156,368.6150388227274,379.6343688964844,133994
2022-01-04,380.3481926225177,390.1257811218112,379.6344179200897,389.34844970703125,267864
2022-01-05,390.1257462586114,390.1257462586114,383.7703143020175,385.7111511230469,24236
2022-01-06,381.3259317285437,389.6368815226274,377.85489992654686,384.6063232421875,82592
2022-01-07,384.7480780036195,398.43670085508245,383.770319228515,394.3056640625,287984
2022-01-10,393.30343781194796,398.92555034748233,391.10348073282586,395.8847351074219,144556
2022-01-11,395.7478571438558,395.7478571438558,381.35035347023876,384.1467590332031,279310
2022-01-12,384.7480602746301,387.6813364647798,378.9695025993759,382.929443359375,214336
2022-01-13,383.28145066270577,384.25920946541675,379.37041545186185,379.9228515625,95236
2022-01-14,384.74319169307716,383.2814470709353,378.88153249996793,381.3112487792969,108230
2022-01-17,381.27705830730696,382.79257252096363,376.43714028242914,381.3503723144531,240034
2022-01-18,380.59262009901,383.2765632815646,377.4149039389027,378.9450988769531,342658
2022-01-19,378.8815169500258,381.32591383357436,375.94824068976754,378.7641906738281,872570
2022-01-20,376.437115335975,378.6370725035229,371.53364092655823,376.5691223144531,409586
2022-01-21,376.4615787573478,383.77033180860263,376.4615787573478,381.13037109375,85988
2022-01-24,381.32590854781995,388.6590990968165,373.9976115667353,376.8575439453125,116300
2022-01-25,379.2481823419778,379.2481823419778,364.9484603522867,366.7866516113281,1440758
2022-01-26,369.0990369155883,369.0990369155883,361.47253055238633,363.72625732421875,345090
2022-01-27,366.3173361713004,366.3173361713004,362.992962149015,363.70184326171875,105396
2022-01-28,364.2151521943052,364.2151521943052,359.32635820511985,359.7370300292969,99394
2022-01-31,361.2818670925013,363.23738464103985,358.34859076969343,360.37255859375,90402
2022-02-01,359.3263493442701,363.22759730301095,358.06992573937276,358.8619079589844,102782
2022-02-02,361.765860146312,361.765860146312,357.8597185392021,359.3116760253906,354262
2022-02-03,360.24543107579564,364.2151291568146,359.81521484485313,360.83209228515625,131636
2022-02-04,364.2053359562371,364.2053359562371,351.99313909548806,355.4788513183594,339564
2022-02-07,358.34859005860716,358.34859005860716,355.4153137416199,356.63751220703125,26428
2022-02-08,358.8374726389462,358.8374726389462,351.9931611717183,353.45001220703125,46126
2022-02-09,354.43268114066495,354.43268114066495,349.5487805750945,350.174560546875,401946
2022-02-10,351.0055810263536,351.0055810263536,343.9266176904043,344.7039489746094,550580
2022-02-11,346.1266174101645,354.4375672632334,342.2155821851909,347.34881591796875,1250068
2022-02-14,351.4994105740147,351.4994105740147,334.8824038074744,339.06231689453125,166254
2022-02-15,339.0672157422581,341.2378416015865,334.9068470253092,337.3023681640625,207410
2022-02-16,339.77118844428236,339.77118844428236,334.8823943659474,336.47125244140625,157548
2022-02-17,332.9268643227071,336.83789943956714,332.9268643227071,335.3370361328125,501594
2022-02-18,335.371277842959,339.7711925668462,335.371277842959,338.8863220214844,169710
2022-02-21,338.3045511515946,339.5267496745411,336.34903351488015,337.2534484863281,17662
2022-02-22,335.8650482386132,335.8650482386132,325.58879349197804,330.4971618652344,320016
2022-02-23,330.48246177514585,334.29571498170856,330.48246177514585,332.3597717285156,148462
2022-02-24,320.2208830180842,321.3159680398537,311.41616073242574,313.1223449707031,578878
2022-02-25,307.99890832437467,325.1047933538478,307.97933405198347,312.33526611328125,167910
2022-02-28,311.90502673158136,315.8160615495322,298.7150713564669,315.8062744140625,139494
2022-03-01,327.54915556540305,327.54915556540305,315.05340091380435,318.90087890625,561358
2022-03-02,318.260472156216,318.260472156216,307.9940053124671,310.10107421875,454010
2022-03-03,310.4384525966195,310.4384525966195,304.68433188746485,305.4372253417969,67786
2022-03-04,305.4371777320602,314.8334250296816,305.4371777320602,312.8192443847656,274196
2022-03-07,308.97178068391867,308.97178068391867,297.27779379518466,298.6271057128906,257048
2022-03-08,296.2609325613684,312.3939536414429,293.58188285164897,297.9328918457031,553138
2022-03-09,305.5496317341153,310.92730525263573,295.7720435186236,309.43133544921875,168752
2022-03-10,317.7715810785771,332.6383891504152,312.9316635235415,329.9642333984375,919634
2022-03-11,354.68200516268905,354.7113367331741,344.9337487204191,348.585693359375,2806294
2022-03-14,349.05989380738845,358.5099410240213,343.19334097028946,348.5710144042969,719738
2022-03-15,350.5265029678774,354.5255325730998,349.59762024344934,353.5966796875,280464
2022-03-16,354.43752307882903,373.99269676593684,354.43752307882903,372.1153869628906,788546
2022-03-17,372.16434192623154,381.0570595278389,372.16434192623154,373.49407958984375,267122
2022-03-18,371.5483426958999,371.5483426958999,351.99806033273245,355.13665771484375,1239758
2022-03-21,356.8281853623321,360.3041106661915,352.7264801162241,354.3153381347656,257498
2022-03-22,354.46200098184033,356.881959965813,349.5487690076113,351.04473876953125,327858
2022-03-23,351.04473876953125,351.04473876953125,351.04473876953125,351.04473876953125,0
2022-03-24,349.5487801085385,351.99317717223454,339.8493994307067,349.24078369140625,705084
2022-03-25,350.585159495544,350.585159495544,344.1710647665464,345.1537170410156,448124
2022-03-28,345.14885238968486,346.1266111783242,340.74893784080786,344.3031005859375,563604
2022-03-29,346.6154886343874,351.1033978684861,345.6377298512156,348.9865417480469,580498
2022-03-30,349.0647860398072,352.4771547119019,344.68441586289066,350.8785095214844,1185244
2022-03-31,372.06674092205344,372.06674092205344,348.9202588020699,370.9603271484375,575240
2022-04-01,370.98972235810805,385.77448657607596,370.20643586039324,374.05438232421875,538206
2022-04-04,362.2755257767721,371.0582606644708,355.52935367036036,366.2507629394531,195758
2022-04-05,368.140483399238,375.98326896199103,363.3036129133002,366.88720703125,241366
2022-04-06,367.17112320555924,375.0041071672779,366.38783676157243,372.75213623046875,148557
2022-04-07,375.98322223244566,376.9623452070093,371.5771688469092,376.707763671875,857934
2022-04-08,375.10203843092063,384.78554965104945,374.02499712279894,380.35992431640625,278285
2022-04-11,393.705353209553,408.88175928296414,393.705353209553,404.17218017578125,1552134
2022-04-12,406.33604157033875,406.33604157033875,396.5448116529812,404.0938415527344,268638
2022-04-13,404.10364015516876,405.35691638258237,396.75041696532134,401.6362609863281,248357
2022-04-14,402.4195849437319,403.59454458918424,399.97177724942696,402.7916564941406,113277
2022-04-15,404.3778168604416,405.38631239976604,398.5030786009679,399.6192932128906,176127
2022-04-18,399.6780072007965,401.7831156043821,390.77775313330557,392.78497314453125,271650
2022-04-19,393.60743376718466,394.4886384637054,385.2946893172821,389.8280334472656,149133
2022-04-20,391.5512961321024,391.6492144117981,381.86778484361184,384.9715881347656,99930
2022-04-21,383.8260180401379,385.77446325472715,376.9623562260659,379.94866943359375,118497
2022-04-22,379.94867066796854,386.2640260112115,377.9414804571043,383.8260192871094,136856
2022-04-25,386.7536060180818,398.50308265660584,383.8358085625479,397.4554138183594,453184
2022-04-26,398.4932712886642,399.48219510791,393.7053752233736,395.5069580078125,352396
2022-04-27,392.7752020489548,395.5657086928062,378.9206169903861,385.2751159667969,202810
2022-04-28,385.5492513262589,388.7020285681747,370.11829323008243,379.4003601074219,358460
2022-04-29,379.4003601074219,379.4003601074219,379.4003601074219,379.4003601074219,0
2022-05-02,379.4003601074219,379.4003601074219,379.4003601074219,379.4003601074219,0
2022-05-03,379.4003601074219,379.4003601074219,379.4003601074219,379.4003601074219,0
2022-05-04,379.4003601074219,379.4003601074219,379.4003601074219,379.4003601074219,0
2022-05-05,379.4003601074219,379.4003601074219,379.4003601074219,379.4003601074219,0
2022-05-06,378.92062721239927,378.92062721239927,362.2755350609502,364.0771179199219,260105
2022-05-09,362.26571995953486,362.26571995953486,336.81832199605776,338.2478332519531,844360
2022-05-10,339.7556837198386,342.69305274335306,332.16748040909295,334.0767822265625,326352
2022-05-11,337.2980611066632,337.7974233812354,313.80891070633606,327.94744873046875,516537
2022-05-12,324.099536612181,332.80392515723213,314.62160259567094,330.03302001953125,230475
2022-05-13,329.9644723643913,338.7765799349537,324.1876522664489,335.51611328125,314661
2022-05-16,323.22806943973586,328.9853172728852,314.49430929757375,318.5870361328125,169251
2022-05-17,318.2149806940612,324.07991800725887,315.4049024146524,321.2012939453125,330334
2022-05-18,324.9709314556626,327.02709581863905,317.2946103969526,325.37237548828125,1021169
2022-05-19,323.1105989088412,331.82478787301727,321.15235285484823,324.95135498046875,1002228
2022-05-20,325.0688249722559,329.96443980617545,325.0688249722559,328.3782653808594,367505
2022-05-23,319.1941125449842,323.1106047234503,313.8578799996386,315.15032958984375,139001
2022-05-24,305.4863763477295,315.1503155878558,291.76885354036705,292.767578125,1789949
2022-05-25,289.91832547841284,307.34670287827544,275.133562242999,295.293701171875,1621976
2022-05-26,295.6951297825383,317.4316711425781,293.7466846811492,317.4316711425781,811886
2022-05-27,337.78764607469276,341.2341782792651,321.15235528204494,322.05316162109375,952772
2022-05-30,320.1732279172156,333.60679696266106,320.1732279172156,327.2326965332031,358905
2022-05-31,331.9226842635172,336.80849828429155,329.9938108323131,333.4305419921875,290431
2022-06-01,333.4305338200424,335.3985506075767,327.0270614361704,327.7809753417969,114749
2022-06-02,326.0773345299597,328.97553027040703,318.2149779619942,322.99310302734375,163977
2022-06-03,326.0381399251029,326.0381399251029,306.46548181442137,314.6607360839844,238860
2022-06-06,311.3611336133514,320.1732411684462,309.8043315309404,315.8161315917969,142591
2022-06-07,320.16342196490194,321.73002474959,314.3082855162725,315.0523986816406,155168
2022-06-08,315.08173446486467,316.55041880179937,304.0274585361339,314.5726013183594,416068
2022-06-09,314.29847541659825,327.02707410948227,314.29847541659825,320.61383056640625,359223
2022-06-10,323.99177297637635,328.1041012525266,319.7913272217963,325.9989929199219,182589
2022-06-13,327.5166346860801,327.5166346860801,307.4446137262456,312.4870910644531,214085
2022-06-14,313.3193681879559,316.7364979855075,310.8715606239875,314.6705627441406,176498
2022-06-15,316.2567312846728,319.1941003058927,315.2776082775995,316.7756652832031,76999
2022-06-16,315.27760127201543,319.3899297625309,314.788039779357,315.62030029296875,76446
2022-06-17,315.2776108424351,325.25487675611566,315.2776108424351,322.8658142089844,406616
2022-06-20,326.6354812082838,326.73339949709657,315.2776469567306,315.4049377441406,170762
2022-06-21,315.43428151266886,333.7830376833274,315.28741903305934,330.66943359375,689983
2022-06-22,330.93374105410345,336.76933508103923,326.83121369227575,327.9278564453125,356590
2022-06-23,330.9435675564122,337.014141990401,327.5753821115549,332.43182373046875,430097
2022-06-24,332.4611901508625,335.8391763255637,308.9132948417357,319.5759582519531,986800
2022-06-27,324.08973877004365,332.85290226903294,323.9428762844584,331.4429626464844,279273
2022-06-28,331.1883683443999,335.33984047305876,327.516656943686,328.5740966796875,240693
2022-06-29,328.99516038143247,330.6498808007536,313.8187524242137,317.9506530761719,498120
2022-06-30,318.0191806133143,325.95008394094873,315.76720936691515,322.9735412597656,620580
2022-07-01,324.07988739067537,331.9128707908367,316.74626624402174,321.632080078125,565284
2022-07-04,321.25026694421445,325.7542387857547,321.25026694421445,322.0041809082031,137461
2022-07-05,324.0799267621926,327.0270966862936,323.10080371822164,323.7078552246094,97572
2022-07-06,325.55842968748055,326.9291960469137,322.32733542021214,324.6576232910156,83718
2022-07-07,325.1569456048261,326.909584098884,323.10078137856055,324.2463684082031,142154
2022-07-08,324.2463684082031,324.2463684082031,324.2463684082031,324.2463684082031,0
2022-07-11,324.2463684082031,324.2463684082031,324.2463684082031,324.2463684082031,0
2022-07-12,324.2463684082031,324.2463684082031,324.2463684082031,324.2463684082031,0
2022-07-13,324.24635495224226,332.8038798479896,322.3762265595143,330.4931640625,161663
2022-07-14,330.94356530028597,342.64409679489205,330.94356530028597,339.14862060546875,525122
2022-07-15,342.69307425239344,349.4490174544191,339.36406179289173,340.74462890625,477914
2022-07-18,335.8294087678077,337.2099758679819,330.943594260445,333.5480651855469,256219
2022-07-19,333.88094830767136,339.26612489327897,330.238609494551,331.8541564941406,264511
2022-07-20,331.922695390013,332.90181838526377,328.0062034090099,331.1296081542969,155069
2022-07-21,333.8320127832877,334.3215743037909,323.1497768202532,324.9415588378906,322693
2022-07-22,332.89203174827276,336.818324687924,323.63933697800195,333.87115478515625,357237
2022-07-25,333.7830222390489,333.8711397227373,326.04795657272535,328.5447082519531,133680
2022-07-26,330.6694237510306,334.8306965387311,328.0062079716838,328.96575927734375,155649
2022-07-27,329.0048894552092,336.3091683216291,328.00619478328304,334.595703125,155968
2022-07-28,334.86006601398054,357.8694565149412,334.86006601398054,342.08599853515625,899110
2022-07-29,342.69307081405134,346.5997622595829,336.8379041614612,340.3823547363281,417938
2022-08-01,340.3823663280254,352.8759566735987,340.3823663280254,347.3145446777344,516580
2022-08-02,343.67217605320997,352.9738446358467,343.67217605320997,349.4685974121094,248289
2022-08-03,349.7427691747538,356.39099324184184,349.7427691747538,354.1096496582031,441099
2022-08-04,357.3701131141998,357.3701131141998,351.01561406977584,352.2688903808594,221746
2022-08-05,352.4842515766228,353.47317528862675,343.67214528720723,352.4255065917969,192701
2022-08-08,352.4255065917969,352.4255065917969,352.4255065917969,352.4255065917969,0
2022-08-09,352.4255065917969,352.4255065917969,352.4255065917969,352.4255065917969,0
2022-08-10,352.4842676736607,360.5130879450787,352.4842676736607,356.51824951171875,541781
2022-08-11,358.75065405324597,358.75065405324597,350.5260269937313,350.9666442871094,454164
2022-08-12,352.1905739178203,356.40079109116203,349.0573681978002,353.1305236816406,107832
2022-08-15,356.40079112537586,360.3172833355448,352.48429891520686,358.0555114746094,562902
2022-08-16,358.45694292450037,360.3172706829119,353.46340955579126,353.89422607421875,228465
2022-08-17,351.50516340320496,380.42846571661676,351.50516340320496,374.827880859375,784230
2022-08-18,377.94149792145737,379.80182574342354,362.2755290956975,364.0281677246094,589817
2022-08-19,364.23377477203763,370.01059479367336,360.9047623765581,367.2298889160156,229640
2022-08-22,362.32445972212264,366.9752940430332,360.3172694937044,362.8238220214844,198859
2022-08-23,369.1293769382532,373.29064975519634,364.72332336737213,372.24298095703125,701588
2022-08-24,379.89973080986437,389.2013994766007,374.12291098240496,382.95458984375,1295827
2022-08-25,383.8063793374693,385.3338086842778,379.8996884943391,380.9473571777344,560428
2022-08-26,380.878856806348,389.59304575461647,374.3187205852615,375.3761901855469,975580
2022-08-29,374.2697427270333,386.53815193435173,364.233732621207,382.2789611816406,846475
2022-08-30,391.64920122764056,392.62832423070967,382.83709420001867,385.92132568359375,971956
2022-08-31,383.8651729891301,394.58658214857843,382.8371057570575,389.4070129394531,977122
2022-09-01,390.83653753964234,400.2654668451877,389.6909504925497,393.62701416015625,1441558
2022-09-02,393.53888707237996,398.0134862042154,391.79604938581855,392.78497314453125,473641
2022-09-05,393.1178993373628,394.57678310067706,382.9545974328975,383.9239196777344,359030
2022-09-06,385.6667773887579,389.8867951783936,380.7613615388046,388.1929016113281,245854
2022-09-07,388.7118267835576,390.6700727623161,384.7953348260407,385.68634033203125,92284
2022-09-08,386.273861864771,388.22230726254907,383.7966816290331,385.29473876953125,104191
2022-09-09,387.62499604213906,388.71180816567374,383.8161934532597,385.97027587890625,171166
2022-09-12,386.65568536521306,390.6700958348469,385.29471986743926,386.4402770996094,139813
2022-09-13,384.89325350028895,387.243142701144,379.899720273183,381.0061340332031,156669
2022-09-14,380.6340868443892,385.77448287251275,379.0577130717208,382.6804504394531,390951
2022-09-15,384.6974444696418,389.05455404077264,379.80182916745633,383.6595764160156,554461
2022-09-16,385.284909986417,391.6492096431177,381.48590787200465,382.6412658691406,337641
2022-09-19,382.83708228013205,386.6458849861034,381.8579593075486,382.00482177734375,228296
2022-09-20,384.1981094223818,384.1981094223818,375.9930534506811,379.04791259765625,148863
2022-09-21,379.8997342678396,379.8997342678396,373.34939883036174,374.75933837890625,99224
2022-09-22,374.98457356259615,380.878883835682,367.17116050997623,378.646484375,293063
2022-09-23,380.7809427502434,382.7391888223768,373.0458767414093,375.9832458496094,163390
2022-09-26,372.2723401593545,378.4310320750483,372.2723401593545,377.8729248046875,132989
2022-09-27,378.9206414873845,380.87888769662163,376.0028438786535,377.9610900878906,173063
2022-09-28,378.7149958512056,378.9206033159327,368.89439329640135,371.0190734863281,275647
2022-09-29,371.087589259139,371.5771507225416,362.275482917893,365.72198486328125,229346
2022-09-30,363.2546373612337,371.0876214552764,363.2546373612337,369.599365234375,135527
2022-10-03,370.10849620645547,376.96235724731577,368.2481684714574,372.9283752441406,168221
2022-10-04,373.3004419515186,379.41015986737693,373.3004419515186,378.2939453125,184475
2022-10-05,376.0028056099715,380.4872057057737,374.5145493993902,378.0393981933594,140313
2022-10-06,381.85796745179067,406.38498648593225,381.84816666010806,406.2479248046875,2152848
2022-10-07,406.34582928066465,430.81410249469525,404.47570084099823,408.4313659667969,2868362
2022-10-10,409.2734207515598,421.9824482581802,409.2734207515598,410.9085693359375,635317
2022-10-11,414.16905509529965,419.4563136523382,406.82563213261705,415.36358642578125,477932
2022-10-12,413.6795010809012,424.8414982108964,411.23169338219765,416.3329162597656,594745
2022-10-13,416.71476023809157,440.0178759913471,416.71476023809157,435.8468322753906,1633734
2022-10-14,435.84681928623036,436.6888507095507,425.91849788935997,427.00531005859375,523206
2022-10-17,425.91847563497254,436.18946563508916,419.0646151075132,432.65484619140625,773204
2022-10-18,435.1614506388289,444.1302213605553,431.8030657493627,432.91925048828125,857574
2022-10-19,433.75148684332265,435.5530695687094,426.9955441530068,432.1065673828125,126464
2022-10-20,432.0380207953328,437.4721414559843,420.02419242446075,421.8257751464844,794018
2022-10-21,422.0020369319461,425.6248041895801,413.1899294322071,422.7559509277344,256395
2022-10-24,426.89761334950015,429.345420765495,421.15016631761813,424.5574951171875,163175
2022-10-25,423.96027481894413,423.96027481894413,419.0744604283911,421.97265625,139983
2022-10-26,419.9458447352086,432.1848821189607,418.18343530413324,424.3518981933594,582343
2022-10-27,425.91847854065304,429.8349702973487,420.1416591756191,426.6136474609375,366311
2022-10-28,426.89760526822135,436.64966146240664,421.5026282637493,427.8375549316406,551595
2022-10-31,430.79457127997784,435.3768599931332,427.48513058254423,434.45648193359375,204343
2022-11-01,434.73063916920137,444.02250745816383,434.73063916920137,441.8978271484375,503072
2022-11-02,443.54272359679385,444.03228510186756,438.26523622947684,442.4363098144531,221122
2022-11-03,444.01274785569495,447.4592503619089,441.58451184512234,444.5218811035156,576687
2022-11-04,440.59555886493104,442.4656874215748,436.19930606032494,439.6556091308594,224008
2022-11-07,443.5427249136903,445.1093277106701,438.64710984841776,440.34100341796875,220693
2022-11-08,440.60538380518483,441.58450688030746,436.6888915046943,437.8834228515625,98340
2022-11-09,437.8834228515625,437.8834228515625,437.8834228515625,437.8834228515625,0
2022-11-10,438.64713102799556,445.9905539804732,438.64713102799556,442.94549560546875,589876
2022-11-11,444.4238827989005,445.46175069289086,439.6457582180226,443.5133056640625,116050
2022-11-14,443.54275408642394,443.54275408642394,437.1882548754997,439.420654296875,80868
2022-11-15,441.53551841124687,448.9376857266099,438.6275219744641,439.4499816894531,378518
2022-11-16,442.5538235206734,445.4911927085919,439.13669359381026,444.2966613769531,306805
2022-11-17,445.5009921056426,453.3339765822253,440.8501575726716,446.5780334472656,359272
2022-11-18,442.5635739531093,452.35480346534627,442.5635739531093,449.2020263671875,474314
2022-11-21,449.2020308120442,462.13623675916415,448.3403978255677,459.4142761230469,501150
2022-11-22,462.14605487167086,477.8120228334224,461.1669318740614,473.3570251464844,1154985
2022-11-23,475.4131911471207,488.58240829276895,473.8857615597288,486.8983154296875,1151056
2022-11-24,490.51122636281724,490.54059885615305,476.8622500241672,479.68212890625,665044
2022-11-25,479.8779528387152,484.66587858799426,476.9405838775759,481.6795654296875,345922
2022-11-28,471.93726971557754,481.5326628322988,470.95814674936264,477.2049560546875,526024
2022-11-29,476.7252443118387,490.78543720772524,476.7252443118387,489.5419616699219,1051065
2022-11-30,492.4694668436078,493.67379881803697,486.1443410111019,489.9139404296875,568180
2022-12-01,489.56146671399824,497.2965319119873,488.5823437805702,492.07781982421875,336647
2022-12-02,490.5504305058903,494.45712176761293,483.6965694120818,486.9472351074219,323112
2022-12-05,487.60325280951713,488.4648858282875,471.93728484776557,473.3570251464844,258101
2022-12-06,472.4268596947438,478.79115935902536,470.9581751568327,475.8537902832031,263548
2022-12-07,474.8746413116903,481.7285021141271,474.8256971152862,479.23175048828125,390834
2022-12-08,481.23894990804416,481.7285114033728,474.87465046877196,475.1488037109375,100401
2022-12-09,474.8746683466703,477.3224759154676,470.37069644399065,475.0509033203125,135048
2022-12-12,474.87464249937256,480.26961964910294,473.89551952514705,478.85968017578125,210701
2022-12-13,475.8635968186146,484.4700668007155,475.8635968186146,481.8753967285156,260410
2022-12-14,481.9243723205275,502.29011960373714,481.875398240241,498.618408203125,861114
2022-12-15,499.35276458295135,501.7907714600488,489.56153390485423,491.5099792480469,491427
2022-12-16,491.03023913120273,508.75234349856424,490.54067757673494,504.1505126953125,601147
2022-12-19,503.7000559614295,509.6824833560722,498.373624266455,499.1177673339844,225118
2022-12-20,502.19224086315825,502.19224086315825,475.85380667180806,482.53143310546875,564124
2022-12-21,478.79113544686965,489.56148818698324,478.30157395868264,479.9660949707031,223232
2022-12-22,481.72852636132217,489.5517097378401,478.4190857692666,486.4479064941406,320302
2022-12-23,487.6032553086539,487.6032553086539,475.85377927712005,476.6762390136719,328442
2022-12-26,477.8120339760399,484.66589511913884,472.074387418868,474.6886291503906,194753
2022-12-27,479.57444099396224,479.57444099396224,464.1043093027234,469.029296875,325373
2022-12-28,467.1396045080747,468.9999322926417,438.79398078162626,448.8202209472656,1117213
2022-12-29,454.80264109060414,468.26558256529904,440.60535735365306,466.2583923339844,617935
2022-12-30,469.8615595711937,479.7702797517225,463.6930666175365,473.8269958496094,388706
2023-01-02,474.8746921172271,474.8746921172271,466.1702736242489,469.4013977050781,184508
2023-01-03,474.82573940915546,474.87468360991915,468.7551644912346,472.68145751953125,208569
2023-01-04,474.3851240482029,477.32249323735584,470.95819332752444,472.5541687011719,114409
2023-01-05,473.4060019088861,480.2598633636166,472.42687884392456,478.5855712890625,225989
2023-01-06,482.56078166116873,489.71816847689564,477.8218298763956,486.4576721191406,630424
2023-01-09,486.4282743307308,490.0412404417474,478.7911271987633,480.9060363769531,209418
2023-01-10,484.7736022892395,496.4153897767248,480.74942086858357,488.2593078613281,409589
2023-01-11,491.5197418354807,492.40094655192195,484.66588089355173,486.4772644042969,473189
2023-01-12,489.414660357462,500.33187634066155,484.6952801059902,487.4074401855469,736603
2023-01-13,485.6450131280558,489.51256097107927,475.85378302466756,484.3036193847656,332388
2023-01-16,487.58369465568484,487.5934655672179,474.3851055241754,477.332275390625,250608
2023-01-17,480.6417051612646,480.7493943489447,442.19152571988036,448.4775085449219,1039177
2023-01-18,448.63417683496203,473.89553863654294,448.63417683496203,470.6938171386719,499573
2023-01-19,471.92749168283956,477.81203055532023,468.99992343442295,470.26300048828125,446402
2023-01-20,468.99991661340255,473.8955316093671,463.1251786182451,467.629150390625,256925
2023-01-23,470.4686241486902,472.818513485723,465.08344738944396,468.81390380859375,79845
2023-01-24,468.81388496664755,473.7486732924088,460.383650212249,465.8960876464844,260335
2023-01-25,469.9790354527853,474.77673213027333,459.2086825569923,463.2034912109375,861650
2023-01-26,463.7909838922901,470.4686100448835,461.166941375942,464.1630554199219,934245
2023-01-27,467.0416612909459,467.96203928224975,449.4272484488696,452.3156433105469,1062121
2023-01-30,453.3339496966534,454.3620168960482,441.5942744703607,442.6908874511719,350886
2023-01-31,448.43834455627143,453.2850154725475,443.5427294410283,448.4579162597656,688756
2023-02-01,450.4063793855074,453.33394758461907,445.5009636090749,446.4507141113281,217983
2023-02-02,444.03227837486463,455.1942745453509,444.03227837486463,452.1785888671875,433983
2023-02-03,455.92860095741884,459.2086688538961,440.60533258902615,445.5596923828125,793417
2023-02-06,449.4076380394577,450.3965617912252,445.0113855089388,448.0858459472656,586180
2023-02-07,449.17269200982435,477.9099590442023,446.52904786488347,472.82830810546875,1770068
2023-02-08,475.3642237719091,487.60326145913643,475.3642237719091,483.128662109375,686338
2023-02-09,486.61434091869273,489.56151077530836,475.60900771821207,478.5659484863281,802134
2023-02-10,476.9308214907978,478.791149223344,469.97904218242354,475.4425354003906,682907
2023-02-13,470.9679900512753,477.80224984883364,460.88300466069427,462.5279541015625,309789
2023-02-14,466.9437908590182,466.9437908590182,450.602224263972,451.91424560546875,480563
2023-02-15,449.41747585024655,466.0625675484038,448.9279143297125,463.3406066894531,456048
2023-02-16,465.181325799418,473.3080344419158,462.14603863736,464.1532287597656,538151
2023-02-17,467.0318923190368,473.4059929125552,460.1878317867651,469.861572265625,345703
2023-02-20,471.937284139094,484.66588308890357,471.0560794186612,477.17559814453125,742849
2023-02-21,479.2807265225247,489.071956890707,474.9725911366172,485.9387512207031,626151
2023-02-22,488.5824057087496,493.9675825251787,485.6450365361519,487.2116394042969,528514
2023-02-23,485.64504205207805,486.52624683777316,476.8329344341976,482.95245361328125,337554
2023-02-24,483.6867364661807,485.15542088864885,478.83029500908174,483.8727722167969,226807
2023-02-27,482.51179136952857,488.58236578233556,479.7702589846582,483.41259765625,159271
2023-02-28,479.81921713210744,489.30692145056565,465.96463257347347,469.46990966796875,612324
2023-03-01,468.9901455838301,470.95819249884835,458.3275109838079,466.9535827636719,526911
2023-03-02,468.89224339219004,473.89554774580944,461.6565098391511,463.16436767578125,412386
2023-03-03,463.12518360392477,474.7277972453588,460.29550376317286,472.97515869140625,492129
2023-03-06,475.853792981323,479.7409126089198,472.1527091200201,473.8172302246094,362806
2023-03-07,473.9053171679815,477.34201846596534,471.01689246102234,475.5404357910156,229153
2023-03-08,477.32245926871923,480.74938974552026,476.6958062103393,477.1168518066406,181600
2023-03-09,478.69319876688706,480.7493629143031,475.8537482206748,476.86224365234375,260659
2023-03-10,476.9308361343971,483.67697830501567,470.9581796471862,482.2474670410156,382764
2023-03-13,485.3512687379413,488.58236259046305,481.72850179260087,482.0026550292969,408102
2023-03-14,481.93412586946397,486.6241334294078,481.7285184049671,484.1861267089844,286178
2023-03-15,481.83618054918696,485.59603897173764,473.89550776784705,479.00653076171875,337970
2023-03-16,478.6932346414351,482.15933847081203,473.5038946294704,474.51239013671875,426471
2023-03-17,474.5123676543501,478.7911302336419,449.9951202263681,456.5160827636719,4075478
2023-03-20,459.1107384384269,464.09447059401685,458.13161550301527,461.03961181640625,232295
2023-03-21,463.1056083377071,463.1251800407845,458.2295650297826,459.8059387207031,194626
2023-03-22,460.1878338344041,461.6467176182157,452.4527677098761,453.4808349609375,176961
2023-03-23,453.4808349609375,453.4808349609375,453.4808349609375,453.4808349609375,0
2023-03-24,457.74000976909264,457.74000976909264,446.48009509028077,448.09564208984375,84304
2023-03-27,450.27911570861266,458.2295901413011,449.4174826385838,457.41693115234375,147167
2023-03-28,458.2295911446296,459.2087142026309,454.4599613952315,456.1832275390625,90317
2023-03-29,456.28113442200873,459.2087027305468,452.6485664536392,453.5591735839844,128805
2023-03-30,453.5689156209322,455.047400869205,450.39656675596405,452.5702209472656,163329
2023-03-31,454.3130752427451,454.3130752427451,451.37570622177907,452.41357421875,148918
2023-04-03,455.2823942945094,460.18781008718685,451.37570308551733,456.9762878417969,103617
2023-04-04,456.2811497440965,457.25047201810355,455.2922258852637,455.92864990234375,57728
2023-04-05,459.189123506772,459.2086952101553,455.2922031401327,457.3287658691406,100701
2023-04-06,459.1108014978498,463.14478376494446,457.7400351760893,462.204833984375,110205
2023-04-07,465.3282073003207,465.3282073003207,458.3274838030891,459.3751525878906,59903
2023-04-10,460.148660043052,460.148660043052,453.3437727763212,454.0976867675781,30130
2023-04-11,455.2922027737298,456.662969021042,454.31307975701213,456.2223815917969,38760
2023-04-12,457.3483734303699,474.86486890463976,457.3483734303699,472.9555969238281,416645
2023-04-13,476.83286619639085,479.7702349819949,471.93725155371743,472.8086853027344,226131
2023-04-14,472.8086853027344,472.8086853027344,472.8086853027344,472.8086853027344,0
2023-04-17,475.8537583170818,476.832881276582,468.0207746410805,468.3438720703125,121171
2023-04-18,469.97904779439585,471.93729382687246,465.0834327132042,470.3217468261719,178608
2023-04-19,451.37571785485045,456.76089453207754,439.6262414681732,453.7452087402344,942217
2023-04-20,452.35481809323005,454.3032632674249,447.80190219890363,452.8052062988281,258739
2023-04-21,452.8052062988281,452.8052062988281,452.8052062988281,452.8052062988281,0
2023-04-24,452.8052062988281,452.8052062988281,452.8052062988281,452.8052062988281,0
2023-04-25,452.8052062988281,452.8052062988281,452.8052062988281,452.8052062988281,0
2023-04-26,451.37570083971906,460.1878077975444,449.4174548490912,452.1785888671875,451019
2023-04-27,452.3548566860039,456.95674705036345,452.3548566860039,455.92864990234375,462347
2023-04-28,460.0898810145526,460.1877992883659,434.7306018809244,445.4226379394531,2027881
2023-05-01,445.4226379394531,445.4226379394531,445.4226379394531,445.4226379394531,0
2023-05-02,445.50096361660474,446.4702858218467,437.66797964092814,440.4780578613281,677453
2023-05-03,440.6053576703424,442.5636037044328,429.3454429743225,431.2253723144531,580196
2023-05-04,430.79452693722493,440.6053281538172,419.5737563996423,438.97998046875,1441953
2023-05-05,439.6164256800713,441.5844724694548,431.89116075719346,433.0269470214844,245999
2023-05-08,432.1065831553994,434.6229365160497,422.0020263054971,422.716796875,219468
2023-05-09,421.0327193556164,425.8695896941983,413.689296357421,418.0072326660156,491230
2023-05-10,411.2316448195769,420.0437514942821,411.2316448195769,412.553466796875,309451
2023-05-11,415.60837807177876,419.06468137481505,411.2904416710226,413.67950439453125,307459
2023-05-12,416.12729346796425,419.847949080904,414.1690473810562,416.11749267578125,379375
2023-05-15,413.28118186115046,417.1087621590099,410.3368847164986,416.1665954589844,177059
2023-05-16,419.07158805236736,420.8381541949301,414.16442659976354,415.2047424316406,181031
2023-05-17,418.97347344083903,418.97347344083903,409.3554481796497,410.20928955078125,149691
2023-05-18,412.2015677152528,413.5755669507829,394.10395363187007,399.6195983886719,306236
2023-05-19,400.42440163635956,403.8594148856911,394.5358074946484,398.1867370605469,392783
2023-05-22,398.46153919919556,398.46153919919556,389.6286479361592,393.5347595214844,376817
2023-05-23,390.61008229525044,400.4244059710105,390.61008229525044,395.29150390625,504078
2023-05-24,397.5782592581944,399.34482554462306,391.60133971628596,392.96551513671875,295363
2023-05-25,395.41908856028317,402.3872642484315,385.22202199930484,392.00372314453125,428235
2023-05-26,397.4801153590237,397.4801153590237,381.28648102958203,385.7618103027344,651807
2023-05-29,381.7771697041975,401.52358304687647,381.7771697041975,398.23577880859375,751047
2023-05-30,398.4615302920632,408.5997131922637,396.1060986647608,406.6662902832031,800932
2023-05-31,407.28459612996045,407.3042439453096,392.57293497603376,395.47796630859375,876979
2023-06-01,395.51721340869057,401.88669939516603,395.51721340869057,399.4822082519531,447927
2023-06-02,399.4429423228142,403.61402955837184,395.5270370671433,399.36444091796875,433832
2023-06-05,401.40579783690254,401.40579783690254,396.5967857111953,398.9816589355469,173131
2023-06-06,400.3262515896996,402.87798170273044,396.49867139562264,397.0188293457031,390498
2023-06-07,399.9336947213072,411.4655251825964,399.4429785314651,406.8429870605469,743896
2023-06-08,407.78516239815053,408.275878598389,399.43316308579136,399.8846435546875,334779
2023-06-09,401.39598693381123,411.1219846243428,399.93366239059696,407.7655029296875,323664
2023-06-12,407.30424784003225,415.1949423438275,406.312991585439,410.984619140625,350596
2023-06-13,409.25727518876676,414.066287540126,401.91615069321114,402.8975830078125,201578
2023-06-14,404.35011377726653,406.21482918556643,398.4713437947562,399.4036865234375,102328
2023-06-15,401.8965353043788,402.48540068695365,394.43764367728465,400.22808837890625,239484
2023-06-16,401.4058422070988,409.7283995466892,399.68833554728843,404.7427062988281,386436
2023-06-19,404.35012451673936,404.6445422386821,387.6657747187185,391.5227966308594,333232
2023-06-20,391.6013124884255,396.00793394104085,389.62862397668704,394.9577941894531,133793
2023-06-21,396.49864931627826,396.98936546642216,387.6657586136879,390.2959899902344,154424
2023-06-22,390.61009131883634,398.3634012116102,390.61009131883634,393.11273193359375,258404
2023-06-23,393.5543749425506,394.53580729901586,388.7944220235066,390.0310363769531,111809
2023-06-26,390.71802986950934,402.68169296076485,390.71802986950934,400.31646728515625,206355
2023-06-27,400.4243972053637,400.91511337840944,394.53580312881417,395.8410949707031,199153
2023-06-28,395.8410949707031,395.8410949707031,395.8410949707031,395.8410949707031,0
2023-06-29,395.8410949707031,395.8410949707031,395.8410949707031,395.8410949707031,0
2023-06-30,395.8410949707031,395.8410949707031,395.8410949707031,395.8410949707031,0
2023-07-03,424.94056764221034,425.52940306091466,408.27583642132936,425.2349853515625,673695
2023-07-04,428.02228186164547,439.4363451555467,417.59947484910134,435.7265319824219,1478311
2023-07-05,434.7745247238344,449.7413678435601,433.8912416118743,447.6607360839844,1163315
2023-07-06,447.5331384382046,450.48725930912525,439.9270379493974,445.3052978515625,363797
2023-07-07,440.67294689301116,453.4217434725829,440.67294689301116,449.1917724609375,807792
2023-07-10,450.47743496949744,452.4402996098874,446.5713235527839,448.6814270019531,222608
2023-07-11,449.545077852689,452.9114135902466,444.58885644444536,448.0434875488281,338683
2023-07-12,448.0238618485562,450.96815885960916,445.57028100601207,448.71087646484375,272012
2023-07-13,456.3660497737048,456.3660497737048,435.75597010650523,437.1103515625,416242
2023-07-14,434.02862030209326,440.5649631577908,432.81165380765975,433.8912353515625,81274
2023-07-17,431.83023880908746,431.83023880908746,421.97664951909,424.7541198730469,452189
2023-07-18,424.94055957420545,427.41375813861765,418.090151474285,422.5262145996094,245942
2023-07-19,422.5556793120814,430.1127202622671,418.1392338102441,420.7498474121094,376754
2023-07-20,418.1883222328494,426.913240081026,418.1883222328494,424.8227844238281,180936
2023-07-21,428.4933558829089,438.209529837609,426.03977508874533,431.555419921875,376929
2023-07-24,431.9872633657107,437.68938287819844,427.9045012277735,429.96551513671875,149266
2023-07-25,432.81164107062045,439.19095097302187,429.867344192589,433.0275573730469,287375
2023-07-26,434.7745311947468,441.5464084218137,433.79309884442006,434.7549133300781,212845
2023-07-27,434.7549133300781,434.7549133300781,434.7549133300781,434.7549133300781,0
2023-07-28,434.7549133300781,434.7549133300781,434.7549133300781,434.7549133300781,0
2023-07-31,429.8673433701247,437.32623477038726,429.8673433701247,436.16815185546875,284852
2023-08-01,439.68169891103764,441.5464144117672,436.7570196850503,438.62176513671875,200721
2023-08-02,438.2193732986175,446.5321065981987,438.2193732986175,444.67718505859375,321800
2023-08-03,445.5703072389014,447.2878139298003,436.894448462988,440.8888854980469,290291
2023-08-04,441.64454814887273,441.64454814887273,434.77452184433474,436.0013122558594,84465
2023-08-07,434.2936276433558,437.7188168727009,430.8487905989141,433.5477294921875,154228
2023-08-08,431.3591651426164,434.7745607361555,422.0159393150042,423.56658935546875,81783
2023-08-09,423.04640064804295,426.9230703940655,420.0530439739311,423.44879150390625,148768
2023-08-10,425.9416424122443,426.82492554226627,415.14588649856984,416.94189453125,107908
2023-08-11,421.03446521566195,423.488046015287,413.28115587903426,417.6976013183594,170867
2023-08-14,417.6976013183594,417.6976013183594,417.6976013183594,417.6976013183594,0
2023-08-15,420.0530520279835,446.5517258708703,418.58090348115644,438.0426940917969,507246
2023-08-16,438.70025238857835,445.55066084803514,437.22810389063005,441.7132568359375,568355
2023-08-17,442.13525237933186,466.18034379618786,439.82888047773173,457.38671875,920006
2023-08-18,462.25460564552196,467.70154283995134,451.9495666661632,456.07159423828125,410510
2023-08-21,456.36603923570243,458.81962009180836,449.4960128386058,455.8262634277344,311171
2023-08-22,456.36604140943933,458.3289061036735,452.440312020971,454.78594970703125,88998
2023-08-23,455.404246408966,458.3093078453857,446.55173704160046,451.0172424316406,221869
2023-08-24,451.55699905473637,466.18033407011694,451.02701723605765,458.5153503417969,402591
2023-08-25,455.53178042712636,461.27316517534706,453.4217070447029,458.6036682128906,158541
2023-08-28,456.4642006125015,463.72679414973817,455.48276824393065,456.6899108886719,138534
2023-08-29,431.83023872679047,439.6816976127321,422.43792384625743,422.889404296875,1665723
2023-08-30,421.0344817826205,431.3395215465308,415.93102153821326,419.04217529296875,315307
2023-08-31,420.0530386991618,423.949326260834,414.26259392223477,421.4466857910156,295717
2023-09-01,422.01589916360706,422.11404838615823,418.09016986906187,421.7803649902344,111895
2023-09-04,422.0159284356051,424.4204497756722,413.39895323442266,423.2917785644531,126612
2023-09-05,423.9689453350593,429.67106481236436,420.05303989788155,420.98541259765625,74136
2023-09-06,422.9973088485777,424.4694572552433,419.0814036711468,423.67449951171875,50771
2023-09-07,422.9973583105838,425.9220376028189,419.5623449600338,420.4848937988281,65035
2023-09-08,420.05303683563324,428.8859277971302,420.05303683563324,426.2164306640625,95467
2023-09-11,428.39521426883584,430.8487951065726,422.99733642581504,424.3615417480469,134437
2023-09-12,425.9416235994638,427.708189781483,420.05302972481684,421.06390380859375,47819
2023-09-13,422.4477242014051,423.91987266044237,420.3082089624958,421.0540771484375,69390
2023-09-14,422.02575157136965,423.23289424236293,421.03449527325546,422.1238708496094,48486
2023-09-15,426.9132438106463,427.4137838881335,421.0344736808479,424.2535705566406,260489
2023-09-18,422.9875151557973,428.64057502549383,422.12384990337836,427.1684265136719,100095
2023-09-19,427.1487891258677,428.77797033193303,423.97875202629683,425.6962585449219,90266
2023-09-20,427.8554281371847,427.8554281371847,421.0344615925482,421.87847900390625,43723
2023-09-21,422.212211463011,422.99734536730807,419.807690210826,421.3681640625,66774
2023-09-22,422.4870322183818,424.8620818644468,417.5994880622479,418.76739501953125,78703
2023-09-25,417.305039640966,422.0159028552542,413.1830118652605,415.0379333496094,140818
2023-09-26,418.0410921258599,418.0410921258599,409.74797736997334,411.1121826171875,270404
2023-09-27,411.2201494993937,411.22997340707093,402.39708236770446,403.5158996582031,239688
2023-09-28,403.5158996582031,403.5158996582031,403.5158996582031,403.5158996582031,0
2023-09-29,403.5158996582031,403.5158996582031,403.5158996582031,403.5158996582031,0
2023-10-02,388.6275903183522,402.1909625482845,388.6275903183522,400.8464050292969,618214
2023-10-03,402.38726537231656,405.59653838941153,397.49972146423687,398.7657775878906,185222
2023-10-04,401.4058297841487,401.4058297841487,394.1432364090486,394.90875244140625,219308
2023-10-05,397.4800999049579,399.3939049589497,393.75066897264475,394.6732177734375,139138
2023-10-06,398.26525560977325,402.3774597584426,395.51725687242515,398.8345031738281,384101
2023-10-09,398.83446684726323,400.90527464448405,394.5357885382045,397.6469421386719,99388
2023-10-10,398.4811479526295,401.0132601626609,396.0079492378682,396.7636413574219,174246
2023-10-11,399.6981293050078,408.07953960797266,395.0265019584171,397.6371154785156,837964
2023-10-12,400.2771820245773,402.38725554517544,396.9992016344926,400.59124755859375,683208
2023-10-13,403.3687091222544,406.80372246027844,400.22811351854233,401.8376770019531,698323
2023-10-16,402.39706945866885,407.16681609046134,397.48008402019326,405.09600830078125,715217
2023-10-17,404.84084970378285,407.16683961174897,399.44297170773245,401.6904602050781,550269
2023-10-18,401.9063554220567,409.74799000577144,400.8169499819253,404.0556945800781,455288
2023-10-19,404.84084262443685,409.7480043532179,404.3501264515587,408.1875305175781,378684
2023-10-20,409.2573249411636,416.1273519785452,406.13637698955034,410.42523193359375,544969
2023-10-23,412.1819504910773,414.1644329660657,407.29440682681815,407.7752990722656,190079
2023-10-24,410.18965048536523,410.18965048536523,403.8692239429279,406.40130615234375,151364
2023-10-25,406.31301854672773,426.8151560087857,402.8780051049076,423.5567932128906,1715238
2023-10-26,426.50103554802234,427.90447652822735,420.05301824330576,424.0474548339844,1084532
2023-10-27,418.05088409033266,423.97874342635214,401.6217173668611,406.2148132324219,899215
2023-10-30,402.43630618947776,406.79386803604444,401.7198797727489,402.77001953125,353639
2023-10-31,405.8222877807329,411.6618224026935,402.40689232735014,407.30426025390625,357346
2023-11-01,410.2387153355027,415.14587700219533,407.2944183354872,411.66180419921875,322176
2023-11-02,413.1535820998943,417.0596936779882,408.2758620689655,409.610595703125,346658
2023-11-03,414.1644686559246,414.1644686559246,409.25730670502503,412.9180603027344,432522
2023-11-06,415.1459042309147,416.1273366286237,410.04244378245187,410.4841003417969,1138332
2023-11-07,409.41431779841525,417.10874373580555,409.41431779841525,412.3684387207031,703290
2023-11-08,409.4241245775304,416.86336821146165,409.4241245775304,413.4676208496094,495857
2023-11-09,413.4676208496094,413.4676208496094,413.4676208496094,413.4676208496094,0
2023-11-10,413.4774221694276,422.2612533656599,412.2015721407953,415.1262512207031,638750
2023-11-13,417.10872969092213,420.44559353826213,415.14586508061194,417.32464599609375,549467
2023-11-14,418.0214728378947,430.5543830917288,417.10874794238714,427.2960205078125,1071785
2023-11-15,430.34823194634833,433.7832449349165,424.9601783000081,427.1880187988281,561410
2023-11-16,428.8859313145952,432.81166066301256,426.53049969573243,430.19122314453125,393858
2023-11-17,431.8302348705357,441.6347344825005,431.8302348705357,435.10821533203125,478955
2023-11-20,436.7373892625535,436.7373892625535,429.09202298335765,429.8379211425781,271103
2023-11-21,431.8302214647549,436.73738307230894,429.89679859334115,431.3296813964844,565852
2023-11-22,430.35809800557956,433.9894097866865,429.0822478938064,432.1246643066406,334282
2023-11-23,434.77449645863203,456.071588739576,434.77449645863203,452.55804443359375,1409937
2023-11-24,456.3660515986501,473.0504018721491,456.3660515986501,460.183837890625,1028170
2023-11-27,465.9840663361121,465.9840663361121,451.4588795821066,453.9713439941406,380200
2023-11-28,454.1577838404944,459.31030326818234,442.1352385092226,447.31719970703125,454057
2023-11-29,450.28116739196,454.89391159345615,442.64562461546234,448.7992248535156,578406
2023-11-30,449.49603007192286,454.4031919722714,445.4819752315505,452.16552734375,235335
2023-12-01,450.4774394969013,458.3092802731066,450.4774394969013,455.6888427734375,244963
2023-12-04,455.69866847803206,465.1989262822375,453.81430521847614,456.2777099609375,356764
2023-12-05,457.37687929830906,458.33869370463253,447.0423986998387,451.2723693847656,448395
2023-12-06,453.43156221741464,468.8302379340099,453.43156221741464,463.50103759765625,1020314
2023-12-07,467.17160006949996,471.08750537361834,454.4031562249694,458.43682861328125,517881
2023-12-08,459.3201635796657,461.27320437132056,452.93102939864775,454.3246765136719,789675
2023-12-11,456.36601857190686,460.6646968293147,448.51456018787405,455.865478515625,397346
2023-12-12,457.01380248579864,459.60476837648673,453.39231463271557,453.7848815917969,216120
2023-12-13,456.3562198528633,456.36604376068533,442.6259908302561,445.0108642578125,267678
2023-12-14,444.58886224976754,454.40318591974034,431.84006538677335,444.5692443847656,403796
2023-12-15,448.5047427047208,448.5047427047208,439.68167580358715,443.89202880859375,242038
2023-12-18,444.5790282992907,448.5341994509096,438.3273090548871,439.28912353515625,227111
2023-12-19,437.7286238425506,441.59546944881697,421.132600277794,422.5360412597656,531256
2023-12-20,423.9787726213934,426.8053025643528,414.1742730888239,423.0954895019531,368707
2023-12-21,424.125997030878,425.6962948290809,416.12732912398917,420.59283447265625,241159
2023-12-22,423.97877859884903,426.92307567245217,412.2015903044366,414.4981384277344,282998
2023-12-25,414.4981384277344,414.4981384277344,414.4981384277344,414.4981384277344,0
2023-12-26,415.14589965916014,415.6169979872109,401.4058462425449,406.9705810546875,253861
2023-12-27,407.29444307201493,428.787806487314,402.38728110729187,424.3419189453125,381768
2023-12-28,427.8750607857555,436.14852826855,411.2299765954471,417.1578063964844,719303
2023-12-29,419.15012679349,420.93634090957175,412.2015987360667,415.69549560546875,216382
2024-01-01,418.09018644655566,441.15384696649477,417.0008109005751,439.43634033203125,483450
2024-01-02,436.7373952220907,441.54640774109004,428.8859364315812,432.8901672363281,197802
2024-01-03,432.8116576127858,433.9893883893862,428.39521212694103,429.0135192871094,233563
2024-01-04,428.8858977326498,429.86732999290757,422.01587191084536,423.77264404296875,152811
2024-01-05,422.99734893873557,425.94164603111653,412.2015929333386,422.5458984375,150448
2024-01-08,424.96019103601026,425.40184755672277,419.07159716484153,420.9461364746094,108916
2024-01-09,422.70293065471935,422.70293065471935,413.78168411969546,417.0694885253906,194307
2024-01-10,417.20687082689267,419.93525138431517,414.16442474968164,416.3628234863281,128903
2024-01-11,418.090170405742,423.1838065680278,415.1458734310537,416.65728759765625,189540
2024-01-12,418.0901797173548,419.8567459611373,411.7599291004139,414.5962829589844,124866
2024-01-15,417.59947056825905,418.0411271121028,407.2944307540012,409.8461608886719,102398
2024-01-16,410.2386993250029,415.1458608001824,407.29440243989524,412.2997131347656,107196
2024-01-17,414.9397684957135,415.63657703907995,407.49070096886584,408.8058166503906,83825
2024-01-18,409.25730805099937,409.9443227067606,403.3687136905533,406.1658020019531,106852
2024-01-19,405.42970132909113,411.2103221756786,404.35011977639374,405.0174865722656,133069
2024-01-22,404.35013787808526,406.7055695842746,402.3872731311042,405.0862121582031,80208
2024-01-23,405.3315308719014,406.31296315004164,399.5705281913683,402.02410888671875,417235
2024-01-24,402.37743622289287,414.6453404951676,401.4058277888289,402.24005126953125,722358
2024-01-25,405.33154044032176,405.72410737065763,397.48008202985545,398.33392333984375,371979
2024-01-26,397.48011453891365,398.46154692049123,391.5915202494483,392.7496032714844,515669
2024-01-29,396.6655422426876,396.6655422426876,384.72149687803517,385.65386962890625,746886
2024-01-30,386.6843297415835,394.53578821349384,383.74003281461717,385.3005065917969,424273
2024-01-31,389.4912143494514,390.56100193016186,385.7028999881047,386.24267578125,472749
2024-02-01,387.66578047165285,389.8641793639512,386.625464570766,388.0485534667969,190689
2024-02-02,388.15651993661555,391.59153338738207,388.15651993661555,390.119384765625,215477
2024-02-06,390.56100154846456,390.56100154846456,386.14455613306967,386.8217468261719,166267
2024-02-07,388.4509006697595,389.9524909228456,386.831543330304,387.763916015625,366814
2024-02-08,387.763916015625,387.763916015625,387.763916015625,387.763916015625,0
2024-02-09,383.2493238129114,387.1750531221346,363.1299611031427,382.5328674316406,369837
2024-02-12,382.5623186772586,382.75861712795603,368.13528107915255,374.0631408691406,337292
2024-02-13,372.94429052850523,378.83288458948164,367.05569646752883,373.1209411621094,368017
2024-02-14,373.9257421752486,388.64722808766,373.9257421752486,382.7488098144531,509549
2024-02-15,383.74003855255694,387.1750516853803,371.97267457612764,374.9562072753906,297485
2024-02-16,369.9999800043908,372.8853933851154,361.16708923505524,363.9837951660156,403248
2024-02-19,358.22281963802857,370.9618227461246,354.2970901077488,363.9739990234375,281412
2024-02-20,367.9389697307542,374.41642901450854,366.07425431824817,372.26708984375,467081
2024-02-21,375.8885747959166,382.5819503395153,374.9660260282798,380.17742919921875,650265
2024-02-22,382.7586314591173,408.688088337915,382.6604822300937,402.77984619140625,1406023
2024-02-23,404.3501442157605,404.3501442157605,394.5456442352179,401.03289794921875,255195
2024-02-26,401.0426867227637,412.191743307163,401.0426867227637,406.4896240234375,471070
2024-02-27,409.25728153190255,414.64533543827423,402.48540444638235,405.83209228515625,729056
2024-02-28,402.58354230245624,406.3129730700676,399.9336631064071,401.01324462890625,288819
2024-02-29,401.01326382977277,404.84084400104956,400.42439843012903,402.3676452636719,243296
2024-03-01,404.2912203106918,405.3315361429742,397.52913744992,400.41455078125,195301
2024-03-04,401.2978537613209,407.29439053222563,400.9641404339408,404.8015441894531,326937
2024-03-05,406.0185801073041,407.7655285134868,400.41457975605636,404.3697509765625,1116095
2024-03-06,407.24537318906556,407.29443282710287,400.42440624929634,401.70025634765625,569255
2024-03-07,402.38725798767547,403.3686903242308,395.5172316317883,400.71881103515625,569733
2024-03-08,402.38725533050615,404.10476190813637,400.42439067035735,401.5235900878906,1206260
2024-03-11,403.3588522564419,405.3020989969404,399.44294695535626,401.01324462890625,476604
2024-03-12,401.01326597246776,404.24218680450076,394.5358064436529,396.90106201171875,200285
2024-03-13,397.4801062647533,400.03183639392466,392.08222827844185,392.484619140625,183216
2024-03-14,393.55434970229607,402.38724034399354,393.5052900679947,400.6501159667969,182429
2024-03-15,402.3872454899796,405.2333931874042,397.480083959614,402.5344543457031,558551
2024-03-18,404.8702803422756,406.312987074127,396.0079475468847,396.9893798828125,300974
2024-03-19,400.18884487949373,400.18884487949373,393.55435293646445,394.84002685546875,151296
2024-03-20,396.49865235532417,398.95223312484967,393.5641793392715,394.7320861816406,320871
2024-03-21,396.0079508580257,398.45170781061887,382.75861421221816,387.4498596191406,282683
2024-03-22,389.6286643407104,392.57296155235304,387.66579953294865,388.5883483886719,157053
2024-03-26,383.7302201376327,383.74004404531,379.4806312937534,382.8960266113281,166544
2024-03-27,383.73021259123016,386.2917665167704,382.28750588512844,384.7312927246094,175882
2024-03-28,385.7029020622853,386.6843343830545,380.79574045843947,381.5906982421875,340310
2024-03-29,382.75863920332796,383.7400716115416,377.85147716225964,378.22442626953125,295432
2024-04-01,378.24402600436537,378.6365929586452,371.8647156567665,372.6793212890625,368793
2024-04-02,372.86577559277725,385.7028970015935,372.50262048007,383.3180236816406,173462
2024-04-03,383.4361561264803,383.4361561264803,377.04703966351366,379.6263122558594,68218
2024-04-04,379.0258271506409,389.84500076510665,379.01597296607594,388.1517333984375,373211
2024-04-08,392.7983535645426,412.4874940940936,392.7983535645426,402.8890380859375,840001
2024-04-09,404.611847435025,406.5807615344655,396.785401872451,398.58697509765625,283776
2024-04-15,398.9512127922524,398.9512127922524,390.1895512034897,391.1641540527344,185777
2024-04-16,391.81388333968926,402.1408275857342,389.85482353682863,392.4833068847656,374088
2024-04-17,391.81390081506987,395.2791787705296,390.82944377784605,391.8040466308594,147640
2024-04-18,391.8138807082251,394.6687999610183,387.6299385147327,390.4651794433594,163444
2024-04-19,388.97865064291733,395.7517197075172,384.0366872472121,387.226318359375,221829
2024-04-22,387.8859317901727,396.5786743205346,386.89162055607574,390.86883544921875,517292
2024-04-23,393.7631220056728,400.6739993358988,390.82942932764576,392.4931640625,590096
2024-04-24,393.763114852318,399.18745239891786,392.79833619346834,398.2817687988281,641121
2024-04-25,398.7051187200494,402.5444953361118,395.7517474702713,396.94293212890625,442432
2024-04-26,399.6797039814111,399.69941234988397,394.7672729665632,397.1988830566406,244525
2024-04-29,401.65846917969054,404.6118402766,394.76726995356836,395.9190979003906,663295
2024-04-30,390.82943133793367,390.82943133793367,379.06515810026264,381.08331298828125,748602
2024-05-02,383.93823351093437,383.94808769486235,371.2485682441365,373.5817565917969,410013
2024-05-03,373.98539113579153,376.60402036664624,371.140295931896,375.70819091796875,270163
2024-05-06,376.0625824867254,379.0159535533751,373.13874392901243,373.9164733886719,274829
2024-05-07,376.85013761885676,379.31128018440114,373.6014414496359,374.5563659667969,377478
2024-05-08,376.98795150734634,378.9863979388775,374.2117756635714,376.269287109375,169739
2024-05-09,377.0470594529539,384.8242643311933,376.11181321508036,382.9734802246094,203844
2024-05-10,384.8242522525216,384.8242522525216,379.0159617051693,382.4024963378906,139032
2024-05-13,382.4123220418943,384.16465424689335,379.1635960147101,382.7273254394531,186002
2024-05-14,381.9693493073541,383.6429383705868,379.4589957557511,382.776611328125,386879
2024-05-15,383.8398142145647,388.8605513930995,381.9693517481585,383.9481201171875,185914
2024-05-16,385.21803403197777,391.3216797970538,382.9537948202614,390.03204345703125,810157
2024-05-17,390.82944127807843,398.19319068498146,387.87607018529695,392.217529296875,271837
2024-05-20,397.7206550299197,409.82946493556216,394.96418725988184,401.2548522949219,1249130
2024-05-21,399.6895483419198,406.03930810996957,399.6895483419198,404.6708984375,409440
2024-05-22,405.596310273332,423.1688748702795,405.10408174144686,418.1678161621094,2694847
2024-05-23,420.3631511136845,423.07040794170007,414.45640894346883,417.1636657714844,527404
2024-05-24,417.16366082952663,420.8553746421773,415.6377644709286,419.26055908203125,489452
2024-05-27,416.4253285342154,428.3864755792088,416.4253285342154,424.05487060546875,624222
2024-05-28,424.05487060546875,424.05487060546875,424.05487060546875,424.05487060546875,0
2024-05-29,426.06317490093335,426.2600482849029,415.4408749238292,420.894775390625,544111
2024-05-30,419.39835351596236,421.3475891598863,417.4097612238126,420.48126220703125,343182
2024-05-31,421.052276170592,454.12018360797737,421.052276170592,450.86163330078125,3195145
2024-06-03,450.88131945764997,452.850233516417,438.575606590356,440.3180847167969,732881
2024-06-04,439.83570478004197,441.03674354231106,419.9398368819045,421.26885986328125,436383
2024-06-05,422.33204808996237,431.1921609869546,415.44084917007956,419.53619384765625,472974
2024-06-06,421.34761921545135,433.6533323934727,420.36316216120963,423.6512451171875,268507
2024-06-07,418.5025204543981,438.5756140454984,406.876085143206,428.81964111328125,932025
2024-06-10,435.12998508656824,436.35070212772456,424.30095830839576,431.04449462890625,549233
2024-06-11,435.0315548426893,435.0315548426893,415.4408659861161,417.58697509765625,225129
2024-06-12,418.4926631902106,428.2387811667361,413.4719266437452,423.5232238769531,150086
2024-06-13,423.47403543045715,444.97457314725006,423.47403543045715,437.6600646972656,695304
2024-06-14,441.0367464236766,441.92275173596823,429.2429404693685,431.005126953125,165427
2024-06-20,431.1921690675207,438.7725000387449,426.26988403250334,428.3372497558594,183967
2024-06-21,433.0331010633123,433.0331010633123,417.45898392302934,419.3590087890625,198399
2024-06-24,419.37868896647535,419.87091747465195,413.4818010523575,414.3973388671875,106879
2024-06-25,415.234142862921,419.69373204754976,413.4719563511255,414.95849609375,223110
2024-06-26,413.6294835614042,419.62482347519165,412.73362402809175,415.3128967285156,189799
2024-06-27,418.2957757484706,418.39422745769764,413.4719424287835,415.7558898925781,109542
2024-06-28,415.75587610341523,418.37453525713505,409.55377914673915,411.79833984375,134655
2024-07-01,418.295787261767,418.295787261767,408.54966864491075,411.3553771972656,262152
2024-07-02,412.48749830826785,419.3786975640146,410.5185842351974,414.0035705566406,592000
2024-07-03,413.47196670328395,425.23624063035413,413.47196670328395,422.1844177246094,380763
2024-07-04,422.33204687048925,428.2387887847618,417.40976194192876,424.1828308105469,288788
2024-07-05,425.77768660629255,428.23882930343876,415.4408872782785,421.1507263183594,238745
2024-07-08,423.31651872227275,425.2854327628415,418.39423362085097,419.90045166015625,58355
2024-07-09,421.3476187370133,422.3320757901372,413.5211731473806,418.67974853515625,231552
2024-07-10,418.69941790323605,431.0839041908049,417.51805744746275,420.6584777832031,369477
2024-07-11,423.30669371854935,442.84817292691923,420.85540518290173,433.53521728515625,1268463
2024-07-12,435.02171896473266,442.0211938270727,418.3942257828639,434.0372619628906,471266
2024-07-15,438.0932023200296,466.05177403515336,438.0932023200296,456.8077087402344,3101727
2024-07-16,456.8077087402344,456.8077087402344,456.8077087402344,456.8077087402344,0
2024-07-17,456.8077087402344,456.8077087402344,456.8077087402344,456.8077087402344,0
2024-07-18,462.6947880902012,467.6170730698842,457.664227261722,460.66680908203125,1527203
2024-07-19,460.7258898263954,460.7258898263954,438.0932323310267,444.75799560546875,848631
2024-07-22,441.0367251159467,447.4750821491669,430.2076983831891,440.446044921875,426413
2024-07-23,442.9859699876625,448.9123902895135,440.3476024048505,444.1771545410156,260549
2024-07-24,443.99010274251305,445.4569340446095,438.1818125068583,443.0056457519531,310424
2024-07-25,444.92535396499363,446.94347880131454,430.69993827219184,432.8755798339844,219317
2024-07-26,433.1217125771448,433.1217125771448,426.2600457801448,427.44140625,250613
2024-07-29,426.26988391034524,439.19580921551557,393.9797061071824,425.4823303222656,202206
2024-07-30,426.26989943151995,431.19218464435505,418.3942430909838,422.46990966796875,127094
2024-07-31,418.4040890556868,424.30097701098043,408.54966463934306,409.96728515625,335900
2024-08-01,410.51857276097155,417.4097718241054,408.608723760015,411.95587158203125,59716
2024-08-02,413.27505493159225,419.86107495746273,412.48750131392325,417.2916564941406,96828
2024-08-05,414.4564020540949,417.3605622568071,403.6273749220402,404.87762451171875,319097
2024-08-06,406.58075457915214,413.47195380930725,406.58075457915214,411.3553771972656,69237
2024-08-07,415.9330929311211,418.39423549284373,412.0149431572908,414.5154724121094,153286
2024-08-08,411.5030486877598,423.3165333390831,411.5030486877598,420.79632568359375,148286
2024-08-09,414.5154533310737,430.20769998572877,414.5154533310737,428.1895751953125,151825
2024-08-12,430.3061653787952,430.3061653787952,414.42686898953696,417.6657409667969,65362
2024-08-13,414.46627106909466,428.2388155460357,414.46627106909466,417.0849304199219,42325
2024-08-15,421.3476277361211,423.31654188442076,418.4927082297358,421.6724853515625,44827
2024-08-16,423.30668267963676,425.2657726633682,419.6149686953569,421.3377685546875,165652
2024-08-19,418.4926798599865,424.31082437898755,417.40977114318326,420.3040771484375,67830
2024-08-20,420.29423895492556,421.3476152033126,411.5030447546371,416.1300048828125,96891
2024-08-21,419.26057769054796,419.26057769054796,404.1196232946595,412.24139404296875,193308
2024-08-22,413.4719473642511,415.29319885533766,411.0108048204163,414.0823059082031,64599
2024-08-23,413.718067600525,418.3942385014233,411.5030392790469,414.1020202636719,103693
2024-08-26,417.29164091358183,417.29164091358183,413.47194291969043,415.44085693359375,41274
2024-08-27,416.42533549518765,417.1636782886188,411.60150192008626,416.1496887207031,538759
2024-08-28,418.3942566601059,418.3942566601059,412.47766002855616,415.962646484375,651744
2024-08-29,412.7336034543095,412.7336034543095,403.82427948767975,409.8491516113281,562351
2024-08-30,413.403043154725,413.403043154725,409.84916761330317,411.3849182128906,265317
2024-09-02,411.384886908255,411.384886908255,404.6118180904785,407.260009765625,765276
2024-09-03,408.45120229855485,408.5496540069642,404.61182601653564,406.4429016113281,41744
2024-09-04,407.5652270958991,409.534141236459,405.5963129553392,406.7579650878906,48096
2024-09-05,408.5496504441632,411.4538105790756,403.6273654990528,405.9014587402344,1233858
2024-09-06,406.10819024648123,410.49889009136785,403.607691101175,404.8579406738281,1170765
2024-09-09,405.6061316288867,411.4931651660713,403.6273634770275,405.57659912109375,718174
2024-09-10,407.4667593163476,409.53412509108125,403.8833513442877,405.2221984863281,1356673
2024-09-11,407.5061530498085,407.5061530498085,403.056418006263,404.6118469238281,279447
2024-09-12,406.57090683645794,408.05744659349574,402.66261115227655,404.6118469238281,227409
2024-09-13,406.67919461137416,409.7506956588258,403.13514338614397,404.0211486816406,511826
2024-09-16,408.24448123212596,408.24448123212596,403.73565128717996,405.7242736816406,112183
2024-09-17,405.7242736816406,405.7242736816406,405.7242736816406,405.7242736816406,0
2024-09-18,406.57088031242677,408.0377416483675,405.35016326579193,406.4232177734375,245193
2024-09-19,406.58073811358713,413.57038877261465,405.59628112057607,408.5496520996094,680736
2024-09-20,409.53411474716887,413.46208858968,404.11960121084815,412.1626281738281,475370
2024-09-23,412.48748458642984,412.48748458642984,406.5807425637125,407.6144104003906,69818
2024-09-24,411.3454954606978,411.3454954606978,402.6428994781441,404.6019592285156,1037005
2024-09-25,408.3035456641526,408.3035456641526,402.64291784602386,403.6076965332031,2513871
2024-09-26,403.676588565583,404.6118347507961,398.7050926376458,399.1776428222656,121270
2024-09-27,400.6248149296253,401.6584828313785,396.9823117690034,399.1382751464844,54186
2024-09-30,401.63877984647877,401.64860398712636,393.7926563123397,399.5812683105469,43229
2024-10-01,402.5444690025447,403.5289260214031,396.7853894335743,399.1776428222656,40264
2024-10-02,401.6485884485425,401.6485884485425,396.73615779587533,400.1620788574219,100268
2024-10-03,398.8035275556338,403.13513224756963,398.8035275556338,401.9734802246094,38990
2024-10-04,401.6584599612869,407.5652020195411,401.16623145643234,406.35430908203125,134916
2024-10-07,404.611860783446,409.5341461944368,404.1196322423469,408.67767333984375,344074
2024-10-08,409.534100417637,413.4620741227089,403.63721276824947,406.5118103027344,162343
2024-10-09,406.5118103027344,406.5118103027344,406.5118103027344,406.5118103027344,0
2024-10-10,409.53411913004214,410.51857614718165,406.60042640339856,408.7957763671875,162830
2024-10-11,411.50303371673834,416.3071887737475,408.54966266135506,410.4890441894531,309706
2024-10-14,410.48904056487044,411.50303008320213,405.5962880245916,407.5159912109375,308628
2024-10-15,407.7128706180974,409.53412212175886,404.6118370001031,407.6439514160156,161013
2024-10-16,407.56522456988256,409.0419101661503,406.5807675057041,407.5947570800781,75330
2024-10-17,408.54967610870483,409.5341331595692,406.5807620069761,407.5750732421875,76974
2024-10-18,408.5397918560938,408.5397918560938,406.58073208289767,407.6833190917969,68097
2024-10-21,408.5398159162096,409.53412713679825,407.51600222950367,408.717041015625,30587
2024-10-22,413.46209341170334,446.943486210614,413.46209341170334,439.1367492675781,1048076
2024-10-23,443.0056578754034,460.72588419041955,439.1367490070034,447.169921875,982610
2024-10-24,446.94348878288315,446.94348878288315,438.09322975320123,440.3082580566406,142712
2024-10-25,439.16627774571253,443.0056540723576,423.32636807529235,438.1719665527344,162556
2024-10-28,438.171987394872,465.45128400110053,433.1709587700473,456.6404113769531,408934
2024-10-29,461.71036432856215,482.36428440556597,459.7414501949649,478.9678955078125,1043540
2024-10-30,482.38394638202396,502.073087050678,482.38394638202396,498.469970703125,1645641
2024-10-31,502.0632130038348,502.0730671876175,482.87615579514977,485.5046691894531,749661
2024-11-01,486.3217676017643,501.95494987733923,469.1036239456532,495.8020935058594,336834
2024-11-04,500.1140342149797,545.3793500223622,497.1508088887549,542.16015625,891573
2024-11-05,558.1871330883043,569.0161603616224,537.5135355665152,549.1990356445312,548642
2024-11-06,541.45132943706,543.9124718435922,515.8554484091263,523.3963623046875,498951
2024-11-07,530.5041998090912,531.5674302070205,509.4565040707098,512.7052001953125,122377
2024-11-08,509.0134918630928,520.5808618864843,507.487595494326,513.4632568359375,222562
2024-11-11,513.8865459404368,521.7622018169186,513.8865459404368,518.5725708007812,203433
2024-11-12,519.4979587395345,519.4979587395345,506.9953431153161,510.84454345703125,114910
2024-11-13,510.84457444534405,511.8093832000648,506.01091683349176,509.2596130371094,103726
2024-11-14,511.91766151447024,511.91766151447024,497.15080589386054,502.2896728515625,99532
2024-11-15,502.29954346545685,510.92336700056194,501.0886504493918,505.09539794921875,118829
2024-11-18,506.9855160230336,508.4720557514598,497.34770333508567,499.4150390625,111288
2024-11-19,502.07311169854523,546.2752587042492,502.07311169854523,542.4358520507812,743944
2024-11-20,548.3425853220001,548.3425853220001,512.9021309744381,520.7285766601562,444000
2024-11-21,520.7285188293581,521.762186615734,511.9176170569465,517.2533569335938,77847
2024-11-22,517.2337745980691,525.7000814634454,503.05756859142434,505.3218078613281,239820
2024-11-25,507.0051902114434,520.0886016207202,506.01087906481314,515.3632202148438,108438
2024-11-26,515.3632466056195,515.3632466056195,492.228506786647,497.3772277832031,324927
2024-11-27,506.9953831459954,541.4513800588301,506.9953831459954,536.25341796875,620242
2024-11-28,538.6259648684661,550.3114646873775,532.099010131534,545.7731323242188,708547
2024-11-29,549.3270203799104,568.9177392273377,538.4979930964355,549.3073120117188,549220
2024-12-02,553.2648834074186,564.0939113744677,553.2648834074186,557.6752319335938,130949
2024-12-03,557.675165929453,560.0575950625037,532.5912215259257,552.053955078125,123000
2024-12-04,552.1622479421645,552.3690055436649,543.4202649598052,552.113037109375,512629
2024-12-05,552.1130432550746,571.9695243769565,546.3736420468346,570.0006103515625,594336
2024-12-06,556.3264702772221,571.9695061307102,556.2181944300365,560.1068115234375,220458
2024-12-09,570.9850737064436,595.5964992972386,561.1503576542,584.6099853515625,581475
2024-12-10,589.6897309181944,598.5498437366648,573.9384192409137,591.392822265625,489141
2024-12-11,595.5964708477825,603.4721266606457,590.674185964743,592.6529541015625,172347
2024-12-12,594.1198237125111,636.9437049577377,581.8141107110092,621.7535400390625,477091
2024-12-13,633.0058767823036,636.9437049426913,604.4566226194937,617.7369384765625,498077
2024-12-16,620.227597465624,628.3099507078921,602.4876636957948,612.60791015625,380606
2024-12-17,614.301199056188,614.301199056188,580.8296593640239,594.2871704101562,395937
2024-12-18,582.9068779292576,605.8939872215527,570.9851168921471,571.5462646484375,354804
2024-12-19,569.1638695529504,583.6649027242796,517.4306033189404,544.1783447265625,599961
2024-12-20,544.2176655912766,598.5990600403704,544.1783089428584,590.4576416015625,721972
2024-12-23,591.6586432250187,620.2078955603358,567.657577316892,610.4125366210938,331412
2024-12-24,632.0214154356296,632.0214154356296,596.5809622336316,603.3441772460938,272101
2024-12-26,603.3441241449736,603.3441241449736,574.9228568993508,578.1124877929688,366916
2024-12-27,590.6742185917267,590.6742185917267,567.0472498480576,574.794921875,198033
2024-12-30,580.829609061337,610.3633179966591,577.8762381678048,606.8980102539062,316179
2024-12-31,606.8980498417853,614.2913317413613,598.5597276499843,611.7908325195312,590214
2025-01-01,611.7908325195312,611.7908325195312,611.7908325195312,611.7908325195312,0
2025-01-02,615.2856283466402,616.2700853519948,590.6742032127746,610.5798950195312,231079
2025-01-03,610.3633346833192,610.3633346833192,584.7674529062767,590.782470703125,219219
2025-01-06,590.7825316870974,599.5343696650348,575.90739943193,580.9478149414062,383302
2025-01-07,588.5084404885582,590.6742581189596,576.8918587628506,585.289306640625,280790
2025-01-08,585.9684677657306,590.674201075815,556.2182060130591,563.4244384765625,186426
2025-01-09,570.9850636928654,570.9850636928654,552.3985106057373,554.1311645507812,132981
2025-01-10,565.9446557204133,565.9446557204133,546.3736453816263,552.6741943359375,204911
2025-01-13,553.2648305640935,561.0912756827868,550.3016053986579,553.8948974609375,138025
2025-01-14,554.2493342641121,580.7804645024012,547.3581347261924,566.5353393554688,227967
2025-01-15,570.9850782303606,572.953992293224,557.2026797903175,559.4669189453125,219806
2025-01-16,566.0628124580394,566.0628124580394,549.2286206786662,550.86279296875,91964
2025-01-17,559.6539362061237,567.0472177035617,551.295906100685,560.4119873046875,279906
2025-01-20,565.078301819538,566.062758791349,551.3156125812948,554.5938110351562,67820
2025-01-21,560.1560538128327,561.1405108494107,549.8192549287647,551.020263671875,107423
2025-01-22,555.7161414964175,562.1249664014528,551.3550040462736,556.4052734375,212643
2025-01-23,561.1306868564953,561.1306868564953,556.2182555934994,558.5219116210938,115059
2025-01-24,559.1715638076557,578.8607033783479,559.1715638076557,573.5249633789062,341717
2025-01-27,577.8762402896073,595.5964657158644,577.8663861060884,591.1565551757812,428869
2025-01-28,594.612022987459,594.612022987459,532.5912325102903,567.4213256835938,107337
2025-01-29,571.9695767373788,571.9695767373788,563.109462812015,567.0079345703125,73761
2025-01-30,568.0316705525199,580.8296111368921,555.2337299681477,578.2601928710938,177702
2025-01-31,579.7172473304807,590.6742596539816,574.9229460632088,585.6141357421875,232949
2025-02-03,585.6140531116541,585.6140531116541,566.0627522965672,567.9923095703125,46896
2025-02-04,573.1311434480754,575.9073192744431,566.0824580809916,572.42236328125,27203
2025-02-06,567.2933827370274,574.9229249777422,546.3736701415188,550.646240234375,331756
2025-02-07,556.1984936409885,558.0886943330931,539.974661595919,553.1565551757812,351369
2025-02-10,557.1239309982774,557.1239309982774,546.4228874011282,552.4674682617188,173432
2025-02-11,555.2239487848818,561.1405455544792,548.3524574722608,549.4451904296875,236174
2025-02-12,552.772577682995,552.772577682995,541.7663561872362,549.5829467773438,45352
2025-02-13,551.2959682584072,554.2493395169344,541.5596732553712,544.4539794921875,118237
2025-02-14,547.3580860132374,551.276205602707,540.4668870886104,543.105224609375,85809
2025-02-17,543.4202709023651,546.373641939878,536.5487801827613,538.4979858398438,119535
2025-02-18,538.4980118315808,540.4669259516231,531.6068124114327,539.0099487304688,146145
2025-02-19,541.4513823833202,552.2804100309866,539.4824682655626,550.3213500976562,52069
2025-02-20,555.2238495301402,555.2238495301402,540.9689325348232,544.1388549804688,122738
2025-02-21,546.3736769748565,546.3736769748565,537.7596775630908,538.7244262695312,106782
2025-02-24,538.7244497110354,566.0431347484955,536.529129564532,546.2063598632812,225402
2025-02-25,546.3736239742274,557.153439923989,545.8813954841605,550.38037109375,385804
2025-02-26,546.3835472790801,555.7161814037138,546.3835472790801,549.248291015625,44072
2025-02-27,554.1410457975677,554.1410457975677,549.2581171763817,550.8430786132812,26221
2025-02-28,553.7570979187608,553.7570979187608,531.7643006940291,534.4715576171875,154018
2025-03-03,534.0581107031941,536.5291075831497,502.1813857062888,526.6746826171875,67618
2025-03-04,525.7000351794795,540.4668901002514,523.8492512224905,533.9202270507812,78624
2025-03-05,541.441533058982,541.4513872434977,526.684531227766,530.7798461914062,44868
2025-03-06,530.7797956735815,536.5290508399011,520.797447622766,524.2626953125,144275
2025-03-07,524.2529669326989,527.6197933816708,515.9539407253012,519.9410400390625,187577
2025-03-10,520.7876165444733,521.7130085445658,514.1425316750345,517.0466918945312,41696
2025-03-11,517.8243814755887,522.4611955720281,508.9642684845615,510.77569580078125,184090
2025-03-12,511.8684467045235,514.8710286400982,507.9798294039974,510.2047119140625,111988
2025-03-13,516.3083671673975,519.7834693162811,510.93321003187947,512.4591064453125,483778
2025-03-14,514.8709917332632,517.7259409610242,510.44093539903815,515.3632202148438,197386
2025-03-17,517.8243540432238,521.7621818306247,515.3632116760982,519.7735595703125,143062
2025-03-18,520.777804696082,522.7467188915302,515.8555192074612,517.61767578125,158800
2025-03-19,520.265835725984,538.4881450960897,516.8399444646377,529.982421875,535338
2025-03-20,532.2663992574222,560.6483140519985,532.2663992574222,558.0001220703125,712909
2025-03-21,561.406343021371,585.712590071167,561.406343021371,571.0343017578125,549037
2025-03-24,572.9047764364431,609.378897113929,556.2182178826654,562.833740234375,1015607
2025-03-25,564.0840211317184,570.9850744906939,550.3114769660309,553.2156372070312,211729
2025-03-26,558.5611921030746,559.1715506084398,548.3425241001778,551.60107421875,66987
2025-03-27,551.6109753131443,551.7881703697889,531.8135586792425,537.3855590820312,141329
2025-03-28,537.3855590820312,537.3855590820312,537.3855590820312,537.3855590820312,0
2025-03-31,537.3855590820312,537.3855590820312,537.3855590820312,537.3855590820312,0
2025-04-03,535.5445958631991,536.5191986572743,527.6689400416815,530.927490234375,186962
2025-04-04,531.4985226678652,538.9902262781152,530.6223414865827,531.350830078125,254873
2025-04-07,529.6378557763895,529.6378557763895,482.87614917903176,505.4595947265625,470978
2025-04-08,516.8399497980722,516.8399497980722,490.2596095227427,494.5813903808594,562666
2025-04-09,98.2488142942545,99.43015972227393,93.2280774481443,95.83295440673828,2671455
2025-04-10,98.4457041308499,99.82394549084403,98.04995197963845,98.98321533203125,1879015
2025-04-11,100.02083222472658,103.36798761145003,97.10684033240588,100.03461456298828,3985795
2025-04-14,506.9953445481616,507.97980152786675,494.1974038119944,495.733154296875,174619
2025-04-15,495.77257300899294,501.95496203911813,494.1974357310816,495.94976806640625,270125
2025-04-16,496.16634364471764,500.10417176888205,482.38394521014214,486.5186767578125,141953
2025-04-17,486.5186644186981,493.2031058588001,486.5186644186981,490.3875732421875,261228
2025-04-18,488.73955170462636,500.3249764331048,488.4829651565816,492.52899169921875,232879
2025-04-21,494.40398027140265,498.3019877709573,483.7461819645637,487.2297058105469,113066
2025-04-22,489.4698062533227,491.4335968470032,487.2395511280987,488.98626708984375,172511
2025-04-23,488.4928640597805,492.4303233408226,480.5883115570754,483.0948791503906,86142
2025-04-24,478.6146211541722,488.48296385838194,473.6804498020673,477.2922668457031,351383
2025-04-25,478.6146386155676,485.52247876053457,464.7989583256337,480.76593017578125,176047
2025-04-28,485.5224558720337,528.8445039743871,485.5224558720337,516.3018188476562,1148209
2025-04-29,518.0879919866254,542.7489707681355,504.2723122003154,535.4069213867188,676465
2025-04-30,530.9168538148681,530.9168538148681,512.759078588045,519.71630859375,525353
2025-05-02,525.9826763633096,532.890516390595,518.1373317145755,522.7261352539062,807450
2025-05-05,522.0254543999125,525.9826694865742,514.140658166051,516.4992065429688,117858
2025-05-06,518.0879844809479,529.3181631345091,516.1143159686394,523.0221557617188,289467
2025-05-07,496.3776549917977,513.1538381624947,493.5158415328963,498.60791015625,656866
2025-05-08,507.2328336799992,508.21966798676965,453.9437811143962,473.5719299316406,744188
2025-05-09,467.7791651849711,489.46979306616055,454.93059395866936,483.03564453125,303102
2025-05-12,531.3411865234375,531.3411865234375,516.1143404563121,531.3411865234375,951323
2025-05-13,562.4955350728081,562.4955350728081,522.0353299184483,530.2556762695312,310774
2025-05-14,535.8510291579548,535.8510291579548,526.9793983675132,531.469482421875,138554
2025-05-15,535.841118896001,537.4299075803284,526.1405213694884,532.693115234375,302251
2025-05-16,532.9891941704351,538.8115407732572,528.0550225516324,536.630615234375,306707
2025-05-19,268.4189333555814,268.91235051248503,265.4584304141595,266.39593505859375,213004
2025-05-20,266.39099571690787,266.39099571690787,261.06700532683664,262.0291748046875,181814
2025-05-21,261.67390990365135,264.41236889881253,260.94363208669495,262.0094299316406,1076176
2025-05-22,266.44527077621797,284.70170599606996,266.44527077621797,276.14093017578125,1527328
2025-05-23,277.30042492997404,278.77573731881506,271.8728365416649,273.44683837890625,392206
2025-05-26,276.2642858493304,276.2642858493304,263.73147767049534,265.2413330078125,600598
2025-05-27,106.56625936837884,109.73596909296492,105.39390427745437,107.3873062133789,3605515
2025-05-28,107.3873062133789,107.3873062133789,107.3873062133789,107.3873062133789,0
2025-05-29,107.3873062133789,107.3873062133789,107.3873062133789,107.3873062133789,0
2025-05-30,107.3873062133789,107.3873062133789,107.3873062133789,107.3873062133789,0
2025-06-02,107.3873062133789,107.3873062133789,107.3873062133789,107.3873062133789,0
2025-06-03,102.9169451393184,103.12417942895549,99.55183672300488,101.18011474609375,2329866
2025-06-04,102.38405960026405,105.84785013436405,101.16038716471341,104.59456634521484,1857002
2025-06-05,104.63403549040626,106.57810018923037,101.4465650435503,102.83799743652344,1736860
2025-06-06,102.83799743652344,102.83799743652344,102.83799743652344,102.83799743652344,0
2025-06-09,102.83799743652344,102.83799743652344,102.83799743652344,102.83799743652344,0
2025-06-10,102.88734651970631,106.57810470413281,102.88734651970631,103.70641326904297,2208220
2025-06-11,106.08468501318217,107.05178591952784,103.61759931520118,103.9629898071289,1607935
2025-06-12,104.58469789523647,106.43007313775223,103.4202331705331,103.87417602539062,3395603
2025-06-13,103.12418493491586,103.12418493491586,99.03869151205897,100.74591064453125,3784290
2025-06-16,100.74591064453125,100.74591064453125,100.74591064453125,100.74591064453125,0
2025-06-17,100.70644297254016,101.88077066572697,100.36104494559586,100.93341064453125,979688
2025-06-18,103.42023525342991,103.42023525342991,100.41038769664416,100.92353820800781,1240836
2025-06-19,101.64392788649822,104.28864398120773,100.06499459016743,101.52550506591797,1797624
2025-06-20,101.79195928294975,104.10114792497856,101.13078211063704,103.20313262939453,1543835
2025-06-23,101.6439325867721,101.6439325867721,98.68342969589524,99.0485610961914,1269977
2025-06-24,103.61759914423743,106.33139340753888,101.65380103999019,104.30838012695312,4078301
2025-06-25,105.58139593250507,106.5583672759591,103.94325496721953,104.80179595947266,2225567
2025-06-26,104.60443470123288,105.49258706769335,102.63076612196433,103.43009948730469,1298613
2025-06-27,103.61759715578353,109.04518557822932,102.13734576784375,105.02877044677734,3324619
2025-06-30,105.59126732689342,106.97283681639938,105.09785018985187,105.72942352294922,1657107
2025-07-01,106.5485025941996,110.82149700109932,105.78863595259288,108.5616455078125,4308453
2025-07-02,109.43992107336291,112.0056886467049,108.20637824685735,110.68333435058594,2941691
2025-07-03,111.16688402739243,113.00239640503167,110.52544023452742,111.27543640136719,2023242
2025-07-04,111.5122779023095,118.2227542743818,111.27543977416235,116.48592376708984,5237125
2025-07-07,117.46288388295832,119.50563055425533,117.23591621334094,118.00564575195312,4514421
2025-07-08,118.91352870079176,119.30826391181219,115.50895350475491,116.7227554321289,1955617
2025-07-09,117.92669390819283,117.92669390819283,115.02539877851036,115.87407684326172,1163256
2025-07-10,116.83131096483247,117.41354711085617,115.45961190435301,116.96946716308594,845051
2025-07-11,117.43328316945964,118.42011748180805,115.45961454476284,116.36750030517578,1528132
2025-07-14,116.54512896206084,117.65038608504774,116.54512896206084,117.12736511230469,985292
2025-07-15,117.1273659466234,117.1273659466234,115.08461923857807,115.78527069091797,822167
2025-07-16,115.80500221663235,116.44644600976389,114.47277743332722,115.0451431274414,1035628
2025-07-17,115.4596111890267,122.35758072375283,114.47277690535981,120.19641876220703,4448267
2025-07-18,121.1832561327214,122.37732474290056,117.43328274768655,117.78854370117188,3481632
2025-07-21,119.01221561524079,119.30826891816594,116.1503946264413,116.55500030517578,1042647
2025-07-22,116.93986474146529,117.64051619213868,114.47277898742594,114.97606658935547,1590977
2025-07-23,116.42670914778803,117.92669390819283,114.96619113225493,115.87407684326172,1601002
2025-07-24,116.54512878515602,120.39378404314454,115.87408116310188,117.4727554321289,3149496
2025-07-25,118.41024485739803,118.46946003473701,116.93986386709031,118.20301055908203,817303
2025-07-28,118.578011177479,122.07139791731,118.578011177479,120.58128356933594,3136393
2025-07-29,120.65036211914995,121.37074693294115,117.33459831024888,117.6602554321289,2053897
2025-07-30,118.41024510079967,129.42331193207033,118.41024510079967,125.78189849853516,13520057
2025-07-31,128.2983239108692,137.06141744923002,126.80820951561412,135.33445739746094,18330383
2025-08-01,136.1831274518761,137.16996170877374,130.755539038939,131.5252685546875,12745254
2025-08-04,134.06145034803325,138.05811735593537,132.43316466157597,135.46275329589844,10229215
2025-08-05,136.16338423133752,137.16995937243956,134.20945665217107,134.8212890625,3155302
2025-08-06,135.9265640946767,135.9265640946767,133.02526879662952,134.9890594482422,3604852
2025-08-07,136.18312562228826,141.80807779945582,135.24563610240958,139.0153350830078,11733778
2025-08-08,139.6271885207987,139.6271885207987,135.59102484781448,136.77523803710938,4361689
2025-08-11,136.67654679731888,137.2686533842202,135.24564011318608,135.68971252441406,1833392
2025-08-12,135.69958350817953,141.8080904296287,135.69958350817953,138.03839111328125,7809024
2025-08-13,138.03838572901432,138.65021817217254,135.85747531592074,136.24234008789062,2496311
2025-08-15,136.18313823547015,137.1206278421784,134.20946956539086,135.1173553466797,2782053
2025-08-18,134.20946421296938,135.68971565649477,133.24237081941044,134.43643188476562,3200704
2025-08-19,135.1962919220081,135.68970904581104,131.74237205538745,132.40354919433594,3904328
2025-08-20,132.73906831751685,139.63704508198524,132.73906831751685,137.05154418945312,11389664
2025-08-21,137.66337591283644,142.40018325690022,137.19956261731568,138.77850341796875,10418326
2025-08-22,139.73574519759535,141.50217199812536,138.25549372328987,138.75877380371094,4783777
2025-08-25,139.63704910733816,139.63704910733816,135.20615781729458,135.95616149902344,1914068
2025-08-26,135.9561611399838,137.55482783351715,134.9989306966495,135.5318145751953,1569580
2025-08-27,135.5910220380449,136.76535722309305,133.70618003519792,133.9923553466797,1599756
2025-08-28,134.20945680598837,134.60418447931838,132.13709887626712,132.2456512451172,2110820
2025-08-29,132.4331572425019,136.62720292864083,132.11737810329856,135.8476104736328,3334537
2025-09-01,136.1239181336247,136.76535436957067,132.926569759709,133.43972778320312,3829111
2025-09-02,134.19959582077456,136.38049109291836,133.76538633910909,134.1009063720703,2201539
2025-09-03,134.16012336157195,136.67655389982684,133.7752585774551,134.80157470703125,3948699
2025-09-04,135.57129558468333,139.14363079071254,135.29498319625543,137.6041717529297,6790904
2025-09-05,138.1567993087341,138.50219733016436,136.4298393173749,137.0416717529297,1624992
2025-09-08,138.05811559650516,138.05811559650516,135.68971924734655,136.2620849609375,3318727
2025-09-09,136.26208627383653,137.16997205169147,135.20616631154738,135.38380432128906,1508001
2025-09-10,135.20616092745746,136.1831322973901,133.3213188737194,134.702880859375,3668954
2025-09-11,135.19629792915327,137.5646942054836,134.80157023573034,135.04827880859375,4315769
2025-09-12,136.18312507394336,137.1699593136096,134.30814604173565,135.16668701171875,2484170
2025-09-15,135.19629934432257,136.92325937244348,135.07788404663543,135.70945739746094,1242143
2025-09-16,136.1831328730861,136.42984144713154,134.9002452764705,135.20616149902344,1968966
2025-09-17,136.17326485501775,142.78505138042658,135.3443126332453,139.06468200683594,14627649
2025-09-18,140.13047252899614,141.37387834326978,138.7489105131365,139.44955444335938,4445067
2025-09-19,140.13047531508724,143.95939734644904,138.65022381528,142.65676879882812,7120407
2025-09-22,142.5482142757294,146.79160485626292,140.13047320732323,143.3771514892578,9428291
2025-09-23,143.3771514892578,143.3771514892578,143.3771514892578,143.3771514892578,0
2025-09-24,144.07779842019306,145.3606859382533,141.6107128308062,142.12387084960938,1783281
2025-09-25,142.12387251563845,143.4856935375749,141.01860791926794,141.3245391845703,1561325
2025-09-26,141.21598597292714,146.2981762931743,139.9330984474787,144.16661071777344,6832258
2025-09-29,144.16661034423643,145.5580502349536,142.5975475183105,145.20278930664062,2068851
2025-09-30,145.5481908436295,151.4790593423134,145.2126557502711,149.25868225097656,7290312
2025-10-01,149.99881755419185,151.47906904321346,146.9396251203884,150.0382843017578,3042824
2025-10-02,149.99881380080572,150.9856481021268,148.02514519816353,148.90342712402344,1544534
2025-10-03,150.51196752925372,154.9329808559384,149.20933906114618,151.80471801757812,6211119
2025-10-06,151.7751156204549,156.90665087653596,147.97579761066334,152.4658966064453,4926999
2025-10-07,152.4658966064453,152.4658966064453,152.4658966064453,152.4658966064453,0
2025-10-08,152.4658922709161,164.8013204481747,151.47905801673542,161.7125244140625,14700563
2025-10-09,162.4329298834381,168.94602715172493,157.4000689897606,159.04808044433594,9212812
2025-10-10,159.73886429099366,159.73886429099366,152.86062797365818,153.94615173339844,2943606
2025-10-13,148.034999891096,151.97247395532642,147.03830272301062,148.01527404785156,3946911
2025-10-14,151.97248054039733,162.8177947998047,151.85406524421734,162.8177947998047,6417871
2025-10-15,166.77499643714745,169.2420821832591,157.76519447382086,158.59414672851562,9004213
2025-10-16,159.86716081672995,161.23885992759466,152.465903371511,153.80799865722656,4456903
2025-10-17,154.9329787967778,158.48558815540366,152.95931027707363,157.40992736816406,3059140
2025-10-20,158.88032282161825,163.02502388364638,157.6961246693097,160.29148864746094,3690887
2025-10-21,162.33424216148126,162.34410508362708,157.8934878166383,159.36387634277344,2312080
2025-10-22,160.03491952623926,162.33424529388444,155.91982222756073,158.45599365234375,3392099
2025-10-23,158.45598216560464,159.47242023472245,154.25205863906342,155.47573852539062,1345995
2025-10-24,155.47575163587805,158.17966806185535,153.50208297673115,154.311279296875,1335780
2025-10-27,155.08100512192695,156.11718415452017,151.28170207961375,152.06129455566406,2634181
2025-10-28,154.09416879879234,154.21259915329878,149.99881250679815,150.89683532714844,1497072
2025-10-29,151.96262504514152,151.96262504514152,148.52843070912124,149.23895263671875,1534222
2025-10-30,149.25868512163342,150.98564511477628,143.09097086040887,144.58108520507812,2724338
2025-10-31,147.03831408488526,153.4033924548328,146.40674072066201,152.18959045410156,2923968
2025-11-03,152.6435275900362,154.24220945084963,148.41987784418762,152.1599884033203,1535083
2025-11-04,153.2158846378343,153.2158846378343,149.0119760328495,149.73236083984375,852019
2025-11-05,149.99881607883174,150.72907889374255,146.05147881359932,146.72251892089844,1751746
2025-11-06,148.0251376806127,148.91328248353807,145.05477200533082,146.28831481933594,956562
2025-11-07,146.2883265702428,148.8146200469916,145.06464657961268,147.1172637939453,654560
2025-11-10,148.02513654845686,151.47905640125418,147.11725085124047,150.93629455566406,1303971
2025-11-11,150.1961719371545,150.50208814966587,146.05147104081857,147.0284423828125,2056218
2025-11-12,147.99554337481032,148.02514719961852,144.07780994096203,144.75872802734375,1118970
2025-11-13,145.27188930000628,147.275161798447,145.27188930000628,146.1600341796875,804704
2025-11-14,146.44619697997095,147.0383035543548,144.76858176307758,145.59751892089844,1138137
2025-11-17,146.04160448775824,148.51855300743858,145.60739501322405,146.3179168701172,1225975
2025-11-18,146.84094721735755,148.91329021778185,145.06464246135351,145.90345764160156,1348453
2025-11-19,145.90345953118918,146.8310711388803,143.92979090071194,144.413330078125,766579
2025-11-20,145.30148382112398,147.9264515440936,143.09096962809565,146.57449340820312,2037035
2025-11-21,147.0185688818235,147.0777765301912,144.68963934601751,145.66661071777344,699175
2025-11-24,145.55805332908776,146.3475237485535,143.5646439079633,143.9495086669922,793955
2025-11-25,144.91662200559412,145.331090601865,143.94951355639915,144.89688110351562,1209489
2025-11-26,145.06463977669458,145.36069307353236,143.58438835040175,145.00543212890625,1890176
2025-11-27,145.06464237173532,150.00867680315378,144.22582719200545,148.5580291748047,4009406
2025-11-28,148.96262814166002,155.01192695799622,148.96262814166002,154.3310089111328,4612433
2025-12-01,154.93297716556347,157.00533511259235,152.97904956783913,155.20928955078125,2732292
2025-12-02,152.95930695435777,156.32441532124855,151.47905559673495,151.89352416992188,1666921
2025-12-03,151.77512033378292,153.9461528105576,149.70276225355906,149.98895263671875,828696
2025-12-04,149.99881750937536,150.98565183509493,148.32120216723143,149.2685546875,741348
2025-12-05,149.9988148300827,151.92313871928405,149.01198052199007,151.37051391601562,1379274
2025-12-08,151.97247341448826,159.86714735809804,151.656679228954,159.08755493164062,8479872
2025-12-09,159.77834466179232,162.32437895532857,158.68295798966503,159.70925903320312,3310901
2025-12-10,159.86716146995298,160.5579424894166,156.0777212564123,157.735595703125,1648329
2025-12-11,157.8934909986413,161.3474111142366,157.00534613493264,158.8803253173828,2654349
2025-12-12,160.75530277640004,163.41976745475415,158.88032361405124,162.6796417236328,4718546
2025-12-15,162.8276547198428,170.22891175256294,162.8276547198428,168.61050415039062,6073474
2025-12-16,171.21575448941203,171.70917164932388,164.4066037057872,164.959228515625,5515342
2025-12-17,164.80132701962032,165.77829839105837,159.4230831314575,164.86053466796875,3395999
2025-12-18,165.29474281210744,166.8736836919786,162.82765709849392,163.8539581298828,1605060
2025-12-19,162.82766290412482,166.28158302633355,162.82766290412482,165.38356018066406,1063126
2025-12-22,166.77499517737087,168.75852668141883,163.5381799075542,164.78158569335938,2156265
2025-12-23,164.80132594576492,165.77829731083693,161.84082308446375,162.39344787597656,779839
2025-12-24,162.3934444160956,164.28816440001276,159.18623305135074,160.56781005859375,1425977
2025-12-26,160.5678148723197,165.0480359491419,160.3605730447567,164.1697540283203,1370708
2025-12-29,164.8013214996219,169.1433862225614,164.10066254920923,167.5249786376953,2568209
2025-12-30,167.6631460413665,169.23222406442986,166.77500117071668,167.85064697265625,2832161
2025-12-31,167.90984914693482,172.10389489758361,167.7618300259528,168.6302490234375,2946496
2026-01-01,168.7684085177827,169.98221050722555,167.26841614499116,167.80130004882812,993015
2026-01-02,168.73880412759445,169.0841871014381,166.7749984293879,167.2980194091797,1811519
2026-01-05,167.75196611205243,169.24208046674792,166.28157760144038,166.93289184570312,2653903
2026-01-06,167.66314334220976,170.3276080270585,165.93618329871717,168.0677490234375,5995620
2026-01-07,167.76183587190707,169.73550452922362,166.98224337774164,169.0447235107422,4051907
2026-01-08,169.72564118186725,172.0545707939861,163.41977043984363,165.19606018066406,28120369
2026-01-09,165.77829255020598,169.83418195603204,164.30790408380867,165.21578979492188,9678766
2026-01-12,163.91318876492738,164.8013336416337,158.27835809697532,159.35400390625,6460415
2026-01-13,159.86714763512722,160.8539818797885,156.42309070041696,160.2816162109375,5935533
2026-01-14,160.30136241985744,161.7717358560358,158.54479861082956,159.0776824951172,2143468
2026-01-15,159.8671549970477,159.8671549970477,153.83759688218885,155.35731506347656,1999027
2026-01-16,155.9198179024666,159.56123884375597,155.9198179024666,158.3572998046875,2254860
2026-01-19,158.88032348442374,160.36057494545875,157.89348917706707,158.14019775390625,3136652
2026-01-20,159.73886856365527,159.73886856365527,157.89349318063364,158.92967224121094,1518799
2026-01-21,158.88032063231879,159.27504832501697,153.94614918411014,154.58758544921875,3359138
2026-01-22,154.8342948019681,156.4033727744075,153.84746050735288,153.9757537841797,2206440
2026-01-23,153.9757551523512,155.3178504072691,151.97248272111372,152.7520751953125,1593203
2026-01-26,152.9593123980773,158.7816285887812,152.4658952613093,156.34414672851562,3939455
2026-01-27,157.390204313293,161.3474043445711,156.3638882324409,159.0776824951172,4245735
2026-01-28,159.86715650677567,160.85399080620022,156.90665360850204,157.90335083007812,968962
2026-01-29,157.40006191455612,157.89347903654533,150.98563932869646,152.05142211914062,3223833
2026-01-30,152.95931993405662,154.4297084949107,150.98565128974622,152.5349884033203,2406348
2026-02-02,152.53498049094267,158.09084719710972,151.10405875172577,157.3803253173828,2549225
2026-02-03,157.4000700417312,160.85399007399488,157.04480909323965,160.40003967285156,2553793
2026-02-04,160.40004160977918,160.75530256256073,157.01520716507707,158.485595703125,985575
2026-02-06,158.38689660199768,158.38689660199768,153.94614249166128,155.13034057617188,1463177
2026-02-09,155.13035475741103,156.41324240702914,150.3244763549776,152.2389373779297,2431574
2026-02-10,153.936289258156,154.46917315945984,151.97248356270427,152.90997314453125,2857683
2026-02-11,152.9593177310936,153.94615203903612,151.97248342315103,152.4856414794922,757885
2026-02-12,152.95932030307685,152.95932030307685,147.038314355861,148.07449340820312,3055809
2026-02-13,147.28500971806207,147.28500971806207,142.53833945232446,145.12384033203125,10653452
2026-02-16,145.558052385319,145.558052385319,137.1699612309108,140.02191162109375,8172440
2026-02-17,140.1304698171813,141.6107212589121,138.07785267770038,139.66665649414062,6850899
2026-02-18,141.11730517600785,141.6600670536487,139.73574317646424,141.01861572265625,7700531
2026-02-19,141.3146590305342,141.51202286538265,133.71603845465327,134.58445739746094,2227689
2026-02-20,135.19629730512983,141.11730302652236,133.22262873133232,138.314697265625,1796412
2026-02-23,139.1436379352792,139.54824361692945,130.26212913089967,132.60092163085938,2271905
2026-02-24,133.2226273263367,133.2226273263367,126.31478739089701,130.53843688964844,3397011
2026-02-25,131.24896496655091,132.2357992896077,128.2884619973806,128.72267150878906,1791279
2026-02-26,129.27528518089292,133.22262213298126,126.31478246682668,132.1667022705078,2297052
2026-02-27,131.90026899638974,133.22262327275772,128.30819294157342,130.51869201660156,1155616
2026-03-02,117.46288299560547,124.34111912316123,117.46288299560547,117.46288299560547,4850528
2026-03-03,117.46288344924665,123.35428532079973,114.62080342587673,120.92667388916016,2630948
2026-03-04,121.04509451472128,123.34441262933365,117.92669462456172,118.26221466064453,1881880
2026-03-05,118.44971788364029,123.2950778311471,118.12406076302841,122.46613311767578,3412946
2026-03-06,122.56481570234392,122.84113562762572,114.9661946873756,116.19973754882812,2465498
2026-03-09,105.11758727121915,108.55177397892605,104.584703369888,105.3248291015625,4460986
2026-03-10,114.47277771629349,115.8543472290039,111.22609199655588,115.8543472290039,1014832
2026-03-11,119.40694716702026,119.40694716702026,112.40042532664587,114.34449005126953,3800603
2026-03-12,113.48594058866644,122.02205849525572,111.61095397749888,120.53193664550781,3733638
2026-03-13,120.88720075088354,122.25889981423077,118.43984839437336,120.77864837646484,934332
2026-03-16,120.77864441608058,124.83453382488068,119.08128828513433,123.37401580810547,3435292
2026-03-17,123.403632786468,125.22927474396138,123.403632786468,124.47927856445312,1290847
2026-03-18,124.93322192421311,126.48255148707655,124.83453999917339,125.32795715332031,2913835
2026-03-19,123.3641542957889,127.05491236032513,123.1569200024031,124.76545715332031,1366589
2026-03-20,124.76545715332031,124.76545715332031,124.76545715332031,124.76545715332031,0
2026-03-23,124.76545715332031,124.76545715332031,124.76545715332031,124.76545715332031,0
2026-03-24,128.54502331109614,131.24895456278082,127.30161758344906,128.97923278808594,2098375
2026-03-25,130.25226978625014,141.87717709153958,129.96607939560394,139.39035034179688,5694929
2026-03-26,138.15679683633778,138.15679683633778,134.20945978387098,135.7982635498047,3650664
2026-03-27,136.17326559972165,139.91336083726617,135.19629425687685,138.45285034179688,2665951
2026-03-30,138.89692433351408,139.09428817711571,130.90356067553176,134.65353393554688,3061578
2026-03-31,134.70288671709406,138.7193096880243,134.70288671709406,137.00221252441406,2035308
2026-04-01,139.14363209794206,144.0778034489329,138.64035204098354,141.6107177734375,4146969
2026-04-02,138.15679846504258,138.15679846504258,132.25553371824668,137.9989013671875,1028506
2026-04-03,133.23249177599033,137.56469369714753,133.23249177599033,134.19960021972656,919043
2026-04-06,134.20945729321255,137.16009710601602,131.742371681205,136.439697265625,2141770
2026-04-07,136.1831357193514,140.02192060941437,134.20946708573763,138.4133758544922,2030009
2026-04-08,148.02514495750822,152.25865747781853,146.54489350793312,152.24879455566406,8888440
2026-04-09,150.98565320440642,151.8441942570417,145.06464719639047,149.16000366210938,3003874
2026-04-10,149.30802933823088,152.2586541936869,149.30802933823088,150.8474884033203,2974278
2026-04-13,147.5317233602109,149.5053919001468,139.1534949873403,146.8409423828125,2700117
2026-04-14,148.518562752545,150.98564851255404,148.518562752545,150.09750366210938,1959711
2026-04-15,152.95931102080198,153.94614528545233,150.98564249150132,151.56787109375,2363465
2026-04-16,153.45272799166804,153.45272799166804,150.245516634929,151.14353942871094,1925079
2026-04-17,152.46589483373518,152.96917489098456,150.1961729993884,152.49549865722656,2245618
2026-04-20,150.00867649272408,151.96261924802613,148.32119827247718,151.1336669921875,1832730
2026-04-21,152.46590472897498,152.95932189638265,150.51197696225168,151.81459045410156,1176877
2026-04-22,151.9724769329175,151.9724769329175,148.99223323399616,150.4527587890625,638752
2026-04-23,149.99881732946892,150.93630692619874,147.82778482706914,148.07449340820312,1961324
2026-04-24,147.03830692048905,151.9724782936598,144.09754499829015,150.34420776367188,1938691
2026-04-27,149.01198082601766,150.8770970698023,148.91329137184843,149.91000366210938,1151505
2026-04-28,149.91000366210938,149.91000366210938,149.91000366210938,149.91000366210938,0
2026-04-29,149.91000366210938,149.91000366210938,149.91000366210938,149.91000366210938,0
2026-04-30,149.0,149.00999450683594,145.0,145.33999633789062,1160686
2026-05-04,146.0,150.00999450683594,146.0,147.10000610351562,916354
2026-05-05,144.00999450683594,148.0,144.00999450683594,147.75,573389
2026-05-06,147.75,147.75,147.75,147.75,0
2026-05-07,155.49000549316406,156.0,153.0,155.41000366210938,2686131
2026-05-08,154.0,154.88999938964844,151.0,153.88999938964844,1478618
2026-05-11,153.0,157.0,152.0,155.3000030517578,1956484
2026-05-12,156.0,157.0,153.0,153.49000549316406,1213738
2026-05-13,153.49000549316406,154.64999389648438,151.0500030517578,151.97999572753906,872693
2026-05-14,153.47000122070312,153.47000122070312,148.07000732421875,149.2100067138672,490305
2026-05-15,150.8800048828125,151.0,149.10000610351562,149.52000427246094,1247482
2026-05-18,149.3000030517578,149.99000549316406,146.5,147.5,676792
2026-05-19,148.0,151.24000549316406,146.16000366210938,147.32000732421875,989712
2026-05-20,148.0,149.9499969482422,147.3000030517578,149.74000549316406,333256
2026-05-21,151.0,152.3000030517578,150.00999450683594,151.80999755859375,458856
2026-05-22,152.41000366210938,152.8000030517578,148.75,150.0,939084
2026-05-25,152.00999450683594,153.49000549316406,149.0,151.77999877929688,1167199
2026-05-26,151.77999877929688,151.77999877929688,151.77999877929688,151.77999877929688,0
2026-05-27,151.77999877929688,151.77999877929688,151.77999877929688,151.77999877929688,0
2026-05-28,151.77999877929688,151.77999877929688,151.77999877929688,151.77999877929688,0
2026-05-29,151.5,151.77999877929688,148.5,149.8800048828125,2761164
2026-06-01,150.00999450683594,152.99000549316406,146.8000030517578,147.72999572753906,1628855
2026-06-02,147.72999572753906,150.00999450683594,147.5,147.8000030517578,818206
2026-06-03,147.8000030517578,147.8000030517578,147.8000030517578,147.8000030517578,0
2026-06-04,149.39999389648438,150.11000061035156,148.0,148.88999938964844,2987666
2026-06-05,149.5,150.0,147.85000610351562,147.97000122070312,1358190
2026-06-08,147.89999389648438,147.92999267578125,145.5,146.66000366210938,745042
2026-06-09,147.8000030517578,148.1999969482422,146.89999389648438,147.72000122070312,431309
2026-06-10,146.0,147.5,146.0,146.4600067138672,689354
2026-06-11,146.0,147.5,146.0,146.9199981689453,359474
2026-06-12,148.0,150.75,147.50999450683594,147.80999755859375,1984640
2026-06-15,154.0,155.30999755859375,151.5,153.67999267578125,2487366
2026-06-16,153.99000549316406,157.0,153.1999969482422,155.72000122070312,5696030
2026-06-17,156.5,158.0,154.0,155.5399932861328,2036077
2026-06-18,155.5,156.0,154.10000610351562,155.16000366210938,1920778
2026-06-19,155.16000366210938,155.69000244140625,150.13999938964844,151.17999267578125,1711788
2026-06-22,152.75,153.39999389648438,149.52000427246094,150.0500030517578,968922
2026-06-23,151.8800048828125,151.8800048828125,149.0,149.42999267578125,3130532
2026-06-24,150.0,150.83999633789062,149.25,149.92999267578125,1144815
2026-06-25,149.92999267578125,149.92999267578125,149.92999267578125,149.92999267578125,0
2026-06-26,149.92999267578125,149.92999267578125,149.92999267578125,149.92999267578125,0
2026-06-29,149.92999267578125,150.0,147.6999969482422,147.9499969482422,1017228
2026-06-30,148.5,150.85000610351562,145.0,147.08999633789062,4088849
2026-07-01,147.89999389648438,150.0,147.80999755859375,149.57000732421875,1614217
2026-07-02,150.0,150.0,147.9499969482422,149.0399932861328,2506984
2026-07-03,150.0,150.0,148.5,149.41000366210938,1276023
2026-07-06,149.67999267578125,149.75,149.3000030517578,149.47999572753906,1845753
2026-07-07,149.5,150.0,147.72000122070312,148.27999877929688,2477174
2026-07-08,147.8000030517578,148.0,143.0,144.0,2598535
2026-07-09,142.50999450683594,145.0,140.91000366210938,143.27000427246094,1881258
2026-07-10,144.5,146.0,142.0,143.50999450683594,1100955
2026-07-13,142.6999969482422,143.1300048828125,141.0,141.86000061035156,1050849
2026-07-14,141.0,141.49000549316406,136.36000061035156,138.1300048828125,1714555
2026-07-15,138.0,140.0,138.0,139.07000732421875,843235
2026-07-16,139.0,141.99000549316406,138.5,141.1199951171875,1956544
2026-07-17,141.1199951171875,142.4499969482422,136.1199951171875,137.11000061035156,1431972
2026-07-20,136.0,139.0,135.0,137.25999450683594,1476169
2026-07-21,137.39999389648438,143.0,137.10000610351562,137.8300018310547,2089646
2026-07-22,136.5,138.5,135.1999969482422,135.6199951171875,1926190
2026-07-23,135.6199951171875,136.7100067138672,134.0,134.47000122070312,703067
2026-07-24,133.25,134.5,131.47000122070312,132.24000549316406,1132846
2026-07-27,135.3000030517578,136.99000549316406,134.10000610351562,135.8699951171875,1900263
2026-07-28,136.8699951171875,136.8699951171875,133.85000610351562,135.00999450683594,1746526
2026-07-29,134.99000549316406,134.99000549316406,131.6999969482422,132.52999877929688,929681
2026-07-30,133.0,133.0,129.6999969482422,129.97000122070312,1555772
2026-07-31,130.05999755859375,132.25,130.0,130.4499969482422,766136
2026-08-03,133.39999389648438,135.0,131.47999572753906,133.1199951171875,1694412
2026-08-04,133.85000610351562,134.0,132.1999969482422,132.55999755859375,782401
2026-08-05,134.0,137.3699951171875,134.0,136.2100067138672,2518991
2026-08-06,136.99000549316406,138.60000610351562,136.39999389648438,136.57000732421875,2066392
2026-08-07,137.0,138.1999969482422,134.88999938964844,136.52000427246094,1594127
2026-08-10,137.0,137.39999389648438,135.1999969482422,135.6999969482422,909047
2026-08-11,135.99000549316406,135.99000549316406,133.3300018310547,133.92999267578125,863567
2026-08-12,134.0,134.75,133.5,133.9499969482422,618529
2026-08-13,134.5,134.5,131.00999450683594,131.82000732421875,1042658
2026-08-14,131.82000732421875,131.82000732421875,131.82000732421875,131.82000732421875,0
2026-08-17,132.1999969482422,133.9499969482422,130.0,130.27999877929688,1364075
2026-08-18,130.27999877929688,130.27999877929688,130.27999877929688,130.27999877929688,0
2026-08-19,128.75,130.47999572753906,126.0,127.25,1460718
2026-08-20,130.5,131.39999389648438,128.41000366210938,128.77000427246094,1701877
2026-08-21,128.5500030517578,129.6999969482422,128.05999755859375,128.80999755859375,740936
2026-08-24,129.6999969482422,130.02000427246094,126.33000183105469,126.51000213623047,1783999
2026-08-25,127.0,127.25,124.0,124.94000244140625,2251663
2026-08-26,124.94000244140625,124.94000244140625,124.94000244140625,124.94000244140625,0
2026-08-27,126.0,126.79000091552734,122.5,123.08000183105469,3865370
2026-08-28,124.88999938964844,132.0,123.79000091552734,130.82000732421875,4393315
2026-08-31,131.0,132.39999389648438,122.80000305175781,124.54000091552734,4946062
2026-09-01,124.88999938964844,129.0,124.69000244140625,127.72000122070312,2725974
2026-09-02,126.80000305175781,127.44000244140625,125.8499984741211,126.4800033569336,1648220
2026-09-03,126.44999694824219,127.87999725341797,126.44999694824219,126.95999908447266,857427
2026-09-04,127.94999694824219,128.88999938964844,126.51000213623047,126.9800033569336,1059597
2026-09-07,127.05000305175781,127.48999786376953,125.5,126.63999938964844,1026771
2026-09-08,126.0,126.9000015258789,124.01000213623047,125.72000122070312,860920
2026-09-09,125.72000122070312,126.5,124.0999984741211,124.75,793223
2026-09-10,124.75,124.80000305175781,122.5999984741211,123.06999969482422,1096514
2026-09-11,121.98999786376953,124.9800033569336,118.51000213623047,123.54000091552734,2239595
2026-09-14,123.54000091552734,123.94999694824219,120.0,121.31999969482422,581776
2026-09-15,122.11000061035156,123.69999694824219,122.0999984741211,123.01000213623047,1086942
2026-09-16,123.5,123.98999786376953,121.80000305175781,122.12000274658203,979358
2026-09-17,122.01000213623047,123.80000305175781,121.5999984741211,121.86000061035156,749800
2026-09-18,122.12000274658203,124.0,121.80000305175781,121.94999694824219,1074914
2026-09-21,121.0,122.51000213623047,120.80000305175781,121.12000274658203,1356448
2026-09-22,121.12000274658203,122.11000061035156,120.91000366210938,121.19999694824219,925774
2026-09-23,121.19999694824219,123.19999694824219,121.19999694824219,121.69000244140625,1108050
2026-09-24,121.69000244140625,121.9800033569336,119.0,119.47000122070312,1155945
2026-09-25,119.5,120.5999984741211,118.0,119.41999816894531,977425
2026-09-28,120.0,120.0,118.88999938964844,119.16000366210938,624988
2026-09-29,119.19999694824219,119.9800033569336,117.91999816894531,118.30000305175781,762810
2026-09-30,119.0999984741211,124.0,118.30999755859375,119.16000366210938,1680846
2026-10-01,120.0,120.25,118.0,118.33999633789062,758500
2026-10-02,118.33999633789062,118.5,114.4000015258789,115.83999633789062,2647042
2026-10-05,115.83999633789062,115.83999633789062,112.16000366210938,114.37000274658203,1830789
2026-10-06,114.3499984741211,116.55000305175781,113.0,116.04000091552734,1508691
2026-10-07,116.11000061035156,118.9800033569336,115.0,117.95999908447266,1644805
