date,open,high,low,close,volume
2021-10-08,78.64905077259434,78.81344438392733,76.89131891140369,78.22542572021484,670597
2021-10-11,78.46568394941339,78.46568394941339,77.58681808205581,77.82076263427734,255409
2021-10-12,78.39613276244671,80.60910533600897,76.88498901955457,79.49629974365234,1539298
2021-10-13,79.49629797006128,80.93156659894973,76.50562155056967,77.2580337524414,1418439
2021-10-14,77.25803983492541,81.24771192756563,77.20113231425364,80.83040618896484,1499969
2021-10-15,80.33088821363923,83.46066107436957,79.83138822379628,81.87996673583984,2167101
2021-10-18,82.81573672845664,84.02338954256022,80.74186648692023,82.20875549316406,638094
2021-10-19,82.20875549316406,82.20875549316406,82.20875549316406,82.20875549316406,0
2021-10-20,81.5575040132178,85.35748951780532,80.99477724601209,84.32687377929688,2254113
2021-10-21,84.39644765462687,90.64967542290248,83.77681804143873,88.59477233886719,6530942
2021-10-22,87.66531665965763,90.41572906011437,87.57047884493595,89.94152069091797,2330869
2021-10-25,89.94152069091797,90.09959014731677,88.51889558332876,89.94152069091797,464348
2021-10-26,88.20275221798458,89.43569198609664,87.57047442430728,87.81706237792969,1419992
2021-10-27,90.41572237760262,90.41572237760262,88.52520834559263,88.79076385498047,831425
2021-10-28,87.8929386923198,90.09959181776426,87.26066085500216,89.98578643798828,1420966
2021-10-29,89.68437722716122,91.0567369279185,87.85669748935545,89.7998046875,1112881
2021-11-01,90.7425180823463,91.64032000084035,88.82505781711835,89.12646484375,623264
2021-11-02,90.08838655686793,90.10121509249619,89.1392804117934,89.81904602050781,4007890
2021-11-03,89.78057689097842,90.90283410211565,87.24748400004422,87.64508056640625,1912449
2021-11-04,87.53603873777975,88.40178369436278,87.20898453333693,87.7155990600586,476272
2021-11-05,88.27353387556506,89.71002649852129,86.90117414442058,89.32524871826172,953663
2021-11-08,89.1392849306517,89.71644185420973,87.6963828364505,88.65831756591797,432720
2021-11-09,89.29319935054849,89.29319935054849,86.50999405467512,86.90760040283203,4079560
2021-11-10,87.78615268287332,87.78615268287332,86.58052483260681,86.83062744140625,3771742
2021-11-11,87.79257129006896,87.79257129006896,86.08032866740874,86.51641082763672,437342
2021-11-12,86.50999638457756,87.85670897644123,85.61219451353945,85.83023071289062,1213978
2021-11-15,87.21541255858537,87.77975071232112,85.06708782040967,86.92683410644531,1894571
2021-11-16,86.25348007266768,88.01702706300104,86.25348007266768,87.8887710571289,1260174
2021-11-17,88.49799161801603,89.52405920307183,87.60018982007148,88.40180206298828,2906273
2021-11-18,88.94690204449279,89.45993589197406,87.8567112344118,89.0046157836914,1366743
2021-11-19,88.63266723552928,90.64631680866509,88.63266723552928,89.77416229248047,9707962
2021-11-22,91.38380489456192,92.98702954183493,89.46634469371298,90.44751739501953,4008696
2021-11-23,91.06314868944628,91.06314868944628,88.6967878374308,89.68437957763672,1588647
2021-11-24,90.42186143914537,91.5890135674343,87.86311162464672,91.08879852294922,1967508
2021-11-25,91.09522062646766,91.09522062646766,88.88918208635366,89.49840545654297,1641771
2021-11-26,89.45993421969591,90.9220742972363,88.53647526855322,90.07557678222656,3706110
2021-11-29,89.78058030758194,92.85877358947467,88.62625660370884,92.15335083007812,2397487
2021-11-30,92.66637567840847,94.20546727728396,88.50440137263355,90.58218383789062,20844716
2021-12-01,91.39020917350585,92.85876834827647,90.70403415110123,92.27519226074219,1819137
2021-12-02,91.14653013250297,92.2816061293121,87.92725232369396,89.67797088623047,1382287
2021-12-03,90.35774453699854,92.9870370859661,88.4980077094022,92.21749114990234,1937176
2021-12-06,92.82669745094576,92.98701989904757,89.2034140379672,90.31925201416016,1958728
2021-12-07,91.06314779122062,91.06314779122062,89.29960091498218,89.75492095947266,311337
2021-12-08,90.90283103969435,91.2555423940877,89.20341694848912,91.00543975830078,1140999
2021-12-09,91.0054264454272,91.67236344819305,88.78655971035714,90.53086853027344,418338
2021-12-10,91.05674029547667,91.05674029547667,89.07514741862859,89.85111236572266,362793
2021-12-13,90.42186566128755,91.38380040236508,87.21541652436247,88.01702880859375,5825167
2021-12-14,88.49799861622859,88.81864353875115,87.25389475119198,88.13887786865234,1024767
2021-12-15,89.05591595376455,89.10081093900965,87.56812862995888,88.24789428710938,1090914
2021-12-16,88.68396713694013,88.81864230806838,85.97131386987189,86.56771850585938,1440490
2021-12-17,87.66432034879263,87.66432034879263,85.93924909036562,86.45870208740234,764216
2021-12-20,87.20901130612614,87.40780959644339,85.77251850159465,86.02262115478516,392961
2021-12-21,86.89478680213664,86.89478680213664,85.9328518928879,86.07393646240234,120692
2021-12-22,86.83063868196594,86.83063868196594,85.29154701092881,85.503173828125,573905
2021-12-23,85.45187033967295,86.47793798770523,85.45187033967295,86.20858764648438,362658
2021-12-24,86.31760689060894,86.86269732351204,85.7404402268638,86.58052825927734,120984
2021-12-27,87.11922526247493,87.11922526247493,85.93283519086668,86.11880493164062,932292
2021-12-28,86.57412035242443,86.70237635144099,86.25347546223026,86.53564453125,68151
2021-12-29,86.67030274432778,86.67030274432778,84.970888880833,85.5672836303711,322747
2021-12-30,85.3107897497105,87.85671129036534,85.3107897497105,86.76010131835938,769544
2021-12-31,87.63225702881856,88.17735733373165,85.95208069673947,87.58737182617188,823280
2022-01-03,87.82463413912745,88.49799037074861,86.90117528265337,88.11321258544922,342216
2022-01-04,88.47875327148819,88.47875327148819,87.51040920952124,87.8053970336914,430685
2022-01-05,88.17094542078016,88.17735479660044,87.40780892998234,88.00420379638672,301979
2022-01-06,88.39537976657681,88.81863336429511,87.85669870692007,88.55570220947266,533097
2022-01-07,89.01103858010974,90.35774147627706,88.4338718086319,90.15894317626953,865771
2022-01-10,90.41544856679351,91.640304595698,89.780568169173,91.10162353515625,629891
2022-01-11,92.01867345235348,92.01867345235348,90.03708060829717,91.69802856445312,846620
2022-01-12,92.28159403466147,92.34572692581541,91.44792516149212,91.73650360107422,467159
2022-01-13,91.64028749357588,92.0250651994721,90.74248589355611,91.24269104003906,269803
2022-01-14,91.60825962943164,91.83270520732263,91.07598787595994,91.14653015136719,1547436
2022-01-17,91.1272942887433,91.67238480614772,90.9990284867123,91.1785888671875,327738
2022-01-18,92.01226664570183,92.01226664570183,90.42187052807267,90.77458190917969,1802469
2022-01-19,91.06316870890535,91.06316870890535,89.62026638781353,89.83830261230469,911793
2022-01-20,90.26153743761468,91.38379456383724,89.49199165098032,89.85111236572266,376981
2022-01-21,90.0371012355071,91.3838139873383,89.14570863434116,90.43470764160156,127590
2022-01-24,90.70402916028887,90.74250498191145,89.68438074606794,89.78697967529297,665691
2022-01-25,90.26154416526536,90.6783786433803,89.79981470180859,90.19100189208984,121962
2022-01-26,90.3898025466386,90.3898025466386,89.6523231320684,90.07557678222656,138173
2022-01-27,90.38979410269225,90.71043899825719,89.7933992938882,90.11404418945312,289718
2022-01-28,90.42186411900374,90.42186411900374,89.6138424729909,89.83187866210938,554581
2022-01-31,90.38978842507679,90.72967121020226,89.46632961820572,89.63948059082031,568851
2022-02-01,89.45993704079001,90.42187184768024,89.45993704079001,90.06916046142578,184019
2022-02-02,90.22946753256105,91.37738168600946,89.78056665634038,90.37055206298828,910491
2022-02-03,91.35816516930073,91.41587891290709,90.19742220891932,90.24231719970703,264918
2022-02-04,90.67837695722257,90.67837695722257,89.85111739200738,90.30001831054688,103938
2022-02-07,90.71043645891184,90.71043645891184,89.49198980399655,89.75492095947266,221399
2022-02-08,89.45993646979673,90.45393772096695,89.45993646979673,89.5368881225586,365027
2022-02-09,89.55611559554664,91.06315052182589,89.55611559554664,90.31925201416016,149870
2022-02-10,89.8511234120355,90.87077194931443,89.8511234120355,90.3769760131836,457438
2022-02-11,90.06916110444358,92.33933274468345,90.06916110444358,92.03792572021484,1305115
2022-02-14,92.34574594275531,92.34574594275531,91.3902204654981,91.6916275024414,235106
2022-02-15,91.6916086202054,92.02508204065633,91.0631473851791,91.73650360107422,360503
2022-02-16,91.57620163317843,92.31368111980846,91.57620163317843,91.8519515991211,135924
2022-02-17,90.52448656612552,92.3329190343948,90.52448656612552,91.8519515991211,538022
2022-02-18,92.18539481825847,93.55134501712378,91.70442754094582,93.05113983154297,601918
2022-02-21,92.0571528589123,92.92288821878071,91.93530623111533,92.19181823730469,92045
2022-02-22,92.98702318653706,93.50005699566192,91.38379864883815,92.94854736328125,984313
2022-02-23,92.98061296370534,96.7706282994522,92.01867824985271,96.07162475585938,5367261
2022-02-24,93.69244927266966,96.17423781514013,93.62831637472881,95.24436950683594,2188665
2022-02-25,95.87282664460024,96.18706217437294,94.36579167619819,95.5008773803711,346362
2022-02-28,96.62312793905882,96.62312793905882,94.33372856113718,95.09685516357422,238610
2022-03-01,95.48804524101108,96.32172392004449,94.91088834761403,95.27642822265625,640665
2022-03-02,95.55216641121031,95.55216641121031,93.23711017587553,94.15415954589844,633200
2022-03-03,94.15418994687407,95.58426371636908,93.94897247727984,94.93014526367188,437945
2022-03-04,94.28243251403921,95.71250607939334,94.28243251403921,95.32772827148438,527273
2022-03-07,94.59025629245984,95.4239350846412,91.69162332584904,92.91007995605469,807788
2022-03-08,92.34573254934135,94.58383750675426,91.83269874478381,92.48040771484375,617410
2022-03-09,92.03150617580417,94.26961135587523,92.03150617580417,92.91007995605469,396170
2022-03-10,93.46159566495484,95.55219726358155,92.60225974266339,94.93014526367188,913077
2022-03-11,95.54578010203154,95.5521894779438,93.01909647904623,95.46881866455078,270839
2022-03-14,96.12933562921081,96.12933562921081,93.62830936175202,94.03873443603516,791356
2022-03-15,94.03874067424061,94.91089523811118,93.3012612807697,93.5449447631836,2075466
2022-03-16,94.17343142036526,95.52013442056702,93.63474043497665,94.41070556640625,1813245
2022-03-17,94.4106776788024,95.55217264978074,94.26959315112597,95.00707244873047,1261696
2022-03-18,93.59327715402097,93.59327715402097,91.14527829233829,91.8194580078125,2674075
2022-03-21,91.96345222172279,91.96345222172279,90.98163600583251,91.09944915771484,1838216
2022-03-22,91.6230976753452,91.63619135633931,90.72637528451776,90.97510528564453,4242170
2022-03-23,90.97510528564453,90.97510528564453,90.97510528564453,90.97510528564453,0
2022-03-24,91.1780164220091,91.1780164220091,89.80346949596543,90.21583557128906,5341546
2022-03-25,90.32711361138335,90.32711361138335,89.34529715908572,89.61366271972656,782991
2022-03-28,89.96709378797743,90.65436716107709,89.0180067430071,90.20928192138672,2690686
2022-03-29,90.32710686518286,91.30238139714474,89.5416557595179,90.27474212646484,738537
2022-03-30,90.55618149222883,90.64781726800406,89.41072930126305,89.62017822265625,2722792
2022-03-31,89.35183465784799,89.99983708034554,88.98529146483833,89.2732925415039,2923383
2022-04-01,89.50891207161747,93.04344646918743,89.34527603492347,92.06163024902344,3714139
2022-04-04,89.35183241533329,91.62965360767345,89.35183241533329,90.47110748291016,593447
2022-04-05,89.67907653442369,90.84416414233378,89.05071984057645,90.03907775878906,383815
2022-04-06,90.98165106467583,90.99474474623587,89.71183361727553,90.01947021484375,686761
2022-04-07,89.99326676103705,89.99326676103705,86.59618147818622,87.14599609375,3599394
2022-04-08,88.69072895132713,91.60344831052109,88.69072895132713,90.76563262939453,1701455
2022-04-11,92.94527633724351,94.38527157876085,92.94527633724351,93.83545684814453,1358852
2022-04-12,92.95834172035457,94.38524284700408,92.95178988832022,94.2150650024414,849721
2022-04-13,94.86962538890629,94.86962538890629,92.34308471182135,92.6114501953125,436996
2022-04-14,92.94527527355054,93.53436105139036,92.38890871527266,92.91909790039062,265920
2022-04-15,92.94527015670653,93.27254223472309,92.51982045030546,92.99763488769531,32226
2022-04-18,92.36273173262465,92.87981725202127,91.30891517943874,91.97000122070312,526241
2022-04-19,93.27255213936773,93.27255213936773,91.07982498878977,91.68201446533203,522173
2022-04-20,91.89800057122223,93.78963288679454,91.14527874536559,92.91909790039062,1746384
2022-04-21,92.94527087668891,92.95181272278148,91.96999648112632,92.51982116699219,452199
2022-04-22,92.61798843813774,92.91253128018363,91.9765380285078,92.48052978515625,387589
2022-04-25,94.08419243670019,94.08419243670019,92.2252792088363,92.43473815917969,1055552
2022-04-26,93.207087027942,93.207087027942,91.99618629018865,92.71617889404297,428037
2022-04-27,93.14927204078805,93.14927204078805,90.61731560089466,91.40354919433594,135520
2022-04-28,92.27642586666907,92.27642586666907,90.28417365143967,91.54348754882812,130423
2022-04-29,91.54348754882812,91.54348754882812,91.54348754882812,91.54348754882812,0
2022-05-02,91.54348754882812,91.54348754882812,91.54348754882812,91.54348754882812,0
2022-05-03,91.54348754882812,91.54348754882812,91.54348754882812,91.54348754882812,0
2022-05-04,91.54348754882812,91.54348754882812,91.54348754882812,91.54348754882812,0
2022-05-05,91.54348754882812,91.54348754882812,91.54348754882812,91.54348754882812,0
2022-05-06,91.91661356970197,92.61623464176071,91.35026140050381,91.4968490600586,328772
2022-05-09,91.28361456365923,91.84997682300288,88.2852476619332,89.75111389160156,1266895
2022-05-10,90.28417165449704,91.06374593878121,88.8183052182279,89.34468078613281,116552
2022-05-11,90.55068290347468,90.55068290347468,86.28634262435622,87.65226745605469,756369
2022-05-12,88.6117404388784,88.61839981634272,85.95318478427227,86.22637176513672,902207
2022-05-13,86.6195046582685,88.58509907673113,86.6195046582685,88.01207733154297,260862
2022-05-16,87.95211130884971,87.95211130884971,86.02649352096435,87.0992431640625,505504
2022-05-17,87.85215353599757,88.24527030856221,87.0325926029702,87.95209503173828,682832
2022-05-18,88.27194497278496,89.27807045012682,87.4190767250859,87.53901672363281,584372
2022-05-19,89.14478791808278,89.14478791808278,87.61895656992245,87.92546081542969,260252
2022-05-20,88.45182175413755,88.83161976724753,87.64558975280956,87.9454345703125,526762
2022-05-23,87.95211296654105,87.95877234528558,86.45292922279319,86.859375,328867
2022-05-24,87.94544129304242,87.94544129304242,83.62779047791736,84.28742980957031,729695
2022-05-25,84.02756979680929,85.1536248076312,83.09474349150378,84.49398040771484,619401
2022-05-26,84.60728151358859,86.1464369952902,83.69444323204726,85.52677917480469,746138
2022-05-27,86.61950083609078,88.31857769358132,86.01983143555996,86.37963104248047,1076420
2022-05-30,86.31966744247393,87.8854754195576,85.98651551113824,87.05926513671875,1346872
2022-05-31,87.78551907639579,87.94543563653691,86.61282813632597,87.35908508300781,4921434
2022-06-01,87.74555483222463,87.74555483222463,85.05368669277821,85.42015075683594,2525869
2022-06-02,85.78661425730618,85.78661425730618,83.77437901787242,84.02757263183594,534445
2022-06-03,85.26689867187116,85.26689867187116,83.28797555922485,83.7343978881836,360443
2022-06-06,84.6205768768219,84.6205768768219,82.82155877189346,83.82101440429688,400820
2022-06-07,83.3879175375977,84.88710101480125,83.3879175375977,83.58114624023438,33170
2022-06-08,83.94762950490234,83.94762950490234,82.82157933624237,83.26133728027344,316051
2022-06-09,82.6550051650646,84.4073826839484,82.6550051650646,84.10088348388672,609891
2022-06-10,84.10087222550807,84.60726457166619,83.28798072031859,84.09420776367188,599375
2022-06-13,82.95482066626627,82.95482066626627,78.95699798355464,79.28348541259766,1766437
2022-06-14,77.99086379384723,79.55667674670879,77.75765339115948,78.26404571533203,1242817
2022-06-15,79.8565219546714,79.8565219546714,78.29070879546124,78.9836654663086,379555
2022-06-16,79.02363807118195,79.75657131246496,77.95755289445256,78.99032592773438,589426
2022-06-17,79.22351609056427,80.75601164997066,78.79708210155606,80.03640747070312,504517
2022-06-20,81.55558852495591,81.55558852495591,80.3562396164366,80.9825668334961,611805
2022-06-21,79.29016186433277,81.88208355557126,79.29016186433277,80.21632385253906,1849402
2022-06-22,80.76268640864718,81.35569640908429,79.82986003243884,79.98977661132812,1560298
2022-06-23,80.55613278715853,80.55613278715853,79.75656515373208,79.93647003173828,1533425
2022-06-24,79.68992988903966,80.07638729574492,73.94639464408586,74.76594543457031,2429070
2022-06-27,75.29232198062583,76.69155880604485,75.29232198062583,76.09854888916016,639704
2022-06-28,74.99249955960002,76.79151790221935,74.97250617417522,75.51887512207031,335877
2022-06-29,76.55165198259553,76.55165198259553,73.29342643241593,74.33952331542969,1199217
2022-06-30,74.09298540436832,77.29124588831735,73.95972666899333,75.37895202636719,1306573
2022-07-01,74.33284747004372,76.6249340814595,74.33284747004372,76.29844665527344,293888
2022-07-04,76.61826692283073,76.87812497910468,75.12574794360445,75.29898834228516,1180326
2022-07-05,75.87868307958925,75.92532414726873,74.96585002879169,75.53887176513672,118301
2022-07-06,75.92531008322693,75.95862730403864,75.35895291388688,75.85868072509766,90349
2022-07-07,75.95864868164062,76.62495261744449,75.8320493071193,75.95864868164062,281957
2022-07-08,75.95864868164062,75.95864868164062,75.95864868164062,75.95864868164062,0
2022-07-11,75.95864868164062,75.95864868164062,75.95864868164062,75.95864868164062,0
2022-07-12,75.95864868164062,75.95864868164062,75.95864868164062,75.95864868164062,0
2022-07-13,75.95864293686274,76.96476322721215,75.35896842329373,76.79818725585938,710552
2022-07-14,76.95810527158484,78.42397191002628,76.95810527158484,78.1041488647461,552747
2022-07-15,78.89037721536668,79.2635057463447,76.75820183557599,76.93144226074219,497759
2022-07-18,76.29178700214648,76.62493891045278,75.63214764707848,76.1718521118164,219270
2022-07-19,76.29177802595629,76.55830053794229,73.55993371596148,74.0263442993164,321305
2022-07-20,74.62601470947266,75.29231841223582,74.02634036028707,74.62601470947266,757517
2022-07-21,74.15962574302412,75.29234033412163,73.79315656640682,74.25956726074219,186947
2022-07-22,74.69264808941358,74.69264808941358,72.99357660587411,73.29341125488281,607672
2022-07-25,73.29341680528452,73.29341680528452,71.63432179370699,72.00078582763672,112520
2022-07-26,71.62765193150257,72.92694218895544,71.36112941924468,71.96746826171875,1988581
2022-07-27,74.59270966202465,74.59270966202465,71.62765973432711,72.73372650146484,1725777
2022-07-28,74.29287481141874,74.62602671640268,72.19401679332098,74.0596694946289,1625167
2022-07-29,74.61270029984088,74.61270029984088,73.2934165649345,73.51329803466797,3051581
2022-08-01,73.3067542262157,73.91975768925337,71.99413978855311,72.5671615600586,206793
2022-08-02,73.12684419712204,73.12684419712204,71.40111974452937,71.97413635253906,494011
2022-08-03,72.42722446873763,76.62494064163376,71.74093233548044,75.79206085205078,3963433
2022-08-04,75.69210988268644,77.95754379602187,75.69210988268644,76.95142364501953,670583
2022-08-05,76.19851058914317,81.2557544964326,76.19851058914317,80.14302825927734,628010
2022-08-08,80.14302825927734,80.14302825927734,80.14302825927734,80.14302825927734,0
2022-08-09,80.14302825927734,80.14302825927734,80.14302825927734,80.14302825927734,0
2022-08-10,80.38956067912001,81.82211497616882,79.62331023339671,80.6627426147461,1240160
2022-08-11,80.62277503694568,81.94205904701556,79.95647111102052,80.2962875366211,366171
2022-08-12,80.95591951366056,81.7554821174345,80.3629094811043,81.4689712524414,603716
2022-08-15,80.60869116398707,82.4647217655886,80.11419859972041,81.60444641113281,825073
2022-08-16,81.624755859375,82.26826846491376,81.21832657334902,81.624755859375,461123
2022-08-17,81.96344752427221,82.13279349023146,80.79157116590163,81.86861419677734,171315
2022-08-18,82.30214823105501,82.30214823105501,80.26999642288081,80.70352172851562,123328
2022-08-19,80.3377464132357,81.62477712769333,78.17011954427664,78.51558685302734,532668
2022-08-22,79.59262783115093,79.59262783115093,76.61891219200822,76.94405364990234,639363
2022-08-23,77.20822821532798,78.56299617359073,76.47665227753897,78.17688751220703,1101524
2022-08-24,77.89916856747094,79.72810350140811,77.89916856747094,78.96943664550781,1858709
2022-08-25,79.572297191196,79.728092612957,77.99399127283326,79.22005462646484,841489
2022-08-26,79.58582676000306,79.58582676000306,78.44105157250138,78.98973083496094,286267
2022-08-29,79.2471571377142,79.93131646296256,77.37080562688128,79.47747039794922,883355
2022-08-30,79.9380847120682,79.9380847120682,78.57654146887813,79.03716278076172,838102
2022-08-31,79.51133353589293,79.79583874887832,77.89916144644849,79.05748748779297,829360
2022-09-01,79.55874621602752,79.55874621602752,77.89915753573884,79.17941284179688,157730
2022-09-02,79.5858494328997,79.5858494328997,78.57654866009008,78.99652862548828,228226
2022-09-05,79.21328769906327,79.25392908585056,78.3055904392515,79.06426239013672,280910
2022-09-06,79.59262075663432,79.59262075663432,77.8991607405357,79.26070404052734,390921
2022-09-07,78.27172473329534,79.7890634746678,78.27172473329534,79.10490417480469,236620
2022-09-08,78.10239088726,79.45038383528421,78.10239088726,78.25818634033203,142695
2022-09-09,79.69421485301658,79.69421485301658,78.23783847124477,78.48169708251953,251759
2022-09-12,78.90168439236105,79.18618440967255,78.40719183729442,78.91522979736328,181629
2022-09-13,79.2539086011273,81.69248937063321,79.2539086011273,81.21832275390625,1469063
2022-09-14,81.61798959574122,81.61798959574122,78.92200440493183,79.16586303710938,443465
2022-09-15,79.26746700158147,80.23612625003896,79.02361353587122,79.49100494384766,204057
2022-09-16,79.93132055854808,80.5409672574312,79.18619911237107,79.8297119140625,1067864
2022-09-19,79.9313087742655,79.9313087742655,78.6171822135293,79.43004608154297,137683
2022-09-20,80.40547307424184,80.40547307424184,78.33945512045601,78.56976318359375,305735
2022-09-21,79.4165011626691,79.4165011626691,78.00077103965315,78.32591247558594,89717
2022-09-22,77.90593405117585,78.90845946117545,77.55369148266702,78.2039794921875,153557
2022-09-23,78.77975603663027,78.77975603663027,77.18789960789775,77.27596282958984,180653
2022-09-26,77.27596329685767,78.57653925804303,77.22177133980091,77.50627136230469,227437
2022-09-27,77.89914955327949,79.24714208545765,77.3572403587407,78.9490966796875,374877
2022-09-28,79.34197185647756,79.89742643032427,78.85425980492808,79.11166381835938,535239
2022-09-29,79.89742390809437,79.89742390809437,76.4834138148783,76.72049713134766,748182
2022-09-30,76.5579360775838,77.89915864824314,76.27343604284778,77.82464599609375,109718
2022-10-03,77.28950821786293,77.89915481085814,76.88307887854259,77.22854614257812,287017
2022-10-04,77.75012714565787,77.76367771843915,76.27342996228447,76.51051330566406,352972
2022-10-05,76.28020579928184,77.15403170092777,75.52830921340116,75.92796325683594,218446
2022-10-06,75.86700783283614,76.88308383059734,75.86700783283614,76.56471252441406,311331
2022-10-07,75.35896548749493,76.88307939623078,75.35219020085229,76.50374603271484,712181
2022-10-10,77.54691795041315,77.54691795041315,75.7315287323977,76.50374603271484,542174
2022-10-11,76.81535060502888,76.81535060502888,75.18285259997296,75.44026184082031,322683
2022-10-12,75.22349135940904,76.20569604117235,75.18962009395672,76.01602935791016,524351
2022-10-13,76.4427867388426,76.53084997026677,75.87378663439416,76.25989532470703,242318
2022-10-14,77.14048012777772,77.14048012777772,76.07698756384924,76.37503814697266,1047669
2022-10-17,76.54437672798281,76.54437672798281,73.90257862146437,76.08375549316406,642979
2022-10-18,76.54438339817857,76.94403743261238,76.21246672252667,76.4834213256836,693079
2022-10-19,76.63244857100933,78.42074188283134,76.54439051321047,77.30306243896484,1041058
2022-10-20,76.88307179310728,76.88307179310728,76.36825858779696,76.64598846435547,1262681
2022-10-21,76.88308374691684,76.88308374691684,75.8737830372876,76.28021240234375,482122
2022-10-24,76.71372609844781,77.41143068331947,76.28020081914835,76.40213012695312,738529
2022-10-25,76.55116348846335,76.88985547165693,76.3750422101544,76.53761291503906,750672
2022-10-26,76.53761007897509,76.54438536543618,75.18961748286209,75.54185485839844,627292
2022-10-27,75.85345067864202,76.19891274339435,75.69765010918255,76.0702133178711,336951
2022-10-28,76.49696024073098,76.8830688378652,75.35895513843614,75.65023040771484,377111
2022-10-31,74.49840115615507,75.62956799264656,73.11203005618268,73.90522766113281,418931
2022-11-01,73.87761435843879,74.48458006989463,72.91198302391602,74.23627471923828,320913
2022-11-02,74.42250278869851,75.18121120714285,73.36720773023072,73.58102416992188,1126023
2022-11-03,74.42251010002875,74.6294277277865,73.45687871702279,74.41561126708984,336449
2022-11-04,73.83623095947486,74.65011954033818,73.24995122862984,74.4914779663086,264249
2022-11-07,74.80186719217693,75.0432790023047,73.45688409533852,74.44320678710938,328144
2022-11-08,74.45010498065933,74.97430054800125,74.35354236234541,74.48458862304688,699283
2022-11-09,74.48458862304688,74.48458862304688,74.48458862304688,74.48458862304688,0
2022-11-10,74.80185850474362,76.48481583539625,74.35353436604423,75.82266998291016,2180864
2022-11-11,76.1813314466665,76.1813314466665,75.52608441735899,75.90544128417969,459870
2022-11-14,75.31916738911184,76.14685372772556,75.31916738911184,75.86405944824219,314074
2022-11-15,75.87096687752906,76.05029972722024,75.52609884626757,75.80199432373047,283783
2022-11-16,75.52608613109054,75.87095410429187,75.52608613109054,75.75370025634766,137035
2022-11-17,75.7675052078199,76.97454331392349,75.7675052078199,75.967529296875,347226
2022-11-18,76.1123709174458,76.1123709174458,74.8363602966388,75.20191955566406,246085
2022-11-21,75.52608630408139,75.52608630408139,75.18121833009015,75.39503479003906,122442
2022-11-22,75.83647027687341,75.83647027687341,75.04327809524582,75.15363311767578,103044
2022-11-23,75.57438017240148,75.86406805576362,73.60863344634608,74.50528717041016,547676
2022-11-24,74.8018702718496,74.8018702718496,74.45700225720341,74.66392517089844,276362
2022-11-25,75.0088041523752,75.56059516139226,74.49840088950933,75.51231384277344,375379
2022-11-28,75.36745744243125,75.51920021856391,73.76726998349612,73.88452911376953,471499
2022-11-29,74.146628447222,75.5192017701586,73.80865924215361,74.54667663574219,784545
2022-11-30,74.80186942855373,74.9329209565677,73.18099083044368,73.4568862915039,536748
2022-12-01,74.45700637720459,75.42263792409977,73.67760651539352,74.96741485595703,344954
2022-12-02,74.4914898722159,75.18122588955123,73.87072640416046,74.9398193359375,451477
2022-12-05,75.14673629874189,75.40194051724608,74.2155937362811,74.33284759521484,410456
2022-12-06,74.66392517089844,75.14673828649578,74.11213424255723,74.66392517089844,305637
2022-12-07,74.66391211498409,74.76737355374009,74.2569704547492,74.32594299316406,316915
2022-12-08,74.79497637896849,74.79497637896849,74.2224942141716,74.68461608886719,1279004
2022-12-09,74.31904845182558,76.4917177420819,74.31904845182558,76.35376739501953,1136270
2022-12-12,76.30550298823674,76.56070724012059,75.69853711354266,76.05719757080078,2440654
2022-12-13,76.42275654050717,76.56070164577235,75.73302048964436,76.53311157226562,379641
2022-12-14,76.5537888065396,76.73312162039069,75.80197917452934,76.2572021484375,607801
2022-12-15,76.21582705170017,76.56069504740923,72.2843340055242,73.09132385253906,1811990
2022-12-16,73.73277574180958,74.21558881260451,72.3533038112323,72.65678405761719,675775
2022-12-19,73.44997521323505,73.44997521323505,72.24983620930297,72.40847778320312,132978
2022-12-20,72.73265434685605,77.83670146609998,69.04946687319581,72.76714324951172,1183080
2022-12-21,70.35308088702882,72.40159790776119,68.97360871277336,69.84957122802734,508848
2022-12-22,70.00819893802175,72.27743084541596,69.31846298789345,71.68425750732422,859690
2022-12-23,71.97396048668008,72.28434488690299,70.35998054968867,70.74623107910156,74193
2022-12-26,71.04280590230013,71.4497476043956,70.07717447835898,70.94624328613281,181729
2022-12-27,71.73254404895445,72.14638459678328,68.28386404660088,69.31156921386719,831405
2022-12-28,69.24948787059448,69.52538329284137,66.56641554533515,67.22856140136719,984566
2022-12-29,68.28386098035017,68.90462440535238,66.73195504897858,68.13211822509766,337578
2022-12-30,68.28385270263067,70.18062638881484,67.15958510305404,69.49089050292969,382741
2023-01-02,69.6564330963086,72.76714374797453,69.04256851316019,72.38778686523438,1070969
2023-01-03,71.04969568646277,72.38777973818875,69.22189452077251,71.89117431640625,486041
2023-01-04,71.90498042277618,72.0774144285862,70.83588748184678,71.0359115600586,144134
2023-01-05,71.04281157578448,71.04281157578448,70.4220480920861,70.61517333984375,129658
2023-01-06,71.04281163931812,71.04281163931812,69.47021432072138,69.65644073486328,176702
2023-01-09,68.97360675921242,69.65644399269341,68.1459255830093,68.60804748535156,947381
2023-01-10,70.00820636068065,70.00820636068065,68.91152860958928,69.62195587158203,288131
2023-01-11,69.83577149875487,69.83577149875487,68.18730284435831,68.4149169921875,113011
2023-01-12,69.31845779599196,69.31845779599196,68.2838539482906,68.40110778808594,231003
2023-01-13,68.62872695296785,68.62872695296785,66.38708511782066,67.99417114257812,19231
2023-01-16,69.6288521076924,69.6288521076924,65.87669157591564,67.00785827636719,72013
2023-01-17,67.59413508747826,67.59413508747826,64.69724568863664,65.22834014892578,143077
2023-01-18,66.8354082772014,67.18027621953756,64.86966205833872,66.59400177001953,400133
2023-01-19,66.59402233473591,66.9044014737789,65.21455013940026,65.49044036865234,307107
2023-01-20,66.14568749059451,66.14568749059451,64.69724285462175,64.84208679199219,304561
2023-01-23,66.04223630009736,66.04223630009736,63.248802790329165,63.53159713745117,136764
2023-01-24,63.862646961884145,65.52491307202065,63.110837327262,63.662628173828125,679177
2023-01-25,64.14545345520244,67.24926571916386,63.697123964620985,66.6078109741211,1598302
2023-01-26,66.90439325209458,70.835886420764,66.8354207032574,70.18753814697266,2417075
2023-01-27,70.93934881529871,71.56011228759658,69.01498468230947,69.47711181640625,598035
2023-01-30,69.62885011600898,70.00820703737497,67.62861983904146,67.9734878540039,225929
2023-01-31,68.28386815949167,70.52551029604065,67.76656612798038,70.07028198242188,973364
2023-02-01,70.07028785572308,70.35308218254194,69.66334608271309,70.22203063964844,223712
2023-02-02,70.82899923712294,71.38768377403727,69.66334358625859,69.8150863647461,405219
2023-02-03,70.97383177626797,70.97383177626797,68.31834936626588,69.78058624267578,215360
2023-02-06,70.35307201190406,73.09822360776651,68.6287320116123,71.42216491699219,499709
2023-02-07,71.39456362727408,71.90496671372566,70.63585519881532,71.38766479492188,156346
2023-02-08,72.00845294026142,72.00845294026142,70.24962370591021,70.63587951660156,249714
2023-02-09,71.3876708556274,73.7948478487252,71.04280288047944,73.14649963378906,1469118
2023-02-10,71.46354348221908,74.42251139226191,70.69793614300609,71.40836334228516,730960
2023-02-13,71.73255531034143,72.34642002615034,71.04281920158815,71.26353454589844,520865
2023-02-14,72.07051888028843,72.07051888028843,69.69783043052487,69.98751831054688,187632
2023-02-15,71.57390415825353,71.7325457575384,69.69782661259242,71.27042388916016,488615
2023-02-16,70.35997386453226,71.89808226392363,70.35997386453226,71.64288330078125,194263
2023-02-17,71.69805375490986,71.72564382586631,70.35307068495757,71.0497055053711,219186
2023-02-20,72.18087315143221,72.18087315143221,70.35307170660123,70.48412322998047,224990
2023-02-21,71.56009957376054,71.56009957376054,70.38755064950705,70.67723846435547,253466
2023-02-22,71.04281250439391,75.97442626953125,70.35307646066192,75.97442626953125,3579528
2023-02-23,77.59529353486553,77.59529353486553,74.84324859759724,75.12603759765625,2117131
2023-02-24,75.52609575322528,75.52609575322528,73.87072821850914,74.2845687866211,996579
2023-02-27,74.62944718299194,78.59542993165573,74.14663399675788,78.0091552734375,3352546
2023-02-28,78.28503218326047,78.8713067022234,77.2849171369277,77.9539566040039,841706
2023-03-01,77.9401652700949,78.11259926405529,76.21582533049103,77.07799530029297,1244724
2023-03-02,77.71945848767798,80.52668400658156,76.57449411638505,79.38861846923828,4668590
2023-03-03,79.99559379516468,80.69912228946951,79.45759522626248,80.48530578613281,654735
2023-03-06,80.87154575618298,80.87154575618298,79.49207376034191,79.90591430664062,306335
2023-03-07,79.52657396755166,80.00938712980675,79.07824445273259,79.43690490722656,728911
2023-03-08,80.00938504117771,80.28528052480792,79.49898181693646,79.60933685302734,4647641
2023-03-09,80.28527327829586,80.35424582741082,79.33343420879764,79.73348236083984,3861364
2023-03-10,80.4163234832391,80.4163234832391,79.52656861020331,79.74728393554688,386192
2023-03-13,79.49207561162271,80.60255101511794,79.49207561162271,79.89901733398438,3651796
2023-03-14,80.31975087642155,80.83705284925105,79.42309728087774,80.39562225341797,5283166
2023-03-15,80.0162650485454,81.25089296903954,80.00936621595397,80.72669219970703,537807
2023-03-16,80.77499804472465,81.21642874387972,80.56807510225302,80.8853530883789,1329971
2023-03-17,81.11296158098595,81.25091195371014,79.87143980008021,80.11284637451172,867786
2023-03-20,76.88393037991644,77.84542532797617,75.4201572942344,76.43905639648438,496719
2023-03-21,76.76911775161528,76.76911775161528,75.41297616276181,76.32424926757812,569668
2023-03-22,76.05876721224844,77.30727751857161,75.5062672553692,76.57539367675781,378658
2023-03-23,76.57539367675781,76.57539367675781,76.57539367675781,76.57539367675781,0
2023-03-24,76.41753000898707,76.41753000898707,75.64976725040644,75.96548461914062,63658
2023-03-27,77.13506224599939,77.13506224599939,74.69544057776532,76.6327896118164,697490
2023-03-28,76.91980528726228,76.99156321850246,76.13051731287426,76.5682144165039,912083
2023-03-29,76.69736119075087,76.77629052550166,76.20225999537973,76.21661376953125,1424324
2023-03-30,76.20226843236514,76.20226843236514,75.24077348347082,75.81480407714844,79105
2023-03-31,74.80307371315537,76.7762962811283,74.80307371315537,76.46057891845703,1465208
2023-04-03,76.74040802680632,76.74040802680632,75.44884760511327,76.05157470703125,232448
2023-04-04,74.77438907632946,76.53235469514208,74.77438907632946,76.15923309326172,258119
2023-04-05,76.74040802680632,76.74040802680632,75.91524670504157,76.05157470703125,191247
2023-04-06,76.76911190752811,76.76911190752811,75.91524849303372,76.11615753173828,342562
2023-04-07,76.41753470171761,76.74042350367033,75.78610539983514,76.01571655273438,156747
2023-04-10,76.74041267272824,76.74041267272824,75.34122076259584,75.513427734375,206388
2023-04-11,76.05159322134655,76.05159322134655,74.83178494706561,75.06857299804688,104322
2023-04-12,75.91524145907266,76.26683224422884,75.34121099508035,76.05874633789062,798816
2023-04-13,76.05875622809165,76.66866025391643,75.7358674715847,76.37447357177734,685971
2023-04-14,76.37447357177734,76.37447357177734,76.37447357177734,76.37447357177734,0
2023-04-17,76.3457699994946,76.63278526318115,75.26946686644072,76.28118896484375,739960
2023-04-18,76.66867107543055,78.21137357569503,76.20227188125361,77.50818634033203,464175
2023-04-19,76.81216406378807,77.78083572491747,76.81216406378807,77.46511840820312,263605
2023-04-20,77.49383640527891,79.64644297209222,77.27857355885295,79.13699340820312,1975152
2023-04-21,79.13699340820312,79.13699340820312,79.13699340820312,79.13699340820312,0
2023-04-24,79.13699340820312,79.13699340820312,79.13699340820312,79.13699340820312,0
2023-04-25,79.13699340820312,79.13699340820312,79.13699340820312,79.13699340820312,0
2023-04-26,80.3280821354911,81.79185494090457,79.28765804322016,81.48331451416016,924959
2023-04-27,81.42591888626268,83.80813617438595,80.79448423621227,83.19105529785156,3342329
2023-04-28,83.18388746880902,89.42644388402927,82.08605907279923,88.05595397949219,8107915
2023-05-01,88.05595397949219,88.05595397949219,88.05595397949219,88.05595397949219,0
2023-05-02,88.09899938007835,93.27243465724544,88.09899938007835,92.17460632324219,3320248
2023-05-03,92.19613230519346,94.78643567249706,90.839985291917,92.74862670898438,3858629
2023-05-04,92.55489998544809,95.43221314706406,92.55489998544809,93.02129364013672,2342705
2023-05-05,92.92083853350005,94.63574777968296,92.28223243635382,93.07869720458984,1428002
2023-05-08,93.85363954094035,93.85363954094035,91.9162960055454,92.1602554321289,981364
2023-05-09,92.16744105751768,94.34875530458096,91.05526421731383,93.4590072631836,3404727
2023-05-10,89.13629190963182,90.27502834143016,86.90376172287053,88.77668762207031,1546399
2023-05-11,88.41707452259583,90.94927374400572,88.41707452259583,89.68317413330078,683255
2023-05-12,89.90044023911751,90.6496105744435,89.15126990379154,89.30110168457031,690402
2023-05-15,89.22618911610871,91.0167058269422,89.00892902488957,90.70954895019531,1354487
2023-05-16,90.98674744164433,94.0208900029259,90.64962303070942,93.72871398925781,2277896
2023-05-17,94.99479675039765,94.99479675039765,92.14794731140137,92.8971176147461,929495
2023-05-18,92.33522500453321,92.89710264147763,89.72811025419654,89.93038940429688,727209
2023-05-19,89.90044481282372,89.91542570537733,88.43956487090188,88.70926666259766,628112
2023-05-22,88.7766783889069,88.7766783889069,85.34547712666094,86.16956329345703,885273
2023-05-23,85.9672982036376,87.46563891306918,85.9672982036376,86.19953918457031,261576
2023-05-24,86.82133949182732,87.65291892348685,86.19952681487192,86.57411193847656,233095
2023-05-25,87.42816597945547,87.42816597945547,86.46174138578198,86.96368408203125,304026
2023-05-26,87.26334886908131,87.76529153969715,86.25945781213453,86.52915954589844,393642
2023-05-29,87.27084290242317,87.2783362055021,85.40541053585613,86.53665924072266,688678
2023-05-30,86.90375335204509,87.24837099841731,85.52528276655617,85.87738800048828,144904
2023-05-31,86.15458705451378,87.65292769894012,85.9672944739605,87.12101745605469,735000
2023-06-01,87.05359468736933,87.6529332695158,85.78750064905232,86.0047607421875,201795
2023-06-02,86.49172834170965,90.6496267300786,86.1695848114782,89.78058624267578,1698732
2023-06-05,89.78056378011073,89.8929404654647,87.66790381517539,87.94509887695312,368419
2023-06-06,88.96398338804563,88.96398338804563,87.20343412308866,87.69788360595703,264262
2023-06-07,87.982567922251,88.28223149032253,87.06108587485407,87.3307876586914,388628
2023-06-08,87.50308823089608,88.02001182110837,86.52916461132229,86.6715087890625,205654
2023-06-09,87.57051321822212,87.6529224059465,86.26695853668791,86.78388214111328,278960
2023-06-12,85.5927227414495,87.0835703161515,84.65625969176187,86.41680908203125,1143700
2023-06-13,85.77999887812784,87.65292461782495,85.77999887812784,86.10214233398438,636805
2023-06-14,86.16956682830825,86.88877535813383,85.78000078072562,85.80247497558594,239221
2023-06-15,87.42816288667106,87.42816288667106,85.20313212177344,85.81745147705078,251731
2023-06-16,86.04221813999872,86.52918003659471,85.2930477500715,85.79499053955078,534597
2023-06-19,86.51418559743605,86.51418559743605,83.1579002611695,83.69730377197266,1208956
2023-06-20,83.5324828677926,84.42399729424461,82.5061175677236,82.9631118774414,942628
2023-06-21,83.15789646478866,84.20673594172186,81.9592252264573,82.52110290527344,785920
2023-06-22,83.00057840304325,83.01555929416082,82.07160882942729,82.81328582763672,374967
2023-06-23,83.12044653193952,83.27028402863951,82.1165610247719,82.21395111083984,518618
2023-06-26,82.97062029664046,88.31969639846227,82.9331594910326,87.69788360595703,1653301
2023-06-27,87.72785069030327,88.21481258230857,86.52917922086317,88.05748748779297,634357
2023-06-28,88.05748748779297,88.05748748779297,88.05748748779297,88.05748748779297,0
2023-06-29,88.05748748779297,88.05748748779297,88.05748748779297,88.05748748779297,0
2023-06-30,88.05748748779297,88.05748748779297,88.05748748779297,88.05748748779297,0
2023-07-03,94.66516876220703,94.66516876220703,94.66516876220703,94.66516876220703,1228586
2023-07-04,96.60550612358877,97.91655412449828,93.45899320769222,96.12603759765625,2793050
2023-07-05,96.26089277284238,99.3774324296921,95.51921008510165,96.23841857910156,2344670
2023-07-06,96.64297980166825,98.51590576681686,94.78503472932559,98.45597076416016,2008778
2023-07-07,97.54947267123953,99.54975605949045,97.54947267123953,99.1751708984375,932212
2023-07-10,98.55334483667012,100.95068725704485,98.55334483667012,100.47870635986328,1364905
2023-07-11,100.89824399461844,101.87216760794809,100.00674099764977,100.69597625732422,1108557
2023-07-12,101.13798637811698,102.33666338183748,100.41129030221899,101.10802459716797,2363330
2023-07-13,101.87217434963996,101.87217434963996,98.03642606580767,98.37355041503906,1479699
2023-07-14,98.21622608731401,99.45984003645519,97.95401192259698,98.10384368896484,765791
2023-07-17,98.1413012728058,100.27644102574064,97.5045019973184,99.5647201538086,713747
2023-07-18,99.45236471103966,101.51258318904613,98.51590176649125,101.15298461914062,1867172
2023-07-19,102.26924556969983,107.78314008366885,98.18626924062245,106.98902130126953,6961365
2023-07-20,107.3935743502732,110.35279494938551,106.39717641202527,109.97071075439453,4382505
2023-07-21,110.13551889328946,116.49597869422512,109.9781995358827,114.86279296875,5339438
2023-07-24,115.37223585540333,117.69466855233836,115.33477505098195,116.80315399169922,2244184
2023-07-25,116.8705690269183,117.91940289433076,116.04647710864296,117.27511596679688,4489252
2023-07-26,117.24516219449364,119.55260829188242,116.83311620720411,118.43634033203125,11699667
2023-07-27,118.43634033203125,118.43634033203125,118.43634033203125,118.43634033203125,0
2023-07-28,118.43634033203125,118.43634033203125,118.43634033203125,118.43634033203125,0
2023-07-31,116.42604466084563,118.90979791158306,116.42604466084563,117.8697280883789,2217659
2023-08-01,117.86973766180766,120.85024180477035,116.89176307087415,119.04175567626953,2723420
2023-08-02,117.97839955582269,119.91107628587996,117.35745824209795,117.76882934570312,824565
2023-08-03,117.97838950352696,118.36647631110434,112.59174271939764,113.18939971923828,959295
2023-08-04,112.93326509553718,113.83362936416117,110.70565052926753,111.28778076171875,842918
2023-08-07,110.72894817003817,112.8711834206475,108.5867010759575,108.91270446777344,1530950
2023-08-08,109.05239421153243,110.60474146009517,108.66430739939175,109.89066314697266,640049
2023-08-09,109.47929927121079,114.46233284548643,109.44824569185496,113.65510559082031,969084
2023-08-10,114.87370044591826,117.2022214009031,114.01214721883508,115.68091583251953,1548098
2023-08-11,114.01989253025378,119.91881639108631,114.01989253025378,116.65888977050781,2784583
2023-08-14,116.65888977050781,116.65888977050781,116.65888977050781,116.65888977050781,0
2023-08-15,116.73650796444656,117.97839049653476,115.2617828206277,116.51918029785156,2800475
2023-08-16,117.20224270487213,117.20224270487213,115.64989511937713,116.29412078857422,1082515
2023-08-17,116.29409537306384,118.36647752557393,114.56323150968103,117.10131072998047,641023
2023-08-18,117.20222107549033,117.97839472499687,115.64987377647721,115.7197265625,921604
2023-08-21,115.80510960674327,117.19446711332282,110.37189389743992,111.59049224853516,2020335
2023-08-22,112.54518123345383,112.54518123345383,110.13128066567336,111.4430160522461,746802
2023-08-23,110.60474546508856,112.2347148724884,109.28525262472536,111.43525695800781,603399
2023-08-24,111.43525833805364,114.29157172934406,111.43525833805364,113.58525085449219,2229931
2023-08-25,114.0975249196929,114.86594108586243,113.32135128078343,113.98886108398438,291942
2023-08-28,114.09752163710921,114.39247140131945,112.62279650299695,113.67062377929688,1437075
2023-08-29,111.7767692761528,114.48561972863573,111.7767692761528,114.05096435546875,542710
2023-08-30,113.53867309652749,114.679649234357,113.3368722244679,113.67839050292969,1143095
2023-08-31,114.47008105970139,115.6498682669179,106.72387172282693,107.9579849243164,7219945
2023-09-01,108.04339149637796,110.59700995211395,105.63725980230534,109.94501495361328,574015
2023-09-04,110.58922056647987,110.90745461183164,109.44824433048808,110.30204010009766,401698
2023-09-05,110.60476669552264,110.60476669552264,108.70314325085549,109.339599609375,249598
2023-09-06,110.12354518658518,111.45856510222113,108.66433461752433,111.31884765625,790466
2023-09-07,111.75347608494768,112.5451765048082,109.24643857277071,109.77423095703125,583034
2023-09-08,110.60475929714826,110.79880273451168,109.05241179824091,109.50259399414062,936821
2023-09-11,109.5957273951288,110.13128915932667,107.1119738484956,107.53887176513672,962373
2023-09-12,107.88039286856875,113.63183130664443,107.11197659888356,109.99934387207031,4179712
2023-09-13,110.6047478315905,110.90745508875919,109.46377159069225,109.84410095214844,422820
2023-09-14,110.21665921754193,110.60474604577271,107.97351782410682,110.1545639038086,175182
2023-09-15,110.06140744055791,111.38090005509541,107.7484136684768,108.19082641601562,1066604
2023-09-18,108.65655438068035,110.02261575176199,107.7329058349696,109.05239868164062,1155364
2023-09-19,109.44049200773651,110.99283941210157,108.74194041316055,110.7910385131836,1244220
2023-09-20,110.9850840321755,111.45855047317639,109.75095882138889,111.34211730957031,421166
2023-09-21,109.06013824171967,113.83361254876857,109.06013824171967,113.38343048095703,1379989
2023-09-22,113.90345929339621,114.86591868156795,113.32132917775705,114.01212310791016,968761
2023-09-25,113.94229708303125,114.48561628313853,112.85564683934639,113.25150299072266,311402
2023-09-26,113.32133646137999,114.17513208991468,112.55292039569876,113.32909393310547,326292
2023-09-27,114.08199931065512,114.09752609976545,111.45854043756702,111.9320068359375,300230
2023-09-28,111.9320068359375,111.9320068359375,111.9320068359375,111.9320068359375,0
2023-09-29,111.9320068359375,111.9320068359375,111.9320068359375,111.9320068359375,0
2023-10-02,112.46755394717569,113.32134967526763,110.30203473642565,112.15708923339844,258741
2023-10-03,112.93325757980347,113.29806011533947,111.38091039657593,111.76899719238281,661523
2023-10-04,112.1570822425873,115.64210587834141,112.1570822425873,114.32260131835938,887818
2023-10-05,115.18415800631222,115.843910306585,114.48560650064515,115.22296905517578,682523
2023-10-06,115.06774270304243,115.64211546315197,114.87369929207608,115.21521759033203,182460
2023-10-09,115.24627494374741,118.9874380990664,114.64086036696101,117.06253051757812,1305233
2023-10-10,117.20219714771481,118.83216621629524,116.81411040219258,118.49840545654297,849528
2023-10-11,118.74681221277532,118.94861310022597,117.31864368087723,118.79338073730469,240518
2023-10-12,118.73904776577166,120.30692193555518,118.44410981716707,120.12063598632812,1351661
2023-10-13,118.87876282665631,122.48020820253096,118.87876282665631,121.91360473632812,1152395
2023-10-16,122.92262661907417,122.93039593599279,120.11288157978409,121.059814453125,825199
2023-10-17,121.06755158893573,121.47116516636267,119.37549887084445,119.63163757324219,456163
2023-10-18,119.15040326971102,122.51900564378367,119.15040326971102,121.40131378173828,1090749
2023-10-19,120.3224504837561,123.56685087010999,120.3224504837561,123.21757507324219,658091
2023-10-20,124.03255720861219,124.1877895768892,122.63544220717809,122.92262268066406,510210
2023-10-23,123.41160639004508,123.72207110269508,122.11539785735341,122.33272552490234,515382
2023-10-24,123.24862139296734,123.24862139296734,116.42605951643178,122.48021697998047,704174
2023-10-25,122.63544708825411,125.74014195124789,121.96793721897161,122.14645385742188,5561097
2023-10-26,123.00799560546874,124.07136154975673,122.63543557306392,123.00799560546875,3116506
2023-10-27,123.13994442651502,124.5758704116384,122.798437970163,124.2343521118164,2640864
2023-10-30,124.9639642656438,127.05963086289525,124.18003310129136,126.61721801757812,2308002
2023-10-31,126.67152363492826,130.3971591213756,126.67152363492826,130.09445190429688,2232153
2023-11-01,130.6300149539968,131.56142087468132,128.84481336399466,129.62098693847656,1322108
2023-11-02,129.62100234821807,130.70764074428808,129.00006104611938,129.20187377929688,1209897
2023-11-03,125.99111783960545,126.8259159477912,124.41782893612428,125.26868438720703,1015949
2023-11-06,124.62649419937944,126.18372537009195,124.41779778662365,125.80645751953125,390276
2023-11-07,126.02320619125521,127.10685012464886,126.02320619125521,126.753662109375,7678809
2023-11-08,126.82589247012879,129.51492736796897,125.82252306767523,128.28680419921875,8071765
2023-11-09,128.28680419921875,128.28680419921875,128.28680419921875,128.28680419921875,0
2023-11-10,128.43128351405448,129.24200158189873,127.62858799209162,128.28680419921875,2376957
2023-11-13,128.2065501371168,129.23399958877698,128.1262756728894,128.8487091064453,1370793
2023-11-14,129.63531816034455,129.63531816034455,126.03924589101631,126.85798645019531,1034203
2023-11-15,126.85800728101144,127.78913711690966,124.41781804531435,126.8259048461914,1255007
2023-11-16,125.2205222457919,127.70888367686477,125.2205222457919,127.56439208984375,992638
2023-11-17,127.82927598658102,128.43129769452412,126.82590647334256,127.50016784667969,700772
2023-11-20,126.92221186518857,130.43802216669332,126.92221186518857,129.57913208007812,962318
2023-11-21,130.03670050131768,132.44478754763838,130.0286779538357,131.7223663330078,1517730
2023-11-22,132.36449423160877,132.36449423160877,130.84740009838578,131.9551239013672,871776
2023-11-23,130.04469510053136,133.00664349065147,130.0366725547735,132.33238220214844,825468
2023-11-24,132.44477085021438,134.45150980249036,131.2487500253194,132.56517028808594,1090353
2023-11-27,133.08691447688764,139.10713064217362,132.44475563629157,138.07968139648438,1927325
2023-11-28,138.0796922082888,148.43445992410687,138.0796922082888,148.4264373779297,4390794
2023-11-29,149.46991942602943,151.22781210594763,147.71201449795112,148.28192138671875,2294335
2023-11-30,148.49865677601025,151.70141599905764,144.48517956584783,145.7133026123047,2092879
2023-12-01,147.59966606563938,147.59966606563938,142.96008662780045,146.0424346923828,604374
2023-12-04,147.6959797501729,148.17760197470997,144.49322012777378,145.08721923828125,511747
2023-12-05,144.52530765484627,146.49190891392178,144.48517043564888,145.61697387695312,306817
2023-12-06,146.4919434078001,147.69598677827517,145.2959225837897,146.78091430664062,590588
2023-12-07,148.09733461719694,148.41840795016432,145.60897341813077,147.06988525390625,1395098
2023-12-08,148.41840243484532,153.7161979690757,148.0973291138092,152.5522918701172,3522859
2023-12-11,152.55227515606543,154.10950631361635,149.30135608206572,149.60638427734375,1036495
2023-12-12,149.30939247706775,149.7027176996652,147.49530497219024,148.00100708007812,609660
2023-12-13,149.2612082308144,149.94350422488003,140.47169598858892,145.75343322753906,809724
2023-12-14,145.68921698059364,147.67989816880512,140.47169681324456,143.9955291748047,1274988
2023-12-15,145.27183278987903,145.27183278987903,140.56001397413954,143.21693420410156,1280393
2023-12-18,143.6824933292773,144.4049143741265,140.80081944731586,140.9212188720703,438082
2023-12-19,140.47172622288784,142.87981295813734,136.65892222540947,138.8984375,1038049
2023-12-20,139.2516428522594,139.66904803449208,136.54656233560155,139.2677001953125,654238
2023-12-21,140.4717262461102,140.4717262461102,136.8595961426388,139.23558044433594,351453
2023-12-22,139.6610066974418,139.6610066974418,136.49838419049098,137.05224609375,600728
2023-12-25,137.05224609375,137.05224609375,137.05224609375,137.05224609375,0
2023-12-26,136.45823242526066,137.66227565254238,132.56515442445203,135.76791381835938,775215
2023-12-27,136.37796209172652,140.0222065618747,132.88624397616894,137.79873657226562,825070
2023-12-28,138.70578196158175,142.7112245843595,138.22415977234527,140.12655639648438,902374
2023-12-29,140.3513214417522,143.52196640614795,139.757322327001,142.75137329101562,427117
2024-01-01,141.65970789198596,148.41840298457498,141.65970789198596,147.95285034179688,720201
2024-01-02,150.07195749215137,150.07195749215137,147.4952995235289,148.4906463623047,646424
2024-01-03,149.22108539677077,150.2485346352015,146.4919256537193,148.56288146972656,495480
2024-01-04,148.57091414030475,149.18097058780896,146.53207286364233,148.24180603027344,759786
2024-01-05,149.18094826219323,149.21305068970725,144.5734721557708,147.41500854492188,383176
2024-01-08,148.41839064185575,148.41839064185575,143.60221772002382,144.01962280273438,639782
2024-01-09,145.28786884610864,146.08254170935584,143.36140476619767,144.18014526367188,610880
2024-01-10,145.11932796151373,145.11932796151373,143.0403493568594,143.36143493652344,420920
2024-01-11,144.16411595574485,144.8704796633521,143.04836970642572,144.28451538085938,233138
2024-01-12,145.2878919956521,146.4919352994835,144.48519645976452,144.63771057128906,341669
2024-01-15,144.6858651956081,146.0745249937978,144.00356911511597,144.31661987304688,156973
2024-01-16,145.27183094069164,145.27183094069164,143.64236002436013,144.00357055664062,661283
2024-01-17,144.48520399973796,147.6397917412809,143.28116063307348,146.9655303955078,2997560
2024-01-18,148.08931207072965,148.08931207072965,142.87981334342035,147.06988525390625,912688
2024-01-19,147.69597960374566,148.6592118037029,145.88991463576508,146.71669006347656,565293
2024-01-22,146.09861603564588,147.09396295007625,145.13538380293133,146.12269592285156,251534
2024-01-23,146.89329034349927,149.30137707044187,146.09861731426972,147.77626037597656,612716
2024-01-24,148.458503652191,148.7394519260729,147.04576423487674,148.33810424804688,772934
2024-01-25,148.41035602237588,148.8839433816019,146.90128471022774,148.09730529785156,647546
2024-01-26,147.89664690218015,149.22108958711422,146.09058201463657,147.04579162597656,496419
2024-01-29,148.2979848414684,148.2979848414684,145.37617388445062,146.84510803222656,787771
2024-01-30,147.28660256962368,147.29462511533274,144.28451697264882,144.54940795898438,779939
2024-01-31,146.0504664191183,146.89329927442387,145.27185068354837,146.13876342773438,529567
2024-02-01,147.25451192637507,147.69599697566326,145.28791006845137,146.5080108642578,513382
2024-02-02,146.89328354281275,147.2946313120554,145.49658889651002,146.61233520507812,360928
2024-02-06,146.89327527601114,149.22108730735013,146.41165308075975,148.0170440673828,674476
2024-02-07,148.48263504879978,149.70273584279516,148.31407582451664,149.29336547851562,285861
2024-02-08,149.29336547851562,149.29336547851562,149.29336547851562,149.29336547851562,0
2024-02-09,146.09060033704398,149.06057163052714,146.09060033704398,147.81639099121094,608053
2024-02-12,146.8852510691586,147.6959690988961,144.4932097074679,145.8818817138672,498070
2024-02-13,145.68921860917442,151.540862826931,144.7259865556053,149.62242126464844,1406257
2024-02-14,150.5857059400609,150.82650483189397,148.98031467096928,149.29336547851562,929471
2024-02-15,150.10408177222547,150.10408177222547,145.16750858112079,146.13876342773438,931795
2024-02-16,145.28787661273006,147.13407859943,144.88652888728055,145.9781951904297,511264
2024-02-19,145.00694466002466,146.08256599414364,144.0918722327212,144.50927734375,794224
2024-02-20,145.28788665308738,145.28788665308738,143.48984430947903,143.78684997558594,518057
2024-02-21,145.28788695219293,148.48261164463992,144.80626474811444,146.86117553710938,1964122
2024-02-22,147.69599979509368,149.66260169055866,146.29128240573817,149.19703674316406,688257
2024-02-23,148.58695973673173,151.86998128704093,148.58695973673173,151.5569305419922,722636
2024-02-26,151.70144270655402,154.19782646069737,151.70144270655402,152.98574829101562,1227411
2024-02-27,153.30684128698266,153.30684128698266,150.99507397572995,151.13153076171875,979969
2024-02-28,151.605118239238,152.91351602278218,150.9067769673651,151.13153076171875,1204394
2024-02-29,151.14756706413215,154.9202335135341,151.14756706413215,154.30215454101562,830766
2024-03-01,155.00051670712324,155.8032122628346,154.11754669657591,154.6312713623047,584076
2024-03-04,156.10822132838766,156.5256264283485,153.75632933347927,155.72293090820312,741062
2024-03-05,156.52561958954826,157.97047391231476,155.72292410447363,156.81459045410156,806734
2024-03-06,156.68616033409535,158.0587750386561,156.52562368251478,156.92697143554688,2785770
2024-03-07,152.79731416606597,154.85388795857529,151.9713827381413,152.7725372314453,939640
2024-03-08,153.04510553009166,154.4491865233979,150.73249486909154,151.02157592773438,2152131
2024-03-11,151.06283717820259,151.06283717820259,149.49357267190283,150.3277587890625,241680
2024-03-12,150.55077305891325,150.55077305891325,148.87413334211232,150.0634765625,116022
2024-03-13,150.31126624921316,150.31126624921316,148.6676581581545,149.04759216308594,1018444
2024-03-14,149.49358298462772,149.49358298462772,147.44527664707866,148.37857055664062,880930
2024-03-15,148.0481855909936,149.3201142483675,146.6854039864707,147.2965850830078,241422
2024-03-18,147.841721169011,148.66765257218984,147.5113536488247,148.48594665527344,282512
2024-03-19,148.66765562794353,150.31126369102927,148.02343012843951,149.67529296875,9031380
2024-03-20,149.28711529556676,150.31127486970297,148.1721027543482,148.68418884277344,4451128
2024-03-21,149.47707783082237,149.4935999894155,147.12318064123644,147.6435089111328,405499
2024-03-22,147.84170197438198,147.84170197438198,144.2819401052874,145.4795379638672,631379
2024-03-26,146.9744897964551,148.13080131562037,145.77689178954816,147.5196075439453,757753
2024-03-27,147.52785382256727,151.14543717133938,147.52785382256727,149.914794921875,2484510
2024-03-28,150.31950826055422,151.81444201308508,148.69242246512135,150.14605712890625,8739676
2024-03-29,150.26168497662482,151.09588370874988,149.19623907662807,150.55076599121094,4231135
2024-04-01,150.31950902114758,151.23629334401141,149.90654333702355,150.24517822265625,557715
2024-04-02,149.50183302961074,150.4846933782045,149.08886734382932,149.71658325195312,297945
2024-04-03,150.31127133087472,150.31952610851906,149.4935946463843,149.51837158203125,240902
2024-04-04,149.9065503979302,150.15433234061817,148.6676532872035,149.7578887939453,304230
2024-04-08,150.31952348750346,154.01143806708947,150.31952348750346,153.43328857421875,471334
2024-04-09,154.4491933121371,159.56171140665774,152.8799284746505,155.86154174804688,2029359
2024-04-15,154.6721876046666,159.81773705712578,154.6721876046666,159.52865600585938,820119
2024-04-16,159.04961565382894,161.81647828057504,158.5788287068034,159.33868408203125,1398950
2024-04-17,159.8177327582992,164.02998812014602,158.2980219417346,161.19703674316406,3439247
2024-04-18,161.4695678418049,161.79993531804374,158.29799470015112,160.89141845703125,1789956
2024-04-19,160.23895491184942,164.0547667529363,160.23895491184942,163.1297149658203,1439054
2024-04-22,163.53442387433955,169.10120627451363,163.53442387433955,167.375,1888627
2024-04-23,167.66408579933736,170.4805150928347,167.66408579933736,169.32420349121094,1072960
2024-04-24,169.72891689305322,172.55360100493309,169.31595115852025,169.86932373046875,1697458
2024-04-25,166.37298225474808,170.9555534086917,164.25141913736795,170.0475311279297,2590036
2024-04-26,170.04755870791146,172.48310941800742,168.13815159258297,170.12393188476562,1100319
2024-04-29,170.0730127908379,170.5736986492634,167.60350986681354,168.7915802001953,1250468
2024-04-30,169.72503290902893,170.4887903775226,163.8695244532644,164.3362579345703,1281960
2024-05-02,164.63330178817432,164.63330178817432,162.2995823040636,162.97848510742188,600297
2024-05-03,164.57389873500196,165.10005522798554,162.51174546498453,164.82000732421875,284099
2024-05-06,166.20326381219064,167.99386364449694,165.7789511784592,167.0773468017578,295231
2024-05-07,167.68835275591778,167.9429299689542,165.9147161614716,166.69544982910156,169181
2024-05-08,167.1452355905399,167.17917490311527,164.37870897737602,165.4564666748047,538672
2024-05-09,165.57528122480065,166.24568950786127,164.20899398684696,164.93881225585938,183071
2024-05-10,165.49041748046875,166.3305612012355,163.7846852644819,165.49041748046875,251080
2024-05-13,165.4819240207272,167.1791745235039,165.05761139503304,166.57664489746094,367453
2024-05-14,167.16219728004413,169.72504914789556,166.50027062428683,169.470458984375,962731
2024-05-15,169.72506951477615,175.41085675372213,168.87644416720227,174.53677368164062,2962612
2024-05-16,174.05305945882637,182.45444500260416,173.9766733382869,182.06407165527344,2740285
2024-05-17,182.45443725287294,183.76980904147158,176.683782694146,181.54640197753906,5154062
2024-05-20,182.36105388768328,182.36105388768328,179.69637149422914,180.12916564941406,2456232
2024-05-21,181.82642556117386,183.30303802915716,177.4475294939339,182.88720703125,2974726
2024-05-22,183.93103968264103,184.7881465157492,182.66658340994266,184.0837860107422,716766
2024-05-23,183.3200496458734,185.29734824274402,180.00192145738686,181.65673828125,1104945
2024-05-24,182.36956325841965,188.47967549175954,181.6991550003416,188.14871215820312,2645450
2024-05-27,188.18264621311204,188.18264621311204,184.15167633932498,187.76681518554688,2971497
2024-05-28,187.76681518554688,187.76681518554688,187.76681518554688,187.76681518554688,0
2024-05-29,190.07506840599996,190.07506840599996,185.84891854159406,187.78378295898438,1671387
2024-05-30,189.15856785304206,189.22645942864682,185.00879079303138,187.82623291015625,1091586
2024-05-31,186.70604116187252,189.92233818955162,185.00879062031976,189.5234832763672,661174
2024-06-03,189.24343514673973,189.24343514673973,185.76406636130523,188.0299072265625,1168893
2024-06-04,189.2434193368743,189.2434193368743,186.9181816304699,187.78378295898438,499092
2024-06-05,188.39481912831596,188.39481912831596,185.93381090488626,186.6890869140625,803153
2024-06-06,186.0101698528971,188.38632313290503,185.4161347701435,185.4925079345703,853358
2024-06-07,187.8686688187996,187.8686688187996,174.81680785561036,184.0668182373047,1049677
2024-06-10,184.57601247902775,184.99184355958425,180.35834347979426,183.1927490234375,649465
2024-06-11,184.1516867887761,186.26476840941885,184.1516867887761,185.4755401611328,403020
2024-06-12,183.38792611727752,187.12187212752625,183.38792611727752,185.88287353515625,638418
2024-06-13,185.04273871305804,198.4934411823853,185.04273871305804,197.25445556640625,1922283
2024-06-14,199.00262156446587,203.92465061513414,196.0324331829067,203.50881958007812,1657876
2024-06-20,203.67005688310428,220.80380249023438,203.67005688310428,220.80380249023438,3194262
2024-06-21,229.12881129406597,239.33777173913768,221.109292539579,225.43728637695312,2106556
2024-06-24,227.43157880339913,227.43157880339913,217.23959368358626,219.64967346191406,1689230
2024-06-25,221.83063714567191,221.83063714567191,217.9269557813145,218.58888244628906,1476823
2024-06-26,219.75150942918864,220.4728201423868,217.24805468977988,218.22396850585938,521014
2024-06-27,219.79394097089053,223.188441989746,218.94531571617668,220.8123016357422,516921
2024-06-28,222.33130067490896,222.93384319398461,216.33152743829763,217.4517059326172,1531160
2024-07-01,218.05427096193048,226.24349954305058,216.39944134538834,219.8703155517578,1920439
2024-07-02,220.64255978210483,222.33981024196717,220.22674170679431,221.50814819335938,473267
2024-07-03,222.9338654445427,223.17147948065934,219.08109952509142,222.10220336914062,715866
2024-07-04,222.3398092959641,224.46137236176529,221.0753659961023,222.6962432861328,569881
2024-07-05,223.85885672219052,228.68753635378755,220.55769214573348,222.4161834716797,1554094
2024-07-08,224.80080728331234,224.80080728331234,222.1021853990476,224.0030975341797,302831
2024-07-09,224.00311753107155,224.03706979308285,220.85472505170384,221.4063262939453,295153
2024-07-10,220.6510557242843,222.33131711551673,218.94531071392464,220.5576934814453,298774
2024-07-11,219.80244005236173,220.64257078453127,217.24806969553848,219.00473022460938,332189
2024-07-12,218.09668904932337,219.79393954776168,214.70218805244673,217.34140014648438,581807
2024-07-15,219.43750239169032,223.18843733440175,219.03017885263577,220.80380249023438,322315
2024-07-16,220.80380249023438,220.80380249023438,220.80380249023438,220.80380249023438,0
2024-07-17,220.80380249023438,220.80380249023438,220.80380249023438,220.80380249023438,0
2024-07-18,220.80383012533417,228.19534961337936,220.64258923828237,226.59146118164062,965496
2024-07-19,224.89417604182103,227.43155714198232,219.79393022303518,221.61000061035156,2256312
2024-07-22,221.4911755234257,221.4911755234257,216.49277365122074,218.74163818359375,775362
2024-07-23,218.09666539113323,223.0526332012125,218.09666539113323,220.2946014404297,454635
2024-07-24,219.15746816010378,222.28889736654403,217.88453030050977,218.57191467285156,1303580
2024-07-25,218.69074126926705,220.37949726018428,215.55929901887194,216.18728637695312,969448
2024-07-26,217.20562417495842,220.64255893274796,214.87190480163127,218.4021759033203,302866
2024-07-29,219.7939421385593,226.54052330857112,218.35126883868642,225.08935546875,845098
2024-07-30,225.64100145325574,228.1529251789361,223.19695635886845,225.3863983154297,630553
2024-07-31,225.74283216489383,233.37196558897296,219.79396031834182,220.5831756591797,2604068
2024-08-01,222.3313327634182,222.3313327634182,213.93844206230423,215.2113800048828,565213
2024-08-02,216.30610671961134,220.6001617045079,215.72055317853477,217.7996826171875,883004
2024-08-05,218.05425783139924,219.62419374980186,213.85355268727614,214.53245544433594,1083166
2024-08-06,214.6173189931166,216.56915964379806,214.32878951796195,214.7615966796875,1239836
2024-08-07,215.97513019093657,217.24806808990084,212.58062912703187,213.12374877929688,875447
2024-08-08,211.71819479488278,211.71819479488278,207.4060905896851,211.41452026367188,1351562
2024-08-09,211.70084170524026,219.07566610890643,206.92889650286804,218.5203857421875,1004368
2024-08-12,217.79156901529038,220.37709181870463,215.62250315093303,216.87188720703125,414977
2024-08-13,215.65722129249738,217.77423187999764,213.4794837397117,216.89793395996094,138454
2024-08-15,216.90656886810535,218.6418214190502,215.2147002787194,216.31658935546875,356504
2024-08-16,217.6874396656631,217.6874396656631,212.5597781460564,212.99359130859375,245638
2024-08-19,213.43609428186878,215.17134708090836,211.7008414828292,213.05433654785156,475391
2024-08-20,213.43609128482822,221.2447287708585,211.74422247730726,217.82627868652344,840446
2024-08-21,217.774228344752,221.23606247768078,217.34041514087798,220.02137756347656,595200
2024-08-22,221.24474598200896,221.24474598200896,218.64186661751472,219.78713989257812,510945
2024-08-23,219.77841752061585,224.7152133214663,218.858735754208,223.448486328125,1111470
2024-08-26,222.97999526005862,223.29232806933916,219.50948949725617,220.31637573242188,483077
2024-08-27,220.31634711611366,220.81090047776263,219.16241575012032,219.57887268066406,149117
2024-08-28,220.37710209420547,220.37710209420547,218.64184932181016,219.5094757080078,115297
2024-08-29,219.51814357266719,221.15795688588352,217.7742193312872,218.641845703125,830315
2024-08-30,222.1123564796256,222.1123564796256,217.78289601504378,219.71771240234375,459865
2024-09-02,220.37709725688205,221.24472362403515,217.77421815542283,218.2253875732422,244392
2024-09-03,218.22538928338548,220.36842748616192,217.04541688525322,218.7112579345703,256823
2024-09-04,219.94328513155662,219.94328513155662,217.77421920323752,219.4834442138672,417734
2024-09-05,219.60492965194652,229.03603809561122,218.20805054830282,226.48521423339844,1327601
2024-09-06,226.45048030908265,227.30942193389308,223.86494422026905,225.5481414794922,422637
2024-09-09,225.58284894181898,227.30941688965248,220.37709088931547,221.28810119628906,435258
2024-09-10,222.95394221846047,226.01666214737014,220.38576242037192,225.5655059814453,525791
2024-09-11,225.58286459985538,227.0578400749201,223.08409632475377,225.27919006347656,1135491
2024-09-12,223.1101361030352,232.08139040989053,223.0233681625487,230.6845245361328,1633395
2024-09-13,233.82532078266925,234.2591339937688,226.54592239104701,228.9492645263672,953442
2024-09-16,229.0533457370372,230.7799136202479,225.58284049859725,227.6130828857422,218485
2024-09-17,227.6130828857422,227.6130828857422,227.6130828857422,227.6130828857422,0
2024-09-18,228.1857314833208,234.25911597147,225.73036054765385,232.59326171875,1053653
2024-09-19,229.14014218325664,240.33251767470205,229.14014218325664,234.8404541015625,1256457
2024-09-20,234.25910767335708,245.5295651585064,233.82529451099902,241.69467163085938,3085746
2024-09-23,241.20016417302924,251.6116820510017,241.18282117526192,249.9197998046875,1119977
2024-09-24,249.8764182315209,258.5526827534487,248.18453605860176,256.1146545410156,1072648
2024-09-25,256.3835736961098,259.3768950461398,252.47925531495073,258.3183898925781,932622
2024-09-26,257.6850624289777,261.15556832027704,252.52267432452643,254.83924865722656,408343
2024-09-27,255.81964508962142,255.81964508962142,249.026115662777,250.44903564453125,766485
2024-09-30,251.17781952218033,253.86746640848952,248.2626077977177,252.8436737060547,297166
2024-10-01,251.62901017500423,255.85437317212234,250.13669164159126,251.18653869628906,309206
2024-10-02,251.18654367961835,257.6850573603365,250.7440457142668,256.25347900390625,284874
2024-10-03,255.08219146680779,259.85413722554057,254.3013329109507,256.427001953125,940403
2024-10-04,256.8174040904175,258.55265682075816,255.0821513600768,256.27947998046875,717652
2024-10-07,256.37490518527903,260.27922381352994,254.98672418862958,259.1166076660156,507155
2024-10-08,258.9864466776704,262.41358110256976,256.5050482061416,258.01470947265625,712118
2024-10-09,258.01470947265625,258.01470947265625,258.01470947265625,258.01470947265625,0
2024-10-10,259.4203421554764,260.2879687178693,257.6850890306906,258.4225769042969,454785
2024-10-11,258.4225370066344,260.28792853221046,257.68504924688835,260.1230773925781,966487
2024-10-14,260.12304931803374,261.15552677467355,258.35308418124333,259.4549865722656,1283927
2024-10-15,259.50705248216013,261.1381942937116,258.2923808601076,259.94952392578125,382107
2024-10-16,260.27923724566466,261.14686365227345,254.21453713638314,255.02142333984375,226678
2024-10-17,255.89773315695905,255.89773315695905,250.75271494712413,253.58984375,340633
2024-10-18,254.21453581863446,255.94978862285723,252.95646694443036,253.58984375,222654
2024-10-21,254.22320729120372,258.5526543389319,252.08882738931658,256.9475402832031,403252
2024-10-22,257.6850487342335,258.55267516094807,255.61140886501414,256.0625915527344,303310
2024-10-23,256.81739977330335,260.24453444925797,254.6483338968396,255.06480407714844,2471709
2024-10-24,256.8174268235966,269.8318234531707,252.47929461373852,268.6605224609375,9883837
2024-10-25,270.56931689135274,278.508093706095,268.5303894144436,274.1526184082031,1051763
2024-10-28,281.1109248369656,282.18677298997164,273.354343496384,274.11785888671875,1407476
2024-10-29,274.16991393711965,280.1131594556944,271.5149795469695,276.74676513671875,417220
2024-10-30,276.7728261873927,279.3757054305343,272.43469411549,273.6580505371094,513819
2024-10-31,275.03759682888017,275.9052233172993,267.22895843310755,270.63006591796875,1028949
2024-11-01,264.8538933352414,287.0398623862599,259.7931500583572,283.1361083984375,1120698
2024-11-04,285.2823067402863,287.43731588517744,273.8890105247292,283.62188720703125,572900
2024-11-05,284.990821548319,284.990821548319,273.79185783218776,281.6346740722656,2001385
2024-11-06,282.6238978125479,282.6238978125479,275.8232494901874,276.573974609375,259501
2024-11-07,277.32465231281185,280.8574504314464,274.6220639083053,278.3668212890625,480633
2024-11-08,278.64946052919817,279.0910603081668,275.55826207641786,276.46795654296875,315988
2024-11-11,276.66225266785375,277.28050311986414,275.6024024510104,276.8124084472656,373913
2024-11-12,276.4414413075838,279.0910397865702,274.32176791501655,277.5454406738281,337062
2024-11-13,276.4414612554372,279.96541886178085,274.7192113385757,278.82611083984375,413367
2024-11-14,279.0910697689081,287.923065647671,277.7662703870937,285.5649108886719,1080157
2024-11-15,287.9230309344857,301.1710231553977,287.9230309344857,291.9592590332031,1241097
2024-11-18,292.3390853308637,296.75508359870156,287.03988740945834,288.3028564453125,628557
2024-11-19,290.1310522380413,294.97099547621303,287.03985381236964,293.56671142578125,1085615
2024-11-20,289.68946515385204,297.62942083292046,289.68946515385204,294.1319580078125,230743
2024-11-21,294.1054625695186,295.43026195046235,290.5726642203352,294.7767028808594,353620
2024-11-22,295.69523616738246,314.41907979005884,292.789528684554,296.55194091796875,3465164
2024-11-25,296.75505581351416,310.86859465919383,295.03280586906595,305.6047058105469,1632164
2024-11-26,305.587037556373,336.1634009901228,299.41348146310526,302.93743896484375,5798098
2024-11-27,308.13950521297534,315.30224065564227,302.94628752497283,307.1502990722656,2656424
2024-11-28,307.3622652386153,309.5614233587365,292.84246336762294,296.3310852050781,2157257
2024-11-29,297.6382438597592,301.3653469826557,295.8718447864075,299.8020935058594,665818
2024-12-02,301.17100255107954,304.6066612361479,300.2878031301086,302.3809814453125,972333
2024-12-03,302.9286379779721,307.34463620828444,302.3810585099116,305.33978271484375,1354798
2024-12-04,307.3710942135109,310.8597431778215,304.26224153577186,306.010986328125,959830
2024-12-05,307.3534615954721,320.6014556297597,304.7038627886146,318.0313415527344,2581424
2024-12-06,321.48466592342015,334.7326603982863,316.6270679493025,331.33233642578125,14056879
2024-12-09,323.3481603465227,327.6670188969702,307.35343012438176,324.399169921875,3266009
2024-12-10,326.78380819443305,326.78380819443305,314.86061519274426,315.7879638671875,2957087
2024-12-11,315.743854829114,321.92625198660716,315.743854829114,320.93707275390625,814630
2024-12-12,324.1342357357079,324.1342357357079,317.1569646622645,319.4002990722656,1409947
2024-12-13,318.835045085353,320.5131188793904,295.0769820194768,305.6047058105469,4946717
2024-12-16,305.5870398585173,305.5870398585173,291.45584726390376,301.5155029296875,2146066
2024-12-17,300.38501936786463,319.0558728655762,298.0798812238947,315.1697998046875,1810833
2024-12-18,311.3366888522175,317.9518450024108,305.59589165078506,308.8019104003906,1080769
2024-12-19,307.35349244999827,307.77743800477504,287.0840487614892,294.8473815917969,2345091
2024-12-20,293.2310801403996,309.022691810192,293.2310801403996,305.7460021972656,712715
2024-12-23,309.11984610197726,320.1509999850207,307.35344698139454,313.9421081542969,2835857
2024-12-24,314.46318951744524,325.01743493868236,307.3534439094061,322.47381591796875,2507585
2024-12-26,320.69858629531313,331.6326013993127,309.11985274843005,331.08502197265625,2931860
2024-12-27,332.08304645208335,333.39900521861284,327.6670484939439,329.7955627441406,347805
2024-12-30,332.08305640738894,339.148653352227,325.01745946255085,334.1408996582031,1997964
2024-12-31,335.615813059939,338.2654115840964,331.19981551967663,337.5853576660156,1806809
2025-01-01,337.5853576660156,337.5853576660156,337.5853576660156,337.5853576660156,0
2025-01-02,342.9994016885277,344.44786204590787,339.2369895235285,342.4606628417969,1523011
2025-01-03,343.4674898110814,344.3595030385271,335.6246734061218,342.81390380859375,891133
2025-01-06,342.82275979141247,344.44784382019066,337.6560367434871,340.4028015136719,544509
2025-01-07,340.03187742989354,343.0347509568332,333.84947965844094,338.2389831542969,460187
2025-01-08,338.04461520034704,341.79821314835874,326.92513651343387,330.122314453125,643961
2025-01-09,330.1223382804868,334.7238005502411,325.90064536178386,328.8858642578125,2182493
2025-01-10,328.54139273851604,330.3166324631129,324.04591025300374,326.73968505859375,575123
2025-01-13,326.7838368871552,333.84943336039095,325.9006373280007,332.01239013671875,1641184
2025-01-14,333.849459821824,344.44785537172316,329.4423022973206,342.9375915527344,2510435
2025-01-15,344.44786267184463,344.44786267184463,337.39110611030776,340.1025085449219,467871
2025-01-16,341.7894191495366,341.7894191495366,337.4705869370428,339.19281005859375,353645
2025-01-17,340.0318325875208,351.24847784632783,337.8238336746148,350.2857666015625,2249881
2025-01-20,351.5134332151441,351.5134332151441,349.73819343245367,350.6125793457031,266871
2025-01-21,350.71853805651665,350.71853805651665,346.21421507184755,346.5498352050781,522587
2025-01-22,346.5498441028421,348.41338221779176,340.9591758517704,344.6509704589844,2609568
2025-01-23,347.9364535250766,347.9364535250766,338.3272386603443,340.9768371582031,535365
2025-01-24,341.8070450703679,344.712752001705,341.8070450703679,343.43212890625,355831
2025-01-27,344.4478161365179,344.4478161365179,337.832660292635,340.9238586425781,487346
2025-01-28,340.4822518978032,346.78828238678466,340.0759607167579,342.7608947753906,1647962
2025-01-29,344.27115453208455,346.21420421453246,340.4910617478666,343.5646057128906,1270497
2025-01-30,343.564596072204,347.9805934510241,342.8580472728364,345.9139099121094,617513
2025-01-31,348.8638438073702,365.6357956732651,347.1062852192608,362.29730224609375,1267359
2025-02-03,363.8870795941781,368.73583682345924,362.64176491089177,365.66229248046875,639052
2025-02-04,366.5278453500979,368.29424460479714,358.5790487039512,363.14520263671875,495419
2025-02-06,361.22863644934506,365.635793828951,356.12374383877227,362.359130859375,1615724
2025-02-07,363.87823427892334,364.7614338766877,357.70467771554644,362.8095703125,1183543
2025-02-10,364.7525731925455,367.41101246058525,359.550541863469,364.08135986328125,388651
2025-02-11,364.0813991249018,370.94385065897166,363.8782535035627,364.57598876953125,268187
2025-02-12,364.71725966426266,367.41100747145083,361.2727599067291,364.33746337890625,130560
2025-02-13,365.423838380887,365.423838380887,359.5063902167972,360.6810607910156,235627
2025-02-14,359.55059339330666,362.1118670623933,358.5790683593455,360.8400573730469,68715
2025-02-17,362.094178269548,364.6642923154935,360.84002299009865,363.3571472167969,545470
2025-02-18,362.1118633846627,366.4395363613198,362.1118633846627,366.1392517089844,389904
2025-02-19,367.41982859993027,370.93494532148,346.3731696514675,349.11993408203125,3036988
2025-02-20,352.1228321741265,354.6487699598795,349.1199590825677,350.85986328125,447297
2025-02-21,350.85990091417034,350.85990091417034,347.53906161151355,348.8638610839844,103200
2025-02-24,348.8638010376326,357.6869553806526,342.68140456354797,354.8783874511719,470254
2025-02-25,355.2229057685089,362.11185217498246,351.73425641143115,354.1630554199219,199975
2025-02-26,355.9294200489832,355.9294200489832,351.3809477392277,352.4142761230469,302616
2025-02-27,353.2798557804707,358.5702129957868,352.4231510520785,354.1630554199219,343451
2025-02-28,357.6958200481989,357.6958200481989,352.39662271415153,352.8028869628906,199390
2025-03-03,354.1630331382786,354.1630331382786,342.6814385477608,345.2162170410156,1064472
2025-03-04,345.2162170410156,345.2162170410156,345.2162170410156,345.2162170410156,0
2025-03-05,350.6302863997278,352.3966858274343,344.62453912677245,348.43994140625,477719
2025-03-06,351.5134405609888,351.5134405609888,347.989482784381,349.64990234375,374154
2025-03-07,350.6302555468073,351.51345518294534,347.989497259751,349.2789611816406,945838
2025-03-10,348.8638508871588,357.563372559398,348.8638508871588,356.19439697265625,825041
2025-03-11,352.7918097806134,352.7918097806134,344.29437112684303,346.76568603515625,1390416
2025-03-12,347.41933081434183,347.41933081434183,344.74206172576453,345.6285095214844,323480
2025-03-13,347.41935127487955,348.7714301748594,344.33017343246405,345.78076171875,426948
2025-03-14,348.3147891344683,348.3147891344683,345.18085144302705,345.7449645996094,489766
2025-03-17,346.5239580136765,348.3147795021193,344.73313652523376,346.65826416015625,97682
2025-03-18,348.3148110057191,348.3237738582175,344.7242048523907,345.5390319824219,1001456
2025-03-19,344.91224934193195,349.2102102298378,343.8287826048704,347.00750732421875,671046
2025-03-20,349.192273610156,349.63997895885706,343.3900024537145,344.56298828125,273795
2025-03-21,344.5630278776198,345.62856891603906,341.7424893218266,342.43194580078125,255577
2025-03-24,343.3900138721358,345.60167946129206,340.2560763270185,341.21417236328125,222961
2025-03-25,342.94232037532083,343.6138784439409,337.2475210697911,338.59063720703125,430282
2025-03-26,340.2740043549765,359.937245311731,339.8084005735492,358.1822204589844,1608096
2025-03-27,358.1642781321867,370.70002786681323,354.6721818855511,367.9153137207031,554546
2025-03-28,367.9153137207031,367.9153137207031,367.9153137207031,367.9153137207031,0
2025-03-31,367.9153137207031,367.9153137207031,367.9153137207031,367.9153137207031,0
2025-04-03,368.0138234834821,404.70776637757876,363.5367696698145,398.0906677246094,1414936
2025-04-04,399.3531631560713,437.900581987803,399.3531631560713,431.7491149902344,5855977
2025-04-07,431.5879565719109,431.5879565719109,390.4886109859215,427.0482177734375,3178664
2025-04-08,427.1109247673478,428.9017462548419,410.0981206361536,412.0143127441406,1508984
2025-04-09,410.97564908242197,411.79941169647066,394.4374109052964,403.83026123046875,671384
2025-04-10,416.3659541477934,421.2907127452404,408.30725826106186,410.0264587402344,1301134
2025-04-11,409.2027032796553,413.6349973198839,386.81743504772663,395.5387268066406,1117598
2025-04-14,398.448839933924,428.9017697405412,398.439904407519,423.20697021484375,1413079
2025-04-15,424.42470709715815,431.58799329289076,423.2606840206589,425.37384033203125,1131848
2025-04-16,430.69258140961176,464.71819075174324,402.0394367004484,429.06292724609375,8373095
2025-04-17,428.6957904325751,446.76519994516224,424.42469103726114,443.40740966796875,10968701
2025-04-18,445.9145773228151,487.7481435650205,444.12375572714114,486.00213623046875,3976638
2025-04-21,491.13278424611724,519.3382221745634,490.6850788821737,494.3652038574219,2677984
2025-04-22,496.9439938196135,496.9439938196135,467.4044024907374,474.6034851074219,910369
2025-04-23,474.7467781636729,490.65818961197846,462.0319349159128,464.4853515625,1084032
2025-04-24,452.1824394219916,473.58277871267666,444.58041071932115,458.0205078125,1395244
2025-04-25,458.88902887951735,468.7475096022161,449.49617921740685,454.6626892089844,838859
2025-04-28,226.3039373636048,228.5217131872689,216.2424593359203,217.37850952148438,2362200
2025-04-29,430.5206368540578,438.11538299547567,424.0935991960979,430.0951843261719,2716568
2025-04-30,420.97056401543995,438.1244131419661,387.44139327985874,417.3406677246094,5533339
2025-05-01,417.3406677246094,417.3406677246094,417.3406677246094,417.3406677246094,0
2025-05-02,425.4513943566438,457.1339450002236,425.4513943566438,450.85174560546875,2001263
2025-05-05,454.41831089724155,461.6600369673171,437.21921148081213,441.075439453125,1402293
2025-05-06,441.07539870936233,463.3798985798499,441.07539870936233,444.10784912109375,1609391
2025-05-07,416.39920420803327,441.7361817284341,416.39920420803327,432.5482482910156,2017389
2025-05-08,439.029576407422,447.1765170005494,389.2970279544873,405.58184814453125,2983445
2025-05-09,408.2523066930534,420.7442730984092,392.8726998108449,412.6426086425781,2542931
2025-05-12,453.911376953125,453.911376953125,453.911376953125,453.911376953125,378056
2025-05-13,470.7121663622673,470.7121663622673,445.8187344873397,448.317138671875,2054083
2025-05-14,447.1674926273293,462.54712608049414,443.61000157363594,452.4539489746094,2205841
2025-05-15,454.3187247623857,470.6126074997246,452.83415774187694,466.6025085449219,1753578
2025-05-16,468.90172079406057,484.7429951452113,462.5652110536003,469.6168212890625,1468869
2025-05-19,469.61685557577204,470.6126260433909,462.56524482547206,466.70208740234375,428531
2025-05-20,466.6658773878594,468.7931121876387,457.5865373765006,461.2164611816406,185440
2025-05-21,461.6690885196712,472.432116931118,461.6690885196712,466.85595703125,766793
2025-05-22,467.09129135827493,479.7643108912514,466.1860756773481,467.1546630859375,976394
2025-05-23,465.2809190967832,474.3330770558646,462.5652717090588,467.6073303222656,351373
2025-05-26,467.99655379091905,471.617416876342,463.57909640670414,465.23565673828125,253548
2025-05-27,465.28087664082835,469.49015180770823,455.55886871988685,456.94384765625,1020483
2025-05-28,456.94384765625,456.94384765625,456.94384765625,456.94384765625,0
2025-05-29,457.14300405683093,466.1861003478531,457.14300405683093,462.3660888671875,782913
2025-05-30,464.3756710827925,465.2718258185689,458.9443766841634,461.2979431152344,550714
2025-06-02,461.66003753722066,466.1861163366052,459.84960601746684,460.75482177734375,380916
2025-06-03,461.66001804911184,466.19515765465036,458.5008240204985,463.8778076171875,695473
2025-06-04,465.2808858809746,472.52261173126215,461.6600229558308,464.511474609375,799020
2025-06-05,466.1860588195002,467.9964901158866,461.2073727544376,464.6109924316406,805913
2025-06-06,464.6109924316406,464.6109924316406,464.6109924316406,464.6109924316406,0
2025-06-09,464.6109924316406,464.6109924316406,464.6109924316406,464.6109924316406,0
2025-06-10,233.08852485903213,233.0930553577757,231.3278874097986,232.21046447753906,2493730
2025-06-11,233.09305719059128,235.9218564283412,232.8441283826678,233.4415740966797,3708298
2025-06-12,467.0913019976518,477.0396137176434,467.0913019976518,470.8932189941406,965451
2025-06-13,461.7505599977223,473.8804455331718,461.7505599977223,468.56683349609375,1156413
2025-06-16,234.28341674804688,234.28341674804688,234.28341674804688,234.28341674804688,0
2025-06-17,235.35608231981328,236.25676752253867,232.9119888764958,233.7538604736328,1192344
2025-06-18,237.61005448615492,237.61005448615492,232.6902094860599,233.50489807128906,1276250
2025-06-19,470.71216809647814,473.33731574931676,467.1094272591186,471.9794921875,381538
2025-06-20,473.23768084317663,475.464531284258,470.71214901059335,474.5050048828125,718562
2025-06-23,474.5050048828125,474.5050048828125,474.5050048828125,474.5050048828125,0
2025-06-24,239.8821830842268,248.93434093646175,239.20327124530917,247.16012573242188,4642454
2025-06-25,248.7985634205342,248.7985634205342,241.78314110403284,245.3949432373047,1719096
2025-06-26,246.21866468831018,246.22772568509706,243.86509839790918,245.01473999023438,2312353
2025-06-27,244.8608441594592,250.74474614480664,243.05041277935229,247.1148223876953,3773073
2025-06-30,247.12388366715217,250.74474643150603,247.12388366715217,249.79428100585938,1848550
2025-07-01,249.83952231599162,264.23244579398016,249.7942725829592,262.349609375,4188933
2025-07-02,262.05990827261974,277.4485730071086,261.6073004863112,276.8058776855469,9197607
2025-07-03,277.9012364721309,282.87992311902576,275.19465020772566,280.4720458984375,2884914
2025-07-04,280.4720731141615,298.63070069104856,279.71169512203306,296.4491271972656,3748255
2025-07-07,297.36338438793183,306.3612314710395,295.11843930356724,297.8793640136719,5204344
2025-07-08,297.36337577259064,304.1524939409146,294.1951206273728,298.7574157714844,3515444
2025-07-09,298.75739308790946,301.3462966928678,296.00552966429,298.8026428222656,1098739
2025-07-10,301.3010540048627,304.15247796074647,297.8159680032309,302.0614318847656,1555566
2025-07-11,302.3420530200847,311.84681815993764,298.268582245862,309.3212585449219,6871072
2025-07-14,311.3037054850345,328.3851230678251,311.3037054850345,326.1854553222656,3934746
2025-07-15,328.5932800797221,343.98194608896523,327.6880644321195,334.9841003417969,4612685
2025-07-16,334.92981158961527,341.2572605415409,326.3755121084787,328.48468017578125,2562688
2025-07-17,326.77381563984403,338.55068105892315,325.87766091233243,337.7359924316406,1937340
2025-07-18,339.0310515612885,347.7912820446218,337.6434756340254,345.4879150390625,2788781
2025-07-21,345.94119372798906,346.801484059748,339.9561148756598,341.82470703125,697674
2025-07-22,342.2687479630004,344.09109891244805,333.01824126129765,338.5870361328125,1895384
2025-07-23,338.10598746069223,341.3436644951995,333.9525193844071,338.6517639160156,1067686
2025-07-24,338.56854110748975,342.0374810778534,335.92290977397255,339.2623291015625,1139833
2025-07-25,337.61575666834653,344.56289649114774,336.81096707247667,341.68597412109375,1477082
2025-07-28,341.34367265556523,343.19377386237045,335.9783904479517,337.59722900390625,1348301
2025-07-29,339.48437527148394,343.1938379171718,323.76777161997336,331.5289611816406,2194506
2025-07-30,328.3929740586827,340.4093727236394,328.3929740586827,338.4297790527344,1451582
2025-07-31,340.51115516538516,342.0374831153764,338.439022480803,339.19757080078125,997268
2025-08-01,338.56854854535584,341.3437005826128,337.64349786627014,340.9366760253906,563189
2025-08-04,341.3436808512914,343.0920400842468,338.5685289744517,340.4463806152344,800264
2025-08-05,340.41863136601575,346.99572778561173,339.67860215516805,343.95233154296875,975813
2025-08-06,343.9523176257771,352.39803404103105,343.9523176257771,350.26116943359375,2359824
2025-08-07,351.5192453170729,356.8660369192625,349.6691440259304,352.24078369140625,1436336
2025-08-08,352.4535609188632,355.6819786878194,350.594200058995,352.5738220214844,677736
2025-08-11,351.5192429356216,356.144496132143,350.5941922963174,353.94287109375,737613
2025-08-12,356.14450355546296,356.9308022613219,352.04653591320204,352.8050842285156,297094
2025-08-13,352.7680545179209,355.21943297966243,347.9207701421125,351.158447265625,691690
2025-08-15,351.593230407153,353.93360736770103,337.7359900616593,346.449951171875,404946
2025-08-18,346.4499385946314,351.0659602591973,344.1188212586916,349.5673828125,600056
2025-08-19,349.5673927743654,362.6198434881503,349.5673927743654,356.551513671875,2697339
2025-08-20,357.06952535795295,357.9945759417819,354.2943736064663,355.2379150390625,500917
2025-08-21,355.24720453562753,357.9946061304924,351.48224156668203,352.6570739746094,726587
2025-08-22,353.3693367812379,356.5977544108036,352.657057966866,353.6745910644531,417219
2025-08-25,355.2194432524626,355.2194432524626,352.44429135205274,353.1473388671875,237136
2025-08-26,353.81334812089653,353.81334812089653,349.6783709911819,351.4452209472656,533252
2025-08-27,351.5100064963795,353.83189278732266,346.8940125365909,351.7227783203125,529210
2025-08-28,351.51924350810026,355.2009552214371,351.51924350810026,353.16583251953125,449342
2025-08-29,351.6117362429301,355.20093706263543,346.89397256991845,352.2962646484375,1129866
2025-09-01,352.53680679962696,354.2943973807813,351.16772168078086,351.69500732421875,508902
2025-09-02,353.3600756720485,354.2943858276413,351.98175928829636,353.5080871582031,367428
2025-09-03,354.29442149269767,357.9946243281305,352.62934150887577,354.9327087402344,863714
2025-09-04,357.9945618993135,359.8446629944004,354.2943597091397,355.3951721191406,655211
2025-09-05,356.1444837870081,356.2832357320331,352.44428135805214,353.7208557128906,893174
2025-09-08,355.21945311245497,355.7374792231529,348.2815731688524,349.151123046875,1191553
2025-09-09,351.50075143585997,355.3952067156451,347.8375305851682,350.2056579589844,1335407
2025-09-10,350.9642317691958,350.9642317691958,346.209485826092,347.3750305175781,986354
2025-09-11,347.3750080176623,350.1316691024355,346.34821535234704,346.8662414550781,446283
2025-09-12,347.7635334951066,348.6515741887679,332.0931736818879,335.848876953125,1468630
2025-09-15,335.996909365308,341.01992778611947,335.996909365308,338.7535705566406,472944
2025-09-16,338.7998218574855,342.6387766502188,337.9210123926265,339.58612060546875,1238767
2025-09-17,340.4186243238639,342.1762148359969,337.1809471903489,338.39276123046875,287886
2025-09-18,338.5685414847335,342.6295274317775,337.64349082493914,340.98291015625,571248
2025-09-19,342.51847801516556,342.51847801516556,332.5556931428903,333.7952575683594,1399327
2025-09-22,333.94329852330236,335.2383638410433,323.95276238037883,325.4605712890625,1147898
2025-09-23,325.4605712890625,325.4605712890625,325.4605712890625,325.4605712890625,0
2025-09-24,334.86834609584866,336.71844745549424,333.01824473620314,335.87664794921875,2356481
2025-09-25,335.9413769009944,337.4584451944766,333.20323504889956,333.8415222167969,814442
2025-09-26,334.8683620038123,346.88476187185285,333.03675140784196,343.9060974121094,2718865
2025-09-29,345.04391337063885,351.61177902992154,345.04391337063885,347.1437683105469,1468862
2025-09-30,348.74407438365256,369.927727367262,347.8282833281195,357.1250305175781,3302128
2025-10-01,360.6587731299446,360.90852665720934,352.5460603853734,356.7180480957031,801293
2025-10-02,357.0695465424723,369.08594530563147,357.0695465424723,367.7168884277344,1829417
2025-10-03,367.7076270600668,379.27075998648394,360.7697473042164,373.70196533203125,3195381
2025-10-06,373.70198109847104,379.5482798976904,367.24511723703563,371.2135925292969,1241178
2025-10-07,371.2135925292969,371.2135925292969,371.2135925292969,371.2135925292969,0
2025-10-08,366.1813028345055,368.0498949712562,351.5192444906123,354.109375,1853359
2025-10-09,356.03348832981555,358.8271310486227,345.96893303380165,349.6228942871094,910277
2025-10-10,349.20660747078176,351.9817593182317,342.3242286306816,347.90228271484375,899169
2025-10-13,342.26874119191024,347.0790158737566,338.7998012473976,346.0244445800781,1704002
2025-10-14,348.74410514883647,363.6374266911743,348.74410514883647,362.0370788574219,1226376
2025-10-15,366.6715874664141,367.89266112067594,357.0973074282847,358.743896484375,3125577
2025-10-16,360.76050281687543,364.17394205760365,359.8447116845895,360.4645080566406,1438265
2025-10-17,360.4644860445597,362.7123522667061,357.069537861691,358.0223388671875,516316
2025-10-20,362.3423740106487,369.0952328942859,358.9196750951953,365.9963073730469,1517673
2025-10-21,366.3200851610177,368.07767588315295,361.2415657413475,364.7752380371094,1482326
2025-10-22,365.85753053596835,366.0425519573122,359.8447013362622,360.7235107421875,1646534
2025-10-23,360.7707081292811,363.6039859418147,356.4263430524111,361.6490173339844,704295
2025-10-24,355.1041604028544,363.53787729523987,354.679157192884,355.7369384765625,405190
2025-10-27,355.7369345275143,356.0485824088648,350.27815370074075,352.59197998046875,517756
2025-10-28,350.3820331787202,354.25418540134814,348.25707475647727,349.3714904785156,429566
2025-10-29,349.3431504396244,349.72091505238507,341.8821912566297,344.9610290527344,461895
2025-10-30,344.71547055358957,347.076535420395,340.39001239910283,340.881103515625,600391
2025-10-31,342.82661080195567,370.42273748548917,342.82661080195567,363.481201171875,1989479
2025-11-03,365.3983883267242,365.3983883267242,357.7579859745204,358.9101867675781,884657
2025-11-04,360.86516235350496,361.3373753299368,355.57637125315017,356.407470703125,603055
2025-11-05,356.99300376851386,359.070752356121,350.14591573327124,354.7830505371094,1050052
2025-11-06,357.937442071864,357.937442071864,351.8081267590314,352.2897644042969,226204
2025-11-07,354.0652937024366,360.7801773992108,351.4209124903247,355.4347229003906,917817
2025-11-10,356.0485824088648,357.84298594581105,351.4209010278161,352.59197998046875,475435
2025-11-11,352.2708598924639,355.4819021807847,347.54873040328874,348.6159362792969,1434105
2025-11-12,349.4376000636986,351.0431357007364,346.6043222253443,350.3914794921875,223070
2025-11-13,351.3358956701897,353.309742384107,349.6264870609697,351.3642272949219,272255
2025-11-14,352.7430908283704,356.02970349619926,349.63592139600763,355.23638916015625,421440
2025-11-17,355.2364137682516,357.4652453208272,351.32647624662536,352.7619934082031,530487
2025-11-18,354.15976882062404,354.15976882062404,349.2298636857771,350.80706787109375,582907
2025-11-19,351.32646422563874,353.59308081116285,349.5792703999828,350.4103698730469,1084147
2025-11-20,350.52371340565736,352.2709073161826,349.48483901386436,351.1092529296875,149272
2025-11-21,352.17642385308926,352.17642385308926,349.447047900134,350.9675598144531,597534
2025-11-24,350.96754889986653,354.15971305835376,347.6431801023983,351.5342102050781,665345
2025-11-25,353.21532345932474,354.1597494578791,349.4376194651074,352.0820007324219,737146
2025-11-26,353.2058397352146,357.84297444967984,349.43758954652765,354.9530334472656,984447
2025-11-27,354.2069556311361,358.3152144474347,353.2153198713648,357.19134521484375,938937
2025-11-28,357.93745816745576,362.6595882224354,356.99303215645983,357.9657897949219,866697
2025-12-01,358.88184632305047,360.6762497903474,355.11359615956775,358.8063049316406,823294
2025-12-02,358.78738463194424,360.67623638449106,356.0485553550695,357.35186767578125,1206966
2025-12-03,356.15246609855393,357.46523204001426,353.2153151465398,353.9991760253906,557870
2025-12-04,354.26359691510396,356.5679984909886,352.00643392869415,353.120849609375,101463
2025-12-05,358.8629938150313,358.8818719588344,352.27089010696113,355.4347229003906,1262768
2025-12-08,354.34862609383487,356.0485812662036,352.96031880181647,354.69805908203125,1626241
2025-12-09,355.1230700348976,357.8430216480622,354.16921933089975,355.963623046875,931898
2025-12-10,355.97305962754604,358.30579299402734,355.22695501954104,356.7474670410156,2397678
2025-12-11,357.74855525271585,358.39078683350357,354.1880796285802,356.52081298828125,341707
2025-12-12,354.34862882096127,362.75401403186044,354.34862882096127,358.5607604980469,1624782
2025-12-15,359.16519463944167,363.40568695885844,357.0024798608161,361.0540466308594,818174
2025-12-16,362.668995579113,373.0482268969572,362.668995579113,369.02496337890625,2173145
2025-12-17,371.6316153503562,382.49251389299684,368.42999751081317,379.15869140625,3288808
2025-12-18,379.1681474087567,396.65890593268136,379.1681474087567,387.8663024902344,1976738
2025-12-19,388.253522354692,391.9367778764411,383.43694413936163,389.16961669921875,850712
2025-12-22,389.10350080109856,389.330153811665,384.38137093700755,386.52520751953125,814554
2025-12-23,390.0384833342749,392.86233666439546,387.2146588257485,388.42352294921875,646393
2025-12-24,389.67013668455087,390.70901095108013,385.09911873341343,387.7434997558594,470620
2025-12-26,386.31741484711216,390.52012176108593,384.3813532207061,389.5945739746094,595929
2025-12-29,390.0479160915844,396.64944423787614,389.7173612458323,394.9872741699219,702417
2025-12-30,395.714471477306,404.1198566345818,393.8256195848129,399.4732971191406,2417653
2025-12-31,399.3977227931817,403.64763950755565,396.65889334157026,400.9938049316406,1375378
2026-01-01,400.9938049316406,400.9938049316406,400.9938049316406,400.9938049316406,0
2026-01-02,424.74609611166255,453.3244331404688,419.32510065493364,438.25140380859375,1899397
2026-01-05,441.5191432430589,467.39640918967035,441.50968976040053,460.69097900390625,2999424
2026-01-06,462.6648393783924,488.2682128768958,457.19660509450273,474.8006896972656,5763171
2026-01-07,476.93511612217253,482.60167195728746,459.4632356305682,468.0008544921875,5418336
2026-01-08,468.00088190105527,470.3241618594711,455.21334541418685,460.1904602050781,2485638
2026-01-09,461.82432947857825,464.4687108385701,457.0266579192802,458.9815979003906,1288885
2026-01-12,458.98155399286725,461.75816856603717,451.4355999447341,453.711669921875,1109451
2026-01-13,453.71167286493295,465.60199208452474,443.8896487759471,462.7781677246094,2333866
2026-01-14,462.7687215910572,462.7687215910572,452.0022713836655,453.2772521972656,2436669
2026-01-15,457.0832793831485,459.93543536218795,444.35240726470107,447.83734130859375,2333328
2026-01-16,452.3139192697667,457.0927123339387,447.6579061921655,453.2772521972656,3087898
2026-01-19,456.15771447159744,481.6572140383327,455.21328856171834,467.2830505371094,4499136
2026-01-20,470.13523058726804,473.157405182942,462.91983125194616,465.4792175292969,1696753
2026-01-21,465.99864763655904,467.878045984402,459.61431922858185,462.4853820800781,777549
2026-01-22,467.49086215604717,468.4352881402008,458.7549218026261,459.70880126953125,883788
2026-01-23,459.70877739928346,463.0048146899239,453.3244488549994,456.84716796875,1362851
2026-01-26,457.10215965716037,464.56311889551034,457.10215965716037,458.159912109375,687490
2026-01-27,459.10433295147806,464.6575620854171,455.2133026934371,457.12103271484375,1168563
2026-01-28,457.85768885228316,470.3241229160443,457.1493693900602,465.5169982910156,2500629
2026-01-29,465.6019988567695,465.6019988567695,451.43560943922074,452.3800354003906,2002115
2026-01-30,453.3244535782411,469.37969464247044,453.3244535782411,459.8598937988281,976817
2026-02-02,460.40766485629143,469.4080432851312,456.6299609395219,467.7364196777344,2632185
2026-02-03,468.43528591357966,474.1018417915665,467.4908599339152,471.9107666015625,1740204
2026-02-04,472.2035021193134,478.351724024152,470.3241037789293,475.178466796875,1476748
2026-02-06,476.9351069586223,480.7128107761163,462.76871764301967,466.3291931152344,1551538
2026-02-09,466.5558851791678,474.1018394972601,455.2133199953772,460.87042236328125,2149906
2026-02-10,464.64810677442193,464.6575602566863,456.16718031962097,460.6626281738281,775526
2026-02-11,464.6481367219061,464.6481367219061,456.06330787366517,458.103271484375,643116
2026-02-12,458.1032826896432,464.5726066872082,447.65793322023205,457.8955078125,1814049
2026-02-13,460.8798581636491,460.8798581636491,451.4544769180537,453.3055725097656,1048900
2026-02-16,456.1577608284344,456.62997383136235,421.21399861176343,434.28485107421875,1629894
2026-02-17,437.2692141099099,442.46355682611835,421.38396274061387,430.25213623046875,2234597
2026-02-18,436.3248012758857,463.93980761424615,434.4926125751902,462.12652587890625,2275151
2026-02-19,463.24092051724944,463.24092051724944,439.15805920595517,451.10504150390625,1289120
2026-02-20,455.6855154999194,458.0371268647711,442.9357653253103,453.3055725097656,1053062
2026-02-23,453.21114846851106,457.8577081969204,438.26086891411234,443.9652099609375,537586
2026-02-24,443.9746428233038,453.30557577796804,434.42648152536225,435.8147888183594,1204649
2026-02-25,441.04693667711155,445.66519359574016,422.1584169050725,425.02947998046875,2942476
2026-02-26,425.08614918496335,432.5376553521197,418.3807188076994,426.1155700683594,1492825
2026-02-27,424.99170793386276,431.6026900572784,406.10318758124663,415.3585510253906,1416459
2026-03-02,373.8227052219131,391.93678893553425,373.8227052219131,374.0210266113281,3856859
2026-03-03,373.99268767676733,400.4366150882559,373.04826169778556,395.4122619628906,3163672
2026-03-04,396.6589206645728,396.6589206645728,381.2647883674188,389.9062805175781,2585696
2026-03-05,392.88120992399615,398.44389281233316,390.18959010130385,392.94732666015625,1102310
2026-03-06,394.77006411663587,394.77006411663587,376.83542377596956,379.1775817871094,2875618
2026-03-09,358.8818728844128,366.437280734611,341.2588806152344,341.2588806152344,5325659
2026-03-10,375.3810002293928,375.3810002293928,358.31521563512047,360.2890625,2343117
2026-03-11,360.9218449377169,367.3345055712008,352.1764509228434,353.56475830078125,1198962
2026-03-12,353.1964601257603,353.1964601257603,342.3544388319427,344.92327880859375,1265998
2026-03-13,344.92323173483504,355.10414188385425,342.41105535759766,350.7314453125,688786
2026-03-16,350.7314782516207,354.14087109149176,332.53239964667057,338.5295104980469,1020364
2026-03-17,340.0027900215695,345.470995432697,337.63227170223314,344.5549011230469,822144
2026-03-18,344.71546494436353,365.4928354341608,344.71546494436353,360.8368225097656,1164731
2026-03-19,349.50250003308673,361.73392267329746,349.50250003308673,355.67608642578125,1169167
2026-03-20,355.67608642578125,355.67608642578125,355.67608642578125,355.67608642578125,0
2026-03-23,355.67608642578125,355.67608642578125,355.67608642578125,355.67608642578125,0
2026-03-24,364.6374359354642,365.3705299732221,354.02657460463064,356.4670715332031,707600
2026-03-25,358.8593397788085,363.5474268107401,356.33203010259894,360.7789611816406,1466624
2026-03-26,361.2516218225891,361.7242780758473,330.86597138891335,335.283935546875,2917729
2026-03-27,337.6183292581212,341.9591363485827,327.0074674814374,332.2646789550781,2385166
2026-03-30,333.75982273510203,334.72444650023243,318.3258424930164,324.8949279785156,1633213
2026-03-31,327.9720883914796,332.7759254602988,316.3966029188391,320.2068786621094,2524630
2026-04-01,326.0428658483353,343.4060953905543,325.0782419848787,340.5700988769531,6032335
2026-04-02,327.9720978555089,331.83059312439724,324.69238276455036,328.5701599121094,2001736
2026-04-03,321.219712826946,325.56051975703986,310.2230078249711,315.2004699707031,6694338
2026-04-06,315.4319620030737,317.1200535428455,283.69584694295986,295.2713317871094,14902528
2026-04-07,294.21024754931676,305.77607704101956,282.87591834044963,303.9915466308594,5563975
2026-04-08,334.3868408203125,334.3868408203125,334.3868408203125,334.3868408203125,3631740
2026-04-09,337.61833498996197,352.0876922038175,328.16503338543606,344.438232421875,6749074
2026-04-10,347.274216402238,354.9815509830473,342.4414418450592,347.592529296875,5590841
2026-04-13,335.69874233654866,342.4414533643285,329.0428144813348,330.60552978515625,3704992
2026-04-14,337.61831960143746,346.29993353404586,337.61831960143746,343.3385314941406,2309702
2026-04-15,352.18415355668094,368.9493198293127,349.0973456364838,357.614990234375,16139986
2026-04-16,361.7339398226463,370.88821063960336,359.80469214359215,367.88824462890625,4317842
2026-04-17,371.3801711048461,395.39929836143307,371.3801711048461,392.48614501953125,7693869
2026-04-20,390.00706902155844,406.0969878810092,381.0360789323352,401.1291809082031,8953976
2026-04-21,404.1773992523264,435.52767485065715,404.1773992523264,421.15478515625,6379432
2026-04-22,429.25758995543947,429.25758995543947,407.0808982675588,410.1580505371094,5341027
2026-04-23,411.9276602676604,414.8770229903406,393.2483630240195,403.53179931640625,3574325
2026-04-24,398.2131295363307,411.9375196256072,395.26376668085123,409.2830810546875,3144070
2026-04-27,409.37154650644754,409.46986459928223,400.13021582690965,402.96160888671875,2099342
2026-04-28,395.2146116029554,398.16397437611175,389.3158860566426,393.9070739746094,3213382
2026-04-29,393.9070739746094,393.9070739746094,393.9070739746094,393.9070739746094,0
2026-04-30,373.5957878190225,383.1222318679521,364.0103589154995,374.7951965332031,3876233
2026-05-04,379.4846745521798,391.28212557452736,377.5184327151219,379.4256896972656,1096678
2026-05-05,373.58594671456797,380.4677931014153,373.58594671456797,378.60968017578125,1448268
2026-05-06,378.60968017578125,378.60968017578125,378.60968017578125,378.60968017578125,0
2026-05-07,409.4698673012513,416.5974940429898,406.02894404661896,414.5919189453125,3021667
2026-05-08,409.5878195414783,410.19734969161857,404.0626849515384,408.2114562988281,1458755
2026-05-11,405.0458325872904,406.02895354017215,397.1808649642362,398.6358947753906,1388057
2026-05-12,399.1470804480199,403.07956399923194,388.3327506821868,392.8059387207031,1374381
2026-05-13,393.3466725561545,397.1709972020629,384.69519075639846,387.3987731933594,1258589
2026-05-14,390.0040848479362,390.0040848479362,373.60560493719333,377.7248840332031,2042273
2026-05-15,376.63363219803745,376.63363219803745,369.7026116784333,373.0943908691406,3189104
2026-05-18,368.3950856649267,370.5284713395638,364.7378745101706,366.37969970703125,1326131
2026-05-19,368.52286823647916,377.5184182969679,368.52286823647916,375.6210021972656,1345462
2026-05-20,377.5184368230098,383.3188443049527,373.5859531061034,382.1686096191406,938216
2026-05-21,383.51546885992707,403.0795687576715,383.51546885992707,400.1596984863281,4473497
2026-05-22,404.06268260131674,407.0120452480417,395.2637387042667,397.22998046875,1663751
2026-05-25,407.8968547016563,409.9614145885673,402.1947654925391,406.5106506347656,1418604
2026-05-26,406.5106506347656,406.5106506347656,406.5106506347656,406.5106506347656,0
2026-05-27,406.5106506347656,406.5106506347656,406.5106506347656,406.5106506347656,0
2026-05-28,406.5106506347656,406.5106506347656,406.5106506347656,406.5106506347656,0
2026-05-29,407.99518153340506,409.96142337212024,398.6555327995078,401.8310241699219,3923435
2026-06-01,402.0767962820697,402.59784915871074,395.2146016026083,397.9378356933594,1713000
2026-06-02,397.86903439841655,404.849168684116,395.3227249025717,400.1007080078125,1197933
2026-06-03,400.1007080078125,400.1007080078125,400.1007080078125,400.1007080078125,0
2026-06-04,398.1639750517744,400.57263332159397,396.68929366269373,397.8887023925781,905251
2026-06-05,398.2131058526012,400.1302035956316,390.3186462790564,392.82562255859375,1485387
2026-06-08,391.28213452348484,391.28213452348484,384.64606817164184,388.0968322753906,670308
2026-06-09,393.2385281108931,394.3298079359328,391.773687537453,393.4253234863281,881933
2026-06-10,390.29901855410094,394.8115401305383,389.1585946477018,390.3776550292969,623419
2026-06-11,389.31589594102445,394.24134149803854,386.8580935676594,392.2652587890625,1109853
2026-06-12,397.96734720477866,402.0964671817159,393.24837866182486,398.1344909667969,1857049
2026-06-15,407.0022147988997,422.7419901250432,406.5303359649915,420.8445739746094,4296022
2026-06-16,427.7559289008802,448.2048325430271,426.6843306718008,446.7596435546875,5684612
2026-06-17,449.08963424600114,450.7609518481711,435.1293348729052,437.6854553222656,4879298
2026-06-18,439.35672769435,440.4381666934214,436.50568306223016,437.52813720703125,5270983
2026-06-19,437.48879670980136,438.46207679157925,421.2673020003368,430.7839050292969,3605352
2026-06-22,436.50569970509997,437.48882065038174,428.1491716702051,430.0760803222656,1316691
2026-06-23,433.94955717397136,433.94955717397136,420.7659023680349,422.0636291503906,2168024
2026-06-24,422.0636476369434,437.48881755963697,422.0636476369434,435.4439392089844,2491426
2026-06-25,435.4439392089844,435.4439392089844,435.4439392089844,435.4439392089844,0
2026-06-26,435.4439392089844,435.4439392089844,435.4439392089844,435.4439392089844,0
2026-06-29,432.57321575484156,445.35378803850733,428.64073197525204,435.3161315917969,12042130
2026-06-30,437.48882338982406,441.9227084815991,436.82030834343925,440.11376953125,2358271
2026-07-01,441.912843349782,476.79398358793503,441.912843349782,471.6325988769531,8560443
2026-07-02,476.32208284315425,485.95665579957193,470.2857060298803,476.8038024902344,5332053
2026-07-03,473.86427702153856,488.9158557026683,472.14381543484205,482.4862365722656,3564201
2026-07-06,483.4988523517836,487.6279721817295,483.4988523517836,486.3204345703125,2459608
2026-07-07,489.59422782138205,489.59422782138205,480.35289699151264,482.0143737792969,1367704
2026-07-08,466.98242338321216,478.7798740792091,453.33670061111405,469.5385437011719,4478938
2026-07-09,466.98244957378216,474.6507809552688,459.1174820020132,470.9247741699219,3377560
2026-07-10,474.355829660645,480.41185794634964,472.0848228038143,475.8894958496094,3748040
2026-07-13,466.98244821296873,474.7490976669641,464.03308538215003,468.36865234375,1479210
2026-07-14,462.1159600465036,464.51477740637745,443.38751918608324,446.3172302246094,2786078
2026-07-15,452.2356254239973,460.10059282267554,449.7778231119104,454.7720642089844,2091081
2026-07-16,454.7720695841453,464.99655132525055,454.7720695841453,462.29296875,1880995
2026-07-17,464.03306204050983,466.5105158928882,456.1680948872808,458.11468505859375,1334316
2026-07-20,452.23562436103776,465.99931727637374,449.2961024034813,463.9740905761719,1852821
2026-07-21,467.9655431081713,473.70696549895007,464.2788397748611,466.35321044921875,2297136
2026-07-22,466.3532383691746,466.96279855884904,454.22152947434864,456.9447937011719,4611424
2026-07-23,457.25934784608916,461.5752630025053,442.20776925253085,444.4886169433594,2005536
2026-07-24,442.28644304865475,447.12338116009624,435.5225663376434,439.1601257324219,1869183
2026-07-27,461.0837117512566,472.4879204304596,453.2383960041522,469.84332275390625,3724674
2026-07-28,472.1929606257762,473.83478574501106,463.0499481724043,465.3406066894531,1573840
2026-07-29,462.0569846931753,462.5092419114028,457.2102058305128,461.19183349609375,2117163
2026-07-30,459.117478126096,467.96556656963963,456.1582745014093,465.9599914550781,3670901
2026-07-31,468.0,470.0,464.5,465.2099914550781,1162621
2026-08-03,471.9800109863281,474.739990234375,467.0,467.69000244140625,1475778
2026-08-04,468.0,469.8999938964844,461.70001220703125,462.7099914550781,904833
2026-08-05,470.0,473.5,463.0,471.44000244140625,2431158
2026-08-06,473.0,479.8900146484375,470.5,478.0299987792969,2514396
2026-08-07,477.0,478.7799987792969,473.0,475.739990234375,1046463
2026-08-10,476.1099853515625,479.0,470.0,473.1600036621094,991794
2026-08-11,471.489990234375,473.0,465.1499938964844,469.57000732421875,1474567
2026-08-12,469.6000061035156,472.989990234375,467.0,468.70001220703125,610384
2026-08-13,470.2099914550781,470.989990234375,467.0,469.2300109863281,291971
2026-08-14,469.2300109863281,469.2300109863281,469.2300109863281,469.2300109863281,0
2026-08-17,469.2200012207031,471.4100036621094,467.1099853515625,468.6400146484375,560193
2026-08-18,468.6400146484375,468.6400146484375,468.6400146484375,468.6400146484375,0
2026-08-19,458.5,461.5,452.0,453.6600036621094,2298632
2026-08-20,468.5,468.989990234375,459.1700134277344,461.9800109863281,1125546
2026-08-21,448.010009765625,453.489990234375,442.010009765625,446.42999267578125,1896516
2026-08-24,448.1600036621094,452.0,441.7699890136719,444.8900146484375,1153839
2026-08-25,449.489990234375,463.1300048828125,444.8900146484375,456.9700012207031,1572644
2026-08-26,456.9700012207031,456.9700012207031,456.9700012207031,456.9700012207031,0
2026-08-27,458.0,462.0,457.20001220703125,459.8500061035156,1133517
2026-08-28,459.8500061035156,461.1099853515625,457.0,458.70001220703125,1749780
2026-08-31,457.989990234375,457.989990234375,448.6000061035156,450.760009765625,1000114
2026-09-01,450.79998779296875,452.989990234375,448.29998779296875,449.1000061035156,984373
2026-09-02,445.0,447.0,442.0,444.6400146484375,598596
2026-09-03,445.29998779296875,448.0,442.0299987792969,443.2099914550781,945354
2026-09-04,443.0,444.0,438.7900085449219,440.8299865722656,686926
2026-09-07,440.0,441.0,427.79998779296875,428.9800109863281,1673019
2026-09-08,429.989990234375,430.0,417.2799987792969,423.1400146484375,1800774
2026-09-09,423.1400146484375,432.5199890136719,417.989990234375,426.07000732421875,1288999
2026-09-10,426.07000732421875,429.3999938964844,420.6499938964844,422.5,1989041
2026-09-11,419.0,427.5,413.760009765625,425.5299987792969,1706766
2026-09-14,423.0,423.0,411.1099853515625,414.07000732421875,1746351
2026-09-15,418.9800109863281,421.8900146484375,416.1199951171875,418.9599914550781,780031
2026-09-16,417.9700012207031,421.489990234375,414.010009765625,419.8299865722656,1903625
2026-09-17,421.8399963378906,424.29998779296875,420.0,422.8299865722656,950745
2026-09-18,425.0,431.5,423.20001220703125,429.5,1105244
2026-09-21,432.79998779296875,433.0,427.70001220703125,428.6099853515625,902028
2026-09-22,430.0199890136719,432.0,426.5199890136719,429.07000732421875,315578
2026-09-23,432.0,433.0,429.0,432.67999267578125,748355
2026-09-24,432.8900146484375,432.8900146484375,425.010009765625,426.260009765625,352197
2026-09-25,426.0,429.0,423.0,427.4700012207031,384286
2026-09-28,427.4700012207031,429.4800109863281,423.010009765625,424.17999267578125,329997
2026-09-29,427.70001220703125,427.70001220703125,419.6099853515625,420.0899963378906,270516
2026-09-30,421.1600036621094,431.5,420.0400085449219,421.0799865722656,1682267
2026-10-01,424.4800109863281,424.4800109863281,416.5,417.6600036621094,472998
2026-10-02,417.79998779296875,427.0,415.3999938964844,420.82000732421875,810170
2026-10-05,420.20001220703125,420.20001220703125,410.75,414.19000244140625,743226
2026-10-06,414.19000244140625,424.0,412.0,421.0899963378906,466544
2026-10-07,421.8999938964844,426.989990234375,420.0199890136719,424.2300109863281,447479
